source_row,participant,modality,block,trial_num,trial_within_modality,stim_level,stim_value,cue_mean,cue_std,cue_sk,rating,RT,sensory_only_prediction,additive_cue_prediction,cue_x_uncertainty_prediction
2,sub-01,pain,1,1,1,2,48.0,0.3,0.05,-1,77.33333333,3.4024956,68.88195147251282,61.84294290388386,61.775766645387634
3,sub-01,pain,1,2,2,1,47.0,0.3,0.05,-1,56.33333333,3.53582006,53.3654690860118,46.28398038463096,46.21571504041453
5,sub-01,pain,1,4,4,1,47.0,0.7,0.125,-1,37.33333333,2.368392735,51.392222560246026,57.33574152655396,57.26738411913503
6,sub-01,pain,1,5,5,1,47.0,0.3,0.125,-1,62.66666667,2.251553219,50.405599297363146,44.11313957754562,44.18194725065492
7,sub-01,pain,1,6,6,2,48.0,0.7,0.05,0,79.33333333,2.418417942,63.94883515809841,70.01483702987977,70.08528520539656
8,sub-01,pain,1,7,7,1,47.0,0.7,0.05,0,85.0,2.201597366,48.43235277159738,54.45587451062686,54.52523360042344
9,sub-01,pain,1,8,8,1,47.0,0.3,0.05,0,68.66666667,2.768586302,47.4457295087145,41.23327256161852,41.164311110717215
10,sub-01,pain,1,9,9,2,48.0,0.3,0.125,-1,84.0,2.134868582,60.988965369449765,54.692337237019615,54.76107337068914
11,sub-01,pain,1,10,10,1,47.0,0.7,0.05,-1,69.66666667,2.485161654,45.47248298294873,50.54300558603727,50.61097165723075
12,sub-01,pain,1,11,11,2,48.0,0.3,0.05,0,66.0,2.00139422,59.015718843684,52.8084231930483,52.739622327739205
13,sub-01,pain,1,12,12,2,48.0,0.7,0.125,-1,76.33333333,2.018108371,58.02909558080112,63.931127298204835,63.86176985121813
14,sub-01,vision,1,13,1,2,0.6,0.3,0.05,0,79.66666667,1.934667302,59.30674140411272,53.64039932856663,53.29255246594887
15,sub-01,vision,1,14,2,1,0.5,0.3,0.05,-1,73.33333333,2.218297211,47.519290500846225,41.615934437570715,41.27360278417136
16,sub-01,vision,1,15,3,2,0.6,0.7,0.125,-1,60.33333333,2.818661269,59.445568218637476,64.83175990404654,64.48954995692388
17,sub-01,vision,1,16,4,2,0.6,0.3,0.125,-1,73.0,2.718647554,59.51498162589985,54.86062904884339,55.21247723815189
18,sub-01,vision,1,17,5,1,0.5,0.3,0.125,-1,53.33333333,2.301547637,47.727530722633354,43.00165823163568,43.35387470732581
19,sub-01,vision,1,18,6,2,0.6,0.7,0.05,-1,61.66666667,2.685322815,59.6538084404246,63.88120911326166,64.23394311145952
20,sub-01,vision,1,19,7,1,0.5,0.7,0.125,-1,60.66666667,2.685268079,47.86635753715811,53.19037558847887,52.849494211917936
21,sub-01,vision,1,20,8,2,0.6,0.7,0.05,0,88.33333333,1.817884699,59.79263525494935,64.1917608548099,64.53998811962437
22,sub-01,vision,1,21,9,1,0.5,0.3,0.05,0,51.33333333,3.068801609,48.00518435168286,42.28913034851903,41.943892435369754
23,sub-01,vision,1,22,10,1,0.5,0.7,0.05,0,63.33333333,2.418313756,48.07459775894524,52.40531887148221,52.754234517404996
24,sub-01,vision,1,23,11,2,0.6,0.3,0.05,-1,73.66666667,3.218994165,60.00087547673648,54.20019359357858,53.86069460106454
25,sub-01,vision,1,24,12,1,0.5,0.7,0.05,-1,61.0,3.569259869,48.213424573469986,52.38488246545403,52.739585223666985
26,sub-01,vision,2,1,1,2,0.6,0.3,0.05,1,82.66666667,1.434535903,60.43398254502997,55.883814782439984,55.53735305886373
27,sub-01,vision,2,2,2,2,0.6,0.7,0.125,0,82.33333333,2.067993938,60.503395952292344,65.9392441581005,65.59089567311241
28,sub-01,vision,2,3,3,1,0.5,0.3,0.125,0,54.0,2.051505263,48.715945049025855,44.036613651809624,44.38237149490762
29,sub-01,vision,2,4,4,1,0.5,0.7,0.125,1,53.66666667,2.768698885,48.78535845628823,55.38169861450038,55.03609516996409
30,sub-01,vision,2,5,5,2,0.6,0.7,0.125,1,73.66666667,3.319151252,60.71163617407947,67.38572709946813,67.0403955580036
31,sub-01,vision,2,6,6,1,0.5,0.3,0.125,1,46.0,2.685233868,48.924185270812984,45.48309659317726,45.8318713797988
32,sub-01,vision,2,7,7,1,0.5,0.3,0.05,1,39.66666667,2.251605156,48.99359867807536,44.38748813463235,44.04299517107119
33,sub-01,vision,2,8,8,2,0.6,0.3,0.125,1,63.33333333,3.052210614,60.9198763958666,57.55965391202501,57.90902069644501
34,sub-01,vision,2,9,9,1,0.5,0.7,0.125,0,37.0,2.768698263,49.132425492600106,54.51544634417287,54.169386713926585
35,sub-01,vision,2,10,10,1,0.5,0.7,0.05,1,57.33333333,3.952889499,49.20183889986249,54.648734325355555,54.99903511031985
36,sub-01,vision,2,11,11,2,0.6,0.3,0.125,0,67.33333333,2.035159959,61.12811661765373,56.54834397393748,56.89661438319409
37,sub-01,vision,2,12,12,2,0.6,0.7,0.05,1,73.33333333,3.052083725,61.197530024916105,66.72529164420331,67.07618442696607
38,sub-01,pain,2,13,1,1,47.0,0.3,0.05,1,78.0,2.585214866,53.288731347225166,47.922914904314005,47.855680864542926
39,sub-01,pain,2,14,2,1,47.0,0.3,0.125,0,64.0,2.86882736,52.30210808434228,46.820847293892825,46.89079797224738
40,sub-01,pain,2,15,3,1,47.0,0.7,0.125,0,65.33333333,2.334924313,51.3154848214594,58.05154329898961,57.983864646751925
41,sub-01,pain,2,16,4,2,48.0,0.3,0.125,0,71.0,2.418552605,64.85872068219467,59.39195089727839,59.46229428625714
42,sub-01,pain,2,17,5,2,48.0,0.3,0.125,1,73.66666667,2.885469981,63.872097419311785,59.31913067257001,59.38959448578087
43,sub-01,pain,2,18,6,2,48.0,0.7,0.125,0,43.33333333,2.785356123,62.8854741564289,69.62669393041939,69.5591758637739
44,sub-01,pain,2,19,7,1,47.0,0.3,0.125,1,43.66666667,2.9855658,47.36899176992787,42.76421518136132,42.833357783819984
45,sub-01,pain,2,20,8,2,48.0,0.3,0.05,1,67.33333333,2.81860871,60.91222763066314,55.51425364792066,55.4462516936138
46,sub-01,pain,2,21,9,2,48.0,0.7,0.05,1,79.33333333,2.468493531,59.92560436778025,66.74494965301744,66.81480398934448
47,sub-01,pain,2,22,10,1,47.0,0.7,0.05,1,47.0,2.818952056,44.40912198127922,51.18598713376454,51.25475238437137
48,sub-01,pain,2,23,11,2,48.0,0.7,0.125,1,72.0,2.668627946,57.952357842014486,65.57006181788789,65.50173567534652
49,sub-01,pain,2,24,12,1,47.0,0.7,0.125,1,62.0,1.968141011,42.435875455513454,50.01109929863498,49.94168407037342
52,sub-01,vision,3,3,3,2,0.6,0.7,0.05,-1,70.33333333,1.951403223,61.700050500471974,65.69266063991313,66.043091313327
53,sub-01,vision,3,4,4,2,0.6,0.3,0.125,-1,82.66666667,2.652002119,61.76946390773435,56.88966707713491,57.2401722258395
54,sub-01,vision,3,5,5,1,0.5,0.3,0.125,-1,54.0,1.901375528,49.98201300446785,45.0306962599272,45.38156969501342
55,sub-01,vision,3,6,6,2,0.6,0.7,0.125,-1,43.33333333,2.284923987,61.908290722259096,67.0783844339781,66.73579173043163
56,sub-01,vision,3,7,7,1,0.5,0.3,0.05,0,53.66666667,1.534501102,50.12083981899261,44.173110709050526,43.82588956584395
57,sub-01,vision,3,8,8,2,0.6,0.7,0.05,0,76.33333333,2.485011129,62.04711753678385,66.22079888310142,66.56768310731198
58,sub-01,vision,3,9,9,1,0.5,0.7,0.05,0,79.0,2.318378414,50.259666633517355,54.36182806589371,54.709080576485896
59,sub-01,vision,3,10,10,1,0.5,0.7,0.05,-1,19.66666667,1.717955887,50.329080040779736,54.26886282598551,54.621582354141175
60,sub-01,vision,3,11,11,2,0.6,0.3,0.05,-1,54.66666667,2.201647126,62.25535775857098,56.2292316218701,55.88838958875215
61,sub-01,vision,3,12,12,1,0.5,0.7,0.125,-1,72.33333333,1.834648921,50.467906855304484,55.582057786170466,55.24143384263909
62,sub-01,pain,3,13,1,2,48.0,0.7,0.05,0,66.33333333,2.301865169,66.7552294691738,72.5842794731739,72.65538824713495
63,sub-01,pain,3,14,2,2,48.0,0.3,0.125,-1,35.66666667,2.101565923,65.76860620629091,59.2536856242253,59.32354660640309
64,sub-01,pain,3,15,3,1,47.0,0.7,0.05,0,59.33333333,2.101506211,50.25212381978988,56.02936398196521,56.09915154517407
65,sub-01,pain,3,16,4,2,48.0,0.7,0.05,-1,79.66666667,2.318195545,63.795359680525145,68.67141054858429,68.74112630394227
66,sub-01,pain,3,17,5,1,47.0,0.3,0.05,-1,69.33333333,2.068155659,48.27887729402411,40.88579905227882,40.816337306250695
67,sub-01,pain,3,18,6,1,47.0,0.7,0.125,-1,67.66666667,2.601875525,47.29225403114123,52.93351316615761,52.864191481958976
68,sub-01,pain,3,19,7,1,47.0,0.7,0.05,-1,56.33333333,3.869715269,46.30563076825835,51.12054208541982,51.18870450499359
69,sub-01,pain,3,20,8,1,47.0,0.3,0.125,-1,54.33333333,2.368421347,45.31900750537547,38.714958245193486,38.782569516491094
70,sub-01,pain,3,21,9,1,47.0,0.3,0.05,0,69.0,2.351927696,44.33238424249258,37.82699717317796,37.75730357052894
71,sub-01,pain,3,22,10,2,48.0,0.3,0.05,0,84.33333333,2.518523713,57.87562010322785,51.3940537485193,51.32498498152649
72,sub-01,pain,3,23,11,2,48.0,0.3,0.05,-1,61.0,2.001476946,56.888996840344966,49.473090767841256,49.40309323230935
73,sub-01,pain,3,24,12,2,48.0,0.7,0.125,-1,84.0,1.501022728,55.902373577462086,61.520804881720046,61.45094740801763
74,sub-01,vision,4,1,1,2,0.6,0.3,0.125,0,72.66666667,2.335046537,62.68846482686447,57.85209366342884,58.195820084814606
75,sub-01,vision,4,2,2,2,0.6,0.7,0.05,1,82.0,2.485154501,62.75787823412684,68.02904133369468,68.37539012858657
76,sub-01,vision,4,3,3,1,0.5,0.3,0.125,1,65.0,2.351543609,50.97042733086035,47.29454811982873,47.641019581666285
77,sub-01,vision,4,4,4,1,0.5,0.7,0.125,1,67.0,2.535204588,51.03984073812273,57.4107366427919,57.0637901576517
78,sub-01,vision,4,5,5,2,0.6,0.3,0.125,1,67.0,2.10165176,62.96611845591397,59.371105438676494,59.71816889831249
79,sub-01,vision,4,6,6,2,0.6,0.7,0.125,1,59.66666667,1.634535344,63.035531863176345,69.48729396163966,69.14093947429791
80,sub-01,vision,4,7,7,1,0.5,0.7,0.125,0,58.33333333,2.752073369,51.248080959909856,56.39942670470437,56.05138384440078
81,sub-01,vision,4,8,8,1,0.5,0.3,0.05,1,72.33333333,2.635325287,51.31749436717223,46.48905499680389,46.14353908736551
82,sub-01,vision,4,9,9,2,0.6,0.3,0.05,1,61.66666667,1.701268793,63.243772084963474,58.493083481771635,58.147839475405014
83,sub-01,vision,4,10,10,2,0.6,0.7,0.125,0,71.66666667,1.80131423,63.313185492225855,68.54851285743214,68.20138208965369
84,sub-01,vision,4,11,11,1,0.5,0.3,0.125,0,74.66666667,1.951286908,51.52573458895936,46.645882351141275,46.99285791144891
85,sub-01,vision,4,12,12,1,0.5,0.7,0.05,1,23.0,1.951461691,51.59514799622173,56.82283002140711,57.172427955220876
86,sub-01,pain,4,13,1,2,48.0,0.3,0.125,1,35.33333333,1.768100518,65.69186846750428,60.892620143908346,60.96351243053149
87,sub-01,pain,4,14,2,2,48.0,0.3,0.05,1,45.66666667,1.951400113,64.7052452046214,59.079649063170564,59.012539832339975
88,sub-01,pain,4,15,3,1,47.0,0.7,0.125,0,65.66666667,1.484480561,49.18876281812037,55.64122088250482,55.573042203551424
89,sub-01,pain,4,16,4,2,48.0,0.7,0.125,1,69.0,3.202261354,62.73199867885563,70.13141020509357,70.06420891106048
90,sub-01,pain,4,17,5,1,47.0,0.3,0.125,0,33.33333333,3.135668477,47.2155162923546,41.422665961540694,41.491420238083535
91,sub-01,pain,4,18,6,1,47.0,0.3,0.125,1,66.66666667,2.351615761,46.22889302947172,41.34984573683232,41.41872043760726
92,sub-01,pain,4,19,7,2,48.0,0.7,0.125,0,77.0,2.335012327,59.772128890206986,66.22041854197882,66.15216832358563
93,sub-01,pain,4,20,8,1,47.0,0.3,0.05,1,42.0,2.351753846,44.255646503705954,38.54092168413875,38.47156274242798
94,sub-01,pain,4,21,9,2,48.0,0.7,0.05,1,71.66666667,2.285014488,57.79888236444122,64.33462723653265,64.40398154614398
95,sub-01,pain,4,22,10,1,47.0,0.7,0.125,1,38.66666667,2.184799866,42.28239997794019,49.592682826061754,49.52323182114848
96,sub-01,pain,4,23,11,1,47.0,0.7,0.05,1,76.0,2.701823619,41.29577671505731,47.779711745323965,47.84774484418309
97,sub-01,pain,4,24,12,2,48.0,0.3,0.125,0,75.66666667,3.202363362,54.83901257579257,49.01400470514735,49.08199106715441
98,sub-01,vision,5,1,1,1,0.5,0.3,0.05,-1,91.66666667,1.284121292,51.95884165725285,45.601481660273734,45.25614383093988
99,sub-01,vision,5,2,2,2,0.6,0.7,0.125,-1,100.0,1.184205542,63.88511937504409,68.81730712674955,68.4720910036924
100,sub-01,vision,5,3,3,2,0.6,0.7,0.05,0,95.0,2.368282019,63.95453278230647,67.88719274199286,68.23113345196604
101,sub-01,vision,5,4,4,2,0.6,0.3,0.05,0,73.66666667,1.884728864,64.02394618956885,57.91606188678972,57.566489227144224
102,sub-01,vision,5,5,5,1,0.5,0.3,0.05,0,38.66666667,2.251691304,52.23649528630235,46.05709106958201,45.70788669631814
103,sub-01,vision,5,6,6,2,0.6,0.3,0.05,-1,77.33333333,1.534474356,64.1627730040936,57.89562548076154,57.551839933406214
104,sub-01,vision,5,7,7,2,0.6,0.7,0.05,-1,80.0,2.385063035,64.23218641135597,68.01181400372471,68.36218201544145
105,sub-01,vision,5,8,8,1,0.5,0.7,0.05,0,51.66666667,2.218301876,52.44473550808948,56.31833726030521,56.663926635566796
106,sub-01,vision,5,9,9,1,0.5,0.7,0.125,-1,60.66666667,2.151822204,52.51414891535185,57.39350931282194,57.05058204450657
107,sub-01,vision,5,10,10,1,0.5,0.3,0.125,-1,72.33333333,2.285006091,52.583562322614235,47.422378457618805,47.77350932573457
108,sub-01,vision,5,11,11,2,0.6,0.3,0.125,-1,82.0,1.217455019,64.50984004040548,59.426406942586546,59.777809713774076
109,sub-01,vision,5,12,12,1,0.5,0.7,0.05,-1,66.0,2.885511344,52.72238913713898,56.44295852203707,56.794975199042206
110,sub-01,pain,5,13,1,2,48.0,0.3,0.05,-1,91.0,2.134891907,64.62850746583476,57.02229807091429,56.954121758986645
111,sub-01,pain,5,14,2,1,47.0,0.7,0.05,0,50.66666667,3.168999126,49.11202507933373,54.6149945374362,54.684514198961345
112,sub-01,pain,5,15,3,2,48.0,0.3,0.05,0,68.33333333,2.401761637,62.655260940069,55.95540213572498,55.88745821724044
113,sub-01,pain,5,16,4,2,48.0,0.3,0.125,-1,71.0,2.351767841,61.66863767718611,54.85145726382895,54.920353969227044
114,sub-01,pain,5,17,5,1,47.0,0.3,0.05,-1,58.66666667,3.152497699,46.15215529068508,38.47547663579404,38.4055148630502
115,sub-01,pain,5,18,6,2,48.0,0.7,0.125,-1,59.66666667,3.235703963,59.695391151420345,65.08620029696995,65.0172355467438
116,sub-01,pain,5,19,7,1,47.0,0.3,0.125,-1,48.0,1.968146609,44.17890876491931,37.300588800664485,37.36793217027837
117,sub-01,pain,5,20,8,1,47.0,0.7,0.05,-1,41.0,2.90200033,43.192285502036434,47.71426669697926,47.78169696480532
118,sub-01,pain,5,21,9,1,47.0,0.3,0.05,0,72.33333333,2.318393653,42.205662239153554,35.41667475669317,35.346481127328445
119,sub-01,pain,5,22,10,2,48.0,0.7,0.05,-1,78.33333333,2.034953765,55.74889809988882,60.28537030036482,60.35319327881509
120,sub-01,pain,5,23,11,2,48.0,0.7,0.05,0,76.0,4.469951506,54.76227483700593,60.21442733713129,60.28271483405667
121,sub-01,pain,5,24,12,1,47.0,0.7,0.125,-1,72.0,2.551811444,39.24579245050491,44.54747291793814,44.47625845683181
122,sub-01,pain,6,1,1,1,47.0,0.3,0.125,0,82.66666667,2.468336786,49.0352873405471,42.996155432879036,43.065338182834154
123,sub-01,pain,6,2,2,1,47.0,0.3,0.05,1,33.66666667,2.568586862,48.04866407766421,42.106317099388654,42.03785088115415
124,sub-01,pain,6,3,3,2,48.0,0.3,0.125,0,72.0,3.268921096,61.59189993839948,55.5672590362646,55.636834496843925
125,sub-01,pain,6,4,4,1,47.0,0.7,0.125,0,70.66666667,2.835495467,46.075417551898454,52.234945494064256,52.16603466336315
126,sub-01,pain,6,5,5,2,48.0,0.3,0.125,1,35.33333333,2.034705275,59.61865341263372,54.49848583960044,54.56794959937988
127,sub-01,pain,6,6,6,2,48.0,0.3,0.05,1,85.66666667,2.768685823,58.63203014975083,52.68551475886265,52.61697700118837
128,sub-01,pain,6,7,7,2,48.0,0.7,0.125,1,92.0,1.434395642,57.64540688686795,64.73322887274144,64.66483117689664
129,sub-01,pain,6,8,8,2,48.0,0.7,0.05,1,83.66666667,1.434388489,56.65878362398507,62.92025779200365,62.98934419993126
130,sub-01,pain,6,9,9,1,47.0,0.3,0.125,1,49.0,1.90117742,41.142301237484034,35.95166440448019,36.019342703443435
131,sub-01,pain,6,10,10,2,48.0,0.7,0.125,0,72.66666667,1.934833998,54.68553709821931,60.82223720962669,60.75279058942181
132,sub-01,pain,6,11,11,1,47.0,0.7,0.125,1,58.33333333,2.435216686,39.169054711718275,46.18640743762119,46.1162242809602
133,sub-01,pain,6,12,12,1,47.0,0.7,0.05,1,58.66666667,2.435112189,38.18243144883539,44.3734363568834,44.440737303994815
134,sub-01,vision,6,13,1,2,0.6,0.3,0.05,1,79.66666667,2.451779379,64.94294710869897,59.94189083902302,59.59274303423895
135,sub-01,vision,6,14,2,1,0.5,0.7,0.05,1,76.0,2.234817609,53.15549620543248,58.12657971089847,58.4716336568414
136,sub-01,vision,6,15,3,2,0.6,0.7,0.05,1,78.66666667,2.768586924,65.08177392322372,70.13060819586622,70.4759340448809
137,sub-01,vision,6,16,4,2,0.6,0.7,0.125,0,79.33333333,2.134887242,65.1511873304861,70.14237788244357,69.79198350570105
138,sub-01,vision,6,17,5,1,0.5,0.7,0.125,1,78.0,2.95213532,53.36373642721961,59.51230350496344,59.16433407394602
139,sub-01,vision,6,18,6,1,0.5,0.3,0.125,0,79.33333333,1.868075047,53.43314983448199,48.31227621003271,48.656308256102974
140,sub-01,vision,6,19,7,2,0.6,0.3,0.125,0,92.33333333,2.168226287,65.35942755227323,60.316304695000454,60.66060864414247
141,sub-01,vision,6,20,8,1,0.5,0.7,0.125,0,33.33333333,1.851355298,53.571976649006736,58.5009935668759,58.1519277606951
142,sub-01,vision,6,21,9,2,0.6,0.7,0.125,1,77.33333333,2.101560947,65.49825436679798,71.73391849157123,71.38718124780564
143,sub-01,vision,6,22,10,1,0.5,0.3,0.05,1,89.0,3.002056031,53.71080346353149,48.66315069285544,48.31693193226654
144,sub-01,vision,6,23,11,2,0.6,0.3,0.125,1,37.33333333,2.585165728,65.63708118132273,61.8353164702481,62.182957457640356
145,sub-01,vision,6,24,12,1,0.5,0.3,0.125,1,62.0,1.500977322,53.84963027805624,49.97634565304039,50.32435492681427
146,sub-02,vision,1,1,1,2,0.6,0.7,0.05,-1,81.33333333,1.984646575,59.30823917284758,63.538921206391954,63.98930052219465
147,sub-02,vision,1,2,2,1,0.5,0.7,0.125,-1,73.33333333,1.901256718,47.67604184035855,52.94133086221379,52.50422287104984
148,sub-02,vision,1,3,3,2,0.6,0.3,0.05,0,51.0,2.735322922,59.40514389689858,53.84063816294298,53.396459684461
149,sub-02,vision,1,4,4,2,0.6,0.3,0.05,-1,54.33333333,2.885373972,59.45359625892409,53.89874091813002,53.4611907799225
150,sub-02,vision,1,5,5,1,0.5,0.7,0.05,-1,39.66666667,3.836162341,47.82139892643506,51.973510968353025,52.42354613102304
151,sub-02,vision,1,6,6,1,0.5,0.3,0.05,0,40.0,2.551867412,47.869851288460566,42.22735166447434,41.782699650944345
152,sub-02,vision,1,7,7,1,0.5,0.3,0.05,-1,64.33333333,2.501789958,47.91830365048607,42.28545441966138,41.84743074640585
153,sub-02,vision,1,8,8,2,0.6,0.3,0.125,-1,56.33333333,2.485196267,59.647405707026095,55.20169463499875,55.653873831597295
154,sub-02,vision,1,9,9,1,0.5,0.3,0.125,-1,32.66666667,2.768473294,48.01520837453707,43.49265561567069,43.944102513390554
155,sub-02,vision,1,10,10,2,0.6,0.7,0.05,0,65.66666667,3.168808987,59.744310431077096,63.95958105550202,64.40462585018356
156,sub-02,vision,1,11,11,1,0.5,0.7,0.05,0,73.66666667,3.119092914,48.112113098588075,52.250542036173954,52.69485453197684
157,sub-02,vision,1,12,12,2,0.6,0.7,0.125,-1,82.33333333,2.56849749,59.841215155128104,65.17700874626865,64.74205625505205
158,sub-02,pain,1,13,1,2,48.0,0.7,0.05,-1,52.66666667,3.118876458,68.99894046470956,74.26463678519707,74.38623011344458
159,sub-02,pain,1,14,2,1,47.0,0.7,0.05,-1,31.0,2.368347215,53.965896097680734,59.15269720395153,59.27271303123175
160,sub-02,pain,1,15,3,2,48.0,0.7,0.05,0,61.66666667,2.668657686,67.13269955991805,73.57239625257537,73.69438097104188
161,sub-02,pain,1,16,4,1,47.0,0.7,0.125,-1,34.33333333,2.268245487,52.099655192889216,58.09499270792231,57.977321738344976
162,sub-02,pain,1,17,5,2,48.0,0.7,0.125,-1,51.0,2.518470106,65.26645865512654,71.27955704956688,71.16274928070871
170,sub-02,pain,2,1,1,2,48.0,0.7,0.125,0,82.33333333,3.402814981,67.94735558693756,75.14934694869326,75.03457707894292
171,sub-02,pain,2,2,2,1,47.0,0.7,0.125,0,0.0,2.218312336,52.91431121990873,60.037407367447734,59.92105999673007
172,sub-02,pain,2,3,3,2,48.0,0.7,0.05,1,57.66666667,2.901958955,66.08111468214605,73.19519315140933,73.3174828821421
173,sub-02,pain,2,4,4,2,48.0,0.7,0.125,1,69.33333333,2.551891359,65.1479942297503,73.10117627518058,72.9861363591799
174,sub-02,pain,2,5,5,2,48.0,0.3,0.05,1,44.33333333,2.935500565,64.21487377735454,58.896102096425444,58.78131430379419
175,sub-02,pain,2,6,6,2,48.0,0.3,0.125,1,26.33333333,2.868765354,63.28175332495878,58.8020852201967,58.92282031033679
176,sub-02,pain,2,7,7,1,47.0,0.3,0.125,0,15.0,3.71923616,48.24870895792994,42.84725345306241,42.9656096381133
177,sub-02,pain,2,8,8,1,47.0,0.3,0.125,1,8.666666667,3.068906921,47.31558850553419,42.726458019150684,42.84525845819939
178,sub-02,pain,2,9,9,1,47.0,0.7,0.05,1,13.66666667,2.601866184,46.382468053138425,53.26481547116138,53.383741950306494
179,sub-02,pain,2,10,10,1,47.0,0.7,0.125,1,26.66666667,3.585797149,45.44934760074267,53.170798594932634,53.05239542734427
180,sub-02,pain,2,11,11,2,48.0,0.3,0.125,0,51.33333333,3.252345947,58.61615106297999,53.14075493530552,53.25890287070336
181,sub-02,pain,2,12,12,1,47.0,0.3,0.05,1,31.66666667,3.219098543,43.58310669595115,38.00203679637701,37.88352860203401
182,sub-02,vision,2,13,1,1,0.5,0.3,0.05,1,55.0,3.018756692,48.74977330767451,44.167217450714766,43.72362137811769
183,sub-02,vision,2,14,2,1,0.5,0.7,0.125,1,77.66666667,2.585143739,48.79822566970001,55.11035145584544,54.66844735683194
184,sub-02,vision,2,15,3,2,0.6,0.7,0.125,1,89.66666667,2.268182976,60.52732772624004,66.91514299603293,66.47422995972877
185,sub-02,vision,2,16,4,2,0.6,0.3,0.125,0,53.66666667,2.518365921,60.575780088265546,56.02381131978055,56.46809131289255
186,sub-02,vision,2,17,5,2,0.6,0.3,0.125,1,47.33333333,2.768673889,60.624232450291046,57.22708644734127,57.67408139034427
187,sub-02,vision,2,18,6,1,0.5,0.7,0.05,1,60.66666667,3.085588935,48.99203511780202,54.190407822414386,54.635776259150184
188,sub-02,vision,2,19,7,1,0.5,0.3,0.125,0,63.33333333,2.718644328,49.040487479827526,44.41052482131191,44.85433127937589
189,sub-02,vision,2,20,8,1,0.5,0.7,0.125,0,74.0,2.71847079,49.088939841853026,54.24221015129269,53.79849677579552
190,sub-02,vision,2,21,9,2,0.6,0.7,0.05,1,88.0,2.66845678,60.818041898393055,66.09095188346129,66.53757014673708
191,sub-02,vision,2,22,10,2,0.6,0.3,0.05,1,82.66666667,2.118236421,60.866494260418555,56.35501907433993,55.91344911977486
192,sub-02,vision,2,23,11,1,0.5,0.3,0.125,1,37.66666667,2.368426831,49.234296927929535,45.75742873016176,46.20433828386275
193,sub-02,vision,2,24,12,2,0.6,0.7,0.125,0,93.66666667,2.585415553,60.96339898446956,66.1906304727693,65.74829630572748
194,sub-02,vision,3,1,1,1,0.5,0.7,0.05,-1,63.0,2.618841782,49.87195713701597,53.829702369150105,54.27745456922662
195,sub-02,vision,3,2,2,2,0.6,0.7,0.05,-1,89.0,3.302384216,61.601059193556,65.63449390933759,66.08323717212343
196,sub-02,vision,3,3,3,2,0.6,0.3,0.05,-1,78.33333333,2.768672334,61.6495115555815,55.89856110021623,55.45911614516121
197,sub-02,vision,3,4,4,1,0.5,0.3,0.125,-1,30.33333333,2.518384581,50.01731422309248,45.30097075603806,45.7500053092491
198,sub-02,vision,3,5,5,2,0.6,0.3,0.125,-1,43.66666667,3.002185705,61.746416279632506,57.10576229622554,57.55578791214592
199,sub-02,vision,3,6,6,1,0.5,0.7,0.125,-1,58.33333333,2.918879817,50.114218947143485,55.18053234644855,54.742176448013765
200,sub-02,vision,3,7,7,2,0.6,0.7,0.125,-1,84.66666667,4.036215584,61.84332100368351,66.98532388663604,66.54795905091059
201,sub-02,vision,3,8,8,1,0.5,0.3,0.05,-1,43.33333333,3.335742336,50.211123671194485,44.38102712260701,43.94136739633464
202,sub-02,vision,3,9,9,1,0.5,0.7,0.05,0,63.66666667,2.78530521,50.259576033219986,54.20248595783047,54.644774254870505
203,sub-02,vision,3,10,10,1,0.5,0.3,0.05,0,31.0,3.252430228,50.30802839524549,44.46655314870911,44.02065322790827
204,sub-02,vision,3,11,11,2,0.6,0.7,0.05,0,67.0,2.78560066,62.03713045178552,66.05515375844766,66.49856250011236
205,sub-02,vision,3,12,12,2,0.6,0.3,0.05,0,82.0,2.351723357,62.08558281381102,56.3192209493263,55.874441473150135
206,sub-02,pain,3,13,1,2,48.0,0.7,0.05,-1,93.0,3.352264807,66.89577070916557,71.82444621108743,71.94504675562375
207,sub-02,pain,3,14,2,1,47.0,0.7,0.05,-1,24.0,2.335007755,51.86272634213674,56.712506629841904,56.83152967341092
208,sub-02,pain,3,15,3,2,48.0,0.7,0.125,-1,63.66666667,3.252385755,65.02952980437406,70.7667417150582,70.64965546273699
209,sub-02,pain,3,16,4,1,47.0,0.3,0.05,-1,27.66666667,2.551730883,49.99648543734523,42.41341557485803,42.295361095062994
210,sub-02,pain,3,17,5,2,48.0,0.3,0.05,-1,59.0,2.718662988,63.16328889958254,55.59797991650259,55.48078863742672
211,sub-02,pain,3,18,6,1,47.0,0.7,0.05,0,0.333333333,3.869500246,48.13024453255371,54.092890857619246,54.2115909911591
212,sub-02,pain,3,19,7,2,48.0,0.3,0.05,0,55.0,3.652671688,61.29704799479103,54.9057393838809,54.78893949502401
213,sub-02,pain,3,20,8,1,47.0,0.3,0.125,-1,21.0,3.719254198,46.26400362776219,39.428335839227834,39.544732791831926
214,sub-02,pain,3,21,9,1,47.0,0.7,0.125,-1,34.33333333,3.969492813,45.33088317536644,50.83636403481026,50.715914530901365
217,sub-02,pain,3,24,12,2,48.0,0.3,0.125,-1,38.33333333,2.402003894,56.63144573281224,49.72183732147094,49.838026024421985
218,sub-02,pain,4,1,1,1,47.0,0.7,0.125,1,64.0,3.369462148,51.74426191676051,59.40379659902735,59.28761499884445
219,sub-02,pain,4,2,2,2,48.0,0.7,0.125,1,78.33333333,2.935335424,64.91106537899782,72.58836094067192,72.47304254120819
220,sub-02,pain,4,3,3,1,47.0,0.7,0.125,0,0.0,2.034814531,49.87802101196899,56.633529173537625,56.515831868984684
221,sub-02,pain,4,4,4,2,48.0,0.3,0.05,1,43.66666667,3.052222107,63.04482447420631,57.4195991421163,57.30417571589791
222,sub-02,pain,4,5,5,2,48.0,0.3,0.125,0,29.0,3.13584397,62.11170402181055,56.48269007999879,56.60198813242986
223,sub-02,pain,4,6,6,1,47.0,0.3,0.125,0,16.66666667,3.018779706,47.07865965478172,41.37075049875326,41.48847105021702
224,sub-02,pain,4,7,7,2,48.0,0.7,0.05,1,0.0,2.134847217,60.245463117019035,66.90025209809777,67.02012044462305
225,sub-02,pain,4,8,8,1,47.0,0.3,0.125,1,15.0,2.651952657,45.2124187499902,40.28626744504106,40.404075100378556
226,sub-02,pain,4,9,9,2,48.0,0.3,0.125,1,48.0,3.068922782,58.37922221222752,53.47083178668562,53.58950264274229
227,sub-02,pain,4,10,10,1,47.0,0.7,0.05,1,16.0,3.669403773,43.34617784519868,49.86093727725127,49.978513822561105
228,sub-02,pain,4,11,11,2,48.0,0.7,0.125,0,57.0,2.66867448,56.512981307436,63.07228017657881,62.95294602187652
229,sub-02,pain,4,12,12,1,47.0,0.3,0.05,1,23.66666667,3.502456741,41.479936940407164,35.561846222267384,35.44234524421318
230,sub-02,vision,4,13,1,1,0.5,0.7,0.125,1,75.66666667,2.235002748,50.99414096635743,57.11017163793166,56.666372722070655
231,sub-02,vision,4,14,2,1,0.5,0.3,0.05,1,84.66666667,2.701961381,51.04259332838293,46.262790153660404,45.81755802804649
232,sub-02,vision,4,15,3,2,0.6,0.3,0.125,1,94.0,2.768639679,62.77169538492296,59.17903036899778,59.62400111323794
233,sub-02,vision,4,16,4,2,0.6,0.3,0.125,0,97.66666667,2.401759449,62.820147746948464,58.07150776229648,58.5140223204763
234,sub-02,vision,4,17,5,1,0.5,0.7,0.125,0,51.0,3.035474472,51.187950414459436,56.146277812519486,55.70041085634414
235,sub-02,vision,4,18,6,2,0.6,0.3,0.05,1,96.66666667,2.935409131,62.917052470999465,58.211210475137015,57.76735755797844
236,sub-02,vision,4,19,7,1,0.5,0.3,0.125,0,57.66666667,3.469149003,51.284855138510444,46.45822126382784,46.900262286959645
238,sub-02,vision,4,21,9,2,0.6,0.7,0.05,1,96.0,2.58511606,63.06240955707597,68.13864832597721,68.58350115432084
239,sub-02,vision,4,22,10,2,0.6,0.7,0.125,0,97.0,2.418273523,63.110861919101474,68.14257439442581,67.69821602862115
240,sub-02,vision,4,23,11,2,0.6,0.7,0.125,1,97.66666667,2.368248317,63.15931428112698,69.34584952198654,68.90420610607288
241,sub-02,vision,4,24,12,1,0.5,0.3,0.125,1,40.0,2.935585156,51.52711694863795,47.853001433107394,48.29827493379155
254,sub-02,vision,5,13,1,2,0.6,0.3,0.125,-1,89.66666667,2.701952362,63.796974490213415,58.96195369702263,59.4096963503495
255,sub-02,vision,5,14,2,2,0.6,0.3,0.05,0,58.0,2.435075895,63.845426852238916,57.888154787545126,57.44031605728347
256,sub-02,vision,5,15,3,1,0.5,0.7,0.05,0,44.66666667,3.252307694,52.213229519749895,55.962924837768135,56.40267140838401
257,sub-02,vision,5,16,4,2,0.6,0.3,0.05,-1,56.66666667,2.718919563,63.942331576289924,57.994133803161866,57.553052795090004
258,sub-02,vision,5,17,5,2,0.6,0.7,0.05,-1,67.66666667,4.002761987,63.990783938315424,67.82581913314264,68.27318510674232
259,sub-02,vision,5,18,6,1,0.5,0.7,0.125,-1,36.33333333,3.035539782,52.3585866058264,57.22822878896448,56.78810745559752
260,sub-02,vision,5,19,7,2,0.6,0.7,0.05,0,93.66666667,2.952221765,64.08768866236643,67.91134515924475,68.35247093831595
261,sub-02,vision,5,20,8,1,0.5,0.3,0.125,-1,47.66666667,3.569078437,52.455491329877404,47.54017224027283,47.98795888621302
264,sub-02,vision,5,23,11,1,0.5,0.3,0.05,-1,91.66666667,3.168944583,52.60084841595391,46.57235234641206,46.13131533095353
265,sub-02,vision,5,24,12,1,0.5,0.3,0.05,0,85.0,3.118865262,52.64930077797941,46.61000211208446,46.162595520182116
266,sub-02,pain,6,1,1,1,47.0,0.3,0.125,1,36.0,3.285606724,49.64109216121651,44.59189020953482,44.71120513202962
269,sub-02,pain,6,4,4,2,48.0,0.3,0.125,1,64.33333333,2.635204089,60.94165471866231,55.849079311578414,55.968543134544234
270,sub-02,pain,6,5,5,1,47.0,0.3,0.125,0,0.666666667,1.784571251,45.90861035163348,39.89424754444413,40.011332462320745
271,sub-02,pain,6,6,6,2,48.0,0.7,0.125,0,34.0,3.168845374,59.075413813870796,65.4505277014716,65.33198651367847
272,sub-02,pain,6,7,7,1,47.0,0.3,0.05,1,15.33333333,3.619280602,44.04236944684196,37.94009374716018,37.821385736015124
273,sub-02,pain,6,8,8,2,48.0,0.3,0.05,1,68.0,3.502742238,57.20917290907928,51.12465808880474,51.00681327837886
274,sub-02,pain,6,9,9,2,48.0,0.7,0.05,1,71.0,3.102250424,56.27605245668352,62.532686284387175,62.650847546953116
275,sub-02,pain,6,10,10,1,47.0,0.7,0.125,0,30.66666667,3.185529254,41.24300808965469,47.44752526082462,47.32633512169196
276,sub-02,pain,6,11,11,1,47.0,0.7,0.05,1,14.33333333,3.335620735,40.309887637258925,46.457059083341164,46.573285694815716
277,sub-02,pain,6,12,12,2,48.0,0.7,0.125,1,0.0,2.852045708,53.47669109949625,60.51129416855746,60.39141148414178
278,sub-02,vision,6,13,1,1,0.5,0.7,0.125,1,66.66666667,3.168986568,53.238508625040346,59.157868080447585,58.71230372965441
279,sub-02,vision,6,14,2,1,0.5,0.7,0.125,0,75.33333333,2.151436864,53.28696098706585,58.05034547374628,57.60232493689277
280,sub-02,vision,6,15,3,2,0.6,0.3,0.05,1,94.0,3.068882663,65.01606304360588,60.11527813636381,59.66927163852707
281,sub-02,vision,6,16,4,2,0.6,0.7,0.125,0,97.0,2.918753551,65.06451540563138,69.90301327436347,69.45611318213464
282,sub-02,vision,6,17,5,1,0.5,0.7,0.05,1,55.0,3.135552253,53.432318073142355,58.23792444701653,58.679632631972645
283,sub-02,vision,6,18,6,2,0.6,0.3,0.125,0,93.33333333,2.118098959,65.16142012968238,60.214956725671826,60.65596461275014
284,sub-02,vision,6,19,7,1,0.5,0.3,0.125,0,82.33333333,3.202334425,53.52922279719336,48.505917706343766,48.9461932945434
285,sub-02,vision,6,20,8,1,0.5,0.3,0.05,1,30.0,3.452701482,53.57767515921886,48.597744158754594,48.1515228897005
286,sub-02,vision,6,21,9,2,0.6,0.7,0.05,1,78.0,3.268872462,65.3067772157589,70.18634476849314,70.62943216190459
287,sub-02,vision,6,22,10,2,0.6,0.7,0.125,1,97.0,3.419157073,65.3552295777844,71.34566970407275,70.90213147131158
288,sub-02,vision,6,23,11,2,0.6,0.3,0.125,1,67.0,3.202356506,65.4036819398099,61.60973689495139,62.053977259582034
289,sub-02,vision,6,24,12,1,0.5,0.3,0.125,1,44.66666667,3.402486566,53.77148460732087,49.90069787562332,50.3442059413753
290,sub-03,pain,1,1,1,2,48.0,0.3,0.05,-1,62.0,4.152898087,68.90594934332651,61.953268911516744,61.88086970283849
291,sub-03,pain,1,2,2,2,48.0,0.7,0.125,-1,70.0,3.619299202,67.96065740116589,74.02793549523214,73.95590109064449
292,sub-03,pain,1,3,3,1,47.0,0.3,0.05,0,65.0,1.984783774,52.4012574287997,46.3263327364577,46.25395032786475
296,sub-03,pain,1,7,7,1,47.0,0.3,0.05,-1,58.0,2.701947691,48.62008966015722,41.45957296146293,41.38619105012808
298,sub-03,pain,1,9,9,1,47.0,0.7,0.125,-1,72.33333333,4.16983258,46.729505775835975,52.56154202090618,52.48847709505569
299,sub-03,pain,1,10,10,2,48.0,0.3,0.125,-1,42.66666667,4.3198757,60.39832186388092,53.95067365638529,54.02386542619856
301,sub-03,pain,1,12,12,2,48.0,0.7,0.05,-1,75.0,2.185010243,58.507737979559685,63.54927778919266,63.62261842497612
302,sub-03,vision,1,13,1,1,0.5,0.3,0.05,0,42.0,3.335805357,47.86090038022906,42.268826633664546,41.91182331401835
303,sub-03,vision,1,14,2,2,0.6,0.7,0.125,-1,58.33333333,4.286394217,59.939470564539945,65.29234766904419,64.9402940051966
304,sub-03,vision,1,15,3,2,0.6,0.3,0.05,0,45.66666667,3.352120342,59.982563050099806,54.44885693567036,54.09133854329836
305,sub-03,vision,1,16,4,2,0.6,0.3,0.125,-1,51.66666667,3.585980683,60.025655535659666,55.45449115914405,55.81768210823166
306,sub-03,vision,1,17,5,2,0.6,0.7,0.05,0,48.0,3.485843812,60.068748021219534,64.4618818104424,64.82179101733169
308,sub-03,vision,1,19,7,2,0.6,0.7,0.05,-1,37.33333333,3.585856283,60.154932992339255,64.41521736439341,64.779013776739
309,sub-03,vision,1,20,8,1,0.5,0.7,0.125,-1,36.66666667,4.303169791,48.162547779148085,53.462654096782224,53.10885728420751
310,sub-03,vision,1,21,9,1,0.5,0.7,0.05,-1,40.0,3.669334827,48.205640264707945,52.41035542725953,52.773537801604455
311,sub-03,vision,1,22,10,2,0.6,0.3,0.05,-1,43.33333333,4.102916887,60.284210449018836,54.62115294571126,54.266110370387494
313,sub-03,vision,1,24,12,1,0.5,0.7,0.05,0,46.66666667,3.786116029,48.334917721387534,52.67598032939843,53.03386410987897
314,sub-03,vision,2,1,1,2,0.6,0.3,0.125,1,46.66666667,3.602577121,61.02503221847351,57.505536805982636,57.86642914468332
315,sub-03,vision,2,2,2,2,0.6,0.7,0.125,0,61.66666667,4.486611668,61.06812470403337,66.45307831060583,66.0961447375934
318,sub-03,vision,2,5,5,2,0.6,0.7,0.05,1,60.0,4.102994947,61.197402160712954,66.51005510244998,66.87127062672704
319,sub-03,vision,2,6,6,2,0.6,0.3,0.125,0,55.0,3.135522286,61.24049464627282,56.70280598314166,57.060552467701186
322,sub-03,vision,2,9,9,1,0.5,0.7,0.125,0,44.66666667,2.935538396,49.33429440420137,54.66717682956185,54.30821783014068
323,sub-03,vision,2,10,10,2,0.6,0.3,0.05,1,54.0,3.285580334,61.412864588512264,56.80357486620379,56.44538684744825
324,sub-03,vision,2,11,11,2,0.6,0.7,0.125,1,61.0,3.886121658,61.455957074072124,67.86889841049853,67.51115880408464
326,sub-03,pain,2,13,1,1,47.0,0.7,0.05,1,55.66666667,3.936467349,53.23718774381004,60.122017699340546,60.196079393813825
329,sub-03,pain,2,16,4,1,47.0,0.3,0.05,1,67.33333333,3.052050274,50.40131191732818,44.90824348185447,44.83589587137871
330,sub-03,pain,2,17,5,2,48.0,0.3,0.05,1,70.33333333,3.45235611,64.07012800537314,58.5930567620032,58.52135712394037
332,sub-03,pain,2,19,7,2,48.0,0.3,0.125,1,50.0,3.369347796,62.17954412105189,57.39934417677683,57.47357024744919
333,sub-03,pain,2,20,8,1,47.0,0.3,0.125,1,44.66666667,3.936212641,46.6201441486857,41.76913584808379,41.84261830913074
335,sub-03,pain,2,22,10,1,47.0,0.3,0.125,0,59.66666667,4.136364781,44.72956026436445,39.091481833312116,39.164509823351004
337,sub-03,pain,2,24,12,2,48.0,0.7,0.125,1,48.33333333,4.436546187,57.453084410248785,64.83153820008567,64.75991645447601
341,sub-03,pain,3,4,4,1,47.0,0.3,0.05,0,45.0,3.736014784,49.34665834801727,42.99833381906868,42.92535115772516
342,sub-03,pain,3,5,5,2,48.0,0.7,0.05,0,68.0,3.902807042,63.01547443606222,68.97882874388702,69.05275990408677
343,sub-03,pain,3,6,6,2,48.0,0.3,0.05,0,57.33333333,4.453242766,62.0701824939016,55.710449574945244,55.63806706740843
346,sub-03,pain,3,9,9,2,48.0,0.7,0.05,-1,77.33333333,3.335779544,59.23430666741974,64.11206896889225,64.1850006263501
347,sub-03,pain,3,10,10,1,47.0,0.7,0.05,0,38.66666667,3.285635381,43.67490669505355,49.45783031810536,49.530826594254755
350,sub-03,vision,3,13,1,1,0.5,0.7,0.125,-1,41.0,3.269001934,50.11820865921592,55.20907348440976,54.85639631891572
351,sub-03,vision,3,14,2,1,0.5,0.7,0.05,-1,57.66666667,3.385651584,50.16130114477578,54.156774814887065,54.52107683631266
352,sub-03,vision,3,15,3,2,0.6,0.3,0.125,-1,51.0,2.701978791,62.23987132908666,57.463663094079465,57.82628002415806
354,sub-03,vision,3,17,5,1,0.5,0.3,0.125,-1,49.33333333,2.852082555,50.29057860145536,45.45880115694558,45.8208040490235
355,sub-03,vision,3,18,6,2,0.6,0.7,0.125,-1,49.66666667,3.735880121,62.36914878576625,67.5204800600695,67.16644098880482
356,sub-03,vision,3,19,7,1,0.5,0.7,0.05,0,47.33333333,3.302443609,50.37676357257508,54.50998389946192,54.86842277165991
357,sub-03,vision,3,20,8,2,0.6,0.7,0.05,0,56.66666667,3.719377294,62.45533375688597,66.64622211024975,67.00442818740355
358,sub-03,vision,3,21,9,1,0.5,0.3,0.05,0,44.33333333,3.302423705,50.4629485436948,44.67212738956179,44.31200955177203
359,sub-03,vision,3,22,10,2,0.6,0.3,0.05,-1,46.0,4.319608552,62.54151872800569,56.67411697186466,56.318218099850256
360,sub-03,vision,3,23,11,2,0.6,0.3,0.05,0,52.66666667,3.252365066,62.58461121356555,56.8521576915676,56.49152478105204
361,sub-03,vision,3,24,12,1,0.5,0.3,0.05,-1,55.33333333,3.102258814,50.59222600037439,44.669255034730774,44.312742124715705
362,sub-03,pain,4,1,1,1,47.0,0.7,0.125,1,47.0,4.402987577,51.12788060518823,58.518398769541626,58.44605480343707
364,sub-03,pain,4,3,3,2,48.0,0.7,0.125,0,21.66666667,2.918857366,63.851404751072565,70.49825555919082,70.42615291309738
366,sub-03,pain,4,5,5,2,48.0,0.7,0.125,1,45.33333333,4.269772589,61.96082086675132,69.28511947687389,69.21328002736355
367,sub-03,pain,4,6,6,2,48.0,0.7,0.05,1,46.0,4.236262183,61.0155289245907,67.56073948928379,67.63470544760072
368,sub-03,pain,4,7,7,1,47.0,0.3,0.125,1,54.0,3.535778363,45.45612895222451,40.38653197923908,40.459509824747926
369,sub-03,pain,4,8,8,2,48.0,0.3,0.125,1,66.0,3.352290458,59.12494504026946,54.07134525938781,54.144971077309584
371,sub-03,pain,4,10,10,1,47.0,0.7,0.05,1,28.66666667,3.902863955,42.62025312574265,49.012438587774284,49.08551748064709
372,sub-03,pain,4,11,11,1,47.0,0.3,0.125,0,26.33333333,3.45255235,41.67496118358203,35.7634829159231,35.83591065321141
374,sub-03,vision,4,13,1,2,0.6,0.7,0.125,0,57.66666667,3.652517269,63.28234049746037,68.46225024554126,68.1047426535198
375,sub-03,vision,4,14,2,1,0.5,0.3,0.05,1,44.66666667,3.569151307,51.289955284269205,46.4137560430435,46.05692046641281
376,sub-03,vision,4,15,3,2,0.6,0.3,0.125,0,46.0,3.502475082,63.36852546858009,58.624393735641114,58.98213075655486
377,sub-03,vision,4,16,4,2,0.6,0.3,0.05,1,45.0,3.452380989,63.41161795413995,58.5937863450493,58.236435695692826
378,sub-03,vision,4,17,5,2,0.6,0.3,0.125,1,57.66666667,3.50241537,63.45471043969981,59.733669197007956,60.09257612829154
379,sub-03,vision,4,18,6,1,0.5,0.7,0.05,1,58.0,3.53572767,51.462325226508646,56.51436510025152,56.87439256751888
382,sub-03,vision,4,21,9,2,0.6,0.7,0.05,1,55.33333333,3.702554449,63.62708038193926,68.73818749347531,69.09741761033526
383,sub-03,vision,4,22,10,1,0.5,0.7,0.125,0,49.66666667,3.919486517,51.63469516874809,56.76393294693323,56.403835373139806
384,sub-03,vision,4,23,11,2,0.6,0.7,0.125,1,70.66666667,4.253121415,63.71326535305898,69.92186243665194,69.5632665335474
385,sub-03,vision,4,24,12,1,0.5,0.3,0.125,0,37.33333333,3.719360811,51.720880139867816,46.926076437033096,47.28122347617486
386,sub-03,vision,5,1,1,2,0.6,0.7,0.05,-1,70.33333333,3.719242942,64.4109946369538,68.25839286939232,68.62217035444634
387,sub-03,vision,5,2,2,1,0.5,0.7,0.125,-1,49.0,3.93629008,52.41860942376263,57.30582960178113,56.95201386191485
389,sub-03,vision,5,4,4,2,0.6,0.3,0.125,-1,61.33333333,4.053149342,64.54027209363338,59.560419211450835,59.92189756715718
390,sub-03,vision,5,5,5,1,0.5,0.7,0.05,-1,45.33333333,3.619166406,52.54788688044221,56.3411151146944,56.703714006384516
391,sub-03,vision,5,6,6,1,0.5,0.3,0.125,-1,40.0,3.385719071,52.590979366002074,47.55555727431695,47.91642159202263
392,sub-03,vision,5,7,7,1,0.5,0.7,0.05,0,53.33333333,3.802796126,52.634071851561934,56.56294792561531,56.92053050112267
393,sub-03,vision,5,8,8,1,0.5,0.3,0.05,-1,42.33333333,3.569048366,52.677164337121795,46.54705069601224,46.190810600033004
394,sub-03,vision,5,9,9,2,0.6,0.3,0.05,-1,52.0,4.469759589,64.75573452143269,58.68328890680007,58.32681601577666
396,sub-03,vision,5,11,11,2,0.6,0.7,0.125,-1,51.0,3.435706491,64.8419194925524,69.7924045423128,69.43609778594941
397,sub-03,vision,5,12,12,2,0.6,0.7,0.05,0,47.66666667,4.102937723,64.88501197811227,68.87435450127506,69.23057517101178
400,sub-03,pain,5,15,3,1,47.0,0.7,0.05,-1,54.66666667,3.569121762,48.18264315155609,52.93544191698743,53.00741226091919
402,sub-03,pain,5,17,5,1,47.0,0.3,0.125,-1,52.0,4.319757832,46.29205926723485,39.44604768709145,39.51767789062806
403,sub-03,pain,5,18,6,2,48.0,0.3,0.05,-1,50.33333333,3.585873077,59.960875355279796,52.37917850392223,52.30543533392412
404,sub-03,pain,5,19,7,2,48.0,0.3,0.125,-1,24.0,3.585903244,59.01558341311918,52.158163442968025,52.23039380031133
405,sub-03,pain,5,20,8,1,47.0,0.3,0.05,-1,14.0,2.48518916,43.45618344075299,35.77627265095704,35.701738052727286
406,sub-03,pain,5,21,9,2,48.0,0.7,0.05,0,50.0,3.168949033,57.124999528797936,62.73273725368153,62.80592470531199
407,sub-03,pain,5,22,10,1,47.0,0.7,0.125,-1,54.0,3.635909013,41.56559955643175,46.87824171040029,46.804024097654896
409,sub-03,pain,5,24,12,2,48.0,0.3,0.05,0,67.0,2.551825888,54.289123702316076,47.518963036195444,47.445741182876866
410,sub-03,pain,6,1,1,2,48.0,0.7,0.125,1,83.33333333,2.968836079,63.63268149677201,70.82060818084564,70.74840757161593
411,sub-03,pain,6,2,2,1,47.0,0.7,0.125,0,51.33333333,4.052993221,48.073281524405814,54.45814088592524,54.38483783327453
412,sub-03,pain,6,3,3,1,47.0,0.7,0.125,1,78.33333333,2.718603218,47.12798958224519,54.217702327880446,54.14471029041909
415,sub-03,pain,6,6,6,1,47.0,0.3,0.125,0,61.33333333,4.002900373,44.292113755763324,38.27166914416701,38.343783540342166
416,sub-03,pain,6,7,7,2,48.0,0.3,0.05,1,78.33333333,2.735183484,57.96092984380828,51.93705892722515,51.86415878366118
417,sub-03,pain,6,8,8,2,48.0,0.7,0.125,0,74.0,3.43577491,57.01563790164766,63.27946654471319,63.20657237144423
419,sub-03,pain,6,10,10,1,47.0,0.7,0.05,1,53.33333333,2.835374158,40.51094598712085,46.65713719465742,46.72966365338589
421,sub-03,pain,6,12,12,2,48.0,0.3,0.125,0,45.33333333,4.152989831,53.234470133005175,47.092994802954955,47.16551807851187
423,sub-03,vision,6,14,2,2,0.6,0.3,0.125,0,52.0,3.33570335,65.58274126200709,60.63356567057653,60.990728672481254
424,sub-03,vision,6,15,3,1,0.5,0.7,0.125,0,54.66666667,3.802602685,53.59035604881592,58.510352334560764,58.151374407848
425,sub-03,vision,6,16,4,1,0.5,0.3,0.05,1,53.0,3.836117133,53.63344853437578,48.55430425163285,48.1960478229483
426,sub-03,vision,6,17,5,1,0.5,0.7,0.05,1,55.33333333,3.685932198,53.67654101993564,58.52353703518693,58.88299048344527
427,sub-03,vision,6,18,6,2,0.6,0.3,0.05,1,54.66666667,2.801967937,65.75511120424653,60.734334553638654,60.375563052228316
428,sub-03,vision,6,19,7,1,0.5,0.3,0.125,0,50.66666667,3.952888384,53.76272599105536,48.76008000709658,49.1157821379558
431,sub-03,vision,6,22,10,2,0.6,0.7,0.125,0,73.33333333,4.002764466,65.92748114648597,70.90934309265647,70.54843870480984
433,sub-03,vision,6,24,12,2,0.6,0.3,0.125,1,74.0,3.919364294,66.0136661176057,62.09317786168721,62.44925255250886
434,sub-04,pain,1,1,1,1,47.0,0.3,0.125,-1,40.66666667,1.667846288,55.02146003861557,48.846090819055085,48.85691170216857
435,sub-04,pain,1,2,2,1,47.0,0.3,0.05,-1,17.33333333,1.968041067,54.01252737149291,47.07086882411182,47.06023236421885
436,sub-04,pain,1,3,3,2,48.0,0.7,0.05,0,65.33333333,1.451062203,67.37264133810353,73.50919320013892,73.52018873803613
437,sub-04,pain,1,4,4,2,48.0,0.7,0.125,-1,77.33333333,1.517770046,66.36370867098087,72.13958820037288,72.12902772089046
438,sub-04,pain,1,5,5,1,47.0,0.7,0.125,-1,45.0,1.717879891,50.985729370124915,56.71041847379073,56.69969844604057
439,sub-04,pain,1,6,6,2,48.0,0.3,0.05,0,43.0,1.718037568,64.34584333673554,58.48135167342546,58.470868881595955
440,sub-04,pain,1,7,7,2,48.0,0.3,0.05,-1,36.33333333,1.817971978,63.33691066961288,56.35988380328442,56.3492788000513
441,sub-04,pain,1,8,8,2,48.0,0.7,0.05,-1,65.66666667,1.817957361,62.32797800249021,67.29428883172484,67.30507676381319
442,sub-04,pain,1,9,9,1,47.0,0.7,0.05,0,22.66666667,1.76793993,46.949998701634264,52.96322785071547,52.97395709733838
443,sub-04,pain,1,10,10,2,48.0,0.3,0.125,-1,46.66666667,1.53442065,60.310112668244884,54.04166929995465,54.05243624532273
444,sub-04,pain,1,11,11,1,47.0,0.7,0.05,-1,40.33333333,1.38437613,44.932133367388936,49.81840085600617,49.82898654262416
445,sub-04,pain,1,12,12,1,47.0,0.3,0.05,0,27.33333333,1.651354916,43.92320070026628,37.93538632400201,37.9246372408982
446,sub-04,vision,1,13,1,1,0.5,0.3,0.05,-1,33.0,1.484245542,47.67057056887192,41.87234811154511,41.56135223504408
447,sub-04,vision,1,14,2,1,0.5,0.7,0.05,0,59.0,1.500938441,47.69947187281192,51.989134187398406,52.30682430907289
448,sub-04,vision,1,15,3,2,0.6,0.7,0.125,-1,69.33333333,1.68452146,59.52183217781568,64.7541629477021,64.4411733344347
449,sub-04,vision,1,16,4,1,0.5,0.3,0.05,0,36.66666667,1.734580877,47.75727448069191,42.2151547003946,41.8991501079683
450,sub-04,vision,1,17,5,1,0.5,0.7,0.125,-1,65.66666667,1.534393593,47.7861757846319,52.952285694307264,52.639002202699565
451,sub-04,vision,1,18,6,1,0.5,0.7,0.05,-1,76.0,2.168375454,47.8150770885719,51.874066508943784,52.195723575588815
452,sub-04,vision,1,19,7,2,0.6,0.7,0.05,-1,78.33333333,1.184165521,59.63743739357566,63.77354615250784,64.09505062422687
453,sub-04,vision,1,20,8,2,0.6,0.3,0.05,0,41.66666667,1.584391742,59.666338697515656,54.21223673412789,53.89563307350928
454,sub-04,vision,1,21,9,1,0.5,0.3,0.125,-1,46.33333333,1.801289031,47.901781000391885,43.24337446741628,43.56681167224212
455,sub-04,vision,1,22,10,2,0.6,0.3,0.125,-1,64.33333333,1.634397978,59.72414130539565,55.142854110980345,55.466138720880174
456,sub-04,vision,1,23,11,2,0.6,0.3,0.05,-1,76.66666667,1.784603284,59.75304260933564,54.06463492561686,53.7521470343909
457,sub-04,vision,1,24,12,2,0.6,0.7,0.05,0,75.33333333,1.851300553,59.78194391327563,64.18142100147016,64.49761910841971
458,sub-04,pain,2,1,1,2,48.0,0.7,0.125,0,85.0,1.5178677,68.3061130508253,75.08550087296157,75.07506372324265
459,sub-04,pain,2,2,2,1,47.0,0.3,0.125,0,41.0,1.801277524,52.92813374996936,47.69856699337073,47.70942581184246
460,sub-04,pain,2,3,3,1,47.0,0.3,0.05,1,18.0,1.20089854,51.9192010828467,46.65066488292105,46.64012003121253
461,sub-04,pain,2,4,4,1,47.0,0.7,0.125,0,38.0,1.367691628,50.91026841572403,57.6096128972429,57.5989735020536
462,sub-04,pain,2,5,5,2,48.0,0.3,0.125,1,46.33333333,1.534497467,64.27038238233466,59.76162010617343,59.772606751333846
463,sub-04,pain,2,6,6,2,48.0,0.7,0.125,1,63.66666667,1.6681209,63.261449715211995,70.69602513461385,70.68553491471458
464,sub-04,pain,2,7,7,2,48.0,0.3,0.05,1,47.66666667,2.15159112,62.25251704808933,56.96303898666191,56.95254694021456
465,sub-04,pain,2,8,8,2,48.0,0.3,0.125,0,49.66666667,2.401777176,61.24358438096667,55.96422284797507,55.97509177450534
466,sub-04,pain,2,9,9,1,47.0,0.7,0.05,1,36.66666667,1.851215028,45.86560508011072,52.46827428852018,52.47901562912656
467,sub-04,pain,2,10,10,1,47.0,0.7,0.125,1,57.0,2.084786556,44.856672412988054,52.196778034326925,52.186064220355966
468,sub-04,pain,2,11,11,1,47.0,0.3,0.125,1,39.66666667,1.834593659,43.84773974586539,39.215654756749984,39.2263751106361
469,sub-04,pain,2,12,12,2,48.0,0.7,0.05,1,65.66666667,1.701031492,57.20785371247601,63.804007516829294,63.81482301129816
470,sub-04,vision,2,13,1,1,0.5,0.3,0.125,1,41.0,1.501063774,48.882941888308714,45.421128592376796,45.74265660885176
471,sub-04,vision,2,14,2,2,0.6,0.3,0.125,0,66.33333333,1.884728648,60.70530219331248,56.23518726437948,56.55448180738501
472,sub-04,vision,2,15,3,2,0.6,0.7,0.125,0,74.33333333,1.867930631,60.73420349725247,66.10676914155252,65.788598866014
473,sub-04,vision,2,16,4,1,0.5,0.3,0.05,1,53.66666667,1.567630423,48.9696458001287,44.40797766712613,44.09343553363111
474,sub-04,vision,2,17,5,2,0.6,0.7,0.05,1,74.66666667,1.401143359,60.79200610513246,66.14650505780682,66.46520739464236
475,sub-04,vision,2,18,6,1,0.5,0.3,0.125,0,48.0,1.984745473,49.02744840800869,44.49837827109747,44.817081286918494
476,sub-04,vision,2,19,7,2,0.6,0.3,0.125,1,69.33333333,1.784668905,60.84980871301245,57.48327888622291,57.80391018566135
477,sub-04,vision,2,20,8,1,0.5,0.7,0.125,0,46.33333333,1.784616346,49.08525101588868,54.40249427832692,54.08358365118178
478,sub-04,vision,2,21,9,2,0.6,0.3,0.05,1,66.33333333,2.134987167,60.90761132089244,56.43759383091584,56.12230380480639
479,sub-04,vision,2,22,10,1,0.5,0.7,0.125,1,47.66666667,2.051519248,49.143053623768665,55.55298351000111,55.235856112555204
480,sub-04,vision,2,23,11,1,0.5,0.7,0.05,1,52.66666667,1.834723657,49.17195492770866,54.474764324637626,54.792577485444454
481,sub-04,vision,2,24,12,2,0.6,0.7,0.125,1,74.66666667,1.401043528,60.994315232712424,67.48499728362158,67.16756846682756
506,sub-04,vision,4,1,1,2,0.6,0.7,0.05,1,54.33333333,1.134120411,63.10114352824608,68.23117252792149,68.5492333232211
507,sub-04,vision,4,2,2,1,0.5,0.3,0.05,1,40.0,1.317629101,51.336585831122306,46.55771339735363,46.24223207347847
508,sub-04,vision,4,3,3,1,0.5,0.7,0.125,1,45.66666667,1.350964518,51.3654871350623,57.54004858994656,57.22272612423103
509,sub-04,vision,4,4,4,2,0.6,0.7,0.125,0,60.33333333,1.601059451,63.187847440066065,68.35410726194924,68.03455132276429
510,sub-04,vision,4,5,5,2,0.6,0.7,0.125,1,77.33333333,1.400924415,63.216748744006054,69.47206236356703,69.1544384785034
511,sub-04,vision,4,6,6,2,0.6,0.3,0.125,1,59.0,2.685288385,63.24565004794605,59.665548746506815,59.985092031143026
512,sub-04,vision,4,7,7,1,0.5,0.3,0.125,0,48.33333333,1.651228961,51.48109235082228,46.7457163914942,47.06303374366878
513,sub-04,vision,4,8,8,2,0.6,0.3,0.125,0,74.33333333,1.500908274,63.30345265582604,58.645196035058255,58.96236079230684
514,sub-04,vision,4,9,9,1,0.5,0.7,0.125,0,78.33333333,1.417630376,51.53889495870227,56.64983239872364,56.32953610793207
515,sub-04,vision,4,10,10,1,0.5,0.3,0.125,1,62.0,1.534414119,51.56779626264226,47.928739753224804,48.24769151067651
516,sub-04,vision,4,11,11,2,0.6,0.3,0.05,1,71.33333333,1.234139413,63.390156567646024,58.71746608136897,58.40064156719099
517,sub-04,vision,4,12,12,1,0.5,0.7,0.05,1,38.0,2.30156722,51.62559887052225,56.72210244503435,57.03852994219474
518,sub-04,pain,4,13,1,1,47.0,0.7,0.125,1,19.33333333,1.150907232,51.76827917404494,58.96246326206351,58.951858427818884
519,sub-04,pain,4,14,2,2,48.0,0.7,0.125,0,54.0,1.817851,65.12839314065556,71.61759485501557,71.60705319900984
520,sub-04,pain,4,15,3,2,48.0,0.3,0.125,0,54.33333333,1.751242054,64.1194604735329,58.63647157743862,58.647364089289965
521,sub-04,pain,4,16,4,2,48.0,0.3,0.125,1,50.66666667,2.018125985,63.11052780641023,58.34043233736394,58.351357173440185
522,sub-04,pain,4,17,5,1,47.0,0.3,0.05,1,21.0,1.067298431,47.73254850555429,42.15939974040678,42.14872903381015
523,sub-04,pain,4,18,6,1,47.0,0.3,0.125,0,28.66666667,1.767795626,46.72361583843163,41.16058360171995,41.17127386810093
524,sub-04,pain,4,19,7,1,47.0,0.7,0.125,0,66.33333333,1.350982556,45.71468317130896,52.09498863016037,52.08420203148165
525,sub-04,pain,4,20,8,2,48.0,0.7,0.125,1,84.33333333,1.300897949,59.07479713791958,66.20475999209958,66.1941439173122
526,sub-04,pain,4,21,9,2,48.0,0.7,0.05,1,72.33333333,2.034730872,58.06586447079692,64.42953799715633,64.44033437974363
527,sub-04,pain,4,22,10,1,47.0,0.7,0.05,1,41.33333333,1.918046027,42.68788516994097,49.00036827057417,49.01100510489375
528,sub-04,pain,4,23,11,1,47.0,0.3,0.125,1,36.66666667,1.451016797,41.678952502818305,36.77110786337224,36.78174505957286
529,sub-04,pain,4,24,12,2,48.0,0.3,0.05,1,77.0,1.667831049,55.039066469428924,49.401696470442864,49.39101452330346
554,sub-04,pain,6,1,1,1,47.0,0.3,0.125,1,16.0,2.451658078,49.59949193099786,44.56015221567708,44.570919740205355
555,sub-04,pain,6,2,2,2,48.0,0.3,0.125,1,25.33333333,1.851335696,62.959605897608476,57.94260369312272,57.9534880687161
556,sub-04,pain,6,3,3,2,48.0,0.3,0.125,0,34.33333333,1.88465463,61.95067323048581,56.19192468406087,56.20273403822673
557,sub-04,pain,6,4,4,2,48.0,0.3,0.05,1,26.66666667,1.617851559,60.941740563363155,55.144022573611196,55.133428257596805
558,sub-04,pain,6,5,5,2,48.0,0.7,0.125,0,26.66666667,2.084882966,59.93280789624049,66.10297058793304,66.09228172843788
559,sub-04,pain,6,6,6,1,47.0,0.7,0.125,0,39.66666667,1.901392314,44.55482859538454,50.673800861350884,50.66295245358799
560,sub-04,pain,6,7,7,1,47.0,0.3,0.05,1,44.33333333,1.701123859,43.54589592826188,37.66813459789252,37.65733803640777
561,sub-04,pain,6,8,8,1,47.0,0.7,0.125,1,58.33333333,1.701128835,42.53696326113921,49.35440249670795,49.34356506456864
562,sub-04,pain,6,9,9,1,47.0,0.3,0.125,0,51.33333333,2.451895371,41.52803059401655,35.645959334637425,35.656502397528975
563,sub-04,pain,6,10,10,1,47.0,0.7,0.05,1,57.0,2.118221182,40.519097926893885,46.55582137719642,46.56637505383052
564,sub-04,pain,6,11,11,2,48.0,0.7,0.125,1,62.0,2.251475148,53.879211893504504,60.690135725017065,60.67937244674024
565,sub-04,pain,6,12,12,2,48.0,0.7,0.05,1,86.66666667,2.101505891,52.87027922638184,58.9149137300738,58.92556290917169
566,sub-04,vision,6,13,1,2,0.6,0.7,0.05,1,71.66666667,1.63433329,65.52588616711967,70.4459765182618,70.7628004743371
567,sub-04,vision,6,14,2,2,0.6,0.3,0.125,1,77.33333333,1.968215849,65.55478747105965,61.75021621662148,62.06911795972179
568,sub-04,vision,6,15,3,1,0.5,0.7,0.125,0,39.33333333,1.601132847,53.79022977393589,58.66943160872549,58.34879142524221
569,sub-04,vision,6,16,4,1,0.5,0.3,0.125,1,37.33333333,1.901393558,53.81913107787589,49.948338963226654,50.26694682798665
570,sub-04,vision,6,17,5,2,0.6,0.3,0.125,0,46.33333333,1.984734588,65.64149138287965,60.762397635229334,61.0787720265199
571,sub-04,vision,6,18,6,2,0.6,0.3,0.05,1,58.66666667,1.884697548,65.67039268681964,60.76959942142722,60.452282190135435
572,sub-04,vision,6,19,7,1,0.5,0.3,0.05,1,45.66666667,2.251871673,53.90583498969587,48.93518803797598,48.617725752766
573,sub-04,vision,6,20,8,1,0.5,0.3,0.125,0,42.0,2.418415028,53.934736293635865,48.99305451189092,49.30898620041908
574,sub-04,vision,6,21,9,2,0.6,0.7,0.125,0,64.66666667,1.567754201,65.75709659863962,70.7315819025716,70.4100450020518
575,sub-04,vision,6,22,10,2,0.6,0.7,0.125,1,59.0,1.684618492,65.78599790257962,71.84953700418939,71.52993215779092
576,sub-04,vision,6,23,11,1,0.5,0.7,0.05,1,64.66666667,2.351619794,54.021440205455846,58.90437230531825,59.219711787676424
577,sub-04,vision,6,24,12,1,0.5,0.7,0.125,1,53.33333333,2.084866172,54.05034150939584,60.04765975079456,59.72776102605579
578,sub-05,pain,1,1,1,2,48.0,0.7,0.125,-1,80.0,3.152283094,68.60885823682426,74.43971365016228,74.47168450085476
579,sub-05,pain,1,2,2,1,47.0,0.3,0.05,-1,30.0,3.018894465,53.4030201568168,46.71167738772993,46.744414000906524
580,sub-05,pain,1,3,3,1,47.0,0.7,0.125,-1,73.0,3.902824467,52.48435457238736,58.237621618588534,58.27031303208351
581,sub-05,pain,1,4,4,2,48.0,0.3,0.125,-1,65.0,3.35229062,65.85286148353595,59.612904983310735,59.579118393694834
582,sub-05,pain,1,5,5,1,47.0,0.3,0.05,0,35.33333333,2.668602017,50.64702340352847,44.743726853200606,44.77658208430294
583,sub-05,pain,1,6,6,2,48.0,0.7,0.05,0,80.33333333,1.717846614,64.01553031467705,70.13572540078641,70.1017114288717
584,sub-05,pain,1,7,7,2,48.0,0.3,0.05,0,43.0,2.985504623,63.09686473024762,57.18788411754804,57.22058493451928
585,sub-05,pain,1,8,8,1,47.0,0.3,0.125,-1,31.33333333,2.034794938,47.89102665024015,41.53184556812384,41.49906261564614
586,sub-05,pain,1,9,9,1,47.0,0.7,0.05,0,52.33333333,2.634966485,46.9723610658107,52.9941496774061,52.96099780546172
587,sub-05,pain,1,10,10,1,47.0,0.7,0.05,-1,32.66666667,3.569006907,46.05369548138127,51.204165444709105,51.1714611035104
588,sub-05,pain,1,11,11,2,48.0,0.7,0.05,-1,74.33333333,2.885332298,59.42220239252985,64.58780640086312,64.55480610836545
589,sub-05,pain,1,12,12,2,48.0,0.3,0.05,-1,35.66666667,2.501831632,58.50353680810041,51.63996511762473,51.67367961401305
590,sub-05,vision,1,13,1,1,0.5,0.3,0.125,-1,49.33333333,2.635115454,47.694804934853416,43.14314767475674,43.50523082682263
591,sub-05,vision,1,14,2,2,0.6,0.3,0.05,-1,65.66666667,2.034804268,59.44891442344226,53.89603806489312,53.54629479733649
592,sub-05,vision,1,15,3,2,0.6,0.3,0.05,0,69.33333333,2.935564631,59.489108844228745,54.06318838438658,53.708113779184494
593,sub-05,vision,1,16,4,2,0.6,0.3,0.125,-1,75.66666667,2.968738017,59.52930326501524,55.054704059591394,55.41633863619633
594,sub-05,vision,1,17,5,2,0.6,0.7,0.05,0,72.0,2.718566578,59.56949768580172,63.81394623679256,64.17045675630212
595,sub-05,vision,1,18,6,2,0.6,0.7,0.125,-1,78.66666667,3.018957598,59.609692106588206,64.80546191199737,64.45588635105055
596,sub-05,vision,1,19,7,2,0.6,0.7,0.05,-1,59.0,3.602635908,59.6498865273747,63.77190958955616,64.13327822665416
597,sub-05,vision,1,20,8,1,0.5,0.3,0.05,0,49.0,2.468464493,47.97616588035883,42.485268458904095,42.129380509010886
598,sub-05,vision,1,21,9,1,0.5,0.3,0.05,-1,56.0,2.752038524,48.01636030114531,42.40152725424868,42.05065516196291
599,sub-05,vision,1,22,10,1,0.5,0.7,0.05,0,50.33333333,2.151753151,48.056554721931796,52.23602631131008,52.591723486128515
600,sub-05,vision,1,23,11,1,0.5,0.7,0.05,-1,72.0,1.767895457,48.09674914271829,52.15228510665465,52.51299813908054
601,sub-05,vision,1,24,12,1,0.5,0.7,0.125,-1,72.33333333,2.10147137,48.13694356350477,53.2692465439339,52.918699898276955
602,sub-05,pain,2,1,1,1,47.0,0.7,0.125,0,100.0,2.168315431,53.24685090754626,59.77376925265572,59.80599801323315
603,sub-05,pain,2,2,2,2,48.0,0.7,0.05,1,94.33333333,3.63600087,66.61535781869485,73.45771572001073,73.42308721144722
604,sub-05,pain,2,3,3,1,47.0,0.3,0.125,0,56.66666667,2.968853087,51.40951973868738,45.886444277610764,45.85277406071196
605,sub-05,pain,2,4,4,2,48.0,0.7,0.125,1,90.0,1.251138958,64.77802664983597,72.03581866763096,72.0678597482718
606,sub-05,pain,2,5,5,1,47.0,0.3,0.125,1,48.33333333,2.018145889,49.57218856982849,44.764852736432,44.731290790895535
607,sub-05,pain,2,6,6,2,48.0,0.7,0.125,0,72.33333333,2.201503745,62.94069548097708,69.39947544158342,69.43197439953332
608,sub-05,pain,2,7,7,2,48.0,0.3,0.125,1,62.33333333,2.318227775,62.022029896547636,57.20901000077942,57.17529364111188
609,sub-05,pain,2,8,8,2,48.0,0.3,0.125,0,75.66666667,2.201721134,61.103364312118195,55.51215046653846,55.47875044701212
610,sub-05,pain,2,9,9,1,47.0,0.3,0.05,1,47.33333333,3.819224684,45.89752623211072,40.549847637972306,40.583220629768654
611,sub-05,pain,2,10,10,2,48.0,0.3,0.05,1,39.66666667,2.485155215,59.26603314325931,53.93348859412631,53.96656563462373
612,sub-05,pain,2,11,11,1,47.0,0.7,0.05,1,58.0,3.969515827,44.06019506325184,50.67923784579095,50.6463206602049
613,sub-05,pain,2,12,12,1,47.0,0.7,0.125,1,67.33333333,2.068135331,43.1415294788224,50.19682448521776,50.23043535166819
614,sub-05,vision,2,13,1,2,0.6,0.3,0.05,1,54.0,1.934874834,60.60085334583648,56.172206746072085,55.819096790465885
615,sub-05,vision,2,14,2,1,0.5,0.3,0.125,1,42.66666667,1.868026419,48.92713269882061,45.50272547077375,45.861126454752046
616,sub-05,vision,2,15,3,2,0.6,0.7,0.05,1,80.0,1.968107621,60.68124218740945,65.92296459847806,66.2814397675835
617,sub-05,vision,2,16,4,1,0.5,0.3,0.05,1,37.33333333,1.884756949,49.00752154039358,44.510877705751554,44.157269885492255
618,sub-05,vision,2,17,5,2,0.6,0.7,0.125,1,66.0,1.851408781,60.76163102898243,67.08163059317633,66.72868834417994
619,sub-05,vision,2,18,6,2,0.6,0.3,0.125,0,58.66666667,2.76859956,60.80182544976891,56.35574982270443,56.711216796587486
620,sub-05,vision,2,19,7,1,0.5,0.7,0.05,1,66.0,2.535035807,49.12810480275304,54.30334011557655,54.661159680009895
621,sub-05,vision,2,20,8,2,0.6,0.3,0.125,1,82.0,1.951437424,60.88221429134189,57.539395527865466,57.896874716325776
622,sub-05,vision,2,21,9,1,0.5,0.7,0.125,0,40.33333333,1.868256558,49.20849364432602,54.36176951995184,54.00584397166806
623,sub-05,vision,2,22,10,1,0.5,0.7,0.125,1,68.66666667,2.218342814,49.2486880651125,55.50371066769385,55.149955074006336
624,sub-05,vision,2,23,11,1,0.5,0.3,0.125,0,36.0,1.984663058,49.288882485898995,44.77782989722195,45.13248352641388
625,sub-05,vision,2,24,12,2,0.6,0.7,0.125,0,92.0,1.28413352,61.04299197448784,66.27332590478649,65.91695178104176
626,sub-05,pain,3,1,1,1,47.0,0.7,0.05,0,96.33333333,2.634985145,52.17201607384627,58.12337863098595,58.08934729169072
627,sub-05,pain,3,2,2,1,47.0,0.3,0.125,-1,39.33333333,1.984749827,51.25335048941683,44.78210713809054,44.748727792597684
628,sub-05,pain,3,3,3,1,47.0,0.7,0.05,-1,37.33333333,3.068745201,50.334684904987384,55.39391070648238,55.36046843510068
629,sub-05,pain,3,4,4,2,48.0,0.7,0.05,0,75.33333333,2.084742394,63.70319181613597,69.6280522035268,69.59400798726833
630,sub-05,pain,3,5,5,2,48.0,0.3,0.05,-1,35.0,2.335044142,62.78452623170653,55.829710379398,55.86268694560332
631,sub-05,pain,3,6,6,2,48.0,0.7,0.05,-1,75.66666667,2.118194125,61.86586064727709,66.89858427902323,66.86512913067828
632,sub-05,pain,3,7,7,1,47.0,0.3,0.05,-1,15.0,3.068962279,46.66002256726962,39.62761834782427,39.66131547683208
633,sub-05,pain,3,8,8,1,47.0,0.3,0.05,0,20.66666667,1.48414851,45.74135698284018,39.5386351969081,39.57216786950595
634,sub-05,pain,3,9,9,2,48.0,0.3,0.05,0,26.33333333,1.834621027,59.10986389398876,52.92227615306211,52.95551287436101
635,sub-05,pain,3,10,10,1,47.0,0.7,0.125,-1,28.33333333,3.485873002,43.90402581398129,49.27459519506972,49.30853019873161
636,sub-05,pain,3,11,11,2,48.0,0.7,0.125,-1,64.0,2.134735879,57.27253272512988,62.658236151223726,62.691875203586676
637,sub-05,pain,3,12,12,2,48.0,0.3,0.125,-1,48.0,2.902007471,56.35386714070044,49.71039486798534,49.67799340570421
638,sub-05,vision,3,13,1,2,0.6,0.7,0.05,-1,69.66666667,1.851374571,61.792986689017184,65.70606401744314,66.06702204454038
639,sub-05,vision,3,14,2,2,0.6,0.7,0.05,0,76.33333333,1.734489132,61.833181109803675,65.8732143369366,66.22884102638837
640,sub-05,vision,3,15,3,2,0.6,0.7,0.125,-1,78.66666667,2.418302446,61.87337553059016,66.86473001214142,66.51427062113682
641,sub-05,vision,3,16,4,1,0.5,0.3,0.125,-1,17.66666667,1.617703213,50.19965488357429,45.452643119414915,45.81289600130896
642,sub-05,vision,3,17,5,1,0.5,0.3,0.05,0,32.66666667,1.667870235,50.239849304360774,44.54453655904815,44.18776477909714
643,sub-05,vision,3,18,6,2,0.6,0.3,0.05,0,51.0,2.334934981,61.99395879294962,56.37268382904475,56.01577895367081
644,sub-05,vision,3,19,7,1,0.5,0.3,0.05,-1,22.0,4.236385141,50.32023814593375,44.502499911811746,44.15058624944918
645,sub-05,vision,3,20,8,1,0.5,0.7,0.125,-1,60.33333333,1.23435929,50.36043256672024,55.28681008665893,54.9355373509632
646,sub-05,vision,3,21,9,2,0.6,0.3,0.05,-1,61.66666667,3.102225855,62.11454205530909,56.372351739227376,56.02014724142286
647,sub-05,vision,3,22,10,1,0.5,0.7,0.05,-1,69.0,3.419036094,50.44082140829321,54.294962321636746,54.65447604396682
648,sub-05,vision,3,23,11,1,0.5,0.7,0.05,0,61.33333333,1.73449784,50.4810158290797,54.462112641130204,54.81629502581481
649,sub-05,vision,3,24,12,2,0.6,0.3,0.125,-1,40.0,2.234823301,62.23512531766855,57.572722291344675,57.93173789768271
650,sub-05,vision,4,1,1,1,0.5,0.3,0.125,1,35.0,2.651786583,51.27120496439554,47.64540268575584,48.00260435963832
651,sub-05,vision,4,2,2,2,0.6,0.3,0.05,1,46.66666667,2.585221178,63.02531445298438,58.39829307589221,58.04366833015218
652,sub-05,vision,4,3,3,1,0.5,0.7,0.05,1,42.0,3.652786136,51.35159380596851,56.32090365830158,56.677997132696134
653,sub-05,vision,4,4,4,1,0.5,0.7,0.125,1,53.0,1.93467455,51.391788226755,57.43786509558083,57.08369889189255
654,sub-05,vision,4,5,5,2,0.6,0.3,0.125,0,64.33333333,2.301757552,63.14589771534384,58.498427037686525,58.85269470147376
655,sub-05,vision,4,6,6,2,0.6,0.7,0.125,1,79.33333333,2.401761004,63.18609213613033,69.30771692299646,68.95325988386624
656,sub-05,vision,4,7,7,1,0.5,0.7,0.125,0,71.0,1.484258604,51.51237148911446,56.46274217751491,56.10577505915432
657,sub-05,vision,4,8,8,2,0.6,0.7,0.125,0,83.66666667,2.118073457,63.2664809777033,68.29088944751152,67.93378923372799
658,sub-05,vision,4,9,9,1,0.5,0.3,0.125,0,50.0,3.185647745,51.59276033068743,46.87880255478502,47.23241461390014
659,sub-05,vision,4,10,10,2,0.6,0.3,0.125,1,74.66666667,1.667767916,63.34686981927628,59.80718641510462,60.16299307341208
660,sub-05,vision,4,11,11,2,0.6,0.7,0.05,1,68.33333333,2.852273049,63.38706424006276,68.44098283023133,68.79683902906989
661,sub-05,vision,4,12,12,1,0.5,0.3,0.05,1,50.66666667,2.802093898,51.71334359304689,47.028895937504835,46.67266914697863
662,sub-05,pain,4,13,1,2,48.0,0.3,0.125,1,100.0,1.050762275,65.38435373572432,60.45927157074611,60.42495881806342
663,sub-05,pain,4,14,2,1,47.0,0.7,0.05,1,54.0,2.635117631,50.17851565571685,56.74795049117738,56.71401230107262
664,sub-05,pain,4,15,3,2,48.0,0.7,0.125,0,73.66666667,2.268148144,63.54702256686544,69.83128593613037,69.86361311256869
665,sub-05,pain,4,16,4,1,47.0,0.3,0.125,1,33.66666667,2.901967663,48.34118448685796,43.3176958473658,43.28424519465345
666,sub-05,pain,4,17,5,1,47.0,0.3,0.125,0,38.0,2.785257627,47.42251890242852,41.62083631312483,41.58770200055369
667,sub-05,pain,4,18,6,1,47.0,0.3,0.05,1,30.66666667,2.818740147,46.50385331799908,40.981658132519264,41.01485934280402
668,sub-05,pain,4,19,7,2,48.0,0.3,0.05,1,48.66666667,1.884579368,59.87236022914767,54.36529908867327,54.39820434765909
669,sub-05,pain,4,20,8,1,47.0,0.7,0.125,0,36.33333333,3.269016144,44.6665221491402,50.810742829136906,50.84421517988125
670,sub-05,pain,4,21,9,2,48.0,0.3,0.125,0,56.0,2.418186133,58.03502906028878,52.18602619385911,52.15302054149258
671,sub-05,pain,4,22,10,2,48.0,0.7,0.05,1,48.66666667,1.701186681,57.11636347585934,63.55520560468534,63.521962223456605
672,sub-05,pain,4,23,11,1,47.0,0.7,0.125,1,71.66666667,2.268420891,41.91052539585187,48.74966759615156,48.78338975542611
673,sub-05,pain,4,24,12,2,48.0,0.7,0.125,1,71.0,2.134729037,55.279032307000456,62.133308552305564,62.166734760281166
674,sub-05,pain,5,1,1,2,48.0,0.3,0.05,0,100.0,1.467769098,64.30951890202434,58.051505106641955,58.083862360590004
675,sub-05,pain,5,2,2,1,47.0,0.7,0.05,-1,53.33333333,2.351771562,49.10368082201687,53.94675381741619,53.91342283885859
676,sub-05,pain,5,3,3,2,48.0,0.3,0.125,-1,70.0,3.569168627,62.472187733165455,55.77910751337177,55.745685046571936
677,sub-05,pain,5,4,4,1,47.0,0.7,0.05,0,39.33333333,3.202323851,47.26634965315798,52.918286974693444,52.884933076893724
678,sub-05,pain,5,5,5,2,48.0,0.7,0.05,0,68.66666667,1.684428161,60.63485656430657,66.30192793084746,66.26827808174878
679,sub-05,pain,5,6,6,1,47.0,0.7,0.125,-1,70.0,1.951437113,45.4290184842991,50.64588938142326,50.6795110664057
680,sub-05,pain,5,7,7,2,48.0,0.7,0.05,-1,66.66666667,2.368382358,58.797525395447686,63.57246000634388,63.539399225158746
681,sub-05,pain,5,8,8,1,47.0,0.3,0.05,0,35.66666667,1.734791424,43.59168731544022,37.15199461603533,37.185780118625125
682,sub-05,pain,5,9,9,2,48.0,0.3,0.05,-1,63.66666667,1.96806066,56.9601942265888,49.68513503129892,49.7189305761676
683,sub-05,pain,5,10,10,1,47.0,0.3,0.05,-1,29.33333333,1.234307042,41.75435614658133,34.42252669153176,34.45690126203508
684,sub-05,pain,5,11,11,1,47.0,0.3,0.125,-1,51.0,2.201617571,40.83569056215189,33.94011333095857,33.90826064996833
685,sub-05,pain,5,12,12,2,48.0,0.7,0.125,-1,76.66666667,2.068060069,54.204197473300475,59.332111878544374,59.36614529806713
686,sub-05,vision,5,13,1,2,0.6,0.3,0.05,-1,66.33333333,1.334302719,64.1772533753786,58.223097052276316,57.87079742450906
687,sub-05,vision,5,14,2,2,0.6,0.7,0.125,-1,80.66666667,2.134839131,64.21744779616509,69.00740722712351,68.65574852602309
688,sub-05,vision,5,15,3,1,0.5,0.7,0.05,0,70.33333333,2.66865271,52.54372714914922,56.31285795417915,56.66694520890101
689,sub-05,vision,5,16,4,2,0.6,0.3,0.05,0,73.33333333,1.951512064,64.29783663773806,58.47365648660782,58.11571004115708
690,sub-05,vision,5,17,5,1,0.5,0.7,0.05,-1,40.0,2.35190467,52.62411599072219,56.27082130694275,56.629766679253045
691,sub-05,vision,5,18,6,2,0.6,0.7,0.05,-1,80.0,2.101650817,64.37822547931104,68.09896857693936,68.45778085382672
692,sub-05,vision,5,19,7,1,0.5,0.3,0.05,-1,21.66666667,1.400859416,52.704504832295164,46.68688168421286,46.33361097173546
693,sub-05,vision,5,20,8,1,0.5,0.7,0.125,-1,36.33333333,1.5011465,52.744699253081656,57.47119185906004,57.118562073249485
694,sub-05,vision,5,21,9,2,0.6,0.3,0.125,-1,68.33333333,2.218314202,64.4988087416705,59.63199039148872,59.99012216776896
695,sub-05,vision,5,22,10,2,0.6,0.7,0.05,0,60.33333333,1.634564052,64.53900316245698,68.39123256868989,68.74424028787475
696,sub-05,vision,5,23,11,1,0.5,0.3,0.05,0,42.0,2.251474215,52.865282515441116,46.97914567596338,46.620070405783494
697,sub-05,vision,5,24,12,1,0.5,0.3,0.125,-1,44.33333333,2.201706206,52.9054769362276,47.97066135116819,48.32829526279533
698,sub-05,vision,6,1,1,2,0.6,0.7,0.125,0,68.0,2.485111053,65.36938671855931,70.18333931797949,69.8259862342142
699,sub-05,vision,6,2,2,2,0.6,0.7,0.05,1,76.0,1.601103924,65.40958113934579,70.25002358586126,70.60594239475607
700,sub-05,vision,6,3,3,2,0.6,0.3,0.125,1,63.33333333,1.86805472,65.44977556013228,61.69963628557258,62.05519007389829
701,sub-05,vision,6,4,4,2,0.6,0.3,0.125,0,48.33333333,1.95157924,65.48996998091877,60.64110425266861,60.99417260636003
702,sub-05,vision,6,5,5,1,0.5,0.7,0.05,1,72.33333333,1.584498104,53.8162493339029,58.58869454554073,58.94411548978244
703,sub-05,vision,6,6,6,1,0.5,0.7,0.125,0,43.33333333,1.984818247,53.85644375468939,58.605419392497,58.24725296404059
704,sub-05,vision,6,7,7,2,0.6,0.7,0.125,1,79.66666667,1.400895492,65.61055324327823,71.5338032528166,71.17783142355253
705,sub-05,vision,6,8,8,1,0.5,0.3,0.125,1,44.66666667,1.717985631,53.93683259626236,50.1217163600901,50.47645680372468
706,sub-05,vision,6,9,9,1,0.5,0.3,0.125,0,47.33333333,1.41755978,53.97702701704885,49.06318432718613,49.415439336186424
707,sub-05,vision,6,10,10,2,0.6,0.3,0.05,1,74.66666667,1.367757871,65.73113650563769,60.91631130764549,60.55906759163855
708,sub-05,vision,6,11,11,1,0.5,0.3,0.05,1,24.0,1.400881186,54.05741585862182,49.17157315248693,48.8141470518649
709,sub-05,vision,6,12,12,1,0.5,0.7,0.125,1,67.33333333,2.234971648,54.09761027940831,59.955883327334114,59.599098153378925
710,sub-05,pain,6,13,1,2,48.0,0.3,0.125,0,100.0,1.718107854,63.23468406832435,57.315255147438954,57.28137002772157
711,sub-05,pain,6,14,2,2,48.0,0.3,0.125,1,76.66666667,1.801211281,62.31601848389491,57.13314729806677,57.09922891254387
712,sub-05,pain,6,15,3,1,47.0,0.7,0.125,0,54.66666667,1.46765154,47.11018040388744,53.12152070729702,53.15453820219406
713,sub-05,pain,6,16,4,1,47.0,0.3,0.125,0,35.33333333,1.934773759,46.19151481945799,40.17367942405864,40.1406564043116
714,sub-05,pain,6,17,5,1,47.0,0.3,0.05,1,33.33333333,2.001395144,45.27284923502855,39.53450124345307,39.56781374656193
715,sub-05,pain,6,18,6,2,48.0,0.7,0.125,0,60.33333333,2.401835644,58.64135614617714,64.62619427983788,64.65919889777169
716,sub-05,pain,6,19,7,2,48.0,0.7,0.125,1,68.66666667,2.218229299,57.7226905617477,64.44408643046569,64.47705778259399
717,sub-05,pain,6,20,8,1,47.0,0.7,0.05,1,33.66666667,3.919694014,42.51685248174023,48.72440775946514,48.69157162235944
718,sub-05,pain,6,21,9,2,48.0,0.3,0.05,1,44.66666667,2.11812726,55.885359392888816,50.099691124187345,50.133132287500814
719,sub-05,pain,6,22,10,1,47.0,0.3,0.125,1,52.0,3.018717195,40.67952131288135,35.294153115653565,35.26180451594027
720,sub-05,pain,6,23,11,2,48.0,0.7,0.05,1,77.33333333,1.317587116,54.04802822402993,60.22908133200599,60.19623231793705
721,sub-05,pain,6,24,12,1,47.0,0.7,0.125,1,36.33333333,1.25098408,38.84219014402246,45.42354332347222,45.457659849906555
722,sub-06,pain,1,1,1,2,48.0,0.3,0.05,0,66.0,3.302354989,68.28660418757673,62.62108023612774,62.50528472817469
723,sub-06,pain,1,2,2,2,48.0,0.7,0.05,-1,89.33333333,4.403231109,67.38168587958589,72.55957140001375,72.6791369705205
724,sub-06,pain,1,3,3,2,48.0,0.3,0.125,-1,48.66666667,3.785958577,66.47676757159505,60.381871339757275,60.500173723328004
725,sub-06,pain,1,4,4,1,47.0,0.7,0.05,0,60.66666667,3.352466498,51.55038590616048,57.61131132707922,57.72969390980961
727,sub-06,pain,1,6,6,1,47.0,0.3,0.125,-1,47.0,2.952429365,49.74054929017879,43.50650159117824,43.623340120696646
728,sub-06,pain,1,7,7,2,48.0,0.7,0.125,-1,79.33333333,3.102254785,62.85709433963167,68.48379055927722,68.36619034616571
732,sub-06,pain,1,11,11,2,48.0,0.3,0.05,-1,83.66666667,3.535877172,59.2374211076683,52.22568691545946,52.10586143824568
733,sub-06,pain,1,12,12,1,47.0,0.3,0.05,-1,9.333333333,4.23641511,44.311039442233735,37.23215797688571,37.111701779616226
734,sub-06,vision,1,13,1,2,0.6,0.3,0.05,0,47.33333333,4.019662695,59.85044219329334,54.5801917903905,54.36082418198296
735,sub-06,vision,1,14,2,1,0.5,0.3,0.125,-1,56.0,4.403092402,47.87787117762571,42.988861226914835,43.208448770959855
737,sub-06,vision,1,16,4,1,0.5,0.7,0.05,0,54.33333333,4.436620743,47.978195282953465,52.33589968701811,52.55459559691198
738,sub-06,vision,1,17,5,2,0.6,0.7,0.125,-1,75.66666667,4.2364431,60.05109040394884,64.90601745161054,64.69167375161422
739,sub-06,vision,1,18,6,1,0.5,0.3,0.05,0,38.66666667,4.236336116,48.078519388281215,42.76299806224434,42.54391750166501
741,sub-06,vision,1,20,8,2,0.6,0.3,0.05,-1,33.0,4.119512202,60.20157656194047,54.71472692281931,54.49713774522714
742,sub-06,vision,1,21,9,2,0.6,0.7,0.05,0,61.33333333,3.753017094,60.25173861460435,64.68015428694005,64.89787923166942
746,sub-06,vision,2,1,1,1,0.5,0.7,0.05,1,53.0,4.119643444,48.93143815741155,54.45150336166578,54.67153626483907
749,sub-06,vision,2,4,4,1,0.5,0.3,0.05,1,23.0,3.035507548,49.08192431540318,44.93130782406958,44.713495865036045
750,sub-06,vision,2,5,5,2,0.6,0.3,0.125,1,78.0,2.751978352,61.154819436398554,57.735833066476246,57.953461073951786
751,sub-06,vision,2,6,6,2,0.6,0.7,0.125,0,62.33333333,4.369975826,61.20498148906243,66.19766023151718,65.98078014943948
752,sub-06,vision,2,7,7,2,0.6,0.7,0.05,1,53.0,4.136326755,61.25514354172631,66.8484640487653,67.06745759504045
753,sub-06,vision,2,8,8,2,0.6,0.3,0.05,1,27.66666667,4.48661656,61.305305594390184,57.22285633681393,57.00414180434954
754,sub-06,vision,2,9,9,1,0.5,0.7,0.125,1,61.33333333,3.919400491,49.33273457872256,55.544247050281434,55.32913343497471
757,sub-06,vision,2,12,12,2,0.6,0.3,0.125,0,62.0,4.219747038,61.50595380504569,56.8355829554537,57.051389585318354
758,sub-06,pain,2,13,1,2,48.0,0.7,0.125,1,100.0,1.66788413,67.26522564163265,74.81624003867373,74.7014113506666
759,sub-06,pain,2,14,2,2,48.0,0.3,0.05,1,66.66666667,3.135425786,66.36030733364181,61.38089760986388,61.26509335874942
760,sub-06,pain,2,15,3,1,47.0,0.7,0.125,0,59.0,3.652680249,51.43392566820725,58.0273710081321,57.91104073667518
761,sub-06,pain,2,16,4,1,47.0,0.7,0.125,1,59.33333333,2.768585156,50.529007360216404,57.940870290094686,57.82457774803523
762,sub-06,pain,2,17,5,1,47.0,0.7,0.05,1,43.66666667,3.202375795,49.624089052225564,56.37112870081536,56.48950254038433
763,sub-06,pain,2,18,6,1,47.0,0.3,0.125,1,28.33333333,4.386553396,48.71917074423472,44.19342864055889,44.31053929319182
764,sub-06,pain,2,19,7,2,48.0,0.7,0.125,0,77.0,2.301753514,61.8357157936876,68.31629792169264,68.1985155352999
765,sub-06,pain,2,20,8,1,47.0,0.3,0.05,1,26.33333333,3.535760236,46.90933412825303,41.682766646276924,41.564248840115205
866,sub-08,pain,1,1,1,1,47.0,0.7,0.05,-1,59.33333333,1.968126318,54.4106451973962,59.727245887582114,59.72580018546805
867,sub-08,pain,1,2,2,2,48.0,0.3,0.05,-1,58.66666667,2.001639931,68.02870197827016,61.09915947654832,61.10055476991547
868,sub-08,pain,1,3,3,2,48.0,0.3,0.125,-1,72.33333333,2.134876127,67.07761626961808,60.834213306012295,60.83276522233006
869,sub-08,pain,1,4,4,2,48.0,0.7,0.05,-1,83.66666667,2.068039858,66.12653056096599,71.39894819848301,71.39749556852921
870,sub-08,pain,1,5,5,1,47.0,0.7,0.125,-1,64.33333333,2.134800241,50.606302362787844,56.52540969184342,56.52682702323007
871,sub-08,pain,1,6,6,2,48.0,0.7,0.125,-1,50.33333333,2.134920289,64.22435914366181,70.15503868621275,70.15644131893234
872,sub-08,pain,1,7,7,1,47.0,0.3,0.05,-1,55.0,1.684641629,48.70413094548367,41.59575043177368,41.59718373628988
873,sub-08,pain,1,8,8,2,48.0,0.7,0.05,0,61.0,2.201682849,62.32218772635763,68.42898043892644,68.42753019558178
874,sub-08,pain,1,9,9,1,47.0,0.3,0.125,-1,48.0,2.151615361,46.801959528179495,40.351840919503424,40.350434732383924
875,sub-08,pain,1,10,10,2,48.0,0.3,0.05,0,81.66666667,2.134902873,60.42001630905346,54.21333835005488,54.214751571685824
876,sub-08,pain,1,11,11,1,47.0,0.3,0.05,0,47.33333333,2.985481032,44.89978811087531,38.62578267221711,38.62721836334246
877,sub-08,pain,1,12,12,1,47.0,0.7,0.05,0,49.0,2.051414763,43.948702402223226,49.90453473588601,49.90311861827676
878,sub-08,vision,1,13,1,1,0.5,0.3,0.05,-1,37.0,2.802139094,47.767171160919965,41.98449845699685,41.66654743594588
879,sub-08,vision,1,14,2,2,0.6,0.7,0.05,-1,63.0,1.81783926,59.83591754806586,64.05678566564127,64.38803298244586
880,sub-08,vision,1,15,3,2,0.6,0.3,0.05,-1,43.66666667,1.984813304,59.88396048835119,54.18233219145464,53.86333142456465
881,sub-08,vision,1,16,4,1,0.5,0.3,0.125,-1,39.66666667,3.052146869,47.911299981775954,43.247106240607835,43.57748639728758
882,sub-08,vision,1,17,5,2,0.6,0.7,0.125,-1,58.33333333,2.11825383,59.98004636892185,65.31939344925226,65.00089802863998
883,sub-08,vision,1,18,6,1,0.5,0.7,0.05,-1,57.0,2.234879237,48.00738586234662,52.14703387833707,52.47733251490168
884,sub-08,vision,1,19,7,2,0.6,0.7,0.05,0,60.33333333,1.968114811,60.07613224949251,64.44772195490275,64.77260508953628
885,sub-08,vision,1,20,8,2,0.6,0.3,0.125,-1,62.33333333,1.984596533,60.124175189777844,55.54096729078348,55.86963155959788
886,sub-08,vision,1,21,9,1,0.5,0.7,0.05,0,53.66666667,2.585399237,48.151514683202606,52.441942851880675,52.76654344830058
887,sub-08,vision,1,22,10,1,0.5,0.3,0.05,0,48.0,2.768469357,48.19955762348794,42.56748937769404,42.24184189041937
888,sub-08,vision,1,23,11,1,0.5,0.7,0.125,-1,37.66666667,3.085502802,48.24760056377327,53.505668977665906,53.18555873478734
889,sub-08,vision,1,24,12,2,0.6,0.3,0.05,0,44.66666667,2.26822273,60.31634695091917,54.765323112151826,54.438625879038135
890,sub-08,vision,2,1,1,2,0.6,0.3,0.125,1,51.0,3.21907053,60.94405479533386,57.512203522076234,57.83996522874518
891,sub-08,vision,2,2,2,1,0.5,0.7,0.125,1,47.0,2.4518595,48.971394288758624,55.3808778932408,55.060531230243114
892,sub-08,vision,2,3,3,1,0.5,0.7,0.125,0,44.0,3.369169118,49.01943722904396,54.32526150705516,54.00250017284366
893,sub-08,vision,2,4,4,2,0.6,0.7,0.05,1,64.66666667,2.835378089,61.08818361618985,66.4601448176644,66.78749193320505
894,sub-08,vision,2,5,5,1,0.5,0.3,0.125,0,39.0,2.401863543,49.115523109614614,44.498821690727446,44.823553116955786
895,sub-08,vision,2,6,6,1,0.5,0.3,0.125,1,47.0,1.984797753,49.16356604989995,45.65046539263095,45.976945348046776
896,sub-08,vision,2,7,7,2,0.6,0.7,0.125,1,52.66666667,2.584967562,61.23231243704584,67.72275260127537,67.40035697939916
897,sub-08,vision,2,8,8,1,0.5,0.3,0.05,1,41.66666667,2.618424572,49.25965193047061,44.62792589831462,44.30440932093391
898,sub-08,vision,2,9,9,2,0.6,0.3,0.125,0,58.66666667,2.668643831,61.328398317616504,56.792682740903096,57.115698279266084
899,sub-08,vision,2,10,10,2,0.6,0.3,0.05,1,47.0,3.052117946,61.37644125790184,56.82575963277241,56.50119330955267
900,sub-08,vision,2,11,11,2,0.6,0.7,0.125,0,48.66666667,2.368463137,61.424484198187166,66.81117718866652,66.48536768253702
901,sub-08,vision,2,12,12,1,0.5,0.7,0.05,1,41.66666667,2.435119022,49.451823691611935,54.74244766179591,55.06751381304394
902,sub-08,pain,2,13,1,2,48.0,0.3,0.125,0,76.33333333,1.484571341,67.9503768568951,62.57081050133252,62.56934697649184
903,sub-08,pain,2,14,2,2,48.0,0.7,0.05,1,57.66666667,2.068197538,66.99929114824303,74.00320126275243,74.00172581673921
904,sub-08,pain,2,15,3,1,47.0,0.7,0.125,0,43.0,2.451805385,51.47906295006488,58.262006887163636,58.263408777391845
905,sub-08,pain,2,16,4,1,47.0,0.3,0.125,1,50.0,2.351776773,50.52797724141279,45.89298400897551,45.89154334955559
906,sub-08,pain,2,17,5,2,48.0,0.7,0.125,0,61.33333333,3.902760482,64.14603402228676,70.91267253979875,70.91406361677356
907,sub-08,pain,2,18,6,2,48.0,0.3,0.05,1,48.0,3.369210482,63.19494831363467,57.829632490412436,57.83102828020215
908,sub-08,pain,2,19,7,1,47.0,0.3,0.125,0,44.66666667,3.318997755,47.67472011545653,42.08843811482364,42.08701648654571
909,sub-08,pain,2,20,8,2,48.0,0.3,0.125,1,47.33333333,3.135618185,61.292776896330494,56.585722978142186,56.58427927629619
910,sub-08,pain,2,21,9,1,47.0,0.7,0.125,1,42.66666667,2.701850481,45.77254869815235,53.25588270570753,53.25730053351675
911,sub-08,pain,2,22,10,1,47.0,0.7,0.05,1,44.66666667,3.002222132,44.82146298950026,51.56290219277513,51.56147641415197
912,sub-08,pain,2,23,11,2,48.0,0.7,0.125,1,50.0,2.968831367,58.43951977037423,65.90654835834265,65.90795537289847
913,sub-08,pain,2,24,12,1,47.0,0.3,0.05,1,40.33333333,4.219649311,42.91929157219609,37.347260103903565,37.34869779025601
914,sub-08,vision,3,1,1,1,0.5,0.3,0.125,-1,48.66666667,2.868839142,50.07953153602663,45.20873285161878,45.53887855667196
915,sub-08,vision,3,2,2,2,0.6,0.3,0.125,-1,50.33333333,2.652014692,62.14827792317252,57.358552928217634,57.68798195844496
916,sub-08,vision,3,3,3,2,0.6,0.7,0.05,0,52.33333333,2.201752514,62.196320863457856,66.36133490805476,66.6863166620749
917,sub-08,vision,3,4,4,1,0.5,0.3,0.05,0,47.66666667,2.184853734,50.22366035688262,44.385075015128194,44.06019228926646
918,sub-08,vision,3,5,5,1,0.5,0.7,0.05,-1,45.66666667,2.68552986,50.271703297167946,54.20468780506587,54.53408584797759
919,sub-08,vision,3,6,6,2,0.6,0.3,0.05,0,50.0,2.852139405,62.340449684313846,56.58290874958598,56.25697627788522
920,sub-08,vision,3,7,7,2,0.6,0.7,0.125,-1,55.0,2.75201407,62.388492624599174,67.52108834955786,67.20069312225318
921,sub-08,vision,3,8,8,1,0.5,0.3,0.05,-1,46.0,2.53522663,50.41583211802394,44.4262616465971,44.104745463787914
922,sub-08,vision,3,9,9,2,0.6,0.7,0.05,-1,53.0,2.084753591,62.484578505169836,66.49854885524152,66.8262310102879
923,sub-08,vision,3,10,10,1,0.5,0.7,0.125,-1,51.66666667,2.918738376,50.511917998594605,55.56332290439471,55.24231206786325
924,sub-08,vision,3,11,11,1,0.5,0.7,0.05,0,46.0,2.268362993,50.55996093887993,54.64363775218627,54.96633854191379
925,sub-08,vision,3,12,12,2,0.6,0.3,0.05,-1,42.0,2.101475098,62.62870732602583,56.72012269677274,56.39689062609821
926,sub-08,pain,3,13,1,1,47.0,0.7,0.125,-1,54.33333333,3.169081415,52.35182353734192,58.10683286772324,58.10824562688405
927,sub-08,pain,3,14,2,2,48.0,0.3,0.05,-1,51.33333333,2.268190074,65.96988031821589,58.76472928549127,58.76613554828723
928,sub-08,pain,3,15,3,1,47.0,0.7,0.05,-1,43.33333333,3.752785363,50.44965212003774,55.43488901305661,55.43346205119871
929,sub-08,pain,3,16,4,1,47.0,0.3,0.05,-1,34.0,1.801163782,49.49856641138565,42.19821026591927,42.199642883623305
930,sub-08,pain,3,17,5,2,48.0,0.7,0.125,-1,43.33333333,1.984759811,63.116623192259624,68.79957183688991,68.80098155362465
931,sub-08,pain,3,18,6,1,47.0,0.7,0.05,0,40.33333333,2.968819549,47.59639499408148,53.443884595234266,53.442456134571835
932,sub-08,pain,3,19,7,1,47.0,0.3,0.05,0,32.33333333,2.43509694,46.64530928542939,40.20720584809693,40.20863696699643
933,sub-08,pain,3,20,8,2,48.0,0.3,0.05,0,50.33333333,3.352493018,60.263366066303355,53.83683484246626,53.8382512626987
934,sub-08,pain,3,21,9,2,48.0,0.3,0.125,-1,33.66666667,2.084867107,59.31228035765127,52.62600306454992,52.62458926277851
935,sub-08,pain,3,22,10,2,48.0,0.7,0.05,0,48.66666667,2.218695768,58.36119464899918,64.13662356440095,64.13519206131242
936,sub-08,pain,3,23,11,1,47.0,0.3,0.125,-1,39.33333333,3.335744453,42.840966450821035,36.05948404497792,36.05809659811458
937,sub-08,pain,3,24,12,2,48.0,0.7,0.05,-1,53.66666667,1.868019643,56.459023231695,61.232811273552194,61.23140069633654
938,sub-08,pain,4,1,1,2,48.0,0.3,0.05,1,35.66666667,2.668890147,65.89155519684084,60.390019008026485,60.39140634017668
939,sub-08,pain,4,2,2,2,48.0,0.7,0.125,1,37.33333333,2.101402323,64.94046948818875,72.38278824289357,72.3841712581552
940,sub-08,pain,4,3,3,1,47.0,0.7,0.125,0,26.0,0.91739359,49.42024129001061,55.927576696106584,55.92898955576361
941,sub-08,pain,4,4,4,2,48.0,0.3,0.125,0,42.0,2.301672586,63.03829807088458,57.2994902850728,57.29804938590194
942,sub-08,pain,4,5,5,1,47.0,0.7,0.05,1,50.0,2.368534979,47.518069872706434,54.12328871038917,54.1218544741265
943,sub-08,pain,4,6,6,2,48.0,0.7,0.125,0,57.0,3.052377013,61.1361266535804,67.59927900700748,67.60068493882477
944,sub-08,pain,4,7,7,1,47.0,0.3,0.125,0,48.66666667,2.018143112,45.61589845540226,39.754007923766586,39.75259726491747
945,sub-08,pain,4,8,8,1,47.0,0.3,0.125,1,39.33333333,1.767936916,44.66481274675017,39.64270045098158,39.64128630264514
946,sub-08,pain,4,9,9,2,48.0,0.7,0.05,1,55.33333333,2.585332371,58.282869527624136,64.81602767955584,64.81459040086709
947,sub-08,pain,4,10,10,2,48.0,0.3,0.125,1,40.33333333,3.052303927,57.33178381897205,52.29336610361669,52.29194114202685
948,sub-08,pain,4,11,11,1,47.0,0.7,0.125,1,48.0,4.453307852,41.811555620793904,48.96352583118204,48.964962399247405
949,sub-08,pain,4,12,12,1,47.0,0.3,0.05,1,25.33333333,2.902262252,40.86046991214182,35.01282991284651,35.01427856862777
950,sub-08,vision,4,13,1,1,0.5,0.7,0.125,0,60.66666667,2.301879716,51.23571172357996,56.334901775925026,56.01157291907381
951,sub-08,vision,4,14,2,2,0.6,0.3,0.125,1,57.66666667,1.801401701,63.304458110725854,59.665884764522886,59.99207973551262
952,sub-08,vision,4,15,3,2,0.6,0.7,0.125,1,48.0,2.301669476,63.35250105101119,69.63636555442739,69.31406855193778
953,sub-08,vision,4,16,4,1,0.5,0.7,0.05,1,54.66666667,3.219089501,51.37984054443595,56.4640059835122,56.79050303819949
954,sub-08,vision,4,17,5,2,0.6,0.7,0.125,0,43.66666667,1.985074237,63.44858693158184,68.62876282610067,68.30371808138409
955,sub-08,vision,4,18,6,2,0.6,0.3,0.05,1,49.66666667,2.335054333,63.49662987186718,58.739372585924414,58.41490488209128
956,sub-08,vision,4,19,7,1,0.5,0.3,0.125,1,46.33333333,3.335834334,51.52396936529194,47.80414663507761,48.129059854814216
957,sub-08,vision,4,20,8,2,0.6,0.7,0.05,1,65.0,2.151604787,63.59271575243784,68.75786703368784,69.0826482005098
958,sub-08,vision,4,21,9,1,0.5,0.7,0.125,1,52.66666667,3.369215147,51.6200552458626,57.82264108284104,57.49872925808515
959,sub-08,vision,4,22,10,1,0.5,0.3,0.05,1,44.33333333,2.518403113,51.66809818614794,46.82962079862021,46.50420441454711
960,sub-08,vision,4,23,11,1,0.5,0.3,0.125,0,54.0,2.018090863,51.716141126433264,46.89257122246875,47.214070557952056
961,sub-08,vision,4,24,12,2,0.6,0.3,0.125,0,50.0,1.884550815,63.784887513579164,59.04239129906761,59.36317395972505
962,sub-08,pain,5,1,1,1,47.0,0.7,0.05,0,63.33333333,3.319088257,50.29300187728765,56.00427111284831,56.002834194546374
963,sub-08,pain,5,2,2,2,48.0,0.3,0.125,-1,53.33333333,2.301658591,63.911058658161615,57.1443162656324,57.142886235394144
964,sub-08,pain,5,3,3,1,47.0,0.3,0.05,-1,45.66666667,2.618453495,48.39083045998347,40.84274341659644,40.84418311831562
965,sub-08,pain,5,4,4,2,48.0,0.3,0.05,-1,56.0,2.435108137,62.00888724085744,54.472372410965775,54.47379741401788
966,sub-08,pain,5,5,5,1,47.0,0.7,0.125,-1,40.0,2.485408568,46.488659042679295,51.85654930972931,51.85798857997359
967,sub-08,pain,5,6,6,2,48.0,0.7,0.05,0,60.0,2.068353663,60.10671582355326,65.71804674028076,65.71661066496641
968,sub-08,pain,5,7,7,2,48.0,0.7,0.05,-1,52.0,2.601894644,59.15563011490117,63.793197791166236,63.791778756311075
969,sub-08,pain,5,8,8,2,48.0,0.7,0.125,-1,67.33333333,2.201669476,58.204544406249084,63.5282516206302,63.52968396303475
970,sub-08,pain,5,9,9,1,47.0,0.3,0.05,0,34.66666667,3.719427564,42.68431620807094,35.91484897357143,35.91629883272709
971,sub-08,pain,5,10,10,2,48.0,0.3,0.05,0,42.66666667,2.168356773,56.30237298894491,49.544477967940765,49.54591312842935
972,sub-08,pain,5,11,11,1,47.0,0.3,0.125,-1,35.66666667,2.351583017,40.782144790766765,33.72505385392087,33.72367737648634
973,sub-08,pain,5,12,12,1,47.0,0.7,0.05,-1,31.33333333,2.468346199,39.83105908211468,44.28978874639159,44.288407722685484
974,sub-08,vision,5,13,1,1,0.5,0.3,0.125,-1,47.66666667,2.58528541,52.3918919111333,47.314400436206505,47.64331247659364
975,sub-08,vision,5,14,2,2,0.6,0.3,0.05,-1,46.66666667,3.302432372,64.46063829827919,58.34565370277117,58.02451867756224
976,sub-08,vision,5,15,3,2,0.6,0.7,0.05,0,62.33333333,2.718695457,64.50868123856452,68.4670024926425,68.79075058199658
977,sub-08,vision,5,16,4,2,0.6,0.7,0.125,-1,62.33333333,2.101545696,64.55672417884986,69.48271496056879,69.16208528163757
978,sub-08,vision,5,17,5,1,0.5,0.7,0.05,-1,43.33333333,2.268074069,52.584063672274624,56.3103553896536,56.638519767899275
979,sub-08,vision,5,18,6,1,0.5,0.3,0.05,-1,37.66666667,1.984790911,52.63210661255995,46.435901915466964,46.11381821001807
980,sub-08,vision,5,19,7,1,0.5,0.7,0.125,-1,54.33333333,2.485215744,52.68014955284528,57.52494951540565,57.20370422724764
981,sub-08,vision,5,20,8,1,0.5,0.7,0.05,0,52.33333333,2.451834309,52.728192493130614,56.60526436319721,56.92773070129817
982,sub-08,vision,5,21,9,2,0.6,0.3,0.05,0,53.66666667,2.184862753,64.79693888027651,58.832617307750496,58.5044519583442
983,sub-08,vision,5,22,10,2,0.6,0.3,0.125,-1,62.0,3.636144406,64.84498182056184,59.8483297756768,60.173860573132764
984,sub-08,vision,5,23,11,2,0.6,0.7,0.05,-1,56.33333333,2.702090577,64.89302476084717,68.7002437555471,69.0260261039011
985,sub-08,vision,5,24,12,1,0.5,0.3,0.05,0,54.0,2.151440576,52.92036425427194,46.87485186258736,46.54607090395426
986,sub-08,pain,6,1,1,1,47.0,0.7,0.05,1,49.33333333,2.185028519,49.26359104726051,55.70471188626899,55.70327307778048
987,sub-08,pain,6,2,2,2,48.0,0.7,0.125,1,65.0,2.218194428,62.881647828134476,70.0483580518365,70.04975203652698
988,sub-08,pain,6,3,3,2,48.0,0.3,0.125,0,51.66666667,2.968864333,61.93056211948239,55.94402343574996,55.942589620594255
989,sub-08,pain,6,4,4,1,47.0,0.7,0.125,0,58.0,2.284928375,46.41033392130424,52.6141831633153,52.61561087781482
990,sub-08,pain,6,5,5,1,47.0,0.3,0.125,1,39.66666667,1.851263303,45.459248212652156,40.24516028512718,40.24374544997856
991,sub-08,pain,6,6,6,2,48.0,0.7,0.125,0,54.66666667,2.618499524,59.07730499352612,65.26484881595042,65.26626571719653
992,sub-08,pain,6,7,7,2,48.0,0.7,0.05,1,69.33333333,3.385741343,58.12621928487403,64.43952417196722,64.43809009187996
993,sub-08,pain,6,8,8,1,47.0,0.7,0.125,1,46.33333333,2.268447897,42.605991086695894,49.56598566532764,49.56742154658083
994,sub-08,pain,6,9,9,2,48.0,0.3,0.05,1,42.33333333,2.351697156,56.22404786756986,50.22388208309567,50.22531146798401
995,sub-08,pain,6,10,10,2,48.0,0.3,0.125,1,38.66666667,2.134770696,55.27296215891777,49.95893591255963,49.95752192039861
996,sub-08,pain,6,11,11,1,47.0,0.3,0.05,1,31.0,2.368375122,39.752733960739626,33.657363063523675,33.65881880332009
997,sub-08,pain,6,12,12,1,47.0,0.3,0.125,0,52.0,3.102066319,38.80164825208754,32.52476102403843,32.52338076168646
998,sub-08,vision,6,13,1,2,0.6,0.7,0.05,1,60.0,1.968075624,65.5687755455472,70.52743901326308,70.85331801251111
999,sub-08,vision,6,14,2,1,0.5,0.3,0.05,1,60.66666667,1.734586892,53.59611503897196,48.551179120336506,48.22719363970266
1001,sub-08,vision,6,16,4,1,0.5,0.3,0.125,1,45.66666667,2.351730744,53.69220091954262,49.76577324608856,50.09045201419859
1002,sub-08,vision,6,17,5,1,0.5,0.3,0.125,0,43.0,2.451690313,53.740243859827956,48.71015685990291,49.032420956799136
1003,sub-08,vision,6,18,6,1,0.5,0.7,0.125,0,43.33333333,4.253213306,53.78828680011328,58.68063764980741,58.35440977322431
1004,sub-08,vision,6,19,7,2,0.6,0.3,0.125,0,47.33333333,2.685471391,65.85703318725918,60.9079905943607,61.229204945417905
1005,sub-08,vision,6,20,8,2,0.6,0.7,0.125,0,56.33333333,2.084907538,65.9050761275445,70.8784713842652,70.55119376184307
1006,sub-08,vision,6,21,9,1,0.5,0.7,0.05,1,52.0,4.353385292,53.93241562096927,58.809741857394584,59.133339892349994
1007,sub-08,vision,6,22,10,2,0.6,0.3,0.05,1,51.0,2.75193072,66.00116200811517,61.03709480194787,60.71006114939602
1008,sub-08,vision,6,23,11,2,0.6,0.7,0.125,1,66.66666667,2.535337658,66.0492049484005,72.12614240188655,71.79994716662559
1010,sub-09,vision,1,1,1,2,0.6,0.3,0.05,0,61.66666667,2.735201943,59.3463151213238,53.84654007359148,53.53252724557771
1011,sub-09,vision,1,2,2,1,0.5,0.7,0.05,-1,70.66666667,2.952102652,47.58032585805916,51.558580241423726,51.88334389363482
1012,sub-09,vision,1,3,3,2,0.6,0.7,0.125,-1,72.33333333,2.818823806,59.447597298975516,64.69347646968151,64.38362063531721
1013,sub-09,vision,1,4,4,2,0.6,0.3,0.125,-1,46.33333333,2.001293447,59.49823838780137,55.04864256645467,55.372186422608834
1014,sub-09,vision,1,5,5,1,0.5,0.3,0.125,-1,42.66666667,2.184785032,47.732249124536736,43.212645045983855,43.53556909568968
1015,sub-09,vision,1,6,6,1,0.5,0.7,0.125,-1,53.66666667,2.351585584,47.78289021336259,52.96327346179597,52.65167199828835
1016,sub-09,vision,1,7,7,2,0.6,0.7,0.05,-1,72.66666667,3.035515213,59.650161654278946,63.71196129965035,64.03396729022482
1017,sub-09,vision,1,8,8,1,0.5,0.3,0.05,0,40.0,2.501773786,47.8841723910143,42.32792609087648,42.009915988329396
1018,sub-09,vision,1,9,9,2,0.6,0.7,0.05,0,79.33333333,2.501817637,59.75144383193066,63.96744928345204,64.28378959530616
1019,sub-09,vision,1,10,10,1,0.5,0.3,0.05,-1,45.66666667,2.768857378,47.98545456866602,42.28402713224533,41.96943106302862
1020,sub-09,vision,1,11,11,1,0.5,0.7,0.05,0,67.0,3.018988387,48.03609565749188,52.18434901927387,52.49950661333214
1021,sub-09,vision,1,12,12,2,0.6,0.3,0.05,-1,58.0,2.752162613,59.90336709840823,54.27871642159405,53.963051424783195
1022,sub-09,pain,1,13,1,2,48.0,0.3,0.05,0,47.66666667,3.285715574,69.02508637283393,63.21093739704939,63.21010467170828
1023,sub-09,pain,1,14,2,1,47.0,0.7,0.05,0,34.33333333,3.219020171,53.62883135777413,59.80122734355196,59.80210281915899
1024,sub-09,pain,1,15,3,2,48.0,0.7,0.125,-1,59.33333333,2.551819207,67.13897884645974,73.04956510241996,73.04872527366766
1025,sub-09,pain,1,16,4,2,48.0,0.7,0.05,-1,53.33333333,3.052215265,66.19592508327264,71.42889109719765,71.4297656759152
1026,sub-09,pain,1,17,5,1,47.0,0.3,0.05,0,39.0,2.901977304,50.79967006821283,44.857330753749146,44.85647904045433
1027,sub-09,pain,1,18,6,1,47.0,0.7,0.05,-1,50.66666667,3.085598576,49.85661630502574,55.007291213656686,55.00815074935267
1028,sub-09,pain,1,19,7,2,48.0,0.3,0.05,-1,46.0,2.702040375,63.36676379371134,56.48499450739483,56.48414189721055
1029,sub-09,pain,1,20,8,1,47.0,0.7,0.125,-1,53.33333333,2.885561816,47.97050877865154,53.729955079240064,53.729094290068
1030,sub-09,pain,1,21,9,2,48.0,0.7,0.05,0,76.66666667,3.018754515,61.48065626733715,67.5287968081761,67.52966957461014
1031,sub-09,pain,1,22,10,1,47.0,0.3,0.05,-1,32.0,2.735305195,46.084401252277345,39.09739124397423,39.09652161830231
1032,sub-09,pain,1,23,11,2,48.0,0.3,0.125,-1,36.33333333,2.718456795,59.594548740962956,53.27565161321891,53.276507407639784
1033,sub-09,pain,1,24,12,1,47.0,0.3,0.125,-1,19.0,2.601743028,44.198293725903156,37.8200551095576,37.82089783342296
1034,sub-09,vision,2,1,1,1,0.5,0.3,0.125,1,48.33333333,2.61868566,48.70565783535723,45.37987854889729,45.7018786741312
1035,sub-09,vision,2,2,2,2,0.6,0.7,0.125,0,80.33333333,2.351709984,60.57292927627358,65.85808184784656,65.54365070150368
1036,sub-09,vision,2,3,3,2,0.6,0.3,0.125,0,58.33333333,2.735175819,60.62357036509944,56.213247944619724,56.53221648879529
1037,sub-09,vision,2,4,4,1,0.5,0.3,0.05,1,50.33333333,3.102114517,48.857581101834796,44.34546612257349,44.03107195157986
1038,sub-09,vision,2,5,5,2,0.6,0.7,0.05,1,74.66666667,2.885427153,60.72485254275115,65.98498931514905,66.30494555855662
1039,sub-09,vision,2,6,6,2,0.6,0.3,0.125,1,55.33333333,2.752102901,60.77549363157701,57.53325960712392,57.852502070721194
1040,sub-09,vision,2,7,7,1,0.5,0.7,0.05,1,71.66666667,2.40176598,49.00950436831237,54.20188905097088,54.5206625765826
1041,sub-09,vision,2,8,8,1,0.5,0.3,0.125,0,47.66666667,2.885340384,49.060145457138226,44.58883944931945,44.9049365416567
1042,sub-09,vision,2,9,9,2,0.6,0.3,0.05,1,56.0,2.735292755,60.92741689805458,56.49884718080011,56.18169534816985
1043,sub-09,vision,2,10,10,1,0.5,0.7,0.125,0,48.0,3.068871156,49.161427634789945,54.3923651214242,54.07337378920052
1044,sub-09,vision,2,11,11,2,0.6,0.7,0.125,1,82.66666667,2.418661029,61.0286990757063,67.49547704810657,67.17794235310042
1045,sub-09,vision,2,12,12,1,0.5,0.7,0.125,1,59.66666667,2.435006853,49.262709812441656,55.65947952763576,55.34132502618127
1046,sub-09,pain,2,13,1,1,47.0,0.3,0.125,0,56.0,3.619163044,53.52581835670856,48.20811022818681,48.2089793799314
1047,sub-09,pain,2,14,2,2,48.0,0.7,0.125,0,76.0,2.568400458,67.03596584539417,73.77758642225271,73.77675329671901
1048,sub-09,pain,2,15,3,1,47.0,0.7,0.125,0,66.66666667,2.75205594,51.639710830334366,58.32198991859139,58.32114372250218
1049,sub-09,pain,2,16,4,1,47.0,0.7,0.05,1,62.33333333,3.052223662,50.69665706714727,57.33683375877182,57.337706332590464
1050,sub-09,pain,2,17,5,2,48.0,0.7,0.05,1,70.33333333,3.185685376,64.20680455583287,70.86042350267384,70.86130520211586
1051,sub-09,pain,2,18,6,2,48.0,0.7,0.125,1,75.33333333,2.601832596,63.26375079264578,70.54909074813686,70.5482540951769
1052,sub-09,pain,2,19,7,1,47.0,0.7,0.125,1,41.66666667,2.501856823,47.86749577758598,55.09349424447555,55.09264452096007
1053,sub-09,pain,2,20,8,2,48.0,0.3,0.125,1,38.66666667,2.635183252,61.37764326627158,56.57119753821369,56.57206834322327
1054,sub-09,pain,2,21,9,1,47.0,0.3,0.05,1,38.0,2.118067548,45.98138825121178,40.46093040920971,40.460071849194385
1055,sub-09,pain,2,22,10,1,47.0,0.3,0.125,1,26.66666667,3.118907558,45.03833448802469,40.14959765467273,40.150453416660746
1056,sub-09,pain,2,23,11,2,48.0,0.3,0.125,0,49.66666667,2.568451151,58.54848197671029,53.03766955317201,53.038530078345424
1057,sub-09,pain,2,24,12,2,48.0,0.3,0.05,1,30.0,2.118168001,57.6054282135232,52.052513393352434,52.05166001402837
1058,sub-09,vision,3,1,1,1,0.5,0.7,0.05,-1,58.66666667,2.701910999,49.88163090148115,53.64130131161362,53.96543114057078
1059,sub-09,vision,3,2,2,1,0.5,0.3,0.05,-1,55.0,2.852039177,49.93227199030701,43.99646740838678,43.685177895348595
1060,sub-09,vision,3,3,3,2,0.6,0.3,0.125,-1,80.33333333,1.93455015,61.79954343122336,57.131363636644565,57.45427366954478
1061,sub-09,vision,3,4,4,1,0.5,0.7,0.05,0,64.66666667,2.501971581,50.03355416795872,53.94968655170794,54.267587790597254
1062,sub-09,vision,3,5,5,2,0.6,0.7,0.05,-1,79.0,2.835520748,61.900825608875074,65.7417851135476,66.06372019221564
1063,sub-09,vision,3,6,6,2,0.6,0.3,0.05,-1,66.33333333,2.818732372,61.95146669770093,56.09695121032077,55.78346694699345
1064,sub-09,vision,3,7,7,2,0.6,0.3,0.05,0,56.66666667,3.102373579,62.00210778652679,56.299541937829815,55.98095490712964
1065,sub-09,vision,3,8,8,2,0.6,0.7,0.05,0,81.33333333,3.102213415,62.05274887535265,66.05017035364193,66.36587684224212
1066,sub-09,vision,3,9,9,1,0.5,0.7,0.125,-1,53.33333333,2.334994071,50.28675961208801,55.25758355715641,54.94309662500486
1067,sub-09,vision,3,10,10,1,0.5,0.3,0.125,-1,49.66666667,3.102261309,50.33740070091387,45.61274965392956,45.931662412296475
1068,sub-09,vision,3,11,11,2,0.6,0.7,0.125,-1,86.0,2.918778742,62.20467214183022,67.25227284650512,66.93671698675944
1069,sub-09,vision,3,12,12,1,0.5,0.3,0.05,0,47.0,3.085575251,50.43868287856558,44.67513344252955,44.35367495999105
1070,sub-09,pain,3,13,1,2,48.0,0.3,0.125,-1,73.0,3.11901081,66.9329528443286,60.59987607116821,60.60074495166119
1071,sub-09,pain,3,14,2,1,47.0,0.3,0.05,0,23.33333333,2.151424113,51.5366978292688,45.41953155254092,45.418679118055785
1072,sub-09,pain,3,15,3,1,47.0,0.3,0.05,-1,45.33333333,3.368958329,50.5936440660817,43.52360556228458,43.52274310528659
1073,sub-09,pain,3,16,4,2,48.0,0.7,0.05,-1,73.66666667,2.818612326,64.10379155476731,69.09308175635047,69.09394969647951
1074,sub-09,pain,3,17,5,2,48.0,0.3,0.05,-1,21.66666667,2.251658949,63.16073779158021,56.08119192630695,56.080336622466284
1075,sub-09,pain,3,18,6,1,47.0,0.7,0.05,-1,34.33333333,2.752059672,47.76448277652041,52.671481872809515,52.67233476991699
1076,sub-09,pain,3,19,7,2,48.0,0.7,0.125,-1,61.66666667,3.035494687,61.274630265206014,66.8497422420542,66.84888788484915
1077,sub-09,pain,3,20,8,1,47.0,0.7,0.125,-1,36.33333333,3.202076606,45.87837525014621,51.39414573839289,51.39327831063232
1078,sub-09,pain,3,21,9,1,47.0,0.3,0.125,-1,17.33333333,2.051586735,44.93532148695912,38.38225590834937,38.38309791102441
1079,sub-09,pain,3,22,10,2,48.0,0.3,0.05,0,31.0,3.469206538,58.44546897564472,52.181097637285404,52.18024052116123
1080,sub-09,pain,3,23,11,2,48.0,0.7,0.05,0,49.66666667,2.618443702,57.50241521245763,63.26098070756964,63.26184289048305
1081,sub-09,pain,3,24,12,1,47.0,0.7,0.05,0,35.66666667,2.968673018,42.10616019739783,47.805384203908325,47.80623331626624
1082,sub-09,vision,4,1,1,1,0.5,0.3,0.125,0,55.0,2.952146503,51.057603967605075,46.354176981753525,46.67301771892182
1083,sub-09,vision,4,2,2,1,0.5,0.3,0.05,1,65.0,2.951952128,51.10824505643093,46.37528993647074,46.06082485357067
1084,sub-09,vision,4,3,3,2,0.6,0.7,0.05,1,89.0,2.084750169,62.975516497347286,68.0148131290463,68.33469846054743
1085,sub-09,vision,4,4,4,2,0.6,0.3,0.05,1,86.66666667,3.68593402,63.02615758617314,58.36997922581946,58.054445215325245
1086,sub-09,vision,4,5,5,1,0.5,0.3,0.125,1,45.0,3.285687584,51.260168322908505,47.72708590055035,48.04563764579285
1087,sub-09,vision,4,6,6,1,0.5,0.7,0.125,0,64.33333333,2.952188488,51.31080941173436,56.31639442273618,55.998458001301046
1088,sub-09,vision,4,7,7,1,0.5,0.7,0.125,1,74.0,2.835388574,51.36145050056022,57.530611572655104,57.214074893336665
1089,sub-09,vision,4,8,8,1,0.5,0.7,0.05,1,78.33333333,2.53515803,51.41209158938607,56.39040463374603,56.70741851340883
1090,sub-09,vision,4,9,9,2,0.6,0.3,0.125,1,77.0,4.052887957,63.27936303030243,59.82756970248434,60.143926697437706
1091,sub-09,vision,4,10,10,2,0.6,0.7,0.125,0,93.66666667,3.96939547,63.33000411912828,68.41687822467017,68.0967470529459
1092,sub-09,vision,4,11,11,2,0.6,0.3,0.125,0,88.33333333,3.102236118,63.380645207954146,58.77204432144333,59.08531284023751
1093,sub-09,vision,4,12,12,2,0.6,0.7,0.125,1,80.66666667,3.619179838,63.43128629678,69.68399263088173,69.36469828992665
1094,sub-09,pain,4,13,1,1,47.0,0.3,0.05,1,42.0,2.485155526,51.433684828203226,45.85314810739971,45.852298688524385
1095,sub-09,pain,4,14,2,2,48.0,0.3,0.05,1,32.0,3.152267233,64.94383231688883,59.376737851301726,59.375897558049786
1096,sub-09,pain,4,15,3,2,48.0,0.3,0.125,0,30.66666667,3.702599241,64.00077855370174,58.42988725136201,58.43075691767542
1097,sub-09,pain,4,16,4,1,47.0,0.7,0.125,0,16.0,2.618605111,48.604523538641935,55.02017719786458,55.019322390720795
1098,sub-09,pain,4,17,5,2,48.0,0.7,0.125,0,48.66666667,2.801984426,62.11467102732754,68.54376694176659,68.5429212602462
1099,sub-09,pain,4,18,6,1,47.0,0.3,0.125,1,21.33333333,4.00290909,46.71841601226774,41.67780183334415,41.67865884660791
1100,sub-09,pain,4,19,7,1,47.0,0.7,0.05,1,52.33333333,2.735328831,45.77536224908064,52.10301427828571,52.10387429611767
1101,sub-09,pain,4,20,8,1,47.0,0.7,0.125,1,55.33333333,2.701955783,44.83230848589354,51.791681523748736,51.79082318917869
1102,sub-09,pain,4,21,9,2,48.0,0.7,0.125,1,66.0,2.885469138,58.34245597457915,65.31527126765076,65.3144220587041
1103,sub-09,pain,4,22,10,2,48.0,0.3,0.125,1,54.66666667,4.019618161,57.39940221139205,52.30338143760723,52.304241659096185
1104,sub-09,pain,4,23,11,2,48.0,0.7,0.05,1,57.33333333,2.768913358,56.456348448204956,62.728593882548786,62.72945710860594
1105,sub-09,pain,4,24,12,1,47.0,0.3,0.125,0,18.0,3.052242322,41.060093433145155,35.24626370866353,35.24710452469293
1106,sub-09,pain,5,1,1,2,48.0,0.3,0.125,-1,37.0,3.035693104,64.84081931582327,58.264066730321034,58.26492897222551
1107,sub-09,pain,5,2,2,1,47.0,0.3,0.125,-1,48.0,2.4683205,49.44456430076347,42.80847022665973,42.8093193980087
1108,sub-09,pain,5,3,3,1,47.0,0.3,0.05,-1,24.0,2.501814838,48.501510537576365,41.18779622143741,41.18692712585092
1109,sub-09,pain,5,4,4,2,48.0,0.3,0.05,-1,17.0,3.202341889,62.01165802626197,54.71138596533943,54.71052599537632
1110,sub-09,pain,5,5,5,1,47.0,0.7,0.05,0,31.0,2.885427775,46.615403011202176,52.231598522218675,52.23245480325051
1111,sub-09,pain,5,6,6,2,48.0,0.7,0.05,0,61.33333333,2.902128139,60.12555049988778,65.75518826612068,65.7560536727759
1112,sub-09,pain,5,7,7,1,47.0,0.7,0.125,-1,35.33333333,2.98567474,44.72929548482798,50.02433977742537,50.02346768354235
1113,sub-09,pain,5,8,8,2,48.0,0.7,0.125,-1,58.0,2.851864395,58.23944297351358,63.54792952132739,63.54706655306776
1114,sub-09,pain,5,9,9,1,47.0,0.7,0.05,-1,33.33333333,3.018956043,42.84318795845378,47.43766239232341,47.4385027334442
1115,sub-09,pain,5,10,10,1,47.0,0.3,0.05,0,29.33333333,3.052184787,41.90013419526669,35.35569517265657,35.35482031985444
1116,sub-09,pain,5,11,11,2,48.0,0.7,0.05,-1,40.66666667,2.885415646,55.41028168395229,59.99524875634578,59.99609625062389
1117,sub-09,pain,5,12,12,2,48.0,0.3,0.05,0,52.0,2.918727427,54.4672279207652,47.91328153667894,47.91241383703413
1118,sub-09,vision,5,13,1,1,0.5,0.7,0.05,0,87.66666667,2.851972312,52.233577033729,55.92661310931256,56.24500634764292
1119,sub-09,vision,5,14,2,2,0.6,0.7,0.125,-1,88.0,2.65191938,64.10084847464535,68.91181586635393,68.60012947413426
1120,sub-09,vision,5,15,3,2,0.6,0.7,0.05,-1,85.66666667,2.751857211,64.1514895634712,67.77160892744486,68.09347309420644
1121,sub-09,vision,5,16,4,1,0.5,0.7,0.05,-1,72.0,2.201542309,52.385500300206566,55.935611406974054,56.25685576728729
1122,sub-09,vision,5,17,5,1,0.5,0.3,0.125,-1,51.0,2.785328224,52.43614138903243,47.48388169894891,47.80441227945187
1123,sub-09,vision,5,18,6,1,0.5,0.3,0.05,-1,48.33333333,2.752126537,52.486782477858284,46.343674760039846,46.028936867010245
1124,sub-09,vision,5,19,7,2,0.6,0.3,0.125,-1,61.66666667,2.268161517,64.35405391877464,59.47857098829763,59.79803264120644
1125,sub-09,vision,5,20,8,1,0.5,0.3,0.05,0,47.33333333,2.918802378,52.588064655509996,46.59916274384153,46.27875917209158
1126,sub-09,vision,5,21,9,1,0.5,0.7,0.125,-1,55.66666667,2.702039442,52.63870574433586,57.39320188363894,57.077518216885956
1127,sub-09,vision,5,22,10,2,0.6,0.7,0.05,0,74.33333333,3.218856896,64.5059771852522,68.29158319270972,68.60496712401348
1128,sub-09,vision,5,23,11,2,0.6,0.3,0.05,0,61.0,2.718619448,64.55661827407806,58.646749289482884,58.32471387879129
1129,sub-09,vision,5,24,12,2,0.6,0.3,0.05,-1,56.66666667,2.435066876,64.60725936290392,58.549953074559106,58.23189460854538
1130,sub-09,vision,6,1,1,2,0.6,0.3,0.125,1,45.33333333,2.635194137,65.22618045194342,61.54000997862579,61.85967352975768
1131,sub-09,vision,6,2,2,2,0.6,0.7,0.125,0,71.66666667,2.418391703,65.27682154076928,70.12931850081162,69.81249388526587
1132,sub-09,vision,6,3,3,2,0.6,0.3,0.05,1,49.66666667,2.53506162,65.32746262959513,60.452700296009354,60.136532462261194
1133,sub-09,vision,6,4,4,1,0.5,0.7,0.125,1,36.0,1.984776884,53.56147336633049,59.507538130259725,59.19149345038234
1134,sub-09,vision,6,5,5,2,0.6,0.7,0.05,1,74.66666667,2.735512942,65.42874480724684,70.25622596811411,70.57378874231881
1135,sub-09,vision,6,6,6,1,0.5,0.3,0.125,0,48.0,2.902098594,53.66275554398221,48.75428158969923,49.06911103552861
1136,sub-09,vision,6,7,7,1,0.5,0.3,0.125,1,57.0,2.935435255,53.71339663280806,49.968498739618155,50.28472792756423
1137,sub-09,vision,6,8,8,1,0.5,0.7,0.125,0,41.66666667,2.551762916,53.76403772163392,58.55780726180398,58.23754828307242
1138,sub-09,vision,6,9,9,2,0.6,0.3,0.125,0,59.33333333,2.134874896,65.63130916255028,60.801868135340584,61.115065742228325
1139,sub-09,vision,6,10,10,1,0.5,0.3,0.05,1,48.66666667,3.80275726,53.86531989928564,48.93408631329436,48.613921205012886
1140,sub-09,vision,6,11,11,1,0.5,0.7,0.05,1,41.0,3.369104499,53.91596098811149,58.68471472910647,58.998843140125345
1141,sub-09,vision,6,12,12,2,0.6,0.7,0.125,1,68.66666667,3.669322603,65.78323242902785,71.81961095736426,71.49911988180774
1142,sub-09,pain,6,13,1,2,48.0,0.7,0.05,1,79.0,3.252233365,63.7947525515706,70.05281834049808,70.05369465262734
1143,sub-09,pain,6,14,2,2,48.0,0.7,0.125,0,59.0,2.668471397,62.8516987883835,69.10596774055837,69.10512133784765
1144,sub-09,pain,6,15,3,1,47.0,0.7,0.125,0,40.33333333,3.102389129,47.4554437733237,53.65037123689705,53.64951176363083
1145,sub-09,pain,6,16,4,1,47.0,0.3,0.125,1,42.0,2.118072524,46.512390010136606,41.273999252256274,41.274853571863645
1146,sub-09,pain,6,17,5,2,48.0,0.3,0.125,0,51.0,2.285034174,60.02253749882221,54.16207115075555,54.16293023354832
1147,sub-09,pain,6,18,6,1,47.0,0.3,0.05,1,49.66666667,3.552575558,44.62628248376241,38.68732186715431,38.68645594736016
1148,sub-09,pain,6,19,7,1,47.0,0.7,0.125,1,32.0,2.23497849,43.683228720575315,50.42187556278121,50.42101256208872
1149,sub-09,pain,6,20,8,2,48.0,0.3,0.125,1,56.0,2.752009601,57.19337620926092,51.89957885651935,51.90043638435192
1150,sub-09,pain,6,21,9,2,48.0,0.7,0.125,1,47.66666667,2.935439609,56.250322446073824,62.97946192680358,62.97860607926842
1151,sub-09,pain,6,22,10,1,47.0,0.3,0.125,0,31.0,2.702152023,40.854067431014016,34.842461127575646,34.843299249948664
1152,sub-09,pain,6,23,11,1,47.0,0.7,0.05,1,41.0,2.685326638,39.91101366782692,45.903191417919956,45.90403690729915
1153,sub-09,pain,6,24,12,2,48.0,0.3,0.05,1,37.33333333,2.551818585,53.421161156512525,47.380894711658094,47.38002805515702
1154,sub-10,pain,1,1,1,2,48.0,0.3,0.05,0,58.33333333,4.336242112,68.82866173333508,62.914050358852066,62.89843762493411
1155,sub-10,pain,1,2,2,2,48.0,0.3,0.05,-1,47.33333333,3.56911047,67.89044496195405,61.32105996960761,61.30526782115886
1156,sub-10,pain,1,3,3,1,47.0,0.7,0.125,-1,56.33333333,3.13555443,52.44868806792403,58.24240530212852,58.226494666631766
1157,sub-10,pain,1,4,4,2,48.0,0.7,0.125,-1,68.0,3.285850859,66.01401141919195,71.81919795635298,71.80343692354806
1158,sub-10,pain,1,5,5,1,47.0,0.3,0.05,-1,32.0,3.502620326,50.57225452516193,43.91840642189103,43.902265830368485
1159,sub-10,pain,1,6,6,1,47.0,0.7,0.05,-1,53.66666667,2.985468858,49.63403775378089,54.79085044588489,54.806997365352416
1160,sub-10,pain,1,7,7,1,47.0,0.3,0.05,0,30.0,3.352339447,48.69582098239984,42.642001141016394,42.625890833738175
1161,sub-10,pain,1,8,8,1,47.0,0.3,0.125,-1,23.66666667,3.619308592,47.75760421101879,41.63116993789648,41.647141638853434
1162,sub-10,pain,1,9,9,2,48.0,0.3,0.125,-1,43.0,3.419157384,61.3229275622867,55.20796259212095,55.22408389576973
1163,sub-10,pain,1,10,10,2,48.0,0.7,0.05,-1,65.0,4.119621924,60.38471079090565,65.49824742999027,65.51439482186316
1164,sub-10,pain,1,11,11,1,47.0,0.7,0.05,0,68.0,3.986259108,44.94295389687564,50.645049494891175,50.66107756831655
1165,sub-10,pain,1,12,12,2,48.0,0.7,0.05,0,77.0,3.552430321,58.50827724814356,64.22184214911564,64.23801982523285
1166,sub-10,vision,1,13,1,1,0.5,0.3,0.05,-1,48.33333333,3.219057491,47.631963871705395,41.97137683597945,41.58519329258572
1167,sub-10,vision,1,14,2,2,0.6,0.7,0.125,-1,65.0,3.085546639,59.45146617371055,64.51976128400675,64.13459180004061
1168,sub-10,vision,1,15,3,2,0.6,0.7,0.05,0,66.0,4.236503631,59.49478014534939,63.817867100075425,64.20449612628813
1169,sub-10,vision,1,16,4,2,0.6,0.3,0.05,0,46.66666667,3.586010495,59.53809411698823,54.22480557294814,53.83448368032459
1170,sub-10,vision,1,17,5,1,0.5,0.7,0.05,0,60.0,4.453241377,47.805219758260755,52.05554515605895,52.44351847562885
1171,sub-10,vision,1,18,6,1,0.5,0.3,0.05,0,46.33333333,3.769330409,47.84853372989959,42.462483628931665,42.0735060296653
1172,sub-10,vision,1,19,7,1,0.5,0.7,0.125,-1,62.0,3.902861476,47.89184770153843,52.883113558831994,52.500890546353475
1173,sub-10,vision,1,20,8,1,0.5,0.3,0.125,-1,48.0,3.1023176,47.93516167317728,43.290052031704704,43.68319076131788
1175,sub-10,vision,1,22,10,2,0.6,0.3,0.05,-1,58.0,3.519450688,59.79797794682127,54.194504249082264,53.81285106547621
1176,sub-10,vision,1,23,11,1,0.5,0.7,0.05,-1,65.66666667,4.136195711,48.06510358809379,52.02524383219307,52.42188586078046
1177,sub-10,vision,1,24,12,2,0.6,0.3,0.125,-1,90.66666667,2.71845213,59.884605890098946,55.30372241340464,55.69872120592146
1178,sub-10,pain,2,1,1,2,48.0,0.3,0.125,0,83.66666667,2.885467583,67.75053158024095,62.29670473001214,62.31329824471502
1179,sub-10,pain,2,2,2,1,47.0,0.7,0.125,0,55.0,3.419205278,52.30877468621094,58.6358908764085,58.62010448129742
1180,sub-10,pain,2,3,3,2,48.0,0.3,0.125,1,78.0,2.951997534,65.87409803747886,61.34834748948674,61.36492149638725
1181,sub-10,pain,2,4,4,1,47.0,0.3,0.125,0,44.33333333,4.103052491,50.432341143448845,44.89405118229555,44.91029625392464
1182,sub-10,pain,2,5,5,1,47.0,0.7,0.05,1,61.66666667,4.269878856,49.494124372067795,56.148909226385534,56.16526029862734
1183,sub-10,pain,2,6,6,2,48.0,0.7,0.125,1,83.33333333,3.95282075,63.05944772333571,70.30786106673455,70.29215505641743
1184,sub-10,pain,2,7,7,1,47.0,0.3,0.05,1,48.0,4.103007397,47.6176908293057,42.40706953227259,42.39098396323785
1185,sub-10,pain,2,8,8,2,48.0,0.3,0.05,1,53.0,3.335793651,61.183014180573615,55.983862186497056,55.96792622015415
1187,sub-10,pain,2,10,10,1,47.0,0.3,0.125,1,43.66666667,2.918517814,44.80304051516256,40.11983304827804,40.1358597717228
1188,sub-10,pain,2,11,11,1,47.0,0.7,0.125,1,64.66666667,3.86958577,43.86482374378151,50.992277072271904,50.97612319869002
1189,sub-10,pain,2,12,12,2,48.0,0.7,0.125,0,89.0,1.717939914,57.43014709504942,63.60449652027572,63.588412336997045
1191,sub-10,vision,2,14,2,1,0.5,0.3,0.05,1,48.0,4.002932104,48.88842339081227,44.52933521909276,44.13988868377546
1192,sub-10,vision,2,15,3,1,0.5,0.7,0.125,0,59.33333333,4.052875206,48.931737362451116,54.10281274990038,53.712420275279314
1193,sub-10,vision,2,16,4,2,0.6,0.7,0.125,1,79.33333333,4.203030131,60.751239664456264,67.11961107340063,66.73171265688774
1194,sub-10,vision,2,17,5,1,0.5,0.3,0.125,0,24.0,3.202292129,49.01836530572879,44.551642629053674,44.9371459559011
1195,sub-10,vision,2,18,6,2,0.6,0.7,0.05,1,66.0,4.253023304,60.83786760773395,66.17795853420056,66.56785703999996
1196,sub-10,vision,2,19,7,1,0.5,0.7,0.125,1,73.66666667,2.71859208,49.10499324900647,55.399180535664726,55.013160471885826
1197,sub-10,vision,2,20,8,1,0.5,0.7,0.05,1,77.33333333,4.453361734,49.14830722064531,54.41563659018407,54.80687938934067
1198,sub-10,vision,2,21,9,2,0.6,0.7,0.125,0,79.33333333,3.619288377,60.96780952265047,66.20026594416147,65.81280165119765
1199,sub-10,vision,2,22,10,2,0.6,0.3,0.05,1,50.0,4.33647785,61.01112349428931,56.710571225915,56.32512099100856
1201,sub-10,vision,2,24,12,2,0.6,0.3,0.125,0,92.0,2.801883973,61.097751437566984,56.690987229595336,57.07995279747682
1202,sub-10,vision,3,1,1,1,0.5,0.3,0.05,-1,30.0,2.968888541,50.05825496664147,44.18260694526217,43.79528565811109
1203,sub-10,vision,3,2,2,1,0.5,0.7,0.05,-1,66.0,1.667883608,50.10156893828031,53.85945128495061,54.2501490353894
1204,sub-10,vision,3,3,3,1,0.5,0.7,0.125,-1,61.33333333,3.669099616,50.14488290991915,54.92677804299241,54.54128104924932
1205,sub-10,vision,3,4,4,2,0.6,0.7,0.125,-1,88.0,2.401615145,61.96438521192431,66.81477420585063,66.42953509688076
1206,sub-10,vision,3,5,5,1,0.5,0.3,0.05,0,34.66666667,4.252975721,50.23151085319683,44.63182233193381,44.24117292953329
1207,sub-10,vision,3,6,6,1,0.5,0.7,0.05,0,57.33333333,3.352687767,50.27482482483567,54.30866667162225,54.69603630681161
1208,sub-10,vision,3,7,7,2,0.6,0.3,0.05,-1,71.33333333,3.619266296,62.094327126840824,56.28006013952326,55.89566703402943
1210,sub-10,vision,3,9,9,2,0.6,0.3,0.125,-1,62.66666667,2.885417823,62.1809550701185,57.389278303845636,57.781537174474686
1211,sub-10,vision,3,10,10,2,0.6,0.7,0.05,0,50.0,3.869709548,62.224269041757346,66.32233705332217,66.71156675141518
1212,sub-10,vision,3,11,11,2,0.6,0.7,0.05,-1,56.66666667,3.302314552,62.267583013396184,66.08257869805342,66.47780680827988
1213,sub-10,vision,3,12,12,2,0.6,0.3,0.05,0,60.66666667,2.985544742,62.31089698503502,56.771166932475474,56.38397977110902
1214,sub-10,pain,3,13,1,1,47.0,0.7,0.05,-1,88.0,4.003165664,52.16886130449786,57.174166932821095,57.19045205447583
1215,sub-10,pain,3,14,2,2,48.0,0.3,0.125,-1,54.66666667,3.569232071,65.73418465576577,59.504209525803205,59.52056845183018
1216,sub-10,pain,3,15,3,1,47.0,0.7,0.05,0,55.33333333,4.386486573,50.292427761735766,55.89776165194647,55.91407705784552
1217,sub-10,pain,3,16,4,2,48.0,0.7,0.05,0,79.33333333,3.419132815,63.85775111300367,69.47455430617094,69.49101931476183
1218,sub-10,pain,3,17,5,1,47.0,0.7,0.125,-1,64.33333333,3.402355946,48.415994218973665,53.93046522545352,53.914344821475545
1219,sub-10,pain,3,18,6,2,48.0,0.3,0.05,0,60.66666667,3.502631522,61.98131757024158,55.73271461205799,55.716742979372334
1220,sub-10,pain,3,19,7,2,48.0,0.7,0.125,-1,68.33333333,3.919504615,61.043100798860536,66.55079265630496,66.53477214492332
1221,sub-10,pain,3,20,8,2,48.0,0.7,0.05,-1,65.0,2.785224972,60.104884027479486,65.01216824680739,65.02830471058103
1222,sub-10,pain,3,21,9,1,47.0,0.3,0.125,-1,30.33333333,2.785327602,44.66312713344948,38.27569508459451,38.29150672716573
1223,sub-10,pain,3,22,10,1,47.0,0.3,0.05,-1,37.66666667,3.435780309,43.72491036206843,36.737070675096945,36.72057118480671
1224,sub-10,pain,3,23,11,2,48.0,0.3,0.05,-1,43.33333333,2.285005873,57.29023371333634,50.313863329321414,50.29751344172301
1225,sub-10,pain,3,24,12,1,47.0,0.3,0.05,0,36.0,3.085634652,41.84847681930633,35.46066539422232,35.4441961881764
1226,sub-10,pain,4,1,1,1,47.0,0.3,0.125,0,89.33333333,1.467680774,51.09073115140372,45.364437222485705,45.380721076111016
1227,sub-10,pain,4,2,2,1,47.0,0.7,0.125,0,83.0,1.834652127,50.15251438002267,56.23688124647957,56.220984503078235
1228,sub-10,pain,4,3,3,1,47.0,0.3,0.05,1,46.0,2.685213123,49.21429760864163,43.833920795835766,43.81792371889274
1230,sub-10,pain,4,5,5,1,47.0,0.3,0.125,1,23.33333333,2.418391392,47.33786406587953,42.50314953521425,42.51931446084621
1231,sub-10,pain,4,6,6,2,48.0,0.3,0.05,1,39.0,2.802006818,60.90318741714744,55.497783003314176,55.48183610887201
1232,sub-10,pain,4,7,7,2,48.0,0.3,0.125,1,30.66666667,2.184843189,59.9649706457664,55.12347696606569,55.13974178429399
1233,sub-10,pain,4,8,8,2,48.0,0.7,0.05,1,69.0,3.335637529,59.02675387438535,65.41376180393502,65.43005271038743
1234,sub-10,pain,4,9,9,1,47.0,0.7,0.05,1,51.33333333,2.384955211,43.58499698035534,49.92403870296449,49.94008058653408
1235,sub-10,pain,4,10,10,2,48.0,0.3,0.125,0,30.33333333,3.002265943,57.15032033162325,51.28950808972594,51.30554386527916
1236,sub-10,pain,4,11,11,1,47.0,0.7,0.125,1,64.0,3.819532885,41.70856343759324,48.59326744234297,48.577003220470836
1237,sub-10,pain,4,12,12,2,48.0,0.7,0.125,0,82.0,3.886188169,55.273886788861155,61.205486890346776,61.18929235877786
1238,sub-10,vision,4,13,1,1,0.5,0.3,0.125,0,32.33333333,2.76873018,51.2714005141095,46.59530711321409,46.97753645879694
1239,sub-10,vision,4,14,2,2,0.6,0.3,0.05,1,43.0,2.835327618,63.09090281611466,58.58667008495311,58.19580963127488
1240,sub-10,vision,4,15,3,1,0.5,0.7,0.125,1,66.66666667,3.986282433,51.35802845738718,57.44284501982514,57.05355097478167
1241,sub-10,vision,4,16,4,2,0.6,0.7,0.05,1,85.33333333,3.719325417,63.17753075939234,68.30540583092213,68.69309847421057
1242,sub-10,vision,4,17,5,1,0.5,0.3,0.05,1,47.0,3.202385429,51.44465640066486,46.86623954721721,46.47725744627297
1243,sub-10,vision,4,18,6,1,0.5,0.7,0.05,1,48.0,3.402582353,51.4879703723037,56.54308388690565,56.93212082355128
1244,sub-10,vision,4,19,7,1,0.5,0.7,0.125,0,39.66666667,3.552444005,51.53128434394254,56.48160848430541,56.09221450343421
1245,sub-10,vision,4,20,8,2,0.6,0.3,0.125,1,55.66666667,4.319835021,63.35078664594769,59.8634538743978,60.251381634349656
1246,sub-10,vision,4,21,9,2,0.6,0.3,0.125,0,36.0,3.752741072,63.39410061758653,58.77654312003633,59.16276876603005
1247,sub-10,vision,4,22,10,2,0.6,0.7,0.125,0,69.66666667,2.068061002,63.43741458922538,68.45338745972477,68.0653194823804
1248,sub-10,vision,4,23,11,2,0.6,0.7,0.125,1,77.0,2.068244492,63.480728560864215,69.62408102664739,69.23878328201478
1249,sub-10,vision,4,24,12,1,0.5,0.3,0.125,1,28.0,2.61854571,51.747854202136736,48.18491474294247,48.57525491500513
1250,sub-10,pain,5,1,1,2,48.0,0.7,0.05,0,95.66666667,1.984729612,64.51614112095855,69.94494034636108,69.96144413694819
1251,sub-10,pain,5,2,2,1,47.0,0.3,0.05,-1,28.33333333,2.551808011,49.074384226928544,41.98978283215223,41.97357067433567
1252,sub-10,pain,5,3,3,2,48.0,0.3,0.05,0,44.0,2.334851633,62.63970757819646,56.20310065224813,56.1871678015587
1254,sub-10,pain,5,5,5,2,48.0,0.3,0.05,-1,29.33333333,4.219679179,60.763274035434364,53.653645039630646,53.63748306431493
1255,sub-10,pain,5,6,6,1,47.0,0.7,0.05,0,51.0,3.235730798,45.32151714140436,50.629356351898444,50.64541227922077
1256,sub-10,pain,5,7,7,2,48.0,0.7,0.05,-1,49.66666667,2.835401325,58.88684049267226,63.56962384025148,63.58569966583035
1257,sub-10,pain,5,8,8,1,47.0,0.7,0.05,-1,62.33333333,3.569177957,43.445083598642256,48.07990073928095,48.095727541977006
1258,sub-10,pain,5,9,9,2,48.0,0.7,0.125,-1,71.66666667,2.084735241,57.01040694991017,62.23885257962996,62.222622299767096
1259,sub-10,pain,5,10,10,1,47.0,0.3,0.05,0,32.33333333,4.153065258,41.56865005588016,34.97458621103944,34.958106076894246
1260,sub-10,pain,5,11,11,1,47.0,0.3,0.125,-1,25.66666667,3.051990413,40.63043328449911,33.96375500791952,33.979356882009505
1261,sub-10,pain,5,12,12,2,48.0,0.3,0.125,-1,27.33333333,2.852017407,54.195756635767026,47.54054766214398,47.5562991389258
1262,sub-10,vision,5,13,1,2,0.6,0.7,0.05,0,71.0,2.585401869,64.26073439194386,68.15654450607973,68.53982992602413
1263,sub-10,vision,5,14,2,1,0.5,0.3,0.05,-1,38.66666667,2.885417201,52.52786003321638,46.43572846082547,46.04780348929385
1264,sub-10,vision,5,15,3,2,0.6,0.3,0.05,-1,51.66666667,3.535889812,64.34736233522153,58.32372462368368,57.93605753692528
1265,sub-10,vision,5,16,4,1,0.5,0.7,0.05,0,57.33333333,3.002017143,52.61448797649406,56.43611396834382,56.821277741022215
1266,sub-10,vision,5,17,5,2,0.6,0.3,0.05,0,59.0,2.602096634,64.43399027849921,58.68915719779417,58.29709387703272
1267,sub-10,vision,5,18,6,1,0.5,0.7,0.125,-1,56.66666667,2.885251127,52.70111591977174,57.263682371116865,56.87864981174684
1268,sub-10,vision,5,19,7,1,0.5,0.7,0.05,-1,62.33333333,3.752727699,52.744429891410576,56.28013842563621,56.672368729201686
1269,sub-10,vision,5,20,8,1,0.5,0.3,0.05,0,27.66666667,3.285607657,52.787743863049414,46.96872666005826,46.57854169203082
1270,sub-10,vision,5,21,9,2,0.6,0.3,0.125,-1,67.33333333,3.018997717,64.60724616505458,59.60050841312836,59.99162954000006
1271,sub-10,vision,5,22,10,2,0.6,0.7,0.125,-1,79.0,2.718783034,64.65056013669341,69.2773527528168,68.89418025635041
1272,sub-10,vision,5,23,11,2,0.6,0.7,0.05,-1,85.33333333,3.652662358,64.69387410833225,68.29380880733615,68.68789917380526
1273,sub-10,vision,5,24,12,1,0.5,0.3,0.125,-1,35.33333333,3.252400994,52.960999749604774,47.88007787539246,48.27307735499816
1274,sub-10,pain,6,1,1,1,47.0,0.3,0.125,0,83.66666667,1.751302699,48.934470845215465,42.965427592556765,42.981601097891826
1275,sub-10,pain,6,2,2,2,48.0,0.3,0.125,0,86.33333333,3.219049405,62.49979419648338,56.54222024678123,56.55854335480813
1276,sub-10,pain,6,3,3,2,48.0,0.7,0.125,1,82.0,1.801469722,61.56157742510233,68.37923747699575,68.36345990038461
1277,sub-10,pain,6,4,4,2,48.0,0.7,0.125,0,75.66666667,1.917861916,60.62336065372128,66.45819904740208,66.44229184830682
1278,sub-10,pain,6,5,5,1,47.0,0.3,0.05,1,33.33333333,3.735879922,45.18160375969127,39.521980719160766,39.505773873736516
1279,sub-10,pain,6,6,6,2,48.0,0.3,0.125,1,54.33333333,3.135649285,58.746927110959184,53.68093255950978,53.69713673954332
1280,sub-10,pain,6,7,7,1,47.0,0.7,0.125,1,62.66666667,2.201733885,43.30517021692918,50.02011870590614,50.00394297612572
1281,sub-10,pain,6,8,8,1,47.0,0.3,0.125,1,26.0,3.369223611,42.36695344554813,37.234744235166225,37.250649682221464
1282,sub-10,pain,6,9,9,1,47.0,0.7,0.05,1,46.33333333,2.818752898,41.428736674167084,47.52502907303555,47.54096060831489
1283,sub-10,pain,6,10,10,2,48.0,0.3,0.05,1,57.33333333,2.451685757,54.99406002543499,49.27291247989312,49.256656396778745
1284,sub-10,pain,6,11,11,2,48.0,0.7,0.05,1,82.33333333,3.569214033,54.05584325405395,60.14535650388699,60.16138793176267
1285,sub-10,pain,6,12,12,1,47.0,0.7,0.125,0,72.66666667,2.251706843,38.61408636002393,44.27321938282034,44.25671519017386
1286,sub-10,vision,6,13,1,2,0.6,0.7,0.125,0,82.0,1.267611359,65.47387993941189,70.28759491248232,69.89358265698934
1287,sub-10,vision,6,14,2,2,0.6,0.7,0.05,1,68.66666667,2.518491254,65.51719391105073,70.43285312764371,70.81833990842118
1288,sub-10,vision,6,15,3,1,0.5,0.3,0.05,1,47.66666667,2.13470198,53.784319552323254,48.99368684393878,48.60249888048359
1289,sub-10,vision,6,16,4,1,0.5,0.7,0.125,1,47.66666667,3.185619133,53.82763352396209,59.69596653538845,59.30606880596443
1290,sub-10,vision,6,17,5,2,0.6,0.3,0.125,1,40.66666667,2.068079662,65.64713582596724,61.94900976483879,62.33419760290289
1291,sub-10,vision,6,18,6,1,0.5,0.3,0.125,1,30.33333333,2.635433917,53.91426146723977,50.14479641454174,50.53079448658622
1292,sub-10,vision,6,19,7,2,0.6,0.7,0.125,1,76.0,3.936191917,65.73376376924493,71.6677455108078,71.27917378491063
1293,sub-10,vision,6,20,8,1,0.5,0.7,0.125,0,71.66666667,2.935491546,54.000889410517445,58.73472999986871,58.344732334616964
1294,sub-10,vision,6,21,9,1,0.5,0.3,0.125,0,41.33333333,2.552041572,54.04420338215629,49.14166847274142,49.52703254958137
1295,sub-10,vision,6,22,10,2,0.6,0.3,0.05,1,55.0,2.768534872,65.86370568416145,61.133031444480444,60.74530572205931
1297,sub-10,vision,6,24,12,1,0.5,0.7,0.05,1,12.33333333,3.902847481,54.174145297072805,59.005662433871834,59.39676598302095
1298,sub-11,vision,1,1,1,1,0.5,0.3,0.125,-1,30.0,2.851939578,47.84927534755053,43.19702014522933,43.61113673344831
1299,sub-11,vision,1,2,2,1,0.5,0.7,0.125,-1,70.66666667,2.95212587,47.917730375488475,53.16310604849001,52.76004335290815
1300,sub-11,vision,1,3,3,2,0.6,0.7,0.05,0,65.0,2.251718454,59.774923610117035,64.07856827270899,64.48736669745085
1301,sub-11,vision,1,4,4,1,0.5,0.7,0.05,0,48.66666667,2.635279391,48.05464043136436,52.285932764826434,52.69498455028446
1302,sub-11,vision,1,5,5,2,0.6,0.3,0.125,-1,53.33333333,3.10240002,59.91183366599292,55.341532626211844,55.756561463324246
1303,sub-11,vision,1,6,6,1,0.5,0.7,0.05,-1,47.0,3.202469063,48.19155048724026,52.35693900747425,52.77249011847967
1304,sub-11,vision,1,7,7,1,0.5,0.3,0.05,0,31.0,3.235580754,48.2600055151782,42.60134844004571,42.1925296285935
1305,sub-11,vision,1,8,8,2,0.6,0.7,0.05,-1,65.66666667,3.052356013,60.117198749806754,64.36070069921678,64.77669781527179
1306,sub-11,vision,1,9,9,2,0.6,0.7,0.125,-1,71.0,3.052257113,60.1856537777447,65.5187447133325,65.11729363240981
1307,sub-11,vision,1,10,10,1,0.5,0.3,0.05,-1,21.33333333,1.984886748,48.46537059899203,42.74273007731352,42.340643713330614
1308,sub-11,vision,1,11,11,2,0.6,0.3,0.05,-1,47.66666667,3.185649952,60.32256383362059,54.67611637443606,54.27424289358082
1309,sub-11,vision,1,12,12,2,0.6,0.3,0.05,0,52.66666667,3.285821627,60.391018861558535,54.81623631564821,54.40856287501134
1310,sub-11,pain,1,13,1,2,48.0,0.3,0.05,0,81.33333333,1.984652562,68.49779884578545,62.417029980982825,62.386501125162305
1311,sub-11,pain,1,14,2,2,48.0,0.3,0.05,-1,61.33333333,2.501841767,67.54954755509185,60.62218154416879,60.59127578303813
1312,sub-11,pain,1,15,3,1,47.0,0.7,0.05,-1,49.33333333,4.236361997,52.41100755002359,57.870288555872435,57.90213997426968
1313,sub-11,pain,1,16,4,2,48.0,0.3,0.125,-1,65.0,2.218165759,65.65304497370461,59.251262169174076,59.28325593386133
1314,sub-11,pain,1,17,5,2,48.0,0.7,0.125,-1,77.66666667,1.617798774,64.704793683011,70.72710872705338,70.69612131018346
1315,sub-11,pain,1,18,6,1,47.0,0.3,0.125,-1,42.33333333,1.78454371,49.566253677942754,43.0902958216523,43.121704454711825
1316,sub-11,pain,1,19,7,1,47.0,0.3,0.05,-1,38.66666667,2.785338637,48.618002387249135,41.561374994627805,41.52962543981865
1317,sub-11,pain,1,20,8,1,47.0,0.3,0.05,0,35.33333333,2.468456082,47.66975109655552,41.4229966300957,41.391451539229514
1318,sub-11,pain,1,21,9,2,48.0,0.7,0.05,-1,70.0,2.118069348,60.91178852023654,66.29834769800968,66.33009448256594
1319,sub-11,pain,1,22,10,1,47.0,0.7,0.05,0,67.66666667,1.784621772,45.77324851516829,51.932229787301935,51.9637683455406
1320,sub-11,pain,1,23,11,1,47.0,0.7,0.125,-1,71.66666667,2.235005396,44.82499722447468,50.699688776839324,50.66777134560734
1321,sub-11,pain,1,24,12,2,48.0,0.7,0.05,0,89.0,2.235038984,58.0670346481557,64.22674253213145,64.25852133926348
1322,sub-11,pain,2,1,1,1,47.0,0.3,0.125,1,48.33333333,1.567836872,53.44260804123746,48.58163000173169,48.61380627720589
1323,sub-11,pain,2,2,2,1,47.0,0.7,0.125,1,55.66666667,2.284817394,52.49435675054385,60.05747655961098,60.02667165352803
1324,sub-11,pain,2,3,3,2,48.0,0.3,0.125,1,80.66666667,1.701149161,65.73639417422487,60.8761427465612,60.90855927092876
1325,sub-11,pain,2,4,4,2,48.0,0.3,0.05,1,89.33333333,2.034764679,64.78814288353125,59.347221919536715,59.31648025603559
1326,sub-11,pain,2,5,5,2,48.0,0.7,0.05,1,65.66666667,2.218261237,63.839891592837645,70.823068477416,70.85549668370334
1327,sub-11,pain,2,6,6,1,47.0,0.7,0.125,0,44.33333333,2.418454682,48.701351587769395,55.37188384277435,55.34056654593002
1328,sub-11,pain,2,7,7,1,47.0,0.3,0.125,0,32.33333333,1.834905253,47.753100297075775,41.96281048354892,41.994301926894565
1329,sub-11,pain,2,8,8,2,48.0,0.7,0.125,1,83.0,1.651002833,60.9951377207568,68.48553570174823,68.45462616182427
1330,sub-11,pain,2,9,9,2,48.0,0.7,0.125,0,74.33333333,1.451054149,60.04688643006318,66.6997831869308,66.66861991829623
1331,sub-11,pain,2,10,10,1,47.0,0.7,0.05,1,31.33333333,2.752151372,44.90834642499493,51.762261927875024,51.79384634048386
1332,sub-11,pain,2,11,11,2,48.0,0.3,0.125,0,80.66666667,1.76793857,58.15038384867596,52.3240964270323,52.355655677904124
1333,sub-11,pain,2,12,12,1,47.0,0.3,0.05,1,38.66666667,1.951397187,43.01184384360771,37.38657516797653,37.354731048746146
1334,sub-11,vision,2,13,1,1,0.5,0.3,0.125,1,57.0,2.285269594,48.94343303081465,45.46041056580883,45.870492248850304
1335,sub-11,vision,2,14,2,2,0.6,0.7,0.125,1,71.66666667,2.702048896,60.80062626544321,67.28950737157206,66.88238953201842
1336,sub-11,vision,2,15,3,1,0.5,0.7,0.125,0,47.66666667,2.368320795,49.08034308669055,54.29439371558102,53.88474503169326
1337,sub-11,vision,2,16,4,2,0.6,0.3,0.05,1,43.0,3.769475865,60.9375363213191,56.44687903267563,56.03933879318944
1338,sub-11,vision,2,17,5,1,0.5,0.7,0.05,1,39.66666667,3.369161439,49.217253142566435,54.549954033433764,54.961237117339756
1339,sub-11,vision,2,18,6,1,0.5,0.3,0.05,1,44.66666667,2.018064994,49.28570817050438,44.72461891941306,44.31756516256497
1340,sub-11,vision,2,19,7,1,0.5,0.3,0.125,0,26.66666667,2.101419423,49.35416319844232,44.680184785420295,45.088880994942976
1341,sub-11,vision,2,20,8,2,0.6,0.3,0.125,1,49.33333333,2.651984363,61.211356433070875,57.81604923065131,58.227742528351975
1342,sub-11,vision,2,21,9,2,0.6,0.3,0.125,0,47.33333333,2.60193258,61.27981146100882,56.68394647716282,57.09308869173509
1343,sub-11,vision,2,22,10,2,0.6,0.7,0.05,1,71.66666667,2.452143286,61.34826648894676,66.76484190903626,67.17727036375761
1344,sub-11,vision,2,23,11,1,0.5,0.7,0.125,1,38.66666667,2.885447799,49.6279833101941,56.05987502064942,55.65487551718734
1345,sub-11,vision,2,24,12,2,0.6,0.7,0.125,0,61.66666667,2.401572438,61.48517654482265,66.79078316966348,66.38321234427875
1346,sub-11,pain,3,1,1,2,48.0,0.3,0.125,-1,94.33333333,2.118219252,66.76799466543874,60.172888424050726,60.20489754347505
1347,sub-11,pain,3,2,2,1,47.0,0.7,0.05,-1,43.66666667,1.851339029,51.62945466037049,56.85868800940295,56.89038234117009
1348,sub-11,pain,3,3,3,2,48.0,0.3,0.05,0,71.33333333,2.468410986,64.87149208405151,58.50558923249414,58.47464462799274
1349,sub-11,pain,3,4,4,1,47.0,0.7,0.125,-1,25.66666667,1.834608243,49.73295207898326,55.48776863440823,55.456211440647685
1350,sub-11,pain,3,5,5,1,47.0,0.3,0.05,0,32.33333333,2.401809734,48.78470078828965,42.34462288497236,42.31309314884323
1351,sub-11,pain,3,6,6,2,48.0,0.3,0.05,-1,65.33333333,1.734685995,62.02673821197067,54.777513994333965,54.74602004315525
1352,sub-11,pain,3,7,7,2,48.0,0.7,0.05,0,35.33333333,1.851406206,61.078486921277054,67.08159558835423,67.11356219159052
1353,sub-11,pain,3,8,8,2,48.0,0.7,0.05,-1,20.66666667,2.585091389,60.13023563058344,65.2867471515402,65.31833684946635
1354,sub-11,pain,3,9,9,1,47.0,0.3,0.125,-1,25.66666667,2.551743956,44.99169562551519,38.212241672490535,38.243148336185605
1355,sub-11,pain,3,10,10,2,48.0,0.7,0.125,-1,66.66666667,1.901513036,58.23373304919621,63.91582777654548,63.88416594894393
1356,sub-11,pain,3,11,11,1,47.0,0.3,0.05,-1,41.33333333,2.401871313,43.09519304412796,35.71670744479298,35.68436969993578
1357,sub-11,pain,3,12,12,1,47.0,0.7,0.05,0,47.66666667,2.418508797,42.14694175343435,48.02078903881325,48.051911848371034
1358,sub-11,vision,3,13,1,1,0.5,0.3,0.05,0,51.0,2.235200085,50.03759071407878,44.16143152408349,43.74964192405121
1359,sub-11,vision,3,14,2,1,0.5,0.3,0.05,-1,48.0,2.918801141,50.106045742016725,44.16206237211132,43.75653897570451
1360,sub-11,vision,3,15,3,2,0.6,0.3,0.125,-1,53.33333333,2.568564622,61.963238976645286,57.18311728872958,57.596107824949605
1361,sub-11,vision,3,16,4,2,0.6,0.7,0.05,0,55.0,2.251647856,62.03169400458323,66.1312791190867,66.53873860870193
1362,sub-11,vision,3,17,5,1,0.5,0.7,0.05,-1,45.0,2.785577799,50.31141082583056,54.26889906461198,54.682644996646935
1363,sub-11,vision,3,18,6,2,0.6,0.3,0.05,0,66.66666667,2.351716899,62.16860406045912,56.376319399686,55.965675170469055
1364,sub-11,vision,3,19,7,2,0.6,0.7,0.05,-1,27.66666667,1.817978845,62.23705908839706,66.27266075635451,66.68685269343906
1365,sub-11,vision,3,20,8,1,0.5,0.7,0.05,0,28.66666667,1.684722538,50.516775909644394,54.54976979506411,54.958182011161284
1366,sub-11,vision,3,21,9,2,0.6,0.7,0.125,-1,57.66666667,2.134769655,62.37396914427295,67.50108016509022,67.09805702711898
1367,sub-11,vision,3,22,10,2,0.6,0.3,0.05,-1,51.0,2.635250778,62.44242417221089,56.58807643157379,56.18439777174809
1368,sub-11,vision,3,23,11,1,0.5,0.3,0.125,-1,24.0,2.852010176,50.722140993458225,45.88310954318695,46.297985293576595
1369,sub-11,vision,3,24,12,1,0.5,0.7,0.125,-1,25.33333333,3.252360056,50.79059602139617,55.84919544644763,55.44689191303644
1370,sub-11,vision,4,1,1,2,0.6,0.3,0.05,1,67.0,3.035561783,62.92048660403352,58.218088300573385,57.808276638272886
1371,sub-11,vision,4,2,2,1,0.5,0.7,0.125,1,41.33333333,2.56843711,51.20020342528085,57.40883192082723,57.00016226301932
1372,sub-11,vision,4,3,3,1,0.5,0.7,0.125,0,62.66666667,2.284929355,51.26865845321879,56.27672916733874,55.865508426402435
1373,sub-11,vision,4,4,4,2,0.6,0.7,0.125,0,75.0,2.76872199,63.12585168784735,68.21011546446128,67.79910760665263
1374,sub-11,vision,4,5,5,2,0.6,0.3,0.125,0,54.66666667,2.535134463,63.194306715785295,58.384780350440586,58.79141802027662
1375,sub-11,vision,4,6,6,2,0.6,0.7,0.125,1,68.0,2.385110982,63.26276174372324,69.55334440180974,69.14558699289525
1376,sub-11,vision,4,7,7,1,0.5,0.3,0.125,1,42.0,2.568549072,51.54247856497057,47.86499838528649,48.27490674281095
1377,sub-11,vision,4,8,8,2,0.6,0.3,0.125,1,50.66666667,2.618571931,63.399671799599126,59.79838468240903,60.20850592306115
1378,sub-11,vision,4,9,9,1,0.5,0.7,0.05,1,36.0,2.418452816,51.67938862084646,56.81379106367144,57.224434578216574
1379,sub-11,vision,4,10,10,1,0.5,0.3,0.05,1,29.0,2.234821592,51.747843648784404,46.98845594965074,46.58076262344179
1380,sub-11,vision,4,11,11,2,0.6,0.7,0.05,1,74.33333333,1.801315548,63.605036883412964,68.81755275541397,69.2286422750087
1381,sub-11,vision,4,12,12,1,0.5,0.3,0.125,0,27.0,2.001369352,51.88475370466029,47.01439721027796,47.42268697236171
1382,sub-11,pain,4,13,1,1,47.0,0.3,0.125,1,62.33333333,2.468488737,51.71280386089074,46.60341605458913,46.63534902274963
1383,sub-11,pain,4,14,2,2,48.0,0.3,0.05,1,83.0,2.284947394,64.95484128457176,59.302234773740295,59.271422244292644
1384,sub-11,pain,4,15,3,2,48.0,0.7,0.125,0,47.0,2.285130264,64.00658999387815,70.52124964382665,70.4903603919799
1385,sub-11,pain,4,16,4,2,48.0,0.7,0.05,1,46.66666667,3.002182006,63.05833870318453,69.81146793094652,69.84373905060373
1386,sub-11,pain,4,17,5,1,47.0,0.7,0.05,1,19.0,2.952372185,47.91979869811628,54.6171149840978,54.64888719281088
1387,sub-11,pain,4,18,6,2,48.0,0.7,0.125,1,47.0,2.368439287,61.1618361217973,68.4405485559518,68.40956815008133
1388,sub-11,pain,4,19,7,1,47.0,0.7,0.125,1,9.0,2.952196779,46.02329611672905,53.24619560910309,53.214716292288486
1389,sub-11,pain,4,20,8,1,47.0,0.3,0.05,1,21.0,2.434990779,45.07504482603544,39.27481482352624,39.243072279716515
1390,sub-11,pain,4,21,9,1,47.0,0.3,0.125,0,20.33333333,1.918047266,44.126793535341825,38.05136973506023,38.08244542972499
1391,sub-11,pain,4,22,10,2,48.0,0.3,0.125,0,66.0,2.301921695,57.368830959022844,51.31249588056281,51.34389804480452
1392,sub-11,pain,4,23,11,2,48.0,0.3,0.125,1,81.66666667,2.485055934,56.42057966832923,51.16502159403411,51.19650504561925
1393,sub-11,pain,4,24,12,1,47.0,0.7,0.125,0,46.33333333,1.867963451,41.28203966326098,47.59398949159339,47.561911563333815
1394,sub-11,vision,5,1,1,1,0.5,0.7,0.125,-1,48.66666667,2.068325149,52.22590608060703,57.05740155738546,56.65096162578458
1395,sub-11,vision,5,2,2,1,0.5,0.7,0.05,-1,65.66666667,2.0014866,52.294361108544976,56.04010833250973,56.45158284173038
1396,sub-11,vision,5,3,3,2,0.6,0.3,0.05,0,72.33333333,3.168898019,64.15155434317353,58.147528667583735,57.7346130155525
1397,sub-11,vision,5,4,4,2,0.6,0.3,0.05,-1,62.66666667,2.318438199,64.22000937111147,58.148159515611574,57.741510067205795
1398,sub-11,vision,5,5,5,2,0.6,0.7,0.05,0,52.66666667,2.752010798,64.28846439904943,68.1839899654644,68.59011051995302
1399,sub-11,vision,5,6,6,1,0.5,0.3,0.05,-1,44.66666667,2.53523274,52.56818122029676,46.425899402349,46.01973643658132
1400,sub-11,vision,5,7,7,1,0.5,0.3,0.05,0,70.66666667,1.984772609,52.6366362482347,46.566019343561145,46.15405641801185
1401,sub-11,vision,5,8,8,1,0.5,0.7,0.05,0,57.66666667,1.951318503,52.705091276172645,56.53210524682182,56.938945405870456
1402,sub-11,vision,5,9,9,1,0.5,0.3,0.125,-1,38.0,2.485341747,52.77354630411059,47.72469420570469,48.13753165520195
1403,sub-11,vision,5,10,10,2,0.6,0.7,0.05,-1,74.0,2.551821396,64.63073953873915,68.4661223919722,68.87944163777397
1404,sub-11,vision,5,11,11,2,0.6,0.3,0.125,-1,78.66666667,2.051526253,64.6991945666771,59.72845589744722,60.14173935199406
1405,sub-11,vision,5,12,12,2,0.6,0.7,0.125,-1,73.0,1.968030317,64.76764959461504,69.6945418007079,69.2906459714539
1406,sub-11,pain,5,13,1,1,47.0,0.3,0.125,-1,40.33333333,2.218557002,50.84790177071738,43.96693493073253,43.9982880525826
1407,sub-11,pain,5,14,2,2,48.0,0.3,0.05,-1,30.66666667,2.435064798,64.0899391943984,56.66575364988368,56.63436127412562
1408,sub-11,pain,5,15,3,2,48.0,0.7,0.05,-1,39.0,2.11802052,63.141687903704785,68.14160020776298,68.17337770179337
1409,sub-11,pain,5,16,4,2,48.0,0.7,0.05,0,34.33333333,2.235001353,62.19343661301117,68.00322184323088,68.03520380120423
1410,sub-11,pain,5,17,5,2,48.0,0.3,0.05,0,59.33333333,2.2849928,61.24518532231755,54.59414848400545,54.56278813082317
1411,sub-11,pain,5,18,6,1,47.0,0.7,0.05,-1,19.0,2.184968231,46.10664531724931,51.01402045956813,51.0451266012872
1412,sub-11,pain,5,19,7,1,47.0,0.7,0.125,-1,4.666666667,1.868020054,45.15839402655569,50.609714485246485,50.57765532212146
1413,sub-11,pain,5,20,8,2,48.0,0.7,0.125,-1,40.0,3.26913998,58.40043145023671,63.870840630749065,63.839107937200986
1414,sub-11,pain,5,21,9,1,47.0,0.7,0.05,0,10.0,1.751318814,43.261891445168466,48.94241529368989,48.97355345798476
1415,sub-11,pain,5,22,10,1,47.0,0.3,0.05,-1,7.0,3.385852416,42.313640154474854,34.70510689832349,34.67261206683617
1416,sub-11,pain,5,23,11,2,48.0,0.3,0.125,-1,46.33333333,3.419377432,55.55567757815587,48.528540470177504,48.55944407545222
1417,sub-11,pain,5,24,12,1,47.0,0.3,0.05,0,11.33333333,1.784702944,40.41713757308762,33.60011513311833,33.56773854489038
1418,sub-11,vision,6,1,1,2,0.6,0.7,0.125,1,78.0,2.15147245,65.10880197056177,71.18380288046751,70.77330780489487
1419,sub-11,vision,6,2,2,2,0.6,0.3,0.05,1,84.0,1.951280249,65.17725699849971,60.270799146951084,59.85964854952397
1420,sub-11,vision,6,3,3,1,0.5,0.3,0.125,1,63.66666667,2.234883171,53.45697381974705,49.56583225856424,49.973236071352474
1421,sub-11,vision,6,4,4,2,0.6,0.3,0.125,0,76.66666667,2.485218589,65.3141670543756,60.296740407578305,60.701572898443885
1422,sub-11,vision,6,5,5,1,0.5,0.3,0.05,1,50.66666667,1.90124806,53.593883875622936,48.6189144283085,48.20848343544141
1423,sub-11,vision,6,6,6,1,0.5,0.7,0.125,1,62.0,2.351793406,53.66233890356088,59.6726689510649,59.26335972389614
1424,sub-11,vision,6,7,7,2,0.6,0.3,0.125,1,68.66666667,2.368356871,65.51953213818943,61.710344739546755,62.118660801228415
1425,sub-11,vision,6,8,8,1,0.5,0.7,0.125,0,67.66666667,2.035163386,53.79924895943677,58.610941592196404,58.19931440382116
1426,sub-11,vision,6,9,9,2,0.6,0.7,0.125,0,74.0,2.718662122,65.65644219406532,70.54432788931895,70.13291358407136
1427,sub-11,vision,6,10,10,1,0.5,0.7,0.05,1,46.66666667,2.918679227,53.936159015312654,58.866501910049145,59.27580648946766
1428,sub-11,vision,6,11,11,1,0.5,0.3,0.125,0,75.66666667,2.201611313,54.0046140432506,48.92635726741568,49.332841850528965
1429,sub-11,vision,6,12,12,2,0.6,0.7,0.05,1,62.33333333,2.151463742,65.86180727787915,70.87026360179168,71.28001418625978
1430,sub-11,pain,6,13,1,2,48.0,0.7,0.125,0,61.33333333,2.435021568,64.17328839491866,70.47626249803022,70.44530238023697
1431,sub-11,pain,6,14,2,2,48.0,0.3,0.05,1,23.33333333,2.368407876,63.22503710422504,57.324020826597746,57.29296498983639
1432,sub-11,pain,6,15,3,1,47.0,0.3,0.125,0,13.33333333,3.035517931,48.08649709915679,41.87283619195608,41.90418590340868
1433,sub-11,pain,6,16,4,1,47.0,0.7,0.125,1,12.0,2.035157166,47.138245808463175,54.167821863979746,54.1363579019022
1434,sub-11,pain,6,17,5,2,48.0,0.3,0.125,1,9.333333333,2.184940863,60.380283232144194,54.986488050929964,55.01824551930294
1435,sub-11,pain,6,18,6,1,47.0,0.3,0.05,1,10.0,1.4176582,45.24174322707595,39.22982767772982,39.198014267973576
1436,sub-11,pain,6,19,7,2,48.0,0.7,0.125,1,8.333333333,2.568692756,58.48378065075697,65.49572120813619,65.46441127426841
1437,sub-11,pain,6,20,8,2,48.0,0.3,0.125,0,33.0,2.952064602,57.53552936006335,51.267508734766395,51.29884003306158
1438,sub-11,pain,6,21,9,2,48.0,0.7,0.05,1,31.66666667,2.518498845,56.58727806936974,63.000186980438635,63.0317836893642
1439,sub-11,pain,6,22,10,1,47.0,0.7,0.05,1,1.666666667,2.718579084,41.448738064301494,47.80583403358992,47.83693183157135
1440,sub-11,pain,6,23,11,1,47.0,0.3,0.125,1,4.666666667,2.318391548,40.500486773607875,34.95906810071591,34.98989555472681
1441,sub-11,pain,6,24,12,1,47.0,0.7,0.125,0,3.0,3.71932114,39.55223548291426,45.61577554445084,45.58345430887757
1442,sub-12,pain,1,1,1,2,48.0,0.3,0.05,0,28.66666667,2.635088123,69.13035652586801,63.325733610800995,63.33500574093947
1443,sub-12,pain,1,2,2,1,47.0,0.3,0.05,0,19.33333333,3.519170925,53.607725982771846,47.75026771895609,47.75968671892957
1444,sub-12,pain,1,3,3,1,47.0,0.7,0.125,-1,61.0,2.852087305,52.68605393490525,58.43603728915217,58.44551538747397
1445,sub-12,pain,1,4,4,2,48.0,0.7,0.125,-1,62.66666667,2.46837833,66.36534038226823,72.13570148758009,72.14507874146469
1446,sub-12,pain,1,5,5,2,48.0,0.7,0.05,0,59.66666667,2.601912054,65.44366833440164,71.50613684892201,71.49632322658815
1447,sub-12,pain,1,6,6,2,48.0,0.7,0.05,-1,61.66666667,2.018148032,64.52199628653504,69.54851752260767,69.53881685279444
1448,sub-12,pain,1,7,7,2,48.0,0.3,0.125,-1,29.0,2.385133374,63.60032423866844,57.389992322499644,57.38036969429252
1449,sub-12,pain,1,8,8,2,48.0,0.3,0.05,-1,20.33333333,2.818755112,62.67865219080185,55.7407092042357,55.75023236308823
1450,sub-12,pain,1,9,9,1,47.0,0.7,0.05,0,58.33333333,2.451780344,47.15602164770568,53.116968416951636,53.107370702549495
1451,sub-12,pain,1,10,10,1,47.0,0.7,0.05,-1,53.33333333,3.119032217,46.234349599839085,51.159349090637285,51.14986432875579
1452,sub-12,pain,1,11,11,1,47.0,0.3,0.125,-1,21.0,2.618850279,45.312677551972484,39.00082389052926,38.99141717025386
1453,sub-12,pain,1,12,12,1,47.0,0.3,0.05,-1,15.33333333,2.151607115,44.39100550410589,37.351540772265324,37.361279839049566
1454,sub-12,vision,1,13,1,2,0.6,0.7,0.05,-1,62.0,2.718596811,59.835307696006176,63.986685982346245,64.36257326362282
1455,sub-12,vision,1,14,2,1,0.5,0.3,0.05,-1,41.66666667,2.385042872,47.83974072796913,42.06999060968608,41.706099779481434
1456,sub-12,vision,1,15,3,1,0.5,0.3,0.05,0,28.0,2.351710368,47.8816392229989,42.257457478619266,41.88840229460578
1457,sub-12,vision,1,16,4,2,0.6,0.3,0.125,-1,39.33333333,2.451865248,59.96100318109548,55.41348707255739,55.78918250152797
1458,sub-12,vision,1,17,5,1,0.5,0.7,0.125,-1,53.0,2.218267146,47.96543621305843,53.18952557309164,52.82600810582209
1459,sub-12,vision,1,18,6,2,0.6,0.7,0.125,-1,56.66666667,2.918796165,60.04480017115501,65.34669612543189,64.98327631216515
1460,sub-12,vision,1,19,7,1,0.5,0.7,0.05,0,60.33333333,3.535714175,48.049233203117964,52.27750864777107,52.647210141282855
1461,sub-12,vision,1,20,8,1,0.5,0.7,0.05,-1,49.66666667,3.452512137,48.091131698147734,52.17688389511519,52.551441815784756
1462,sub-12,vision,1,21,9,2,0.6,0.3,0.05,0,43.33333333,4.420056354,60.170495656244306,54.631733321652774,54.26200597501447
1463,sub-12,vision,1,22,10,2,0.6,0.7,0.05,0,54.66666667,2.551934602,60.212394151274076,64.52152131638863,64.89101253725217
1464,sub-12,vision,1,23,11,1,0.5,0.3,0.125,-1,31.33333333,3.886161554,48.21682718323703,43.60368498532633,43.97805105368991
1465,sub-12,vision,1,24,12,2,0.6,0.3,0.05,-1,46.0,2.335088123,60.29619114133361,54.61795068527419,54.25277183914262
1466,sub-12,pain,2,1,1,1,47.0,0.3,0.125,1,71.33333333,2.685610144,53.46731346564372,48.98176331873898,48.972024617198194
1467,sub-12,pain,2,2,2,1,47.0,0.7,0.125,0,64.66666667,2.451890128,52.54564141777713,59.19440951386675,59.20381164217547
1468,sub-12,pain,2,3,3,1,47.0,0.3,0.05,1,22.0,2.451982186,51.62396936991053,46.394579353766545,46.404009451984315
1469,sub-12,pain,2,4,4,2,48.0,0.7,0.05,1,61.0,3.002098346,65.30325581727351,72.02625017714945,72.01640162766208
1470,sub-12,pain,2,5,5,2,48.0,0.7,0.125,0,56.0,3.33570049,64.38158376940692,71.0182720188777,71.02761932814701
1471,sub-12,pain,2,6,6,2,48.0,0.3,0.05,1,26.66666667,2.635193865,63.459911721540315,58.21844185877749,58.22781713795585
1472,sub-12,pain,2,7,7,2,48.0,0.3,0.125,1,28.0,2.118289539,62.53823967367372,57.991923283624445,57.98219880114097
1473,sub-12,pain,2,8,8,1,47.0,0.7,0.125,1,34.66666667,2.351802736,47.01560913057755,54.34846401673452,54.357955324274464
1474,sub-12,pain,2,9,9,1,47.0,0.3,0.125,0,21.66666667,3.552675103,46.09393708271096,40.69709696195233,40.68759125896495
1475,sub-12,pain,2,10,10,2,48.0,0.7,0.125,1,55.66666667,2.318449395,59.773223530073935,67.11022736845395,67.1196408442556
1476,sub-12,pain,2,11,11,1,47.0,0.7,0.05,1,53.0,2.652054339,44.250592986977765,50.8233792050536,50.81381560159465
1477,sub-12,pain,2,12,12,2,48.0,0.3,0.125,0,20.66666667,2.018030472,57.92987943434075,52.520959466963276,52.51139894493649
1478,sub-12,vision,2,13,1,2,0.6,0.3,0.125,1,43.66666667,2.785560383,60.984398155958615,57.63138655294744,58.00425201367117
1479,sub-12,vision,2,14,2,1,0.5,0.7,0.05,1,46.33333333,2.351716899,48.98883118792157,54.26452020108928,54.63671004348859
1480,sub-12,vision,2,15,3,2,0.6,0.7,0.125,1,52.66666667,3.385764402,61.06819514601815,67.56459560582195,67.19834582430836
1481,sub-12,vision,2,16,4,1,0.5,0.7,0.125,1,56.0,2.968854167,49.0726281779811,55.494267169758984,55.12761180759155
1482,sub-12,vision,2,17,5,2,0.6,0.3,0.05,1,50.66666667,3.835965466,61.15199213607768,56.662165933109634,56.29477297203332
1483,sub-12,vision,2,18,6,1,0.5,0.3,0.125,0,44.66666667,3.185693493,49.15642516804064,44.57354429575394,44.942955295233205
1484,sub-12,vision,2,19,7,1,0.5,0.3,0.05,1,44.33333333,2.201654232,49.198323663070404,44.63525855518533,44.26730605012964
1485,sub-12,vision,2,20,8,2,0.6,0.3,0.125,0,50.0,3.802800593,61.27768762116698,56.77413590623285,57.14349059638939
1486,sub-12,vision,2,21,9,1,0.5,0.3,0.125,1,46.66666667,4.286417822,49.28212065312994,45.86500552385503,46.23638766064624
1487,sub-12,vision,2,22,10,2,0.6,0.7,0.05,1,56.66666667,2.018006214,61.361484611226516,66.7256381604001,67.09684791352352
1488,sub-12,vision,2,23,11,2,0.6,0.7,0.125,0,64.66666667,2.718682959,61.403383106256285,66.75076601724601,66.3808515018397
1489,sub-12,vision,2,24,12,1,0.5,0.7,0.125,0,57.0,2.251789052,49.40781613821924,54.68043758118304,54.31011748512289
1490,sub-12,pain,3,1,1,1,47.0,0.3,0.05,-1,45.66666667,3.152295056,52.405228900649,45.26995588285919,45.279515774970655
1491,sub-12,pain,3,2,2,2,48.0,0.3,0.05,-1,52.33333333,4.269869285,66.08451534801198,58.96962008128712,58.979079128961374
1492,sub-12,pain,3,3,3,1,47.0,0.3,0.125,-1,23.66666667,2.501931025,50.56188480491581,44.105536460997655,44.09601960414617
1493,sub-12,pain,3,4,4,2,48.0,0.3,0.125,-1,34.33333333,2.651983741,64.24117125227879,57.80520065942558,57.79558295813689
1494,sub-12,pain,3,5,5,1,47.0,0.3,0.05,0,22.33333333,2.268313642,48.71854070918262,42.53807097563109,42.547632978716415
1495,sub-12,pain,3,6,6,1,47.0,0.7,0.05,-1,36.66666667,1.951278694,47.796868661316026,52.512458274271715,52.50295542660975
1496,sub-12,pain,3,7,7,1,47.0,0.7,0.05,0,36.33333333,3.702735905,46.87519661344943,52.59427590716909,52.58470613238428
1497,sub-12,pain,3,8,8,2,48.0,0.7,0.125,-1,45.0,2.401778322,60.55448306081241,65.9856038975466,65.99514716724194
1498,sub-12,pain,3,9,9,1,47.0,0.7,0.125,-1,29.66666667,2.618791189,45.03185251771624,50.41013800570169,50.41982814523204
1499,sub-12,pain,3,10,10,2,48.0,0.7,0.05,0,39.66666667,2.151461876,58.711138965079215,64.41813841218003,64.40851381835581
1500,sub-12,pain,3,11,11,2,48.0,0.7,0.05,-1,29.33333333,2.551982186,57.78946691721262,62.46051908586568,62.451007444562116
1501,sub-12,pain,3,12,12,2,48.0,0.3,0.05,0,25.66666667,2.835294941,56.86779486934603,50.61033009380807,50.6199293286496
1502,sub-12,vision,3,13,1,1,0.5,0.3,0.125,-1,45.0,2.151435751,50.096023152844246,45.25531198459246,45.629788696154044
1503,sub-12,vision,3,14,2,1,0.5,0.3,0.05,-1,50.0,2.835190754,50.13792164787401,44.15582819033871,43.79050837007682
1504,sub-12,vision,3,15,3,2,0.6,0.3,0.05,0,49.33333333,1.868043379,62.21728560597059,56.457044553473516,56.086811996731115
1505,sub-12,vision,3,16,4,2,0.6,0.7,0.05,-1,53.0,2.284970719,62.25918410100036,66.20278673741483,66.57678313865758
1506,sub-12,vision,3,17,5,1,0.5,0.7,0.125,-1,53.33333333,2.785301316,50.26361713296331,55.275363153744266,54.91041669641748
1507,sub-12,vision,3,18,6,2,0.6,0.7,0.125,-1,58.66666667,2.25160867,62.34298109105989,67.43253370608453,67.06768490276053
1509,sub-12,vision,3,20,8,2,0.6,0.7,0.05,0,54.66666667,2.25185343,62.42677808111942,66.52051678076397,66.8888869382213
1510,sub-12,vision,3,21,9,2,0.6,0.3,0.05,-1,58.66666667,2.285242537,62.468676576149186,56.57352509151087,56.20737914529863
1511,sub-12,vision,3,22,10,2,0.6,0.3,0.125,-1,50.33333333,2.001786097,62.510575071178955,57.75985100204192,58.1331936610021
1512,sub-12,vision,3,23,11,1,0.5,0.3,0.05,0,50.0,1.801362199,50.51500810314191,44.69066352438111,44.31894764370618
1513,sub-12,vision,3,24,12,1,0.5,0.7,0.05,0,49.0,3.235841064,50.55690659817168,54.58045151911696,54.94795420594387
1514,sub-12,vision,4,1,1,2,0.6,0.3,0.05,1,48.0,3.335752117,63.28257907586349,58.57431928120767,58.20611318337621
1515,sub-12,vision,4,2,2,2,0.6,0.3,0.125,1,45.0,2.518574108,63.32447757089325,59.760645191738725,60.13192769907968
1516,sub-12,vision,4,3,3,1,0.5,0.7,0.05,1,47.0,3.035751806,51.32891060285621,56.39377883988057,56.7643857288971
1517,sub-12,vision,4,4,4,2,0.6,0.3,0.125,0,49.0,3.119022576,63.40827456095279,58.68628925433088,59.05483080773228
1518,sub-12,vision,4,5,5,1,0.5,0.7,0.125,1,50.0,1.901438084,51.412707592915744,57.623525808550276,57.25528749300006
1519,sub-12,vision,4,6,6,1,0.5,0.7,0.125,0,52.33333333,2.034672621,51.45460608794551,56.505748813003784,56.13492350683953
1520,sub-12,vision,4,7,7,2,0.6,0.7,0.125,0,58.33333333,2.018276166,63.533970046042086,68.66291936534404,68.29219171318259
1521,sub-12,vision,4,8,8,1,0.5,0.3,0.125,0,48.0,3.285762536,51.53840307800505,46.74622399268387,47.11389807545484
1522,sub-12,vision,4,9,9,2,0.6,0.7,0.05,1,61.0,3.052301898,63.61776703610162,68.76805468291408,69.13798940930579
1523,sub-12,vision,4,10,10,1,0.5,0.3,0.125,1,50.33333333,2.368322039,51.62220006806458,47.99426416264632,48.36406334605475
1524,sub-12,vision,4,11,11,2,0.6,0.7,0.125,1,61.0,1.751536206,63.70156402616115,69.99780165158379,69.62889117340875
1525,sub-12,vision,4,12,12,1,0.5,0.3,0.05,1,47.0,1.751329699,51.70599705812411,46.938201426531215,46.56805011479065
1526,sub-12,pain,4,13,1,2,48.0,0.7,0.125,0,73.66666667,1.734557239,65.94410283088385,72.37138120251214,72.38071042600097
1527,sub-12,pain,4,14,2,2,48.0,0.7,0.05,1,75.33333333,2.168146943,65.02243078301726,71.5035576673669,71.49373705749686
1528,sub-12,pain,4,15,3,1,47.0,0.7,0.125,0,54.0,1.834672621,49.49980023992109,55.85801446395873,55.86751356998149
1529,sub-12,pain,4,16,4,2,48.0,0.3,0.125,0,41.33333333,2.568536943,63.17908668728407,57.625672037431684,57.616001378828805
1530,sub-12,pain,4,17,5,1,47.0,0.3,0.05,1,32.33333333,2.03487975,47.6564561441879,42.12028345715004,42.12983354578075
1531,sub-12,pain,4,18,6,1,47.0,0.7,0.125,1,24.33333333,1.701564973,46.734784096321306,53.82577150695197,53.83529075410925
1532,sub-12,pain,4,19,7,1,47.0,0.3,0.125,1,19.0,3.686368372,45.81311204845471,40.9558640352885,40.946337374956265
1533,sub-12,pain,4,20,8,2,48.0,0.3,0.125,1,35.0,2.735422764,59.49239849581769,54.655528233716424,54.645900728946984
1534,sub-12,pain,4,21,9,1,47.0,0.3,0.125,0,18.66666667,2.485078948,43.96976795272152,38.29860275875281,38.28917102078056
1535,sub-12,pain,4,22,10,2,48.0,0.7,0.125,1,20.66666667,2.301718921,57.649054400084495,64.71173316525443,64.72122060607121
1536,sub-12,pain,4,23,11,2,48.0,0.3,0.05,1,25.66666667,3.319109657,56.7273823522179,51.130443422035505,51.140007729723514
1537,sub-12,pain,4,24,12,1,47.0,0.7,0.05,1,25.33333333,2.134767478,41.20475180912173,47.48698415514558,47.477517529400664
1538,sub-12,pain,5,1,1,2,48.0,0.3,0.125,-1,75.33333333,2.952047497,64.88201826588913,58.22040899635153,58.21079622198126
1539,sub-12,pain,5,2,2,2,48.0,0.7,0.125,-1,54.66666667,2.71866772,63.960346218022536,69.21451477459802,69.22399393311508
1540,sub-12,pain,5,3,3,2,48.0,0.3,0.05,0,27.66666667,2.151433885,63.03867417015594,56.652943510984954,56.6624095965515
1541,sub-12,pain,5,4,4,1,47.0,0.3,0.05,0,34.33333333,1.868067326,47.51604362705977,41.07747761914005,41.087090574541605
1542,sub-12,pain,5,5,5,1,47.0,0.7,0.05,0,61.33333333,1.768163427,46.59437157919318,52.07158339738654,52.06204156221906
1543,sub-12,pain,5,6,6,1,47.0,0.3,0.125,-1,31.0,3.58588165,45.672699531326586,38.89333971767266,38.88396586393301
1544,sub-12,pain,5,7,7,2,48.0,0.3,0.05,-1,48.33333333,3.202191025,59.35198597868956,51.881621644545135,51.89126972072903
1545,sub-12,pain,5,8,8,2,48.0,0.7,0.05,0,58.33333333,2.585246891,58.43031393082297,63.89544590239748,63.885849248190596
1546,sub-12,pain,5,9,9,1,47.0,0.7,0.125,-1,44.33333333,2.918826954,42.9076833877268,48.011643802502164,48.02140790704764
1547,sub-12,pain,5,10,10,1,47.0,0.7,0.05,-1,32.0,2.134978961,41.986011339860205,46.362360684238226,46.353023852387
1548,sub-12,pain,5,11,11,2,48.0,0.7,0.05,-1,46.66666667,2.201645835,55.66529778722318,60.06202488266615,60.052587206377716
1549,sub-12,pain,5,12,12,1,47.0,0.3,0.05,-1,21.0,1.78462115,40.14266724412701,32.554552365866265,32.56443936268078
1550,sub-12,vision,5,13,1,1,0.5,0.7,0.125,-1,52.33333333,2.835412501,52.39420407274912,57.1875165018423,56.821756907760374
1551,sub-12,vision,5,14,2,1,0.5,0.7,0.05,0,56.66666667,1.517777626,52.43610256777888,56.23207851838309,56.599691848408014
1552,sub-12,vision,5,15,3,1,0.5,0.3,0.125,-1,45.66666667,2.06818613,52.47800106280865,47.4279916815224,47.80073147637569
1553,sub-12,vision,5,16,4,2,0.6,0.3,0.05,-1,52.0,2.318414251,64.55736502090522,58.442257381470256,58.0754522618284
1554,sub-12,vision,5,17,5,2,0.6,0.7,0.05,-1,56.33333333,2.101673825,64.599263515935,68.33204537620611,68.7044588240661
1555,sub-12,vision,5,18,6,1,0.5,0.3,0.05,-1,50.33333333,2.051572593,52.603696547897954,46.415350003545946,46.047985339924715
1556,sub-12,vision,5,19,7,1,0.5,0.3,0.05,0,39.33333333,2.868733808,52.64559504292772,46.60281687247914,46.23028785504906
1557,sub-12,vision,5,20,8,2,0.6,0.3,0.125,-1,55.0,2.385062154,64.72495900102429,59.75884646641726,60.13106806197125
1558,sub-12,vision,5,21,9,2,0.6,0.7,0.05,0,64.66666667,1.951413981,64.76685749605406,68.64977541955525,69.01656262362982
1559,sub-12,vision,5,22,10,2,0.6,0.3,0.05,0,58.33333333,1.984968853,64.80875599108383,58.846829541096696,58.474090251018374
1560,sub-12,vision,5,23,11,1,0.5,0.7,0.05,-1,50.0,3.902911622,52.81318902304678,56.47882223083641,56.85006028141491
1561,sub-12,vision,5,24,12,2,0.6,0.7,0.125,-1,57.0,1.717982889,64.89255298114335,69.77889763556907,69.41169606223468
1562,sub-12,pain,6,1,1,2,48.0,0.7,0.05,1,77.33333333,3.76972218,63.81993370089441,70.04296431087587,70.03319465332204
1563,sub-12,pain,6,2,2,1,47.0,0.3,0.05,1,26.66666667,2.985582464,48.29730315779825,42.53549179407598,42.54504680962511
1564,sub-12,pain,6,3,3,1,47.0,0.3,0.125,1,26.66666667,1.801383347,47.37563110993165,42.308973218922944,42.29942847281022
1565,sub-12,pain,6,4,4,1,47.0,0.3,0.125,0,26.0,2.06809314,46.45395906206505,40.58961278909574,40.5801399526441
1566,sub-12,pain,6,5,5,2,48.0,0.3,0.125,0,29.66666667,1.551116039,60.133245509428036,54.289276987523664,54.27970330663482
1567,sub-12,pain,6,6,6,1,47.0,0.7,0.05,1,45.66666667,1.968215675,44.610614966331866,50.715895032197,50.7063642952738
1568,sub-12,pain,6,7,7,1,47.0,0.7,0.125,0,50.66666667,1.93483932,43.68894291846527,49.70791687392524,49.71758199575873
1569,sub-12,pain,6,8,8,2,48.0,0.3,0.05,1,30.33333333,2.351717832,57.36822936582825,51.545651758961455,51.555220993567886
1570,sub-12,pain,6,9,9,2,48.0,0.7,0.125,1,42.33333333,2.268367756,56.44655731796165,63.25113980876339,63.26067820189639
1571,sub-12,pain,6,10,10,2,48.0,0.7,0.125,0,40.0,1.901501218,55.524885270095055,61.531779378936186,61.54138968173027
1572,sub-12,pain,6,11,11,2,48.0,0.3,0.125,1,26.66666667,2.201618777,54.60321322222846,49.44333149039143,49.43384698873381
1573,sub-12,pain,6,12,12,1,47.0,0.7,0.125,1,35.66666667,1.817973247,39.08058267913229,45.7998722235015,45.809603511867316
1574,sub-12,vision,6,13,1,1,0.5,0.3,0.05,1,54.66666667,2.735684007,53.54329453270155,48.546407367658695,48.17652066244167
1575,sub-12,vision,6,14,2,1,0.5,0.7,0.05,1,49.0,2.368401967,53.585193027731314,58.43619536239456,58.805527224679366
1576,sub-12,vision,6,15,3,1,0.5,0.7,0.125,1,56.0,2.685391508,53.627091522761084,59.62252127292561,59.2531618939692
1577,sub-12,vision,6,16,4,1,0.5,0.7,0.125,0,50.33333333,2.618570687,53.66899001779085,58.50474427737912,58.132797907808666
1578,sub-12,vision,6,17,5,2,0.6,0.3,0.125,0,58.0,2.284979738,65.74835397588743,60.815547893122165,61.18250649314079
1579,sub-12,vision,6,18,6,1,0.5,0.3,0.125,1,42.66666667,3.135684007,53.75278700785039,49.90641751074435,50.27540355739764
1580,sub-12,vision,6,19,7,2,0.6,0.7,0.05,1,68.33333333,2.435191687,65.83215096594697,70.76705014728941,71.13586381027493
1581,sub-12,vision,6,20,8,2,0.6,0.3,0.125,1,55.0,2.635131042,65.87404946097672,62.10700912122326,62.47593885855382
1582,sub-12,vision,6,21,9,2,0.6,0.7,0.125,1,60.33333333,2.718557624,65.91594795600649,71.99679711595911,71.62676557437788
1583,sub-12,vision,6,22,10,1,0.5,0.3,0.125,0,50.0,2.752042209,53.92038098796945,48.918903689613806,49.28484085567648
1584,sub-12,vision,6,23,11,2,0.6,0.3,0.05,1,54.66666667,2.585124355,65.99974494606603,61.0943674432468,60.72319272210285
1585,sub-12,vision,6,24,12,2,0.6,0.7,0.125,0,57.66666667,3.669470888,66.0416434410958,70.96586223668993,70.5929357778436
1586,sub-13,pain,1,1,1,1,47.0,0.3,0.125,-1,61.33333333,2.08477536,53.92438267368232,47.908288164892866,47.90011723603365
1587,sub-13,pain,1,2,2,2,48.0,0.7,0.05,0,78.33333333,1.834643419,67.5058609145929,73.6941877477559,73.68582253550747
1588,sub-13,pain,1,3,3,1,47.0,0.7,0.05,0,73.66666667,2.051480062,52.03325377079692,58.157175594788896,58.148951993590806
1589,sub-13,pain,1,4,4,1,47.0,0.7,0.05,-1,77.66666667,3.068862448,51.08768931935422,56.47734593431894,56.469230004517684
1590,sub-13,pain,1,5,5,2,48.0,0.7,0.125,-1,56.66666667,2.101516776,64.66916756026481,70.66870596867086,70.67657066319741
1591,sub-13,pain,1,6,6,2,48.0,0.7,0.05,-1,78.66666667,1.784505941,63.723603108822104,69.0918157426257,69.08366369854122
1592,sub-13,pain,1,7,7,2,48.0,0.3,0.05,0,46.33333333,1.951379578,62.778038657379405,56.72897428141073,56.73688320555994
1593,sub-13,pain,1,8,8,2,48.0,0.3,0.125,-1,43.0,2.201658934,61.832474205936705,55.651854065432524,55.64382285023528
1594,sub-13,pain,1,9,9,2,48.0,0.3,0.05,-1,65.33333333,2.952075906,60.886909754494006,54.07496383938736,54.08301560052244
1595,sub-13,pain,1,10,10,1,47.0,0.7,0.125,-1,72.33333333,2.168244834,45.41430261069802,51.23497068949016,51.24311765742326
1596,sub-13,pain,1,11,11,1,47.0,0.3,0.05,0,37.33333333,1.901313942,44.468738159255324,38.269419783783455,38.27757581575016
1597,sub-13,pain,1,12,12,1,47.0,0.3,0.05,-1,49.0,2.201824696,43.523173707812624,36.5895901233135,36.597853826677046
1598,sub-13,vision,1,13,1,1,0.5,0.7,0.125,-1,70.0,2.601714727,47.48040568608149,52.70618313614264,52.36626646759702
1599,sub-13,vision,1,14,2,1,0.5,0.3,0.05,-1,52.66666667,2.535194728,47.52241762030459,41.77805141364397,41.43724192489112
1600,sub-13,vision,1,15,3,2,0.6,0.3,0.05,0,59.33333333,2.251652418,59.34581111179658,53.819613831046155,53.473657560572036
1601,sub-13,vision,1,16,4,1,0.5,0.7,0.05,0,80.66666667,1.451083351,47.60644148875078,51.82297287222422,52.17022715344893
1602,sub-13,vision,1,17,5,2,0.6,0.7,0.125,-1,77.66666667,2.301480451,59.429834980242774,64.72501362268206,64.38464762383715
1603,sub-13,vision,1,18,6,2,0.6,0.7,0.05,-1,77.66666667,2.735292755,59.47184691446587,63.61440934711917,63.966487880768256
1604,sub-13,vision,1,19,7,2,0.6,0.3,0.125,-1,59.33333333,2.385078056,59.513858848688976,54.98935100805895,55.34110911888387
1605,sub-13,vision,1,20,8,1,0.5,0.7,0.05,-1,67.66666667,2.284863435,47.77448922564318,51.84117335751779,52.193009863904166
1606,sub-13,vision,1,21,9,2,0.6,0.3,0.05,-1,71.0,1.601168923,59.59788271713517,53.919679148652406,53.57807465081929
1607,sub-13,vision,1,22,10,1,0.5,0.3,0.125,-1,68.66666667,1.934691344,47.858513094089375,43.2570474346139,43.608448291915785
1608,sub-13,vision,1,23,11,2,0.6,0.7,0.05,0,72.0,2.9353715,59.681906585581366,63.96460060723265,64.3110598793771
1609,sub-13,vision,1,24,12,1,0.5,0.3,0.05,0,39.0,2.034831014,47.94253696253557,42.33290475453914,41.985899872980006
1610,sub-13,pain,2,1,1,2,48.0,0.3,0.125,1,90.0,0.950781837,67.44003609017257,62.62384808799252,62.61548435120335
1611,sub-13,pain,2,2,2,2,48.0,0.7,0.125,0,95.33333333,2.284962644,66.49447163872988,73.18277255143504,73.19048982389674
1612,sub-13,pain,2,3,3,2,48.0,0.7,0.05,1,90.33333333,1.51783971,65.54890718728717,72.16708663897201,72.15874273565177
1613,sub-13,pain,2,4,4,1,47.0,0.3,0.125,0,67.33333333,1.584588916,50.07630004349119,44.577270058336524,44.56916270094672
1614,sub-13,pain,2,5,5,1,47.0,0.7,0.125,1,83.66666667,2.451615471,49.13073559204849,56.25860314894332,56.26648792646258
1615,sub-13,pain,2,6,6,2,48.0,0.7,0.125,1,93.33333333,2.301760662,62.71221383295908,69.84725373880349,69.85506723645047
1616,sub-13,pain,2,7,7,1,47.0,0.7,0.125,0,82.33333333,1.501098917,47.23960668916309,53.74903727225434,53.75703681812259
1617,sub-13,pain,2,8,8,1,47.0,0.3,0.125,1,62.0,1.834645285,46.29404223772039,41.24175124570499,41.233740113500446
1618,sub-13,pain,2,9,9,2,48.0,0.3,0.05,1,83.66666667,2.134655641,59.875520478630975,54.22769239107342,54.23565778973987
1619,sub-13,pain,2,10,10,1,47.0,0.7,0.05,1,87.66666667,2.251731101,44.40291333483499,50.78498979668447,50.77699849794886
1620,sub-13,pain,2,11,11,2,48.0,0.3,0.125,0,84.33333333,2.368428386,57.984391575745576,52.320835958876174,52.31286831514836
1621,sub-13,pain,2,12,12,1,47.0,0.3,0.05,1,91.33333333,0.95072057,42.51178443194959,36.74231867499956,36.75049601589448
1622,sub-13,vision,2,13,1,1,0.5,0.3,0.125,0,72.0,1.851152207,48.606269108651205,44.05363428387582,44.40036764079309
1623,sub-13,vision,2,14,2,1,0.5,0.7,0.05,1,78.0,1.767952059,48.6482810428743,53.91721756648405,54.26631446626156
1624,sub-13,vision,2,15,3,1,0.5,0.7,0.125,0,80.33333333,1.867872785,48.6902929770974,53.95302656312428,53.60717490533042
1625,sub-13,vision,2,16,4,2,0.6,0.7,0.125,1,83.33333333,1.901541594,60.51368646858939,67.00571991243,66.6620381756746
1626,sub-13,vision,2,17,5,1,0.5,0.3,0.05,1,69.66666667,1.734935416,48.774316845543595,44.222487368017276,43.877901236312596
1627,sub-13,vision,2,18,6,2,0.6,0.3,0.125,0,71.66666667,2.168174237,60.59771033703559,56.113397186571575,56.45956598692924
1628,sub-13,vision,2,19,7,2,0.6,0.7,0.125,0,89.66666667,2.134674612,60.63972227125869,65.9718570496637,65.62555606157055
1629,sub-13,vision,2,20,8,2,0.6,0.7,0.05,1,84.33333333,1.317672952,60.68173420548179,66.01791288533614,66.36633000229372
1630,sub-13,vision,2,21,9,1,0.5,0.7,0.125,1,66.0,1.918041984,48.94236458243599,55.355281171297634,55.01101172849854
1631,sub-13,vision,2,22,10,2,0.6,0.3,0.125,1,78.0,1.48427913,60.765758073927984,57.43378696243225,57.78176843030534
1632,sub-13,vision,2,23,11,1,0.5,0.3,0.125,1,42.0,1.951692444,49.02638845088219,45.61961855667453,45.96747322354524
1633,sub-13,vision,2,24,12,2,0.6,0.3,0.05,1,69.33333333,2.368288747,60.84978194237418,56.36411510302571,56.018733962240766
1634,sub-13,pain,3,1,1,2,48.0,0.7,0.125,-1,97.33333333,1.284110506,66.42864681430953,72.33717981325928,72.34496500644983
1635,sub-13,pain,3,2,2,1,47.0,0.3,0.125,-1,61.0,1.651083724,50.95603967051355,44.7058581017142,44.69778349946419
1636,sub-13,pain,3,3,3,1,47.0,0.3,0.05,0,55.33333333,2.051336692,50.01047521907085,43.83461675458557,43.842552622860076
1637,sub-13,pain,3,4,4,1,47.0,0.7,0.05,0,84.33333333,1.267583369,49.06491076762815,54.95474553161023,54.946618257021335
1638,sub-13,pain,3,5,5,2,48.0,0.3,0.05,0,75.66666667,1.484348482,62.64638900853873,56.449086562892326,56.456986316883594
1639,sub-13,pain,3,6,6,1,47.0,0.3,0.05,-1,70.33333333,1.868018022,47.17378186474275,40.20642553100877,40.21453940185821
1640,sub-13,pain,3,7,7,2,48.0,0.3,0.05,-1,56.33333333,2.318414686,60.755260105653335,53.79507612086894,53.8031187118461
1641,sub-13,pain,3,8,8,1,47.0,0.7,0.125,-1,79.0,2.118150585,45.28265296185735,50.95508297097175,50.96322076874693
1642,sub-13,pain,3,9,9,2,48.0,0.7,0.05,-1,90.0,1.234186996,58.864131202767936,63.94102411634018,63.93303873004299
1643,sub-13,pain,3,10,10,2,48.0,0.3,0.125,-1,81.66666667,2.518494364,57.91856675132524,51.47524322070043,51.46734349770144
1644,sub-13,pain,3,11,11,2,48.0,0.7,0.05,0,90.0,0.850436597,56.97300229988254,62.69831143214988,62.69032387122297
1645,sub-13,pain,3,12,12,1,47.0,0.7,0.05,-1,87.0,1.250866522,41.500395156086554,46.45565040026632,46.44787695619758
1646,sub-13,vision,3,13,1,1,0.5,0.3,0.05,0,63.66666667,1.917898303,49.73213253122091,43.92154700749378,43.57448680174909
1647,sub-13,vision,3,14,2,2,0.6,0.3,0.05,-1,71.66666667,1.867928143,61.555526022712904,55.6720510662324,55.329930339172414
1648,sub-13,vision,3,15,3,2,0.6,0.7,0.05,0,88.0,1.984798654,61.597537956936,65.6760401086563,66.02209837783421
1649,sub-13,vision,3,16,4,2,0.6,0.7,0.05,-1,79.0,2.568546317,61.6395498911591,65.57144334548086,65.92242951860143
1650,sub-13,vision,3,17,5,2,0.6,0.7,0.125,-1,88.0,1.217550387,61.6815618253822,66.76391245335641,66.42222364146234
1651,sub-13,vision,3,18,6,1,0.5,0.7,0.05,0,74.0,2.251737321,49.9421922023364,53.94373653521126,54.28943755086612
1652,sub-13,vision,3,19,7,1,0.5,0.7,0.05,-1,69.66666667,2.034869889,49.984204136559505,53.839139772035814,54.18976869163334
1653,sub-13,vision,3,20,8,1,0.5,0.3,0.125,-1,47.0,2.151561886,50.0262160707826,45.21408143297559,45.564389929748955
1654,sub-13,vision,3,21,9,1,0.5,0.7,0.125,-1,58.33333333,2.201652092,50.0682280050057,55.07254129606771,54.73038000439027
1655,sub-13,vision,3,22,10,2,0.6,0.3,0.05,0,76.66666667,1.684594234,61.89162149649769,56.14503957481489,55.796953907469266
1656,sub-13,vision,3,23,11,2,0.6,0.3,0.125,-1,86.66666667,2.468452675,61.93363343072079,57.19197950335867,57.541953896093084
1657,sub-13,vision,3,24,12,1,0.5,0.3,0.05,-1,66.66666667,2.501789336,50.19426380767499,44.226274405881725,43.882989841476395
1658,sub-13,vision,4,1,1,1,0.5,0.3,0.125,0,44.33333333,1.517686076,50.85799595379062,46.092533114550186,46.43794365841828
1659,sub-13,vision,4,2,2,2,0.6,0.7,0.05,1,82.0,1.968117884,62.68138944528261,67.81121721907246,68.15900288054286
1660,sub-13,vision,4,3,3,2,0.6,0.7,0.125,1,79.0,2.268434575,62.72340137950571,69.00368632694803,68.65879700340378
1661,sub-13,vision,4,4,4,1,0.5,0.7,0.125,1,69.33333333,1.501162361,50.98403175645991,57.18951792119031,56.84450179664368
1662,sub-13,vision,4,5,5,1,0.5,0.3,0.125,1,51.66666667,2.018054766,51.02604369068301,47.41292289041086,47.760146101794376
1663,sub-13,vision,4,6,6,1,0.5,0.3,0.05,1,65.66666667,1.534415674,51.06805562490611,46.30231861484798,45.95629444383379
1664,sub-13,vision,4,7,7,2,0.6,0.3,0.05,1,89.0,2.051427814,62.89144911639811,58.19835185291838,57.852224030385905
1665,sub-13,vision,4,8,8,2,0.6,0.7,0.125,0,81.33333333,1.534534787,62.933461050621204,68.0516882964944,67.70394926909175
1666,sub-13,vision,4,9,9,1,0.5,0.7,0.125,0,62.66666667,1.918089256,51.19409142757541,56.23751989073668,55.88965406233165
1667,sub-13,vision,4,10,10,1,0.5,0.7,0.05,1,76.66666667,1.434409112,51.236103361798506,56.28357572640912,56.63042800305481
1668,sub-13,vision,4,11,11,2,0.6,0.3,0.125,0,90.0,0.950720259,63.0594968532905,58.35695809802763,58.701227954034465
1669,sub-13,vision,4,12,12,2,0.6,0.3,0.125,1,92.0,2.685396924,63.101508787513595,59.55455062541929,59.90097882772255
1670,sub-13,pain,4,13,1,1,47.0,0.3,0.125,0,97.66666667,1.334547786,50.890214846093215,45.271563121371535,45.26341142823476
1671,sub-13,pain,4,14,2,2,48.0,0.7,0.05,1,96.66666667,1.801325418,64.4716930870038,70.91301813890018,70.90470023101105
1672,sub-13,pain,4,15,3,1,47.0,0.3,0.125,1,66.0,1.634566229,48.99908594320782,43.88440587184684,43.876280072717236
1673,sub-13,pain,4,16,4,2,48.0,0.3,0.125,1,73.0,2.001496219,62.5805641841184,57.47305646170702,57.464859382705136
1674,sub-13,pain,4,17,5,2,48.0,0.7,0.125,1,96.0,2.034854339,61.63499973267571,68.59318523873166,68.60102473180976
1675,sub-13,pain,4,18,6,1,47.0,0.7,0.125,0,80.33333333,2.801975407,46.16239258887972,52.49496877218251,52.502994313481885
1676,sub-13,pain,4,19,7,2,48.0,0.3,0.05,1,77.66666667,2.485102656,59.7438708297903,53.94780467255501,53.955760901063535
1677,sub-13,pain,4,20,8,1,47.0,0.3,0.05,1,62.0,2.318277535,44.27126368599432,38.41079251958799,38.41889035914689
1678,sub-13,pain,4,21,9,1,47.0,0.7,0.05,1,84.66666667,2.568380865,43.32569923455162,49.53092129661265,49.522955993308145
1679,sub-13,pain,4,22,10,2,48.0,0.7,0.125,0,90.0,1.017347864,56.907177475462206,63.161077017382425,63.169136775576646
1680,sub-13,pain,4,23,11,2,48.0,0.3,0.125,0,66.0,2.785340975,55.961613024019506,50.092586677250935,50.08468019454327
1681,sub-13,pain,4,24,12,1,47.0,0.7,0.125,1,82.66666667,1.934725554,40.48900588022352,47.21108839644414,47.219280494106854
1682,sub-13,vision,5,1,1,2,0.6,0.3,0.05,0,81.33333333,1.884821015,63.76524093362922,57.815546660082205,57.46717521603038
1683,sub-13,vision,5,2,2,1,0.5,0.7,0.125,-1,67.66666667,1.35098069,52.025871310583426,56.824913213647704,56.48223569274339
1684,sub-13,vision,5,3,3,2,0.6,0.7,0.05,0,97.66666667,2.418377397,63.84926480207542,67.71493893933066,68.0596743954594
1685,sub-13,vision,5,4,4,1,0.5,0.3,0.05,0,64.66666667,1.501055688,52.10989517902962,46.08324308663717,45.7345143890623
1686,sub-13,vision,5,5,5,2,0.6,0.3,0.125,-1,83.33333333,1.26751215,63.93328867052161,58.985283837095,59.33462677434221
1687,sub-13,vision,5,6,6,1,0.5,0.7,0.05,-1,54.66666667,1.718067424,52.193919047475816,55.83710618655384,56.18652751936251
1688,sub-13,vision,5,7,7,1,0.5,0.3,0.125,-1,81.66666667,1.984655905,52.23593098169892,47.212047847493615,47.56114875747812
1689,sub-13,vision,5,8,8,2,0.6,0.7,0.125,-1,86.33333333,2.385069037,64.05932447319091,68.9256085324998,68.58225122877555
1690,sub-13,vision,5,9,9,1,0.5,0.3,0.05,-1,61.66666667,2.034726829,52.319954850145116,46.142375988087075,45.79811428941354
1691,sub-13,vision,5,10,10,2,0.6,0.7,0.05,-1,86.66666667,2.234826722,64.14334834163711,67.85593667309325,68.20490867560265
1692,sub-13,vision,5,11,11,2,0.6,0.3,0.05,-1,92.0,1.400997811,64.1853602758602,58.07934164231381,57.734861065861665
1693,sub-13,vision,5,12,12,1,0.5,0.7,0.05,0,80.0,1.551103908,52.44599065281441,56.22822986282366,56.57191670786735
1694,sub-13,pain,5,13,1,2,48.0,0.7,0.05,0,77.66666667,1.451168254,64.40586826258347,70.21186996605883,70.20359191026165
1695,sub-13,pain,5,14,2,1,47.0,0.7,0.05,-1,54.0,2.168086846,48.933261118787485,53.969208934175285,53.96114499523625
1696,sub-13,pain,5,15,3,1,47.0,0.3,0.125,-1,27.66666667,2.134920613,47.987696667344785,41.50342803853554,41.49544976289471
1697,sub-13,pain,5,16,4,2,48.0,0.3,0.125,-1,45.66666667,1.834625381,61.56917490825538,55.09207862839571,55.08402907288261
1698,sub-13,pain,5,17,5,2,48.0,0.3,0.05,-1,49.66666667,1.717911302,60.62361045681267,53.515188402350546,53.523221823169756
1699,sub-13,pain,5,18,6,1,47.0,0.7,0.125,-1,10.0,1.150803047,45.15100331301669,50.67519525245335,50.68332388007059
1700,sub-13,pain,5,19,7,2,48.0,0.7,0.05,-1,51.66666667,1.701302684,58.73248155392727,63.66113639782178,63.65314184136664
1701,sub-13,pain,5,20,8,1,47.0,0.7,0.05,0,11.66666667,2.251671389,43.25987441013129,48.829773123771304,48.82184767255874
1702,sub-13,pain,5,21,9,1,47.0,0.3,0.05,0,15.33333333,2.768669846,42.31430995868859,35.76128278363981,35.76949080646873
1703,sub-13,pain,5,22,10,2,48.0,0.3,0.05,0,55.33333333,2.218253868,55.895788199599174,49.34993337349998,49.358070116456624
1704,sub-13,pain,5,23,11,1,47.0,0.3,0.05,-1,16.0,2.168368612,40.42318105580319,33.10727234161643,33.11562320143123
1705,sub-13,pain,5,24,12,2,48.0,0.7,0.125,-1,26.33333333,2.234970093,54.004659296713776,59.39294193454643,59.4011751102366
1706,sub-13,vision,6,1,1,2,0.6,0.3,0.125,1,81.33333333,1.801317643,64.89110435619894,61.143192878373924,61.489565756491636
1707,sub-13,vision,6,2,2,2,0.6,0.7,0.05,1,90.0,0.800543876,64.93311629042203,69.85011604974683,70.19657889816804
1708,sub-13,vision,6,3,3,1,0.5,0.3,0.125,1,56.66666667,1.701126036,53.19374666737624,49.36995688877255,49.71608773962755
1709,sub-13,vision,6,4,4,2,0.6,0.3,0.125,0,90.0,0.750590199,65.01714015886823,60.109330015607625,60.45308364238759
1710,sub-13,vision,6,5,5,1,0.5,0.3,0.05,1,44.0,1.701182327,53.277770535822434,48.300285029366,47.953053271562965
1711,sub-13,vision,6,6,6,1,0.5,0.7,0.05,1,78.0,1.184089327,53.31978247004554,58.15874489245813,58.504735261095966
1712,sub-13,vision,6,7,7,1,0.5,0.7,0.125,0,73.66666667,2.451691044,53.361794404268636,58.194553889098366,57.84559570016482
1713,sub-13,vision,6,8,8,2,0.6,0.3,0.05,1,97.33333333,2.151396746,65.18518789576062,60.27818309974908,59.9306172379071
1714,sub-13,vision,6,9,9,1,0.5,0.3,0.125,0,57.0,1.634584267,53.44581827271483,48.458891274475256,48.802057195211525
1715,sub-13,vision,6,10,10,2,0.6,0.7,0.125,0,88.33333333,2.06816923,65.26921176420683,70.17245195948144,69.82315966650894
1716,sub-13,vision,6,11,11,1,0.5,0.7,0.125,1,78.66666667,2.184736828,53.529842141161026,59.51494366495904,59.16779814354092
1717,sub-13,vision,6,12,12,2,0.6,0.7,0.125,1,97.0,1.551159577,65.35323563265302,71.41097690302944,71.06372773009304
1718,sub-13,pain,6,13,1,2,48.0,0.7,0.125,1,92.33333333,1.768201791,63.39447898672044,70.2616590833201,70.26941907506216
1719,sub-13,pain,6,14,2,1,47.0,0.7,0.125,0,84.66666667,1.284188255,47.92187184292445,54.16344261677095,54.171388656734294
1720,sub-13,pain,6,15,3,1,47.0,0.7,0.05,1,61.0,1.350893921,46.976307391481754,53.14775670430792,53.13964156848931
1721,sub-13,pain,6,16,4,2,48.0,0.3,0.05,1,48.33333333,1.834701887,60.55778563239234,54.64209773559002,54.65000962835156
1722,sub-13,pain,6,17,5,2,48.0,0.7,0.05,1,84.0,1.351010546,59.612221180949646,65.76222651261467,65.75407526251283
1723,sub-13,pain,6,18,6,1,47.0,0.7,0.125,1,48.66666667,1.634420059,44.139614037153656,50.82792380413941,50.83596606928802
1724,sub-13,pain,6,19,7,2,48.0,0.3,0.125,0,85.0,2.218274705,57.72109227806424,51.76106052183937,51.753074537795676
1725,sub-13,pain,6,20,8,1,47.0,0.3,0.125,1,40.33333333,1.400957692,42.24848513426826,36.7852526824545,36.77736387229026
1726,sub-13,pain,6,21,9,1,47.0,0.3,0.05,1,79.33333333,1.867876828,41.30292068282556,35.20836245640933,35.216556622577414
1727,sub-13,pain,6,22,10,2,48.0,0.3,0.125,1,81.0,1.28404955,54.88439892373614,49.39972249076125,49.39179756631378
1728,sub-13,pain,6,23,11,2,48.0,0.7,0.125,0,66.0,2.051470732,53.93883447229344,59.95864695420376,59.966803039007175
1729,sub-13,pain,6,24,12,1,47.0,0.3,0.125,0,54.66666667,1.734565016,38.46622732849746,32.327325242658674,32.31962153202152
1730,sub-14,pain,1,1,1,1,47.0,0.7,0.05,-1,87.0,1.934811018,53.83549142022042,59.14678963832531,59.18464343457053
1731,sub-14,pain,1,2,2,2,48.0,0.7,0.05,-1,92.33333333,2.468501799,67.37131865417923,72.69444526296907,72.73267760883039
1732,sub-14,pain,1,3,3,1,47.0,0.3,0.125,-1,75.0,3.952855486,51.98858249294212,45.47855776072173,45.51592231314959
1733,sub-14,pain,1,4,4,2,48.0,0.3,0.05,-1,64.66666667,3.369129095,65.52440972690093,58.37354463351464,58.33697760378982
1734,sub-14,pain,1,5,5,1,47.0,0.3,0.05,0,55.66666667,2.685221077,50.14167356566382,44.16602248993588,44.129183358708694
1735,sub-14,pain,1,6,6,1,47.0,0.3,0.05,-1,70.66666667,3.302311073,49.21821910202467,41.98824644706055,41.9509097157599
1736,sub-14,pain,1,7,7,2,48.0,0.7,0.05,0,66.66666667,3.90317131,62.754046335983475,69.19693618222375,69.23488382423905
1737,sub-14,pain,1,8,8,1,47.0,0.7,0.125,-1,36.0,2.918516883,47.37131017474637,53.17829241261874,53.1409487883699
1738,sub-14,pain,1,9,9,2,48.0,0.3,0.05,0,75.66666667,1.951278383,60.907137408705175,54.876035552769316,54.83918381919848
1739,sub-14,pain,1,10,10,1,47.0,0.7,0.05,0,62.66666667,3.952926084,45.52440124746806,51.86575714183289,51.90280469828577
1740,sub-14,pain,1,11,11,2,48.0,0.3,0.125,-1,83.33333333,3.385854282,59.060228481426876,52.40504740780807,52.44187782194595
1741,sub-14,pain,1,12,12,2,48.0,0.7,0.125,-1,88.33333333,2.935347812,58.13677401778772,63.88830547545218,63.85094924885968
1742,sub-14,vision,1,13,1,2,0.6,0.3,0.05,0,65.66666667,2.168395436,59.568286631824684,54.01149332172391,53.60676159732084
1743,sub-14,vision,1,14,2,1,0.5,0.7,0.05,0,32.33333333,2.301581768,47.83280938612782,52.195835919697075,52.60134699154748
1744,sub-14,vision,1,15,3,1,0.5,0.7,0.125,-1,67.66666667,2.401616911,47.86223414641913,53.082097253411206,52.684166120878
1745,sub-14,vision,1,16,4,2,0.6,0.7,0.05,-1,78.33333333,2.118104802,59.65656091269861,63.8673083581221,64.27872522919515
1746,sub-14,vision,1,17,5,1,0.5,0.3,0.05,0,18.0,1.817997817,47.92108366700175,42.30811525117913,41.90334810021807
1747,sub-14,vision,1,18,6,2,0.6,0.3,0.125,-1,87.33333333,2.96915864,59.715410433281235,55.03407885808444,55.4452316906125
1748,sub-14,vision,1,19,7,1,0.5,0.3,0.125,-1,35.0,3.018618581,47.979933187584365,43.22845763555486,43.63960055609137
1749,sub-14,vision,1,20,8,2,0.6,0.7,0.05,0,77.33333333,2.485334905,59.77425995386385,64.24002449685784,64.64548594671145
1750,sub-14,vision,1,21,9,1,0.5,0.7,0.05,-1,45.0,3.35258118,48.038782708166984,52.19801133823892,52.6093842778985
1751,sub-14,vision,1,22,10,2,0.6,0.3,0.05,-1,80.66666667,3.102318226,59.833109474446466,54.08183084158896,53.6829439752841
1752,sub-14,vision,1,23,11,2,0.6,0.7,0.125,-1,68.0,2.935472524,59.86253423473778,65.19444793189518,64.79645016765421
1753,sub-14,vision,1,24,12,1,0.5,0.3,0.05,-1,90.0,1.200857128,48.127056989040916,42.310290669720985,41.91138538656909
1754,sub-14,vision,2,1,1,1,0.5,0.3,0.05,1,62.66666667,2.401614734,48.927796158838326,44.271310458696234,43.868495703628156
1755,sub-14,vision,2,2,2,2,0.6,0.3,0.125,0,83.33333333,2.468569598,60.72212292511781,56.153191993686704,56.55768266192722
1756,sub-14,vision,2,3,3,2,0.6,0.3,0.125,1,38.0,2.718523725,60.751547685409115,57.2677470523525,57.674922374120534
1757,sub-14,vision,2,4,4,1,0.5,0.3,0.125,1,15.66666667,1.617809659,49.01607043971225,45.46212582982292,45.869291239599406
1758,sub-14,vision,2,5,5,1,0.5,0.7,0.125,1,30.0,2.184845073,49.04549520000356,55.48617070098725,55.084219533416636
1759,sub-14,vision,2,6,6,2,0.6,0.7,0.125,0,67.0,2.401981408,60.83982196628304,66.27948001683583,65.8748285931628
1760,sub-14,vision,2,7,7,1,0.5,0.3,0.125,0,78.33333333,2.351597162,49.10434472058618,44.483894973803515,44.88834171063056
1761,sub-14,vision,2,8,8,2,0.6,0.7,0.05,1,85.33333333,2.21834272,60.89867148686566,66.33954390702135,66.74692373334602
1762,sub-14,vision,2,9,9,1,0.5,0.7,0.05,1,63.0,2.868883712,49.163194241168796,54.53392268449177,54.94129259882489
1763,sub-14,vision,2,10,10,2,0.6,0.3,0.05,1,88.0,1.751249771,60.95752100744828,56.41774218784181,56.01485229621049
1764,sub-14,vision,2,11,11,2,0.6,0.7,0.125,1,91.66666667,3.08565555,60.98694576773959,67.53035927814803,67.1283584885806
1765,sub-14,vision,2,12,12,1,0.5,0.7,0.125,0,77.66666667,4.11977334,49.25146852204273,54.64426404761426,54.23956018767228
1766,sub-14,pain,2,13,1,2,48.0,0.7,0.125,1,98.33333333,4.236243815,67.23779841059338,74.91368247728286,74.87815663196405
1767,sub-14,pain,2,14,2,2,48.0,0.7,0.05,1,92.33333333,3.285587751,66.31434394695422,73.31513287149524,73.35376137477785
1768,sub-14,pain,2,15,3,2,48.0,0.7,0.125,0,65.0,2.835240515,65.39088948331508,72.4372637386074,72.40131592440734
1769,sub-14,pain,2,16,4,2,48.0,0.3,0.125,0,71.66666667,3.269126607,64.46743501967593,59.06224396308974,59.1002220216469
1770,sub-14,pain,2,17,5,1,47.0,0.7,0.125,1,93.0,2.284743997,49.08469885843882,56.636622582955226,56.60006626808742
1771,sub-14,pain,2,18,6,2,48.0,0.3,0.05,1,64.66666667,3.285632225,62.620526092397625,57.10247053416725,57.066038893890564
1772,sub-14,pain,2,19,7,1,47.0,0.7,0.05,1,43.0,2.718929275,47.23778993116051,54.09219212323083,54.12965977297785
1773,sub-14,pain,2,20,8,1,47.0,0.3,0.125,0,47.0,2.852124937,46.31433546752137,40.7851840687621,40.82213165777027
1774,sub-14,pain,2,21,9,2,48.0,0.3,0.125,1,90.0,3.31911992,59.85016270148017,54.91749672420778,54.95498406374012
1775,sub-14,pain,2,22,10,1,47.0,0.7,0.125,0,69.33333333,2.868819646,44.46742654024307,51.32256128246944,51.28519184676064
1776,sub-14,pain,2,23,11,1,47.0,0.3,0.05,1,61.33333333,3.218955399,43.54397207660391,37.87952978590285,37.84193729209058
1777,sub-14,pain,2,24,12,1,47.0,0.3,0.125,1,67.66666667,3.886072918,42.62051761296476,37.58631768381692,37.62290493778684
1778,sub-14,pain,3,1,1,1,47.0,0.3,0.125,-1,90.0,1.401193012,51.72154200577041,44.97859024616666,45.015951047420344
1779,sub-14,pain,3,2,2,1,47.0,0.7,0.05,0,90.0,1.934737932,50.79808754213126,57.041074750898474,57.07890086009666
1780,sub-14,pain,3,3,3,1,47.0,0.7,0.125,-1,88.0,2.251686421,49.87463307849211,55.515967459874,55.47901123641072
1781,sub-14,pain,3,4,4,2,48.0,0.7,0.05,-1,94.33333333,2.485193087,63.41046031245092,68.4109543326669,68.44866139140773
1782,sub-14,pain,3,5,5,1,47.0,0.3,0.05,-1,90.0,2.234867932,48.02772415121381,40.54239807856871,40.504927212107305
1783,sub-14,pain,3,6,6,2,48.0,0.7,0.125,-1,92.66666667,1.91804229,61.563551385172616,67.17186137664422,67.13502293482387
1784,sub-14,pain,3,7,7,2,48.0,0.3,0.05,0,89.0,2.485187178,60.64009692153346,54.37606803821425,54.33921255346924
1785,sub-14,pain,3,8,8,1,47.0,0.3,0.05,0,58.66666667,3.23558262,45.25736076029636,38.936650705696934,38.899155903362676
1786,sub-14,pain,3,9,9,2,48.0,0.3,0.125,-1,87.66666667,2.084579165,58.79318799425516,51.905079893253,51.94190655621671
1787,sub-14,pain,3,10,10,2,48.0,0.3,0.05,-1,92.0,2.63516463,57.86973353061601,50.30653028746537,50.268916434673734
1788,sub-14,pain,3,11,11,2,48.0,0.7,0.05,0,66.0,3.102355857,56.946279066976864,63.02168354404804,63.058845130969665
1789,sub-14,pain,3,12,12,1,47.0,0.7,0.05,-1,67.33333333,3.235503003,41.56354290573975,46.35037102259217,46.386526075837665
1790,sub-14,vision,3,13,1,2,0.6,0.3,0.05,-1,85.0,1.451111063,61.81710969782831,55.81319218995318,55.41283230352376
1791,sub-14,vision,3,14,2,1,0.5,0.3,0.05,-1,33.0,2.385090767,50.081632452131444,44.007570967423604,43.60720116900263
1792,sub-14,vision,3,15,3,2,0.6,0.7,0.125,-1,53.33333333,2.935499582,61.87595921841093,66.959890330921,66.5604110417
1793,sub-14,vision,3,16,4,1,0.5,0.3,0.125,-1,27.0,2.285026078,50.14048197271406,45.16430528788868,45.573924159167746
1794,sub-14,vision,3,17,5,2,0.6,0.7,0.05,-1,41.66666667,2.485200551,61.934808738993546,65.93948021310231,66.34933901549601
1795,sub-14,vision,3,18,6,1,0.5,0.3,0.05,0,50.33333333,3.302823919,50.19933149329668,44.380287106159344,43.973961886518936
1796,sub-14,vision,3,19,7,2,0.6,0.3,0.125,-1,60.0,2.301814399,61.993658259576165,57.106250713064654,57.51584547691336
1797,sub-14,vision,3,20,8,2,0.6,0.3,0.05,0,35.66666667,2.635281568,62.02308301986747,56.288151480673726,55.88181065845843
1798,sub-14,vision,3,21,9,1,0.5,0.7,0.05,0,30.0,2.268621847,50.28760577417061,54.47249407864688,54.87639605268507
1799,sub-14,vision,3,22,10,1,0.5,0.7,0.125,-1,33.66666667,3.469192851,50.31703053446192,55.35875541236101,54.95921518201558
1800,sub-14,vision,3,23,11,2,0.6,0.7,0.05,0,44.33333333,2.60190459,62.1113573007414,66.38035845316126,66.78424482462455
1801,sub-14,vision,3,24,12,1,0.5,0.7,0.05,-1,48.0,2.318645328,50.37588005504454,54.338345294542336,54.7481431558116
1802,sub-14,vision,4,1,1,1,0.5,0.3,0.125,1,58.66666667,2.918826643,51.17661922484195,47.39797348215673,47.80361484267579
1803,sub-14,vision,4,2,2,2,0.6,0.7,0.125,1,85.33333333,1.517832362,62.97094599112143,69.26172062651224,68.85824681682027
1804,sub-14,vision,4,3,3,1,0.5,0.7,0.05,1,65.0,2.635344702,51.23546874542457,56.36752718484079,56.77339856448292
1805,sub-14,vision,4,4,4,1,0.5,0.7,0.125,1,64.33333333,2.068237135,51.264893505715875,57.49018045464427,57.08668822810526
1806,sub-14,vision,4,5,5,2,0.6,0.3,0.05,1,83.33333333,1.867927063,63.05922027199536,58.28542773885243,57.88103080767464
1807,sub-14,vision,4,6,6,2,0.6,0.7,0.05,1,63.0,2.885508445,63.088645032286664,68.30947261001677,68.71531988222853
1808,sub-14,vision,4,7,7,1,0.5,0.3,0.05,1,55.66666667,2.618661189,51.3531677865898,46.51388756698445,46.10947221895963
1809,sub-14,vision,4,8,8,2,0.6,0.7,0.125,0,74.0,2.018228582,63.14749455286928,68.38573292247764,67.9795149252698
1810,sub-14,vision,4,9,9,1,0.5,0.7,0.125,0,35.66666667,2.218341476,51.41201730717242,56.58011169994807,56.17388379074867
1811,sub-14,vision,4,10,10,1,0.5,0.3,0.125,0,58.33333333,2.185146125,51.44144206746373,46.62422893010693,47.027100588543675
1812,sub-14,vision,4,11,11,2,0.6,0.3,0.125,1,60.66666667,2.802069111,63.235768833743215,59.57848626196391,59.98404398106425
1813,sub-14,vision,4,12,12,2,0.6,0.3,0.125,0,71.0,3.118844992,63.26519359403452,58.53209330462131,58.93494936048317
1814,sub-14,pain,4,13,1,1,47.0,0.7,0.125,1,92.0,2.151637593,50.66456729854541,58.028416776273716,57.99211747820489
1815,sub-14,pain,4,14,2,1,47.0,0.3,0.125,1,63.33333333,3.80284289,49.74111283490626,44.65339700075605,44.69102357544445
1816,sub-14,pain,4,15,3,1,47.0,0.7,0.05,1,59.0,2.551793095,48.81765837126711,55.48398631654931,55.521710983095325
1817,sub-14,pain,4,16,4,1,47.0,0.7,0.125,0,65.66666667,2.885336149,47.894203907627954,54.60611718366147,54.56926553272483
1818,sub-14,pain,4,17,5,2,48.0,0.3,0.05,1,86.0,2.168433378,61.43003114158677,55.656622165675415,55.62005639023797
1819,sub-14,pain,4,18,6,2,48.0,0.3,0.125,1,67.33333333,3.219081356,60.50657667794761,55.36341006358949,55.401024035934235
1820,sub-14,pain,4,19,7,1,47.0,0.3,0.125,0,86.33333333,3.335778553,45.1238405167105,39.339335700270254,39.37614915411767
1821,sub-14,pain,4,20,8,2,48.0,0.3,0.125,0,91.0,2.301587055,58.659667750669314,52.88699132491402,52.924183328377524
1822,sub-14,pain,4,21,9,2,48.0,0.7,0.125,1,82.66666667,3.685989258,57.73621328703016,64.95490642336006,64.91807298700125
1823,sub-14,pain,4,22,10,2,48.0,0.7,0.05,1,65.0,3.368958353,56.81275882339101,63.356356817572426,63.39367772981504
1824,sub-14,pain,4,23,11,2,48.0,0.7,0.125,0,53.0,2.618696332,55.88930435975186,62.47848768468459,62.44123227944454
1825,sub-14,pain,4,24,12,1,47.0,0.3,0.05,1,76.33333333,3.769495147,40.50656819851475,34.54191970953745,34.503932312591274
1826,sub-14,pain,5,1,1,2,48.0,0.3,0.05,-1,95.66666667,2.068438043,64.06687428891836,56.427728750467736,56.391023834407974
1827,sub-14,pain,5,2,2,1,47.0,0.7,0.05,-1,57.0,3.469138736,48.68413812768125,53.4174503395313,53.45464471349526
1828,sub-14,pain,5,3,3,1,47.0,0.7,0.125,-1,57.66666667,3.002197556,47.7606836640421,53.12423823744538,53.08701749483476
1829,sub-14,pain,5,4,4,1,47.0,0.3,0.05,0,52.33333333,3.135692715,46.837229200402945,40.328444899015416,40.29120711348014
1830,sub-14,pain,5,5,5,1,47.0,0.3,0.125,-1,90.0,1.050702092,45.9137747367638,38.80333760799095,38.83991235415097
1831,sub-14,pain,5,6,6,2,48.0,0.3,0.125,-1,59.33333333,3.252284482,59.449601970722604,52.35099323263471,52.38794652841082
1832,sub-14,pain,5,7,7,2,48.0,0.7,0.05,0,89.0,2.702042365,58.52614750708345,64.41347773736652,64.45089634108713
1833,sub-14,pain,5,8,8,2,48.0,0.7,0.125,-1,87.33333333,2.284827657,57.602693043444305,62.888370446342044,62.85100671740119
1834,sub-14,pain,5,9,9,2,48.0,0.3,0.05,0,88.33333333,2.435146592,56.67923857980515,50.092577107912085,50.05519633604657
1835,sub-14,pain,5,10,10,2,48.0,0.7,0.05,-1,71.0,3.235712309,55.755784116166,60.34393998661764,60.380600222291626
1836,sub-14,pain,5,11,11,1,47.0,0.3,0.05,-1,51.33333333,2.935459773,40.37304795492889,32.47538373251945,32.43686604299121
1837,sub-14,pain,5,12,12,1,47.0,0.7,0.05,0,19.66666667,2.435114247,39.44959349128974,45.19053698910211,45.22679473928714
1838,sub-14,vision,5,13,1,1,0.5,0.3,0.05,-1,70.66666667,2.668800985,52.30103075784376,46.011580721080605,45.60966986369125
1839,sub-14,vision,5,14,2,2,0.6,0.7,0.05,0,93.33333333,2.551908167,64.09535752412324,68.11171980152547,68.51413315286422
1840,sub-14,vision,5,15,3,1,0.5,0.3,0.125,-1,58.0,2.618470232,52.359880278426374,47.16831504154569,47.57639285385637
1841,sub-14,vision,5,16,4,1,0.5,0.7,0.05,-1,53.66666667,3.018927408,52.38930503871769,56.103787693568144,56.512104029857376
1842,sub-14,vision,5,17,5,2,0.6,0.7,0.05,-1,70.33333333,1.868034671,64.18363180499716,67.97757101742093,68.38588025599074
1843,sub-14,vision,5,18,6,1,0.5,0.3,0.05,0,63.0,4.35315094,52.448154559300306,46.41837791047795,46.010503127013685
1844,sub-14,vision,5,19,7,2,0.6,0.3,0.05,-1,71.33333333,2.301682533,64.24248132557979,58.05576929824139,57.653808818855225
1845,sub-14,vision,5,20,8,2,0.6,0.7,0.125,-1,89.33333333,2.101510237,64.2719060858711,69.1683863885476,68.76731501122534
1846,sub-14,vision,5,21,9,2,0.6,0.3,0.125,-1,93.0,1.968014455,64.3013308461624,59.212503618706464,59.62053180902034
1847,sub-14,vision,5,22,10,2,0.6,0.3,0.05,0,52.33333333,2.618455615,64.33075560645372,58.39440438631553,57.98649699056541
1848,sub-14,vision,5,23,11,1,0.5,0.7,0.125,-1,72.33333333,3.352587089,52.59527836075685,57.43092726734122,57.029828968316444
1849,sub-14,vision,5,24,12,1,0.5,0.7,0.05,0,57.33333333,3.402460977,52.624703121048164,56.61282803495029,57.01515493059817
1850,sub-14,pain,6,1,1,2,48.0,0.3,0.125,0,95.0,2.385206771,63.00989958169336,57.11642808004283,57.154268252265055
1851,sub-14,pain,6,2,2,1,47.0,0.3,0.05,1,88.33333333,3.219035327,47.62716342045625,41.60899902647658,41.57205095024887
1852,sub-14,pain,6,3,3,1,47.0,0.3,0.125,1,62.33333333,2.968868473,46.703708956817096,41.315786924390665,41.35301859594514
1853,sub-14,pain,6,4,4,1,47.0,0.7,0.05,1,73.66666667,3.302482436,45.78025449317794,52.14637624018392,52.18370600359601
1854,sub-14,pain,6,5,5,2,48.0,0.7,0.125,1,81.0,3.235706089,59.316081727136755,66.34670061667853,66.31012419711871
1855,sub-14,pain,6,6,6,1,47.0,0.3,0.125,0,48.66666667,2.535061377,43.93334556589964,37.89348733177842,37.93016665046507
1856,sub-14,pain,6,7,7,2,48.0,0.7,0.05,1,78.66666667,3.435884916,57.46917279985845,63.80227015695414,63.83971770200915
1857,sub-14,pain,6,8,8,2,48.0,0.3,0.05,1,57.0,3.96965407,56.5457183362193,50.42725038143647,50.390028934891944
1858,sub-14,pain,6,9,9,2,48.0,0.3,0.125,1,85.33333333,2.351604626,55.62226387258015,50.13403827935055,50.17099658058821
1859,sub-14,pain,6,10,10,1,47.0,0.7,0.125,1,83.33333333,3.652594864,40.239527711343044,47.123759868414126,47.08602259531873
1861,sub-14,pain,6,12,12,1,47.0,0.7,0.125,0,17.66666667,2.468591057,38.39261878406474,44.647341129738656,44.60918188776202
1862,sub-14,vision,6,13,1,1,0.5,0.3,0.05,1,38.66666667,2.118214898,53.425442290845574,48.34749206733346,47.941578184617654
1863,sub-14,vision,6,14,2,1,0.5,0.7,0.05,1,64.33333333,4.069557659,53.45486705113688,58.3715369384978,58.77586725917154
1864,sub-14,vision,6,15,3,2,0.6,0.3,0.125,1,65.66666667,1.634403603,65.24919381741637,61.34392866098972,61.748004855110025
1865,sub-14,vision,6,16,4,2,0.6,0.3,0.05,1,88.0,1.71797729,65.27861857770768,60.289437492509435,59.883499502363264
1866,sub-14,vision,6,17,5,2,0.6,0.7,0.125,1,70.33333333,3.052150128,65.30804333799898,71.40205458281565,70.99700569473337
1867,sub-14,vision,6,18,6,2,0.6,0.7,0.125,0,87.33333333,2.351627641,65.33746809829029,70.35566162547306,69.9479110741523
1868,sub-14,vision,6,19,7,2,0.6,0.7,0.05,1,74.0,4.336568192,65.3668928585816,70.38164446499697,70.7859336685294
1869,sub-14,vision,6,20,8,2,0.6,0.3,0.125,0,71.0,2.118249419,65.39631761887291,60.43385990629352,60.83520041775343
1870,sub-14,vision,6,21,9,1,0.5,0.7,0.125,1,71.0,2.818732098,53.66084037317604,59.69867651227087,59.29359219763061
1871,sub-14,vision,6,22,10,1,0.5,0.7,0.125,0,69.33333333,2.451852497,53.690265133467356,58.652283554928275,58.24449757704953
1872,sub-14,vision,6,23,11,1,0.5,0.3,0.125,1,77.0,2.668605675,53.71968989375866,49.77687479309134,50.180881541231734
1873,sub-14,vision,6,24,12,1,0.5,0.3,0.125,0,70.66666667,3.185695048,53.749114654049976,48.73048183574874,49.131786920650654
1874,sub-15,vision,1,1,1,1,0.5,0.3,0.05,-1,35.0,2.385099521,47.76312767711345,42.256116976533704,41.92539091708255
1875,sub-15,vision,1,2,2,1,0.5,0.7,0.05,0,55.0,2.651768365,47.8161323138989,51.86502455721648,52.20110819120451
1876,sub-15,vision,1,3,3,1,0.5,0.7,0.05,-1,63.0,2.218294147,47.86913695068434,51.84491155232147,52.18592111005085
1877,sub-15,vision,1,4,4,2,0.6,0.3,0.05,0,46.66666667,2.218188095,59.792932542302225,54.412063665649164,54.07646274077239
1878,sub-15,vision,1,5,5,2,0.6,0.7,0.05,-1,69.66666667,3.018881943,59.84593717908767,63.88400220458103,64.22503686999214
1879,sub-15,vision,1,6,6,1,0.5,0.3,0.05,0,30.0,3.002181066,48.02815086104067,42.56645907731138,42.23088494602093
1880,sub-15,vision,1,7,7,2,0.6,0.3,0.125,-1,30.66666667,2.201578031,59.95194645265856,55.62514318171192,55.9659981965271
1881,sub-15,vision,1,8,8,2,0.6,0.3,0.05,-1,32.33333333,3.452487093,60.004951089444,54.53706520869549,54.2064291335111
1882,sub-15,vision,1,9,9,2,0.6,0.7,0.05,0,58.33333333,2.685291721,60.057955726229444,64.14597278937825,64.48214640763307
1883,sub-15,vision,1,10,10,2,0.6,0.7,0.125,-1,74.0,2.018153884,60.11096036301489,65.26230927348013,64.9324418289841
1884,sub-15,vision,1,11,11,1,0.5,0.7,0.125,-1,60.0,2.851901785,48.293174044967884,53.3683331691619,53.03847954293518
1885,sub-15,vision,1,12,12,1,0.5,0.3,0.125,-1,46.33333333,2.651918579,48.34617868175333,43.92465314131547,44.265573875668
1886,sub-15,pain,1,13,1,1,47.0,0.7,0.05,-1,51.66666667,2.518757231,54.628654875487015,59.622112597981015,59.63311725717466
1887,sub-15,pain,1,14,2,1,47.0,0.3,0.05,-1,36.33333333,1.834679045,53.68151853865611,46.942061681331666,46.93122030775557
1888,sub-15,pain,1,15,3,2,48.0,0.3,0.05,-1,34.66666667,2.084903589,67.20322261058821,60.478478912084576,60.46775566494948
1889,sub-15,pain,1,16,4,1,47.0,0.3,0.125,-1,41.66666667,2.134844809,51.7872458649943,45.73140361897735,45.74228165812262
1890,sub-15,pain,1,17,5,1,47.0,0.7,0.125,-1,66.66666667,2.618508428,50.84010952816339,56.47426645087621,56.46342271347174
1891,sub-15,pain,1,18,6,2,48.0,0.7,0.05,0,77.33333333,1.701529514,64.36181360009549,70.26909392660136,70.2802325587823
1892,sub-15,pain,1,19,7,1,47.0,0.3,0.05,0,32.33333333,3.135644399,48.94583685450158,43.08403173682385,43.073184756508304
1893,sub-15,pain,1,20,8,2,48.0,0.3,0.05,0,32.0,1.901390807,62.46754092643368,56.62044896757676,56.609720113702224
1894,sub-15,pain,1,21,9,2,48.0,0.7,0.05,-1,68.0,2.118225415,61.52040458960278,66.3783715321072,66.38934414474167
1895,sub-15,pain,1,22,10,2,48.0,0.7,0.125,-1,61.66666667,2.184939665,60.57326825277187,66.13630751212813,66.12549608802172
1896,sub-15,pain,1,23,11,1,47.0,0.7,0.05,0,56.0,2.885470548,45.157291507177945,50.92111244159697,50.93200422762247
1897,sub-15,pain,1,24,12,2,48.0,0.3,0.125,-1,27.33333333,1.701380233,58.67899557911005,52.48766255310353,52.49850854568964
1898,sub-15,vision,2,1,1,2,0.6,0.7,0.125,1,62.66666667,2.368666107,60.809323138504986,67.1013163480721,66.76801449209985
1899,sub-15,vision,2,2,2,1,0.5,0.3,0.125,0,45.33333333,2.184821795,48.99153682045799,44.58460035768978,44.91983579030599
1900,sub-15,vision,2,3,3,1,0.5,0.3,0.05,1,32.0,1.717783791,49.04454145724343,44.62721072691056,44.293192984470295
1901,sub-15,vision,2,4,4,1,0.5,0.7,0.05,1,54.33333333,1.61790757,49.09754609402887,54.16763378671788,54.50533868614114
1902,sub-15,vision,2,5,5,1,0.5,0.7,0.125,0,76.33333333,2.218206444,49.15055073081432,54.22176644945799,53.88627942276298
1903,sub-15,vision,2,6,6,2,0.6,0.3,0.125,0,29.33333333,1.951331405,61.074346322432206,56.72043404191023,57.05572053284217
1904,sub-15,vision,2,7,7,2,0.6,0.7,0.05,1,83.0,1.551118368,61.12735095921765,66.25509595495788,66.59283893737988
1905,sub-15,vision,2,8,8,1,0.5,0.3,0.125,1,24.0,1.451041239,49.309564641170645,46.00551779580966,46.34306899527102
1906,sub-15,vision,2,9,9,2,0.6,0.3,0.125,1,45.33333333,2.385148971,61.233360232788534,57.99623693208878,58.333800263914846
1907,sub-15,vision,2,10,10,2,0.6,0.3,0.05,1,46.33333333,2.218333955,61.28636486957398,56.90815895907234,56.574231200898836
1908,sub-15,vision,2,11,11,1,0.5,0.7,0.125,1,68.66666667,2.235125956,49.468578551526974,55.64268388757787,55.30951262772801
1909,sub-15,vision,2,12,12,2,0.6,0.7,0.125,0,81.66666667,2.368411084,61.39237414314486,66.50271468161976,66.16731763919152
1910,sub-15,pain,2,13,1,2,48.0,0.7,0.125,1,73.33333333,2.235190956,68.02983665229115,75.44945268749048,75.43894984479587
1911,sub-15,pain,2,14,2,1,47.0,0.3,0.125,1,25.66666667,2.985582509,52.613859906697236,48.26439049771297,48.27542694526987
1912,sub-15,pain,2,15,3,2,48.0,0.3,0.05,1,30.66666667,2.568584935,66.13556397862934,61.074277706069694,61.06366996077475
1913,sub-15,pain,2,16,4,1,47.0,0.7,0.125,0,57.33333333,2.068252472,50.719587233035426,57.223029189648045,57.21226635080991
1914,sub-15,pain,2,17,5,2,48.0,0.3,0.125,1,47.33333333,3.06885302,64.24129130496753,59.86361964371538,59.874731311141815
1915,sub-15,pain,2,18,6,2,48.0,0.3,0.125,0,34.66666667,3.202395347,63.294154968136624,58.079395503751606,58.090429661332735
1916,sub-15,pain,2,19,7,1,47.0,0.7,0.05,1,53.33333333,2.185102631,47.87817822254271,54.406347137714654,54.417338579034016
1917,sub-15,pain,2,20,8,2,48.0,0.7,0.125,0,63.0,2.768758786,61.39988229447481,67.85366429327522,67.84295522102087
1918,sub-15,pain,2,21,9,1,47.0,0.3,0.125,0,31.0,2.535119736,45.98390554888089,40.668602103497705,40.67943232149487
1919,sub-15,pain,2,22,10,2,48.0,0.7,0.05,1,72.66666667,2.535263731,59.505609620813,66.00557628371708,66.01664294490595
1920,sub-15,pain,2,23,11,1,47.0,0.7,0.125,1,31.0,1.901205138,44.08963287521908,51.258500990609846,51.2476440353311
1921,sub-15,pain,2,24,12,1,47.0,0.3,0.05,1,9.0,1.901431237,43.14249653838817,37.85192005156431,37.84097964697098
1922,sub-15,pain,3,1,1,1,47.0,0.3,0.05,-1,34.33333333,1.984793183,52.493337611569274,45.50111258176326,45.490208232655554
1923,sub-15,pain,3,2,2,1,47.0,0.7,0.125,-1,51.33333333,1.901397338,51.546201274738365,56.970505436058296,56.95964162969371
1924,sub-15,pain,3,3,3,2,48.0,0.3,0.05,-1,30.0,1.617877714,65.06790534667047,58.068935770140925,58.05812809418848
1925,sub-15,pain,3,4,4,1,47.0,0.7,0.05,-1,62.66666667,2.184815886,49.651928601076555,54.306787328911625,54.317643199430705
1926,sub-15,pain,3,5,5,2,48.0,0.7,0.05,-1,59.66666667,2.285030478,63.173632673008655,67.84320455966454,67.85417855662462
1927,sub-15,pain,3,6,6,1,47.0,0.3,0.05,0,15.0,2.468491012,47.75765592741474,41.643082637255446,41.63217268140829
1928,sub-15,pain,3,7,7,2,48.0,0.3,0.125,-1,22.0,2.835485476,61.279359999346845,54.92108962303612,54.93195845323358
1929,sub-15,pain,3,8,8,1,47.0,0.3,0.125,-1,12.66666667,2.184986627,45.86338325375293,39.44748430753271,39.45819210471768
1930,sub-15,pain,3,9,9,2,48.0,0.7,0.05,0,66.33333333,2.218179698,59.385087325685035,64.95376865753197,64.96475850103835
1931,sub-15,pain,3,10,10,2,48.0,0.7,0.125,-1,61.33333333,2.56858027,58.437950988854126,63.72676437018448,63.71586851726072
1932,sub-15,pain,3,11,11,2,48.0,0.3,0.05,0,27.33333333,1.801176836,57.49081465202322,51.30512369850737,51.29424605595827
1933,sub-15,pain,3,12,12,1,47.0,0.7,0.05,0,41.0,2.168529887,42.0748379064293,47.54297525727807,47.553761161200484
1934,sub-15,vision,3,13,1,2,0.6,0.7,0.05,0,70.0,1.951564347,61.984727645064076,65.9093563721413,66.24414098757626
1935,sub-15,vision,3,14,2,1,0.5,0.3,0.05,-1,31.0,1.584310506,50.16694132701708,44.45484420312076,44.122845918702836
1936,sub-15,vision,3,15,3,2,0.6,0.3,0.125,-1,26.66666667,1.717938981,62.09073691863497,57.58201282839675,57.92153074166011
1937,sub-15,vision,3,16,4,1,0.5,0.7,0.125,-1,39.66666667,1.70121509,50.27295060058796,55.1800882679054,54.84885861417583
1938,sub-15,vision,3,17,5,2,0.6,0.3,0.05,-1,44.66666667,2.001350687,62.19674619220585,56.54230637136076,56.210346169941566
1939,sub-15,vision,3,18,6,2,0.6,0.7,0.125,-1,57.66666667,2.201609753,62.249750828991296,67.21917892016495,66.8879743741171
1940,sub-15,vision,3,19,7,2,0.6,0.3,0.05,0,58.33333333,2.268336754,62.30275546577674,56.70753392419709,56.370686724987586
1941,sub-15,vision,3,20,8,1,0.5,0.3,0.05,0,24.0,2.468460223,50.484969147729736,44.81355781987886,44.47672443893867
1942,sub-15,vision,3,21,9,1,0.5,0.3,0.125,-1,35.66666667,2.618845867,50.53797378451518,45.92989430398074,46.26949091209846
1943,sub-15,vision,3,22,10,1,0.5,0.7,0.05,0,65.0,1.66789824,50.590978421300626,54.402352395666625,54.737254631906964
1944,sub-15,vision,3,23,11,1,0.5,0.7,0.05,-1,57.33333333,1.868073957,50.643983058086064,54.38223939077162,54.72206755075331
1945,sub-15,vision,3,24,12,2,0.6,0.7,0.05,-1,70.66666667,2.201499036,62.56777864970395,66.37295852705074,66.71279881939714
1946,sub-15,pain,4,1,1,1,47.0,0.7,0.125,1,55.0,3.33579057,51.4256789796104,58.534898272418665,58.52417142117996
1947,sub-15,pain,4,2,2,1,47.0,0.7,0.125,0,44.0,2.952182621,50.478542642779495,56.75067413245489,56.73986977137088
1948,sub-15,pain,4,3,3,1,47.0,0.3,0.125,1,32.66666667,1.667838216,49.53140630594859,44.886253313394064,44.89718387884788
1949,sub-15,pain,4,4,4,2,48.0,0.3,0.05,1,42.0,2.251632456,63.0531103778807,57.6961405217508,57.685426894352766
1950,sub-15,pain,4,5,5,1,47.0,0.7,0.05,1,43.0,2.201672265,47.637133632286776,53.9339920805215,53.94494199959499
1951,sub-15,pain,4,6,6,2,48.0,0.3,0.125,0,41.0,1.76797568,61.15883770421888,55.669852361807955,55.68080209057173
1952,sub-15,pain,4,7,7,2,48.0,0.7,0.125,1,72.33333333,1.80133607,60.211701367387974,67.22834529129534,67.21762930006895
1953,sub-15,pain,4,8,8,1,47.0,0.3,0.05,1,24.33333333,2.468328668,44.79572462179406,39.31675307912165,39.30581405885391
1954,sub-15,pain,4,9,9,2,48.0,0.7,0.125,0,74.0,1.968023263,58.31742869372616,64.47552710895631,64.46471215459889
1955,sub-15,pain,4,10,10,2,48.0,0.7,0.05,1,76.33333333,2.435124401,57.370292356895256,63.59603314177342,63.60701537414496
1956,sub-15,pain,4,11,11,1,47.0,0.3,0.125,0,6.0,3.00219475,41.95431561130134,36.32187087680356,36.3325737594119
1957,sub-15,pain,4,12,12,2,48.0,0.3,0.125,1,8.666666667,3.469121416,55.47601968323344,50.673918205145,50.68479527075391
1958,sub-15,vision,4,13,1,1,0.5,0.7,0.05,1,64.0,2.618894383,51.28934119679072,56.17287494938314,56.50925572257161
1959,sub-15,vision,4,14,2,2,0.6,0.7,0.125,0,79.0,1.534465696,63.21313678840861,68.16935523242192,67.83254323653982
1960,sub-15,vision,4,15,3,1,0.5,0.7,0.125,1,40.66666667,1.967999005,51.39535047036161,57.406067470340915,57.07150720767122
1961,sub-15,vision,4,16,4,2,0.6,0.7,0.05,1,75.66666667,1.467626734,63.319146061979495,68.26033711762315,68.59675597381035
1962,sub-15,vision,4,17,5,1,0.5,0.7,0.125,0,47.33333333,2.618526466,51.5013597439325,56.372122160064585,56.03534993308581
1963,sub-15,vision,4,18,6,2,0.6,0.3,0.125,1,73.0,1.784655719,63.425155335550386,60.00147809475404,60.33771730034531
1964,sub-15,vision,4,19,7,2,0.6,0.3,0.05,1,57.33333333,2.285246626,63.47815997233583,58.9134001217376,58.57814823732931
1965,sub-15,vision,4,20,8,2,0.6,0.3,0.125,0,51.66666667,1.918135535,63.53116460912127,58.96753278447771,59.301560025759905
1966,sub-15,vision,4,21,9,1,0.5,0.3,0.125,1,32.0,1.534437706,51.71337829107427,48.2042450223967,48.5405239968913
1967,sub-15,vision,4,22,10,1,0.5,0.3,0.05,1,23.0,1.617920321,51.766382927859716,47.116167049380266,46.78095493387529
1968,sub-15,vision,4,23,11,1,0.5,0.3,0.125,0,19.66666667,2.885349257,51.819387564645154,47.170299712120375,47.504366722305896
1969,sub-15,vision,4,24,12,2,0.6,0.7,0.125,1,66.66666667,2.168201779,63.74318315626304,69.78375873446358,69.44931440669465
1970,sub-15,vision,5,1,1,2,0.6,0.3,0.05,0,36.33333333,1.918137401,64.33553665818226,58.56766053892103,58.229450287525694
1971,sub-15,vision,5,2,2,1,0.5,0.7,0.05,-1,35.33333333,2.368266468,52.517750340135265,56.09725145755423,56.43567763939906
1972,sub-15,vision,5,3,3,1,0.5,0.7,0.05,0,66.66666667,1.567692356,52.57075497692071,56.21410749441012,56.54763370314762
1973,sub-15,vision,5,4,4,1,0.5,0.3,0.125,-1,61.33333333,2.05158705,52.623759613706156,47.83839243468512,48.176638965934025
1974,sub-15,vision,5,5,5,2,0.6,0.7,0.05,-1,67.0,1.951456739,64.54755520532404,68.18471362579423,68.5231778906378
1975,sub-15,vision,5,6,6,2,0.6,0.7,0.125,-1,70.66666667,1.801290664,64.60055984210948,69.36953463077155,69.03704488443994
1976,sub-15,vision,5,7,7,1,0.5,0.7,0.125,-1,33.33333333,2.551954345,52.78277352406248,57.47555852645333,57.143082598391025
1977,sub-15,vision,5,8,8,1,0.5,0.3,0.05,-1,28.0,2.0346806,52.83577816084792,46.89542900961001,46.56222337681039
1978,sub-15,vision,5,9,9,1,0.5,0.3,0.05,0,39.66666667,1.751225353,52.88878279763337,47.012285046465905,46.674179440558945
1979,sub-15,vision,5,10,10,2,0.6,0.3,0.125,-1,49.0,2.818786154,64.81257838925126,60.07096915086645,60.40929269106512
1980,sub-15,vision,5,11,11,2,0.6,0.7,0.05,0,72.66666667,2.268178765,64.8655830260367,68.54342724255234,68.87705641087364
1981,sub-15,vision,5,12,12,2,0.6,0.3,0.05,-1,46.33333333,2.184799092,64.91858766282215,59.03126269383046,58.69810811934657
1982,sub-15,pain,5,13,1,1,47.0,0.3,0.125,-1,38.33333333,2.585533993,50.35802034765154,43.81809946221579,43.82887300358358
1983,sub-15,pain,5,14,2,1,47.0,0.7,0.125,-1,58.33333333,1.917949555,49.41088401082063,54.560962294114645,54.5500140589327
1984,sub-15,pain,5,15,3,2,48.0,0.7,0.05,-1,62.33333333,2.80208621,62.93258808275274,67.37084950247137,67.3817819771856
1985,sub-15,pain,5,16,4,2,48.0,0.7,0.05,0,72.33333333,2.78538751,61.985451745921836,67.38719572746456,67.39820840858229
1986,sub-15,pain,5,17,5,1,47.0,0.3,0.05,0,29.0,2.134739379,46.56947500032791,40.20213353768705,40.19116060630829
1987,sub-15,pain,5,18,6,1,47.0,0.7,0.05,0,43.0,2.435058158,45.622338663497004,50.9449963695859,50.955826564405406
1988,sub-15,pain,5,19,7,1,47.0,0.7,0.05,-1,56.0,1.951416931,44.6752023266661,48.991462059842235,49.00216914168674
1989,sub-15,pain,5,20,8,2,48.0,0.3,0.05,-1,36.0,2.218457735,58.1969063985982,50.81642241632104,50.80542304512255
1990,sub-15,pain,5,21,9,1,47.0,0.3,0.05,-1,29.66666667,2.251534801,42.780929653004286,35.34281710081763,35.33165669660666
1991,sub-15,pain,5,22,10,2,48.0,0.3,0.125,-1,44.33333333,3.035553897,56.30263372493639,49.60576435396672,49.616484395489614
1992,sub-15,pain,5,23,11,2,48.0,0.7,0.125,-1,63.33333333,2.301555638,55.35549738810548,60.34862718586558,60.33762545083873
1993,sub-15,pain,5,24,12,2,48.0,0.3,0.05,0,40.66666667,2.685582509,54.408361051274575,47.92698651418847,47.91600298953629
1994,sub-15,vision,6,1,1,1,0.5,0.7,0.125,0,57.66666667,2.084847919,53.64015020990891,58.32899180674941,57.99088247821883
1995,sub-15,vision,6,2,2,2,0.6,0.7,0.125,1,69.33333333,1.834702059,65.5639458015268,71.45039928526573,71.11454000404295
1996,sub-15,vision,6,3,3,2,0.6,0.7,0.05,1,58.66666667,1.918278908,65.61695043831224,70.3623213122493,70.69744199283572
1997,sub-15,vision,6,4,4,2,0.6,0.3,0.125,1,50.0,2.768628475,65.66995507509769,62.05509077339975,62.39001882807323
1998,sub-15,vision,6,5,5,2,0.6,0.7,0.125,0,64.33333333,1.818034148,65.72295971188314,70.46482549096986,70.12676722075501
1999,sub-15,vision,6,6,6,1,0.5,0.3,0.05,1,30.33333333,1.984672825,53.90517339383613,49.07303669606509,48.73648747900831
2000,sub-15,vision,6,7,7,1,0.5,0.7,0.05,1,67.0,1.651106239,53.95817803062157,58.613459755872405,58.94863318067916
2001,sub-15,vision,6,8,8,1,0.5,0.7,0.125,1,60.66666667,1.817829197,54.01118266740701,59.79828076084973,59.46250017448131
2002,sub-15,vision,6,9,9,1,0.5,0.3,0.125,0,25.0,1.701238104,54.06418730419246,49.22391239076608,49.556668250033816
2003,sub-15,vision,6,10,10,2,0.6,0.3,0.125,0,52.0,2.234950861,65.98798289581035,61.2146315270452,61.54739951867764
2004,sub-15,vision,6,11,11,2,0.6,0.3,0.05,1,53.0,1.951506189,66.04098753259579,61.257241896265974,60.92075671284195
2005,sub-15,vision,6,12,12,1,0.5,0.3,0.125,1,31.33333333,2.218265846,54.22320121454879,50.49971528094463,50.83474798110649
2006,sub-15,pain,6,13,1,2,48.0,0.3,0.125,1,38.33333333,2.235003732,63.75920212445568,58.91890952932906,58.92993815226376
2007,sub-15,pain,6,14,2,1,47.0,0.3,0.05,1,30.33333333,1.884552155,48.34322537886176,42.71877419142948,42.707879462058834
2008,sub-15,pain,6,15,3,2,48.0,0.7,0.125,0,68.0,2.86864527,61.864929450793866,67.87754822126415,67.8667775578038
2009,sub-15,pain,6,16,4,1,47.0,0.7,0.125,1,40.66666667,1.801213535,46.44895270519995,53.219573003349275,53.208697363436
2010,sub-15,pain,6,17,5,2,48.0,0.3,0.05,1,35.0,1.90133918,59.97065677713205,54.318003337431904,54.307183827930785
2011,sub-15,pain,6,18,6,1,47.0,0.7,0.125,0,50.66666667,2.752052622,44.55468003153813,50.466754821010255,50.45578021796594
2012,sub-15,pain,6,19,7,1,47.0,0.3,0.125,1,24.66666667,2.335156435,43.60754369470723,38.60233400194942,38.61309432544294
2013,sub-15,pain,6,20,8,2,48.0,0.7,0.05,1,69.66666667,1.7011221,57.12924776663933,63.12367808458026,63.13461879470593
2014,sub-15,pain,6,21,9,2,48.0,0.7,0.125,1,63.33333333,1.834668781,56.18211142980843,62.881614064601195,62.87077073798598
2015,sub-15,pain,6,22,10,1,47.0,0.3,0.125,0,33.0,2.234854139,40.76613468421451,34.88092177723516,34.89156168431188
2016,sub-15,pain,6,23,11,1,47.0,0.7,0.05,1,58.0,2.468354482,39.8189983473836,45.71288468432637,45.723621454868066
2017,sub-15,pain,6,24,12,2,48.0,0.3,0.125,0,40.33333333,1.817994029,53.340702419315704,47.448744965612825,47.45948154584482
2018,sub-16,pain,1,1,1,2,48.0,0.3,0.05,0,50.33333333,2.184943086,68.58102663743742,62.71522206871978,62.726144621709835
2019,sub-16,pain,1,2,2,1,47.0,0.3,0.125,-1,31.33333333,2.101557816,53.026870266711896,46.94886504298018,46.93746963181934
2020,sub-16,pain,1,3,3,1,47.0,0.7,0.05,-1,79.33333333,2.051513964,52.07031210680145,57.1463574407116,57.13492975266114
2021,sub-16,pain,1,4,4,1,47.0,0.7,0.05,0,79.33333333,2.26831996,51.11375394689101,57.060263790299906,57.04876592809468
2022,sub-16,pain,1,5,5,2,48.0,0.3,0.05,-1,52.66666667,2.234943708,64.75479399779564,57.933884566094164,57.945049290566374
2023,sub-16,pain,1,6,6,1,47.0,0.3,0.05,0,49.33333333,2.835427319,49.20063762707013,43.214258340686975,43.22549992294458
2024,sub-16,pain,1,7,7,2,48.0,0.7,0.05,-1,84.0,1.55114076,62.84167767797476,67.88594509327724,67.87450797114853
2025,sub-16,pain,1,8,8,2,48.0,0.7,0.125,-1,78.66666667,2.334948373,61.88511951806432,67.6405132227289,67.65171796710132
2026,sub-16,pain,1,9,9,2,48.0,0.3,0.125,-1,38.33333333,1.717993407,60.92856135815388,54.76799400372344,54.75669235688079
2027,sub-16,pain,1,10,10,2,48.0,0.7,0.05,0,83.33333333,2.36829197,59.972003198243435,65.85287898165062,65.8414404842981
2028,sub-16,pain,1,11,11,1,47.0,0.3,0.05,-1,50.0,1.734572059,44.41784682751792,37.459434607453886,37.47095276065914
2029,sub-16,pain,1,12,12,1,47.0,0.7,0.125,-1,77.66666667,1.367644772,43.46128866760748,49.113035725303554,49.12452509947805
2030,sub-16,vision,1,13,1,1,0.5,0.7,0.05,0,69.66666667,3.069006344,47.636522574899104,51.81759380450906,52.15912490944684
2031,sub-16,vision,1,14,2,2,0.6,0.3,0.05,-1,46.0,2.518478261,59.650152179269746,54.06640931329052,53.72856255778786
2032,sub-16,vision,1,15,3,2,0.6,0.7,0.05,0,56.0,2.318328046,59.70507935039648,63.94316131950871,64.28506078175802
2033,sub-16,vision,1,16,4,1,0.5,0.7,0.125,-1,54.33333333,1.968103813,47.80130408827931,53.00985376354654,52.673140849176775
2034,sub-16,vision,1,17,5,2,0.6,0.7,0.125,-1,61.33333333,1.784726628,59.81493369264995,65.08866286182591,64.75212522558935
2035,sub-16,vision,1,18,6,1,0.5,0.3,0.125,-1,42.33333333,2.535081483,47.91115843053278,43.402871683697626,43.75019026602445
2036,sub-16,vision,1,19,7,1,0.5,0.3,0.05,0,30.66666667,2.334928158,47.966085601659515,42.397645391541225,42.05574009650301
2037,sub-16,vision,1,20,8,2,0.6,0.3,0.125,-1,44.66666667,2.101602289,59.979715206030164,55.52843919869727,55.87612613833563
2038,sub-16,vision,1,21,9,2,0.6,0.7,0.05,-1,63.0,1.884725695,60.0346423771569,64.09421714362186,64.44231681741344
2039,sub-16,vision,1,22,10,1,0.5,0.7,0.05,-1,62.0,2.184801891,48.13086711503972,52.108924878783014,52.45723543279806
2040,sub-16,vision,1,23,11,1,0.5,0.3,0.05,-1,48.0,2.384941531,48.185794286166455,42.45518438221384,42.119093140361244
2041,sub-16,vision,1,24,12,2,0.6,0.3,0.05,0,53.0,1.817986876,60.199423890537105,54.66348815670168,54.32253045650997
2042,sub-16,vision,2,1,1,1,0.5,0.7,0.125,0,49.33333333,1.834732848,48.77899324326483,54.0356092434079,53.69261769629202
2043,sub-16,vision,2,2,2,2,0.6,0.3,0.125,0,62.66666667,1.818006469,60.79262284763547,56.41391942839783,56.75474849775508
2044,sub-16,vision,2,3,3,1,0.5,0.7,0.125,1,51.0,2.251684705,48.8888475855183,55.27902487558005,54.93875141759989
2045,sub-16,vision,2,4,4,1,0.5,0.3,0.05,1,49.66666667,1.867994651,48.943774756645034,44.44380499392573,44.10299473339277
2046,sub-16,vision,2,5,5,1,0.5,0.7,0.05,1,58.33333333,1.601258941,48.99870192777177,54.19106232393545,54.53504001762678
2047,sub-16,vision,2,6,6,1,0.5,0.3,0.125,0,39.33333333,2.035146172,49.053629098898504,44.5689024137198,44.91052160083548
2048,sub-16,vision,2,7,7,2,0.6,0.7,0.125,1,72.33333333,3.335738011,61.06725870326915,67.49810922402024,67.15859028170826
2049,sub-16,vision,2,8,8,2,0.6,0.7,0.125,0,74.0,2.251689059,61.12218587439588,66.3949688420089,66.05331104809618
2050,sub-16,vision,2,9,9,2,0.6,0.7,0.05,1,71.0,2.235110406,61.17711304552262,66.41014667237565,66.75487888173515
2051,sub-16,vision,2,10,10,2,0.6,0.3,0.125,1,42.66666667,1.9514415,61.23204021664935,57.937885560891594,58.282591194454525
2052,sub-16,vision,2,11,11,2,0.6,0.3,0.05,1,49.33333333,2.701969895,61.286967387776095,56.80316459252673,56.463688085196935
2053,sub-16,vision,2,12,12,1,0.5,0.3,0.125,1,45.66666667,2.535169808,49.383192125658915,45.99935171277302,46.34446130573773
2054,sub-16,pain,2,13,1,1,47.0,0.3,0.125,0,80.33333333,2.33508988,52.927406431354896,47.62087242318506,47.60938155603875
2055,sub-16,pain,2,14,2,2,48.0,0.7,0.125,1,81.66666667,1.317599988,66.56844648225953,74.01572690990449,74.02660412847189
2056,sub-16,pain,2,15,3,1,47.0,0.3,0.05,1,77.0,1.71777446,51.01429011153401,45.781620755844386,45.792742584313686
2057,sub-16,pain,2,16,4,1,47.0,0.3,0.125,1,82.0,1.801307147,50.057731951623566,45.53618888529605,45.52474114405405
2058,sub-16,pain,2,17,5,2,48.0,0.3,0.05,1,86.33333333,2.618488213,63.6987720025282,58.46818086962496,58.47922446508505
2059,sub-16,pain,2,18,6,1,47.0,0.7,0.05,1,91.33333333,2.684990981,48.14461563180269,54.76019505242,54.748749433753865
2060,sub-16,pain,2,19,7,1,47.0,0.7,0.125,1,90.33333333,3.118980842,47.18805747189224,54.514763181871665,54.52595942970664
2061,sub-16,pain,2,20,8,2,48.0,0.3,0.125,1,86.66666667,2.451783293,60.82909752279688,56.275776537861695,56.26431936254145
2062,sub-16,pain,2,21,9,2,48.0,0.3,0.125,0,82.33333333,2.084842321,59.872539362886435,54.466515153320856,54.455152449958206
2063,sub-16,pain,2,22,10,2,48.0,0.7,0.125,0,83.66666667,1.801318032,58.91598120297599,65.3920619111114,65.40327439789476
2064,sub-16,pain,2,23,11,2,48.0,0.7,0.05,1,94.66666667,1.901382721,57.95942304306555,64.52629647437819,64.51487582109928
2065,sub-16,pain,2,24,12,1,47.0,0.7,0.125,0,91.0,2.335052871,42.40526667234003,48.81155687490097,48.822985192555464
2066,sub-16,vision,3,1,1,1,0.5,0.7,0.125,-1,59.33333333,2.852083411,49.921463911630546,54.942650621013144,54.60404315163074
2067,sub-16,vision,3,2,2,1,0.5,0.3,0.05,-1,48.66666667,2.118309386,49.97639108275728,44.10743073935883,43.76828646742363
2068,sub-16,vision,3,3,3,2,0.6,0.7,0.05,0,75.33333333,3.235485787,61.990020687127924,66.01623342713613,66.35681757190777
2069,sub-16,vision,3,4,4,2,0.6,0.7,0.05,-1,75.66666667,2.835361697,62.04494785825466,65.93349716764793,66.27931612807022
2070,sub-16,vision,3,5,5,1,0.5,0.7,0.05,0,64.66666667,1.951455184,50.14117259613749,54.077699579017555,54.41868768319098
2071,sub-16,vision,3,6,6,2,0.6,0.7,0.125,-1,63.0,1.984858805,62.15480220050813,67.2084933861736,66.87083351163771
2072,sub-16,vision,3,7,7,2,0.6,0.3,0.125,-1,57.33333333,2.184912608,62.209729371634864,57.55475288960442,57.90093143258679
2073,sub-16,vision,3,8,8,1,0.5,0.7,0.05,-1,58.66666667,1.701211047,50.30595410951769,54.08848015296989,54.43508923115062
2074,sub-16,vision,3,9,9,1,0.5,0.3,0.125,-1,42.33333333,2.601881259,50.36088128064443,45.61621904148585,45.96280154386999
2075,sub-16,vision,3,10,10,2,0.6,0.3,0.05,-1,58.66666667,1.834701437,62.37451088501507,56.513548754680095,56.175931315126384
2076,sub-16,vision,3,11,11,2,0.6,0.3,0.05,0,50.33333333,1.5511532,62.42943805614181,56.689801847608834,56.34733575076113
2077,sub-16,vision,3,12,12,1,0.5,0.3,0.05,0,43.0,1.834535983,50.52566279402463,44.70450958276999,44.36225436614574
2078,sub-16,pain,3,13,1,2,48.0,0.7,0.125,-1,98.0,1.667746159,66.46898264690253,72.07717397578445,72.088224958099
2079,sub-16,pain,3,14,2,1,47.0,0.3,0.05,0,86.0,1.100784661,50.91482627617701,44.730460401920126,44.74165142051631
2080,sub-16,pain,3,15,3,1,47.0,0.3,0.05,-1,48.66666667,1.884740934,49.95826811626657,42.86958159111689,42.8809115827988
2081,sub-16,pain,3,16,4,2,48.0,0.3,0.05,0,90.66666667,2.468709958,63.5993081671712,57.4170205157007,57.42813330128768
2082,sub-16,pain,3,17,5,2,48.0,0.3,0.05,-1,85.33333333,2.65180102,62.64275000726076,55.55614170489746,55.56739346357017
2083,sub-16,pain,3,18,6,1,47.0,0.7,0.05,0,84.33333333,1.46773714,47.08859363653524,52.73554846788828,52.724206438814505
2084,sub-16,pain,3,19,7,2,48.0,0.7,0.05,-1,87.0,1.784671892,60.72963368743987,65.50820223208054,65.49685214415233
2085,sub-16,pain,3,20,8,1,47.0,0.3,0.125,-1,50.66666667,1.651235305,45.17547731671436,38.7302047981387,38.71910281797123
2086,sub-16,pain,3,21,9,2,48.0,0.3,0.125,-1,76.66666667,2.01805032,58.81651736761899,52.390251142526736,52.37903652988459
2087,sub-16,pain,3,22,10,1,47.0,0.7,0.05,-1,81.0,2.418316539,43.26236099689348,47.954210965262654,47.943111107671044
2088,sub-16,pain,3,23,11,2,48.0,0.7,0.05,0,86.33333333,2.451814082,56.903401047798106,62.50164988984646,62.49033282615992
2089,sub-16,pain,3,24,12,1,47.0,0.7,0.125,-1,79.33333333,1.784699571,41.34924467707259,46.73529286410685,46.746869272481845
2090,sub-16,vision,4,1,1,2,0.6,0.7,0.125,0,73.66666667,2.45182279,63.02263701324018,68.14073203259443,67.79640736695576
2091,sub-16,vision,4,2,2,1,0.5,0.7,0.125,0,68.33333333,2.05156217,51.118861751123006,56.15543976775559,55.81132598234037
2092,sub-16,vision,4,3,3,2,0.6,0.7,0.125,1,83.0,1.751378678,63.13249135549365,69.38414766476657,69.04254108826363
2093,sub-16,vision,4,4,4,2,0.6,0.7,0.05,1,80.33333333,1.80120887,63.187418526620384,68.24942669640171,68.59187819239193
2094,sub-16,vision,4,5,5,1,0.5,0.3,0.05,1,49.66666667,3.052214965,51.28364326450321,46.563635518273415,46.22170301944112
2095,sub-16,vision,4,6,6,1,0.5,0.7,0.05,1,52.66666667,2.201505256,51.33857043562995,56.31089284828314,56.65374830367513
2096,sub-16,vision,4,7,7,1,0.5,0.7,0.125,1,57.66666667,2.952249487,51.39349760675668,57.539130650088545,57.198314191344025
2097,sub-16,vision,4,8,8,2,0.6,0.3,0.05,1,61.0,2.285011196,63.40712721112733,58.73596144999334,58.3945903876509
2098,sub-16,vision,4,9,9,2,0.6,0.3,0.125,1,67.33333333,2.368409218,63.46205438225407,59.96419925179874,60.307396488705685
2099,sub-16,vision,4,10,10,2,0.6,0.3,0.125,0,56.66666667,2.785614232,63.5169815533808,58.8610588697874,59.20211725509361
2100,sub-16,vision,4,11,11,1,0.5,0.3,0.125,1,54.0,1.534438639,51.61320629126362,48.025665403680165,48.36926659998889
2101,sub-16,vision,4,12,12,1,0.5,0.3,0.125,0,49.66666667,1.584540337,51.66813346239036,46.92252502166883,47.26398736637682
2102,sub-16,pain,4,13,1,2,48.0,0.7,0.05,1,89.0,1.501041239,65.41296065163509,71.88341591925612,71.87173830552291
2103,sub-16,pain,4,14,2,2,48.0,0.7,0.125,1,84.0,2.551857312,64.45640249172465,71.63798404870778,71.64894830147568
2104,sub-16,pain,4,15,3,1,47.0,0.3,0.05,1,39.0,2.234818374,48.90224612099912,43.403877894647685,43.41508675731748
2105,sub-16,pain,4,16,4,1,47.0,0.7,0.125,1,78.66666667,2.701992287,47.94568796108868,55.05747901249735,55.068659096136386
2106,sub-16,pain,4,17,5,1,47.0,0.3,0.125,1,40.33333333,2.618759097,46.989129801178244,42.184959793491885,42.173633485915865
2107,sub-16,pain,4,18,6,1,47.0,0.7,0.125,0,79.66666667,2.41831996,46.0325716412678,52.27473139734905,52.28604035241117
2108,sub-16,pain,4,19,7,2,48.0,0.3,0.125,1,59.66666667,1.46777135,59.67361169217243,54.87151990727246,54.860115366687225
2109,sub-16,pain,4,20,8,2,48.0,0.3,0.05,1,50.66666667,2.018161971,58.71705353226199,53.16997931660587,53.18121314466289
2110,sub-16,pain,4,21,9,2,48.0,0.7,0.125,0,79.0,1.450969086,57.76049537235155,63.98780528052216,63.999070402040545
2111,sub-16,pain,4,22,10,2,48.0,0.3,0.125,0,46.0,2.201678485,56.803937212441106,51.11528606151669,51.10404479182002
2112,sub-16,pain,4,23,11,1,47.0,0.3,0.125,0,38.33333333,2.368273932,41.24978084171559,35.50826725591373,35.497207417622704
2113,sub-16,pain,4,24,12,1,47.0,0.7,0.05,1,73.33333333,3.219034957,40.29322268180515,46.54153480757853,46.53038261990575
2114,sub-16,vision,5,1,1,2,0.6,0.7,0.125,-1,64.66666667,1.684583567,64.1651076816059,69.04777341019967,68.70783282229449
2115,sub-16,vision,5,2,2,1,0.5,0.7,0.05,0,57.0,2.685301051,52.261332419488724,56.01049643648416,56.349589985644954
2116,sub-16,vision,5,3,3,1,0.5,0.3,0.125,-1,46.33333333,2.618640916,52.31625959061546,47.40874064879164,47.75284935862817
2117,sub-16,vision,5,4,4,2,0.6,0.3,0.05,-1,55.66666667,2.118283884,64.32988919498611,58.30607036198589,57.965979129884566
2118,sub-16,vision,5,5,5,2,0.6,0.3,0.125,-1,52.0,1.917990297,64.38481636611284,59.534308163791295,59.87878523093935
2119,sub-16,vision,5,6,6,1,0.5,0.7,0.05,-1,62.33333333,2.034918828,52.481041103995665,56.068035427156765,56.41294302950318
2120,sub-16,vision,5,7,7,1,0.5,0.7,0.125,-1,55.66666667,1.634476581,52.5359682751224,57.29627322896217,56.95750891717208
2121,sub-16,vision,5,8,8,1,0.5,0.3,0.05,-1,49.0,2.618440318,52.590895446249135,46.46105334730785,46.121752232964965
2122,sub-16,vision,5,9,9,2,0.6,0.3,0.05,0,65.66666667,1.734553399,64.60452505061978,58.66935712179571,58.3251895491137
2123,sub-16,vision,5,10,10,1,0.5,0.3,0.05,0,48.0,2.551924488,52.700749788502605,46.684064856956866,46.34010816449832
2124,sub-16,vision,5,11,11,2,0.6,0.7,0.05,-1,80.66666667,2.384933445,64.71437939287325,68.33387819231723,68.67973338951015
2125,sub-16,vision,5,12,12,2,0.6,0.7,0.05,0,68.66666667,1.734598806,64.76930656399999,68.51013128524596,68.8511378251449
2126,sub-16,pain,5,13,1,1,47.0,0.7,0.05,-1,90.66666667,1.918377807,49.75934044555257,54.337844179533114,54.3265217609527
2127,sub-16,pain,5,14,2,1,47.0,0.7,0.05,0,68.0,2.051375568,48.802782285642124,54.25175052912142,54.24035793638624
2128,sub-16,pain,5,15,3,1,47.0,0.7,0.125,-1,65.0,1.651247123,47.84622412573168,53.118926078377314,53.130279925763496
2129,sub-16,pain,5,16,4,1,47.0,0.3,0.05,-1,58.66666667,1.584526031,46.88966596582124,39.51835249931272,39.52980392466062
2130,sub-16,pain,5,17,5,2,48.0,0.3,0.05,0,56.0,1.90140729,60.53070601672587,54.06579142389653,54.07702564314949
2131,sub-16,pain,5,18,6,1,47.0,0.3,0.125,-1,59.66666667,1.651041861,44.97654964600036,38.29943439815692,38.288350653259
2132,sub-16,pain,5,19,7,2,48.0,0.3,0.125,-1,62.66666667,2.418262425,58.617589696904986,51.959480742544955,51.94828436517235
2133,sub-16,pain,5,20,8,2,48.0,0.7,0.05,-1,90.0,0.967335946,57.66103153699455,62.15697314027637,62.145744486014145
2134,sub-16,pain,5,21,9,2,48.0,0.7,0.125,-1,80.0,1.834719475,56.704473377084106,61.91154126972803,61.922954481966926
2135,sub-16,pain,5,22,10,1,47.0,0.3,0.05,0,56.33333333,1.951265472,41.15031700635859,34.56482769586371,34.57638094438424
2136,sub-16,pain,5,23,11,2,48.0,0.3,0.05,-1,62.33333333,2.43516732,54.79135705726322,47.337481460055976,47.34902664972206
2137,sub-16,pain,5,24,12,2,48.0,0.7,0.05,0,84.66666667,1.717973192,53.834798897352776,59.15042079804229,59.13922516802173
2138,sub-16,vision,6,1,1,1,0.5,0.7,0.125,1,56.0,2.71893979,53.348875916727714,59.331652257394346,58.98836200610221
2139,sub-16,vision,6,2,2,2,0.6,0.3,0.125,1,52.66666667,1.551150401,65.36250552109836,61.709962442384274,62.05049280756526
2140,sub-16,vision,6,3,3,2,0.6,0.3,0.125,0,54.33333333,3.602651925,65.41743269222509,60.606822060372934,60.94521357395319
2141,sub-16,vision,6,4,4,1,0.5,0.3,0.05,1,51.66666667,1.250814518,53.51365743010792,48.58994920918057,48.24650831369228
2142,sub-16,vision,6,5,5,2,0.6,0.3,0.05,1,58.66666667,1.667869316,65.52728703447856,60.668758307459946,60.325492690104866
2143,sub-16,vision,6,6,6,2,0.6,0.7,0.125,0,59.33333333,1.267487404,65.5822142056053,70.4475962238232,70.1029216365985
2144,sub-16,vision,6,7,7,1,0.5,0.3,0.125,0,53.33333333,1.717934627,53.678438943488125,48.7618050456949,49.10098667703359
2145,sub-16,vision,6,8,8,1,0.5,0.7,0.05,1,59.33333333,1.784817752,53.73336611461486,58.477481789351096,58.81940808562208
2146,sub-16,vision,6,9,9,1,0.5,0.7,0.125,0,77.66666667,1.684581079,53.788293285741595,58.55582079242489,58.211743243780305
2147,sub-16,vision,6,10,10,1,0.5,0.3,0.125,1,50.33333333,1.934605648,53.84322045686833,50.05197909458732,50.39407189424005
2148,sub-16,vision,6,11,11,2,0.6,0.7,0.05,1,84.66666667,1.901352864,65.85685006123897,70.64980772107101,70.99229545383186
2149,sub-16,vision,6,12,12,2,0.6,0.7,0.125,1,60.0,2.118163526,65.91177723236571,71.87804552287642,71.53686134150075
2150,sub-16,pain,6,13,1,2,48.0,0.3,0.125,0,92.0,1.501103751,63.3009166611002,57.498919275787145,57.48745544510167
2151,sub-16,pain,6,14,2,1,47.0,0.3,0.125,0,75.33333333,1.968160727,47.74676029037468,41.89190047018419,41.880618070904355
2152,sub-16,pain,6,15,3,2,48.0,0.7,0.05,1,88.66666667,1.6845845,61.387800341279316,67.55870059684449,67.54717881624273
2153,sub-16,pain,6,16,4,2,48.0,0.3,0.125,1,62.33333333,2.818768738,60.43124218136887,55.41423573789814,55.40281503311698
2154,sub-16,pain,6,17,5,2,48.0,0.7,0.125,1,71.66666667,1.86793245,59.47468402145843,66.33978249568868,66.35093698105354
2155,sub-16,pain,6,18,6,1,47.0,0.3,0.125,1,69.0,2.668593954,43.920527650732915,38.83373070168771,38.822525827777675
2156,sub-16,pain,6,19,7,1,47.0,0.7,0.125,1,58.33333333,2.818786154,42.96396949082247,49.759277459478255,49.77064777571423
2157,sub-16,pain,6,20,8,1,47.0,0.7,0.125,0,77.0,2.001532002,42.00741133091203,47.950016074937416,47.961480863130994
2158,sub-16,pain,6,21,9,2,48.0,0.7,0.125,0,67.0,2.434966723,55.64845138181666,61.61006241932545,61.62141457504434
2159,sub-16,pain,6,22,10,2,48.0,0.3,0.05,1,56.0,1.717926541,54.69189322190622,48.845263994194234,48.85665365538272
2160,sub-16,pain,6,23,11,1,47.0,0.7,0.05,1,79.66666667,1.551115258,39.137736851180705,45.137278176989284,45.12617862405153
2161,sub-16,pain,6,24,12,1,47.0,0.3,0.05,1,31.66666667,2.485263731,38.18117869127026,32.264758957983815,32.27636445004342
2162,sub-17,vision,1,1,1,2,0.6,0.3,0.125,-1,31.0,2.21826844,59.85978928171028,55.47028181458129,55.81026275784932
2163,sub-17,vision,1,2,2,2,0.6,0.7,0.125,-1,62.66666667,2.752014799,59.896751115620155,64.98152864982166,64.65092547348367
2164,sub-17,vision,1,3,3,1,0.5,0.7,0.05,0,61.33333333,2.752023817,47.979260701534685,52.03498725812927,52.370574298773
2165,sub-17,vision,1,4,4,1,0.5,0.7,0.05,-1,72.0,1.901294621,48.01622253544456,51.96170376279628,52.30239250714908
2166,sub-17,vision,1,5,5,2,0.6,0.3,0.05,0,30.33333333,2.768722527,60.00763661734978,54.67319025820704,54.33737791060359
2167,sub-17,vision,1,6,6,2,0.6,0.7,0.05,0,53.0,2.98542416,60.04459845125966,64.18443709344741,64.52047606323018
2168,sub-17,vision,1,7,7,2,0.6,0.7,0.05,-1,58.66666667,2.4184732,60.08156028516954,64.11115359811441,64.45229427160626
2169,sub-17,vision,1,8,8,1,0.5,0.7,0.125,-1,43.66666667,2.968858247,48.164069871084074,53.20515226606338,52.87550651489801
2170,sub-17,vision,1,9,9,1,0.5,0.3,0.125,-1,22.66666667,3.235666894,48.20103170499395,43.77681064228076,44.11806220056845
2171,sub-17,vision,1,10,10,1,0.5,0.3,0.05,0,26.66666667,1.851330977,48.23799353890382,42.85536126871989,42.52034975136555
2172,sub-17,vision,1,11,11,1,0.5,0.3,0.05,-1,30.33333333,3.118868292,48.2749553728137,42.782077773386895,42.45216795974163
2173,sub-17,vision,1,12,12,2,0.6,0.3,0.05,-1,46.0,2.535182546,60.26636945471892,54.84862239724729,54.51885132289403
2174,sub-17,pain,1,13,1,1,47.0,0.3,0.125,-1,24.33333333,2.435345447,54.73188015326759,48.759786330516704,48.83989726516623
2175,sub-17,pain,1,14,2,2,48.0,0.3,0.05,0,37.66666667,3.035731768,68.28097381362002,62.538335225090016,62.46180839078572
2176,sub-17,pain,1,15,3,1,47.0,0.7,0.05,-1,54.66666667,2.418285047,52.80861452505497,57.8348577151786,57.91490649961463
2177,sub-17,pain,1,16,4,2,48.0,0.7,0.05,0,54.0,2.61859026,66.35770818540742,72.34980622186077,72.43133909824769
2178,sub-17,pain,1,17,5,1,47.0,0.3,0.05,-1,9.0,3.268983454,50.88534889684236,44.09482679347862,44.01573682411957
2179,sub-17,pain,1,18,6,1,47.0,0.3,0.05,0,31.0,2.218146839,49.92371608273605,44.06381387823515,43.9851804514867
2180,sub-17,pain,1,19,7,1,47.0,0.7,0.05,0,45.33333333,2.601894349,48.96208326862974,54.85742485623821,54.937120900956934
2181,sub-17,pain,1,20,8,2,48.0,0.3,0.125,-1,19.0,1.601147022,62.51117692898218,56.43076788381617,56.51001804237424
2182,sub-17,pain,1,21,9,2,48.0,0.3,0.05,-1,20.33333333,1.417532432,61.54954411487588,54.71222829047501,54.6330868273524
2183,sub-17,pain,1,22,10,1,47.0,0.7,0.125,-1,62.0,2.334860228,46.07718482631082,51.6962774586613,51.61628356738024
2184,sub-17,pain,1,23,11,2,48.0,0.7,0.125,-1,65.0,3.085359535,59.62627848666326,65.26009889935462,65.1808627966379
2185,sub-17,pain,1,24,12,2,48.0,0.7,0.05,-1,61.33333333,2.718574772,58.66464567255696,63.541559306013454,63.6202077928061
2186,sub-17,vision,2,1,1,2,0.6,0.7,0.125,0,69.33333333,2.285036222,61.027760710931055,66.12354915856102,65.78719969590034
2187,sub-17,vision,2,2,2,1,0.5,0.3,0.125,1,31.0,2.885391443,49.110270296845584,45.76624916293931,46.10309331466471
2188,sub-17,vision,2,3,3,2,0.6,0.7,0.125,1,60.33333333,2.134715801,61.10168437875081,67.30258801631119,66.96883019279908
2189,sub-17,vision,2,4,4,2,0.6,0.3,0.125,1,34.0,2.901922525,61.13864621266069,57.874246392528576,58.21138587846951
2190,sub-17,vision,2,5,5,1,0.5,0.7,0.125,1,48.33333333,2.71845566,49.22115579857522,55.360401209637416,55.02697443160384
2191,sub-17,vision,2,6,6,1,0.5,0.3,0.05,1,28.66666667,1.901370505,49.258117632485096,44.8544215055032,44.52041747514268
2192,sub-17,vision,2,7,7,2,0.6,0.3,0.05,1,42.0,2.651966221,61.249531714390315,56.920966129363585,56.58710083829508
2193,sub-17,vision,2,8,8,2,0.6,0.3,0.125,0,52.33333333,2.168241663,61.28649354830019,56.94392316915164,57.27941058548513
2194,sub-17,vision,2,9,9,1,0.5,0.3,0.125,0,33.66666667,2.018097266,49.36900313421473,44.96028375674899,45.295945623637515
2195,sub-17,vision,2,10,10,1,0.5,0.7,0.125,0,74.33333333,2.601703086,49.40596496812461,54.47153059198936,54.13660833927186
2196,sub-17,vision,2,11,11,1,0.5,0.7,0.05,1,55.66666667,2.618603944,49.44292680203448,54.53147876365905,54.86995243037884
2197,sub-17,vision,2,12,12,2,0.6,0.7,0.05,1,72.33333333,1.851439515,61.4343408839397,66.59802338751945,66.93663579353122
2198,sub-17,pain,2,13,1,2,48.0,0.3,0.05,1,52.0,2.468434668,68.19314270233984,62.99709032088444,62.92095439250718
2199,sub-17,pain,2,14,2,1,47.0,0.3,0.125,1,24.33333333,1.717848282,52.72078341377478,48.20538852983536,48.286077152246534
2200,sub-17,pain,2,15,3,2,48.0,0.3,0.125,0,40.0,3.402508445,66.26987707412722,61.11697051384798,61.19799231796999
2201,sub-17,pain,2,16,4,1,47.0,0.3,0.05,1,28.33333333,3.202319234,50.79751778556217,45.50470895526189,45.42673619521642
2202,sub-17,pain,2,17,5,1,47.0,0.7,0.125,0,32.33333333,2.551923552,49.83588497145586,56.3824800886931,56.304257842976
2203,sub-17,pain,2,18,6,1,47.0,0.7,0.05,1,54.33333333,2.16818164,48.87425215734955,55.316179952032634,55.39626690267839
2204,sub-17,pain,2,19,7,1,47.0,0.7,0.125,1,45.66666667,2.184757817,47.91261934324324,55.07043958290918,54.992102422493645
2205,sub-17,pain,2,20,8,2,48.0,0.7,0.125,0,67.66666667,2.334875778,61.46171300359569,67.9820215669218,67.9040175882171
2206,sub-17,pain,2,21,9,2,48.0,0.7,0.125,1,69.0,2.735332883,60.50008018948938,67.6521210423702,67.57427190974303
2207,sub-17,pain,2,22,10,1,47.0,0.3,0.125,0,19.0,1.601142668,45.02772090092432,39.69602922329619,39.77413515264614
2208,sub-17,pain,2,23,11,2,48.0,0.7,0.05,1,68.66666667,1.817808847,58.57681456127676,64.95144146779673,65.03120716390295
2209,sub-17,pain,2,24,12,2,48.0,0.3,0.125,1,30.0,1.80113906,57.61518174717045,52.929950139437906,53.00896870342972
2210,sub-17,pain,3,1,1,1,47.0,0.7,0.125,-1,64.33333333,2.51874974,52.63295230249459,58.18428860551491,58.10611563781267
2211,sub-17,pain,3,2,2,2,48.0,0.7,0.125,-1,76.0,3.385665743,66.18204596284703,71.74811004620824,71.67069486707032
2212,sub-17,pain,3,3,3,1,47.0,0.7,0.05,0,47.0,2.251618898,50.70968667428197,56.43473609693029,56.514904261347986
2213,sub-17,pain,3,4,4,2,48.0,0.3,0.05,0,45.66666667,2.518476373,64.25878033463441,58.222806578388244,58.14513329912713
2214,sub-17,pain,3,5,5,2,48.0,0.7,0.05,-1,48.0,2.801915932,63.29714752052811,68.06529049040245,68.14522037922197
2215,sub-17,pain,3,6,6,2,48.0,0.7,0.05,0,60.33333333,2.46843529,62.3355147064218,68.034277575159,68.1146640065891
2216,sub-17,pain,3,7,7,1,47.0,0.3,0.125,-1,15.66666667,1.367718067,46.86315541785674,40.51569775888569,40.59358320547454
2217,sub-17,pain,3,8,8,2,48.0,0.3,0.125,-1,23.33333333,2.835533227,60.412249078209186,54.07951919957901,54.15816243473219
2218,sub-17,pain,3,9,9,1,47.0,0.3,0.05,-1,26.66666667,1.667855092,44.93988978964413,37.81501818431222,37.73424224844443
2219,sub-17,pain,3,10,10,1,47.0,0.7,0.05,-1,65.66666667,2.118153619,43.97825697553782,48.60862916231528,48.686182697914674
2220,sub-17,pain,3,11,11,2,48.0,0.3,0.05,-1,35.0,2.434937107,57.52735063589026,50.39669964377323,50.31641173569381
2221,sub-17,pain,3,12,12,1,47.0,0.3,0.05,0,25.66666667,1.400888147,42.0549913473252,35.81972530660414,35.73886639179501
2222,sub-17,vision,3,13,1,1,0.5,0.3,0.05,-1,20.66666667,1.401004771,50.241279892156484,44.50502574291091,44.17226081480322
2223,sub-17,vision,3,14,2,2,0.6,0.7,0.125,-1,59.33333333,2.535055037,62.232693974061704,67.1190026766344,66.78711033506919
2224,sub-17,vision,3,15,3,1,0.5,0.7,0.05,0,56.66666667,2.284969357,50.31520355997623,54.17246128494201,54.506759160358506
2225,sub-17,vision,3,16,4,2,0.6,0.3,0.05,-1,47.66666667,2.218275592,62.30661764188146,56.65447557822905,56.32216257926041
2226,sub-17,vision,3,17,5,2,0.6,0.3,0.05,0,45.0,1.701418274,62.34357947579133,56.81066428501978,56.473562772189105
2227,sub-17,vision,3,18,6,1,0.5,0.3,0.05,0,24.66666667,2.184829657,50.426089061705866,44.82702487261714,44.49009781034149
2228,sub-17,vision,3,19,7,2,0.6,0.3,0.125,-1,38.66666667,2.501647666,62.417503143611086,57.85647147576727,58.19610282334919
2229,sub-17,vision,3,20,8,2,0.6,0.7,0.05,-1,72.0,2.201540807,62.45446497752096,66.29008023065603,66.63008833384417
2230,sub-17,vision,3,21,9,1,0.5,0.7,0.05,-1,50.0,2.068362579,50.5369745634355,54.306440818253385,54.646623371996554
2231,sub-17,vision,3,22,10,2,0.6,0.7,0.05,0,64.0,1.517743662,62.52838864534072,66.48772154317564,66.82309772742526
2232,sub-17,vision,3,23,11,1,0.5,0.7,0.125,-1,38.66666667,1.901345003,50.61089823125525,55.46698411006274,55.1365189784407
2233,sub-17,vision,3,24,12,1,0.5,0.3,0.125,-1,24.66666667,2.384898201,50.647860065165126,46.03864248628012,46.379074664111144
2234,sub-17,vision,4,1,1,2,0.6,0.3,0.05,1,52.0,2.101494406,63.3637035693726,58.80972452180309,58.47363049596624
2235,sub-17,vision,4,2,2,1,0.5,0.3,0.125,0,43.66666667,2.051500595,51.44621315528714,46.80758954345962,47.14086608065629
2236,sub-17,vision,4,3,3,2,0.6,0.3,0.125,1,62.33333333,1.801361734,63.43762723719236,59.97026781361244,60.30596153940264
2237,sub-17,vision,4,4,4,1,0.5,0.7,0.125,0,62.66666667,1.91809907,51.52013682310689,56.36028898442886,56.02313799694302
2238,sub-17,vision,4,5,5,1,0.5,0.3,0.05,1,23.0,3.002164544,51.557098657016766,46.95044292658706,46.6149931360758
2239,sub-17,vision,4,6,6,1,0.5,0.7,0.05,1,53.0,2.234943824,51.594060490926644,56.46168976182743,56.798091288702395
2240,sub-17,vision,4,7,7,2,0.6,0.7,0.05,1,54.0,2.03479411,63.58547457283186,68.52823438568782,68.86477465185479
2241,sub-17,vision,4,8,8,1,0.5,0.7,0.125,1,67.33333333,2.234957508,51.6679841587464,57.622233053636776,57.28798689514654
2242,sub-17,vision,4,9,9,1,0.5,0.3,0.125,1,31.0,2.051317728,51.70494599265628,48.19389142985416,48.53054258081698
2243,sub-17,vision,4,10,10,2,0.6,0.7,0.125,1,71.33333333,1.517762944,63.6963600745615,69.73023028322604,69.39627945895134
2244,sub-17,vision,4,11,11,2,0.6,0.7,0.125,0,52.66666667,1.818114558,63.73332190847137,68.67554924266248,68.33947656400979
2245,sub-17,vision,4,12,12,2,0.6,0.3,0.125,0,38.66666667,1.767918598,63.770283742381245,59.24720761887987,59.58203224968022
2246,sub-17,pain,4,13,1,1,47.0,0.3,0.05,1,40.66666667,1.968123981,51.58348837710809,46.09988021472166,46.0221098135992
2247,sub-17,pain,4,14,2,1,47.0,0.3,0.125,0,18.66666667,2.651771847,50.62185556300178,45.2019003889175,45.28155748107029
2248,sub-17,pain,4,15,3,2,48.0,0.7,0.05,1,56.66666667,1.968073599,64.17094922335423,70.45731263341804,70.5386294923271
2249,sub-17,pain,4,16,4,2,48.0,0.3,0.125,0,28.66666667,1.367641872,63.20931640924792,57.78358184837852,57.86372696831967
2250,sub-17,pain,4,17,5,1,47.0,0.7,0.125,1,46.33333333,2.068180023,47.73695712068286,54.68347086113664,54.60506629886815
2251,sub-17,pain,4,18,6,1,47.0,0.7,0.05,1,62.33333333,1.767891541,46.77532430657655,52.96493126779548,53.04441129503635
2252,sub-17,pain,4,19,7,2,48.0,0.3,0.125,1,34.66666667,2.401668751,60.32441796692899,55.48940136136229,55.56916180582905
2253,sub-17,pain,4,20,8,2,48.0,0.7,0.125,0,36.0,1.534714495,59.36278515282268,65.63077288268465,65.55216198057506
2254,sub-17,pain,4,21,9,1,47.0,0.3,0.125,1,20.0,1.267376529,43.89042586425763,38.97915997697204,39.05735335054657
2255,sub-17,pain,4,22,10,2,48.0,0.3,0.05,1,56.0,2.018009876,57.43951952461007,51.80658180555651,51.72741110679067
2256,sub-17,pain,4,23,11,2,48.0,0.7,0.125,1,55.0,2.101800428,56.47788671050376,63.33659239566842,63.25759681808444
2257,sub-17,pain,4,24,12,1,47.0,0.7,0.125,0,46.66666667,2.10148321,41.00552742193871,47.15625153582978,47.075534041276036
2258,sub-17,pain,5,1,1,1,47.0,0.3,0.125,-1,22.33333333,1.634489706,50.53402445172159,44.057288962042385,44.13618604988214
2259,sub-17,pain,5,2,2,2,48.0,0.7,0.125,-1,60.0,2.234844305,64.08311811207403,69.39686136197108,69.31883925942827
2260,sub-17,pain,5,3,3,1,47.0,0.3,0.05,0,15.33333333,1.350991678,48.610758823508974,42.30773645345776,42.22869846222743
2261,sub-17,pain,5,4,4,1,47.0,0.7,0.125,-1,20.66666667,2.768642601,47.64912600940267,52.88661997758083,52.8070308041458
2262,sub-17,pain,5,5,5,1,47.0,0.7,0.05,-1,14.66666667,1.267502172,46.68749319529636,51.168080384239666,51.246375800314
2263,sub-17,pain,5,6,6,2,48.0,0.7,0.05,-1,51.0,2.134778001,60.2365868556488,64.73190182493299,64.81095502957166
2264,sub-17,pain,5,7,7,1,47.0,0.7,0.05,0,52.0,2.335012617,44.76422756708374,50.15492748776389,50.23340968567285
2265,sub-17,pain,5,8,8,1,47.0,0.3,0.05,-1,23.33333333,1.417733648,43.80259475297744,36.445909481307375,36.36479638281066
2266,sub-17,pain,5,9,9,2,48.0,0.3,0.05,-1,28.33333333,2.018368456,57.35168841332988,50.0097309220007,49.92937561206831
2267,sub-17,pain,5,10,10,2,48.0,0.3,0.05,0,36.0,1.967924943,56.39005559922357,49.97871800675723,49.89881923943544
2268,sub-17,pain,5,11,11,2,48.0,0.7,0.05,0,43.0,2.084873446,55.42842278511726,60.772328984760286,60.85075968890568
2269,sub-17,pain,5,12,12,2,48.0,0.3,0.125,-1,39.66666667,2.435078922,54.466789971010954,47.79971059041262,47.87666785905705
2270,sub-17,vision,5,13,1,2,0.6,0.3,0.05,0,39.0,1.734611368,64.53167499859337,58.78232788891703,58.44331083116505
2271,sub-17,vision,5,14,2,1,0.5,0.3,0.05,0,30.0,2.067893905,52.61418458450791,46.798688476514386,46.459845869317434
2272,sub-17,vision,5,15,3,1,0.5,0.3,0.05,-1,27.33333333,1.851327867,52.65114641841779,46.72540498118139,46.39166407769353
2273,sub-17,vision,5,16,4,2,0.6,0.3,0.125,-1,47.66666667,1.801217743,64.64256050032301,59.86958768539339,60.20746008297753
2274,sub-17,vision,5,17,5,2,0.6,0.3,0.05,-1,29.33333333,1.534401009,64.67952233423289,58.83340221077066,58.499956641498315
2275,sub-17,vision,5,18,6,1,0.5,0.7,0.05,0,42.33333333,1.884590002,52.76203192014742,56.43429312894137,56.7677716239012
2276,sub-17,vision,5,19,7,2,0.6,0.7,0.05,-1,65.33333333,1.734459601,64.75344600205264,68.38610165173989,68.72466399477729
2277,sub-17,vision,5,20,8,1,0.5,0.3,0.125,-1,24.66666667,2.635214019,52.83595558796718,48.010306090177366,48.34882272308709
2278,sub-17,vision,5,21,9,2,0.6,0.7,0.05,0,63.0,1.901408135,64.8273696698724,68.58374296425951,68.91767338835838
2279,sub-17,vision,5,22,10,1,0.5,0.7,0.05,-1,55.0,1.868096551,52.90987925578693,56.485367450794996,56.82441743423447
2280,sub-17,vision,5,23,11,1,0.5,0.7,0.125,-1,59.0,1.901399116,52.946841089696804,57.60445813687548,57.27270384002622
2281,sub-17,vision,5,24,12,2,0.6,0.7,0.125,-1,74.0,2.835345385,64.93825517160202,69.67100276073587,69.33938720317863
2282,sub-17,pain,6,1,1,2,48.0,0.7,0.05,1,65.66666667,1.834504136,63.99528700079384,70.0703439116455,70.15159336870161
2283,sub-17,pain,6,2,2,1,47.0,0.3,0.125,0,27.0,2.401600954,48.52292771222878,42.850651704680345,42.92970187342824
2284,sub-17,pain,6,3,3,2,48.0,0.3,0.05,1,32.0,2.301657493,62.07202137258122,56.33031298994551,56.25242369320654
2285,sub-17,pain,6,4,4,1,47.0,0.7,0.125,1,42.66666667,1.651134924,46.59966208401617,53.31436215813179,53.23562043323438
2286,sub-17,pain,6,5,5,2,48.0,0.7,0.125,1,68.33333333,1.567781013,60.14875574436861,66.87818359882512,66.80019966249203
2287,sub-17,pain,6,6,6,1,47.0,0.3,0.125,1,30.66666667,2.101382758,44.67639645580355,39.57433123643181,39.65272696892935
2288,sub-17,pain,6,7,7,2,48.0,0.3,0.125,1,19.0,2.435206742,58.22549011615599,53.138152677125134,53.217306198187
2289,sub-17,pain,6,8,8,1,47.0,0.7,0.05,1,57.66666667,2.468457993,42.75313082759094,48.64940262109371,48.72773620337776
2290,sub-17,pain,6,9,9,1,47.0,0.7,0.125,0,62.66666667,1.984687096,41.79149801348463,47.75142279528956,47.67090765965881
2291,sub-17,pain,6,10,10,2,48.0,0.7,0.125,0,66.33333333,2.001439919,55.34059167383707,61.315244235982874,61.23548688891647
2292,sub-17,pain,6,11,11,1,47.0,0.3,0.05,1,13.66666667,2.468338258,39.86823238527201,33.927231718161416,33.84615678587442
2293,sub-17,pain,6,12,12,2,48.0,0.3,0.125,0,17.33333333,2.535194053,53.41732604562445,47.57521331428289,47.65259342461144
2294,sub-17,vision,6,13,1,1,0.5,0.7,0.125,0,41.66666667,1.784623217,53.74519417981881,58.37340519405498,58.03449525657136
2295,sub-17,vision,6,14,2,2,0.6,0.7,0.05,1,71.0,1.584512688,65.73660826172403,70.45844538385619,70.79291351017835
2296,sub-17,vision,6,15,3,2,0.6,0.3,0.125,1,41.33333333,2.051390191,65.7735700956339,62.10774184042518,62.44214640098815
2297,sub-17,vision,6,16,4,2,0.6,0.7,0.125,0,57.0,1.567788788,65.81053192954379,70.52285502937312,70.18439702102856
2298,sub-17,vision,6,17,5,1,0.5,0.7,0.125,1,70.33333333,2.234773087,53.893041515458314,59.635349263262896,59.29934415477488
2299,sub-17,vision,6,18,6,1,0.5,0.3,0.125,1,43.66666667,1.601140491,53.93000334936819,50.20700763948028,50.54189984044532
2300,sub-17,vision,6,19,7,1,0.5,0.3,0.125,0,37.0,1.951498356,53.96696518327807,49.15232659891673,49.48509694550376
2301,sub-17,vision,6,20,8,1,0.5,0.3,0.05,1,34.66666667,2.168120996,54.00392701718795,49.21227477058642,48.876005599618495
2302,sub-17,vision,6,21,9,2,0.6,0.3,0.125,0,42.33333333,2.034829564,65.99534109909317,61.26032382850599,61.59338950930856
2303,sub-17,vision,6,22,10,2,0.6,0.7,0.125,1,69.0,1.817955327,66.03230293300304,71.86770431003879,71.53246432053686
2304,sub-17,vision,6,23,11,2,0.6,0.3,0.05,1,20.66666667,2.418653579,66.06926476691292,61.361724605904556,61.02590736407568
2305,sub-17,vision,6,24,12,1,0.5,0.7,0.05,1,58.33333333,1.784544535,54.15177435282745,58.8478794230134,59.183931354202265
2306,sub-18,pain,1,1,1,1,47.0,0.3,0.125,-1,19.0,1.317606775,54.069876636868386,48.28843658648522,48.29352356210893
2307,sub-18,pain,1,2,2,1,47.0,0.7,0.05,0,85.33333333,1.184179934,53.14911228194078,59.022201206794506,59.02734285844046
2308,sub-18,pain,1,3,3,2,48.0,0.3,0.05,0,84.33333333,1.217570388,66.85215394248334,60.95447565067686,60.94963705504506
2309,sub-18,pain,1,4,4,1,47.0,0.7,0.125,-1,48.0,2.001561543,51.307583572085576,57.22772919554633,57.22278683785652
2310,sub-18,pain,1,5,5,2,48.0,0.3,0.05,-1,22.0,1.417663999,65.01062523262813,58.360840198231934,58.3559132091815
2311,sub-18,pain,1,6,6,2,48.0,0.7,0.05,0,87.33333333,1.55117139,64.08986087770053,69.89376825973797,69.89888940359646
2312,sub-18,pain,1,7,7,2,48.0,0.3,0.125,-1,11.66666667,1.184180245,63.16909652277292,57.26637304028973,57.271396311341746
2313,sub-18,pain,1,8,8,2,48.0,0.7,0.125,-1,23.33333333,1.80132798,62.24833216784532,68.09929624848981,68.0943333830125
2314,sub-18,pain,1,9,9,1,47.0,0.3,0.05,0,55.0,1.200863342,46.703761797447555,40.61475560203859,40.60972153027322
2315,sub-18,pain,1,10,10,2,48.0,0.7,0.05,-1,89.33333333,1.651226749,60.40680345799011,65.40650220815408,65.41149176180973
2316,sub-18,pain,1,11,11,1,47.0,0.7,0.05,-1,68.33333333,1.500967839,44.862233087592344,49.800858657363214,49.805760726845804
2317,sub-18,pain,1,12,12,1,47.0,0.3,0.05,-1,24.33333333,1.134169515,43.94146873266474,37.074304850024184,37.06916078644807
2318,sub-18,vision,1,13,1,2,0.6,0.3,0.05,0,79.0,1.017637875,59.432957867202276,53.965927782178746,53.60862166208763
2319,sub-18,vision,1,14,2,2,0.6,0.7,0.125,-1,72.33333333,1.484398879,59.4788273703314,64.69186408384617,64.34051396143654
2320,sub-18,vision,1,15,3,1,0.5,0.7,0.125,-1,51.0,1.684410697,47.617023296332036,52.76213942245902,52.4107209680304
2321,sub-18,vision,1,16,4,1,0.5,0.3,0.05,0,32.0,1.667795087,47.66289279946117,42.13801287764667,41.78051313348674
2322,sub-18,vision,1,17,5,2,0.6,0.3,0.05,-1,50.66666667,1.884736628,59.616435879718786,54.04823629034371,53.69589999286414
2323,sub-18,vision,1,18,6,2,0.6,0.7,0.05,0,56.33333333,1.417701009,59.66230538284792,63.95098695105231,64.30929206047502
2324,sub-18,vision,1,19,7,1,0.5,0.7,0.05,-1,51.66666667,1.350826178,47.80050130884855,51.899951284119965,52.263408468234836
2325,sub-18,vision,1,20,8,1,0.5,0.3,0.125,-1,58.0,1.267617504,47.84637081197768,43.28612903786085,43.64931280152704
2326,sub-18,vision,1,21,9,1,0.5,0.7,0.05,0,77.0,1.117481441,47.892240315106804,52.12307204652024,52.48118353187412
2327,sub-18,vision,1,22,10,2,0.6,0.7,0.05,-1,78.33333333,2.201597308,59.84578339536443,64.03329545921727,64.39657039125153
2328,sub-18,vision,1,23,11,2,0.6,0.3,0.125,-1,60.66666667,1.401067049,59.891652898493554,55.41947321295817,55.78247472454373
2329,sub-18,vision,1,24,12,1,0.5,0.3,0.05,-1,57.0,1.451156151,48.029848824494195,42.423940899521796,42.07116039387379
2330,sub-18,vision,2,1,1,1,0.5,0.3,0.125,0,32.66666667,1.534497622,48.726087316296535,44.155342993725014,44.51306105399743
2331,sub-18,vision,2,2,2,1,0.5,0.3,0.125,1,65.33333333,1.217642851,48.77195681942566,45.25473818975544,45.614757423957585
2332,sub-18,vision,2,3,3,2,0.6,0.7,0.125,0,69.66666667,1.834683602,60.725499899683285,65.96831706713066,65.611000073128
2333,sub-18,vision,2,4,4,2,0.6,0.3,0.125,1,73.0,1.334321284,60.77136940281241,57.33717748642521,57.69707711457164
2334,sub-18,vision,2,5,5,2,0.6,0.3,0.125,0,72.33333333,1.651248519,60.81723890594154,56.339592047249866,56.697065209416756
2335,sub-18,vision,2,6,6,2,0.6,0.3,0.05,1,72.0,1.517796175,60.86310840907066,56.37317959123107,56.017240242113125
2336,sub-18,vision,2,7,7,1,0.5,0.3,0.05,1,72.33333333,1.284270746,49.0013043350713,44.443454929843924,44.08744724870697
2337,sub-18,vision,2,8,8,1,0.5,0.7,0.125,1,73.0,1.284252086,49.04717383820043,55.29070223705655,54.93543014688991
2338,sub-18,vision,2,9,9,1,0.5,0.7,0.125,0,73.33333333,1.834733673,49.09304334132956,54.293116797881204,53.93541824173502
2339,sub-18,vision,2,10,10,2,0.6,0.7,0.125,1,63.0,1.434237002,61.04658642158718,67.37314153372631,67.01774983750396
2340,sub-18,vision,2,11,11,2,0.6,0.7,0.05,1,72.66666667,1.768173888,61.092455924716305,66.35823876010464,66.7179106405005
2341,sub-18,vision,2,12,12,1,0.5,0.7,0.05,1,57.66666667,2.785395331,49.23065185071694,54.42851409871749,54.788117647094346
2342,sub-18,pain,2,13,1,2,48.0,0.7,0.05,1,98.66666667,1.000768798,67.57567529439413,74.0713187211162,74.0765563023009
2343,sub-18,pain,2,14,2,1,47.0,0.7,0.05,1,89.0,1.734574129,52.03110492399636,58.46567517032534,58.47082526733699
2344,sub-18,pain,2,15,3,1,47.0,0.3,0.125,1,75.33333333,1.350841417,51.110340569068754,46.538284804183064,46.543382225022675
2345,sub-18,pain,2,16,4,1,47.0,0.7,0.125,1,90.0,0.984025987,50.189576214141155,57.371208012383136,57.36631929669343
2346,sub-18,pain,2,17,5,2,48.0,0.3,0.125,1,93.33333333,1.417736152,63.89261787468371,59.3034824562655,59.30860256610184
2347,sub-18,pain,2,18,6,2,48.0,0.7,0.125,0,81.66666667,1.267671619,62.9718535197561,69.4606506134819,69.45575709192136
2348,sub-18,pain,2,19,7,1,47.0,0.7,0.125,0,72.0,1.48458206,47.42728314935834,53.85500706269103,53.85002605695744
2349,sub-18,pain,2,20,8,1,47.0,0.3,0.05,1,55.0,1.567823077,46.50651879443073,41.00504486513891,41.00004083713134
2350,sub-18,pain,2,21,9,2,48.0,0.3,0.125,0,45.0,1.300953844,60.20956045497329,54.84046620700391,54.845472428404264
2351,sub-18,pain,2,22,10,1,47.0,0.3,0.125,0,63.66666667,1.567713293,44.66499008457552,39.23482265621304,39.23974139344035
2352,sub-18,pain,2,23,11,2,48.0,0.7,0.125,1,80.66666667,1.334363269,58.36803174511808,65.40232916661817,65.39735514796467
2353,sub-18,pain,2,24,12,2,48.0,0.3,0.05,1,57.66666667,1.73445968,57.447267390190476,51.876611918082375,51.87158738228732
2354,sub-18,vision,3,1,1,2,0.6,0.3,0.125,-1,50.0,1.334430757,61.83456391964777,57.11889862730626,57.481158961427006
2355,sub-18,vision,3,2,2,2,0.6,0.3,0.05,0,67.66666667,1.401039059,61.880433422776896,56.225306859229775,55.866570455399874
2356,sub-18,vision,3,3,3,1,0.5,0.3,0.125,-1,54.66666667,1.51780084,50.01862934877754,45.24007884434665,45.60220820042348
2357,sub-18,vision,3,4,4,1,0.5,0.7,0.05,0,52.33333333,1.300832553,50.06449885190666,54.07702185300603,54.43407893077056
2358,sub-18,vision,3,5,5,2,0.6,0.3,0.05,-1,71.0,1.6348164,62.01804193216428,56.2567104889672,55.90300655377375
2359,sub-18,vision,3,6,6,1,0.5,0.7,0.125,-1,60.33333333,1.467773939,50.156237858164914,55.123328256365134,54.7703542261479
2360,sub-18,vision,3,7,7,1,0.5,0.3,0.05,-1,55.33333333,1.300959131,50.20210736129405,44.37789070600759,44.024055792770234
2361,sub-18,vision,3,8,8,1,0.5,0.7,0.05,-1,61.0,1.434424848,50.24797686442317,54.159330361170994,54.521357261547074
2362,sub-18,vision,3,9,9,2,0.6,0.7,0.05,-1,49.33333333,1.534309777,62.2015199446808,66.19086477941323,66.55283471975851
2363,sub-18,vision,3,10,10,1,0.5,0.3,0.05,0,41.66666667,1.417714382,50.33971587068143,44.65191634683541,44.29267308881215
2364,sub-18,vision,3,11,11,2,0.6,0.7,0.05,0,72.66666667,1.284132661,62.29325895093905,66.4139855418135,66.77060978339779
2365,sub-18,vision,3,12,12,2,0.6,0.7,0.125,-1,75.33333333,1.384459214,62.339128454068174,67.40938706674507,67.05604284637249
2366,sub-18,pain,3,13,1,2,48.0,0.3,0.05,0,76.66666667,1.26756339,66.4576679364497,60.383544074910155,60.378710577058825
2367,sub-18,pain,3,14,2,1,47.0,0.7,0.05,0,76.0,1.517841893,50.91309756605193,56.55763903188884,56.56274258453106
2368,sub-18,pain,3,15,3,1,47.0,0.7,0.125,-1,75.66666667,1.300929275,49.99233321112433,55.709982320210145,55.705023461908695
2369,sub-18,pain,3,16,4,1,47.0,0.3,0.125,-1,33.33333333,1.300933007,49.07156885619673,42.983428512871114,42.988412594314774
2370,sub-18,pain,3,17,5,2,48.0,0.7,0.125,-1,83.33333333,1.000628536,62.77461051673928,68.47517997229258,68.47024380298785
2371,sub-18,pain,3,18,6,2,48.0,0.3,0.125,-1,33.0,1.601112455,61.853846161811674,55.74862616495355,55.75363293539393
2372,sub-18,pain,3,19,7,1,47.0,0.7,0.05,-1,74.0,1.567787623,46.30927579141391,51.123557680735466,51.12850804478275
2373,sub-18,pain,3,20,8,2,48.0,0.3,0.05,-1,41.0,1.634532455,60.01231745195646,53.05583212461782,53.05080224138734
2374,sub-18,pain,3,21,9,1,47.0,0.3,0.05,0,31.66666667,1.434404322,44.4677470815587,38.150193427132926,38.14512125636381
2375,sub-18,pain,3,22,10,2,48.0,0.7,0.05,0,74.66666667,1.384203881,58.17078874210126,63.641944886554384,63.6469415378407
2376,sub-18,pain,3,23,11,1,47.0,0.3,0.05,-1,58.0,1.200755114,42.626218371703494,35.556557974688,35.55139741050026
2377,sub-18,pain,3,24,12,2,48.0,0.7,0.05,-1,84.0,1.334206213,56.32926003224605,61.048309434109456,61.05321769197715
2378,sub-18,pain,4,1,1,1,47.0,0.7,0.05,1,100.0,2.401736637,50.715854563035116,56.947928294989154,56.953061891389176
2379,sub-18,pain,4,2,2,1,47.0,0.3,0.125,0,75.0,1.300954155,49.79509020810751,44.34478287786321,44.349836303223626
2380,sub-18,pain,4,3,3,2,48.0,0.7,0.125,0,96.33333333,1.334293916,63.49813186865007,69.83653433728468,69.83166751189671
2381,sub-18,pain,4,4,4,2,48.0,0.7,0.05,1,100.0,1.717951365,62.577367513722464,68.76631064750211,68.77144533450675
2382,sub-18,pain,4,5,5,2,48.0,0.3,0.125,0,57.33333333,1.83480707,61.65660315879486,56.163165230376165,56.168219746341194
2383,sub-18,pain,4,6,6,2,48.0,0.3,0.125,1,35.33333333,1.451094573,60.73583880386725,55.892104981790354,55.897165394230846
2384,sub-18,pain,4,7,7,1,47.0,0.3,0.05,1,60.66666667,2.218260813,45.19126843346949,39.48729798980273,39.482277461183514
2385,sub-18,pain,4,8,8,2,48.0,0.3,0.05,1,55.66666667,1.584505864,58.89431009401204,53.199310941454634,53.19433470022426
2386,sub-18,pain,4,9,9,2,48.0,0.7,0.125,1,92.0,0.917533378,57.97354573908444,64.83139759085147,64.82642866997844
2387,sub-18,pain,4,10,10,1,47.0,0.7,0.125,1,78.33333333,1.300984633,42.42897536868668,49.22575404006059,49.22069763501452
2388,sub-18,pain,4,11,11,1,47.0,0.7,0.125,0,53.66666667,1.567702097,41.50821101375907,47.603183689507446,47.598078191201694
2389,sub-18,pain,4,12,12,1,47.0,0.3,0.125,1,35.0,1.601195804,40.58744665883147,35.552384933152084,35.557249869459014
2390,sub-18,vision,4,13,1,1,0.5,0.3,0.05,1,55.66666667,1.434359848,51.12769336874202,46.346499857902174,45.98950041520079
2391,sub-18,vision,4,14,2,1,0.5,0.3,0.125,1,36.0,1.20088729,51.17356287187115,47.463212388378935,47.8218639848672
2392,sub-18,vision,4,15,3,2,0.6,0.3,0.125,1,65.33333333,1.384245555,63.12710595212877,59.494746806621166,59.85334144307863
2393,sub-18,vision,4,16,4,2,0.6,0.7,0.125,0,72.0,1.684639906,63.1729754552579,68.22769614418168,67.86894886644025
2394,sub-18,vision,4,17,5,1,0.5,0.7,0.05,1,42.0,1.200406791,51.31117138125853,56.280654148348205,56.63932858118553
2395,sub-18,vision,4,18,6,2,0.6,0.7,0.05,1,69.33333333,1.501067671,63.26471446151615,68.31218856659044,68.67080603939695
2396,sub-18,vision,4,19,7,1,0.5,0.7,0.125,1,64.66666667,1.067452051,51.40291038751679,57.4482715572525,57.09169447539689
2397,sub-18,vision,4,20,8,2,0.6,0.3,0.125,0,74.66666667,1.517656535,63.35645346777441,58.70078088115598,59.05669846753427
2398,sub-18,vision,4,21,9,1,0.5,0.3,0.125,0,38.66666667,1.251150242,51.49464939377505,46.77105621976883,47.126905474128115
2399,sub-18,vision,4,22,10,2,0.6,0.3,0.05,1,67.0,0.983916515,63.448192474032666,58.78527330356472,58.427715732633274
2400,sub-18,vision,4,23,11,1,0.5,0.7,0.125,0,41.33333333,1.734607095,51.5863884000333,56.60340075335977,56.244209267449904
2401,sub-18,vision,4,24,12,2,0.6,0.7,0.125,1,78.0,1.20088418,63.53993148029092,69.6834254892049,69.32654086321884
2402,sub-18,pain,5,1,1,1,47.0,0.7,0.125,-1,97.66666667,2.435235942,49.59784720509069,55.13905074444344,55.13409698392246
2403,sub-18,pain,5,2,2,2,48.0,0.3,0.125,-1,55.66666667,1.400916524,63.30088886563324,57.0713251883258,57.07638025333087
2404,sub-18,pain,5,3,3,1,47.0,0.3,0.125,-1,40.66666667,1.234244777,47.756318495235476,41.46568163753493,41.47064921836695
2405,sub-18,pain,5,4,4,1,47.0,0.3,0.05,-1,49.0,1.401052432,46.83555414030788,39.719702896768695,39.71465542232195
2406,sub-18,pain,5,5,5,2,48.0,0.3,0.05,0,74.66666667,1.184512084,60.53859580085043,54.13172070172657,54.12676271130308
2407,sub-18,pain,5,6,6,1,47.0,0.7,0.05,0,60.66666667,1.50111401,44.994025430452666,50.30581565870525,50.31079471877531
2408,sub-18,pain,5,7,7,1,47.0,0.7,0.05,-1,76.33333333,1.634386595,44.07326107552506,48.6589955058298,48.66390777087334
2409,sub-18,pain,5,8,8,2,48.0,0.7,0.125,-1,76.33333333,0.950685294,57.77630273606762,63.17017189867847,63.165132835193695
2410,sub-18,pain,5,9,9,2,48.0,0.3,0.05,-1,54.0,1.551412417,56.855538381140015,49.64445465014268,49.63936506951635
2411,sub-18,pain,5,10,10,2,48.0,0.7,0.05,-1,68.33333333,1.534452527,55.93477402621241,60.47737785834275,60.48229121399091
2412,sub-18,pain,5,11,11,2,48.0,0.7,0.05,0,74.0,1.35090144,55.0140096712848,60.23056741207924,60.23550436596972
2413,sub-18,pain,5,12,12,1,47.0,0.3,0.05,0,26.33333333,0.934055999,39.46943930088704,32.84518535351882,32.84001028856965
2414,sub-18,vision,5,13,1,1,0.5,0.7,0.05,-1,71.0,1.217752324,52.32849639496477,56.01147041080171,56.37256819563826
2415,sub-18,vision,5,14,2,1,0.5,0.7,0.05,0,78.33333333,1.117464958,52.3743658980939,56.183686294774446,56.53950102687491
2416,sub-18,vision,5,15,3,1,0.5,0.3,0.125,-1,51.0,1.61772931,52.420235401223024,47.44855304297014,47.8093147613331
2417,sub-18,vision,5,16,4,1,0.5,0.7,0.125,-1,52.33333333,1.217535244,52.46610490435216,57.22999269813354,56.87577632225225
2418,sub-18,vision,5,17,5,2,0.6,0.7,0.125,-1,85.0,1.033999397,64.41964798460978,69.26152711637577,68.90725378046366
2419,sub-18,vision,5,18,6,1,0.5,0.3,0.05,-1,40.0,1.267627768,52.557843910610416,46.535460026203545,46.18032012127721
2420,sub-18,vision,5,19,7,2,0.6,0.7,0.05,-1,47.33333333,1.31749046,64.51138699086803,68.29752922118163,68.65825681586286
2421,sub-18,vision,5,20,8,2,0.6,0.7,0.05,0,81.66666667,1.251015889,64.55725649399716,68.46974510515437,68.8251896470995
2422,sub-18,vision,5,21,9,1,0.5,0.3,0.05,0,35.33333333,1.634412408,52.69545241999779,46.80948566703136,46.44893741731914
2423,sub-18,vision,5,22,10,2,0.6,0.3,0.125,-1,53.0,1.350988832,64.64899550025541,59.785516731777605,60.14584561396032
2424,sub-18,vision,5,23,11,2,0.6,0.3,0.05,0,37.0,1.134232648,64.69486500338455,58.89192496370113,58.53125710793319
2425,sub-18,vision,5,24,12,2,0.6,0.3,0.05,-1,35.0,1.217609885,64.74073450651368,58.82151883658347,58.4660087415018
2426,sub-18,vision,6,1,1,2,0.6,0.7,0.125,1,79.0,0.917477087,65.43697299831601,71.33194602512543,70.97438286769949
2427,sub-18,vision,6,2,2,1,0.5,0.3,0.125,1,43.0,1.467727599,53.57516892431664,49.67168658700243,50.02897054577681
2428,sub-18,vision,6,3,3,1,0.5,0.7,0.125,0,70.66666667,1.167554993,53.62103842744577,58.404635924562946,58.04457796913845
2429,sub-18,vision,6,4,4,1,0.5,0.3,0.05,1,32.33333333,1.300935806,53.6669079305749,48.707688691808286,48.34913367331829
2430,sub-18,vision,6,5,5,2,0.6,0.7,0.125,0,68.33333333,1.367670375,65.62045101083253,70.48707522123271,70.1268976597525
2431,sub-18,vision,6,6,6,2,0.6,0.3,0.05,1,37.33333333,1.134053822,65.66632051396165,60.790127988478055,60.43145336393235
2432,sub-18,vision,6,7,7,1,0.5,0.3,0.125,0,26.66666667,1.03418662,53.804516439962285,48.87772066153724,49.23232757023246
2433,sub-18,vision,6,8,8,2,0.6,0.3,0.125,1,64.33333333,1.36767504,65.7580595202199,61.957745397382354,62.3146591660014
2434,sub-18,vision,6,9,9,2,0.6,0.3,0.125,0,61.0,1.284272301,65.80392902334903,60.96015995820701,61.31464726084651
2435,sub-18,vision,6,10,10,1,0.5,0.7,0.125,1,63.33333333,1.484471965,53.94212494934967,59.80946039115861,59.45132773351441
2436,sub-18,vision,6,11,11,1,0.5,0.7,0.05,1,71.33333333,1.26742686,53.987994452478794,58.79455761753693,59.151488536510946
2437,sub-18,vision,6,12,12,2,0.6,0.7,0.05,1,84.33333333,1.384380219,65.94153753273642,70.82609203577917,71.18296599472237
2438,sub-18,pain,6,13,1,2,48.0,0.7,0.125,1,100.0,1.351292681,63.10364586261643,69.94135781250164,69.93652357976171
2439,sub-18,pain,6,14,2,1,47.0,0.7,0.05,1,81.0,0.883975294,47.55907549221866,53.53655082051401,53.54162471951818
2440,sub-18,pain,6,15,3,2,48.0,0.7,0.05,1,86.0,1.484437132,61.26211715276122,67.24856377216591,67.25368195855893
2441,sub-18,pain,6,16,4,1,47.0,0.7,0.125,0,73.33333333,1.417903782,45.717546782363456,51.766328611588136,51.76133620302339
2442,sub-18,pain,6,17,5,2,48.0,0.3,0.125,0,70.66666667,1.467771451,59.42058844290601,53.6986030554705,53.7036194724318
2443,sub-18,pain,6,18,6,1,47.0,0.3,0.125,1,45.33333333,1.184165627,43.876018072508245,38.768714555663294,38.773670983319114
2444,sub-18,pain,6,19,7,2,48.0,0.3,0.125,1,80.0,1.417594024,57.5790597330508,52.48072750731521,52.48572822235986
2445,sub-18,pain,6,20,8,2,48.0,0.7,0.125,0,63.66666667,1.250949335,56.6582953781232,62.637895664531605,62.63288274817938
2446,sub-18,pain,6,21,9,1,47.0,0.3,0.05,1,50.33333333,1.417771917,41.113725007725435,35.129105215758095,35.12400339135094
2447,sub-18,pain,6,22,10,1,47.0,0.3,0.125,0,74.66666667,1.434207768,40.19296065279782,34.30569830640171,34.31054084562154
2448,sub-18,pain,6,23,11,1,47.0,0.7,0.125,1,72.0,1.200900041,39.272196297870224,45.81437656558545,45.80926046314353
2449,sub-18,pain,6,24,12,2,48.0,0.3,0.05,1,51.0,1.41772309,52.97523795841278,46.94748756827104,46.942386834468515
2450,sub-20,vision,1,1,1,2,0.6,0.7,0.125,-1,72.0,1.951422529,59.28214974024769,64.6839327963898,64.32379344430416
2451,sub-20,vision,1,2,2,2,0.6,0.3,0.05,-1,60.33333333,2.818630341,59.31555762540682,53.48963577775713,53.128546641832486
2452,sub-20,vision,1,3,3,1,0.5,0.3,0.125,-1,60.66666667,2.10146016,47.491048312064805,42.74672300034148,43.12023685835022
2453,sub-20,vision,1,4,4,1,0.5,0.3,0.05,-1,48.33333333,2.401784537,47.524456197223934,41.615803403898255,41.25473796156091
2454,sub-20,vision,1,5,5,2,0.6,0.7,0.05,0,71.66666667,2.184945574,59.41578128088421,63.84520687581354,64.21236200710153
2455,sub-20,vision,1,6,6,2,0.6,0.3,0.125,-1,66.0,2.618851776,59.44918916604334,54.764728678771924,55.13772545784832
2456,sub-20,vision,1,7,7,1,0.5,0.7,0.05,0,52.33333333,3.219084717,47.62467985270132,51.97137450195467,52.33855332682996
2457,sub-20,vision,1,8,8,2,0.6,0.3,0.05,0,81.33333333,2.118258382,59.5160049363616,53.86833343636704,53.50099032106841
2458,sub-20,vision,1,9,9,1,0.5,0.7,0.125,-1,63.33333333,1.868044722,47.69149562301958,52.98310838801681,52.62240066710444
2459,sub-20,vision,1,10,10,1,0.5,0.7,0.05,-1,69.66666667,1.58447316,47.724903508178706,51.85218879157359,52.22473350220181
2460,sub-20,vision,1,11,11,2,0.6,0.7,0.05,-1,86.0,2.20183834,59.61622859183898,63.8125251481754,64.18475013400929
2461,sub-20,vision,1,12,12,1,0.5,0.3,0.05,0,75.0,2.268207688,47.79171927849697,42.05217038433679,41.68465360848745
2462,sub-20,pain,1,13,1,1,47.0,0.3,0.05,0,87.66666667,1.617913479,53.85064331377306,47.81317961335019,47.72483473528389
2463,sub-20,pain,1,14,2,2,48.0,0.3,0.05,0,96.66666667,1.901422529,67.38208495495093,61.35524699351024,61.26778303046939
2464,sub-20,pain,1,15,3,2,48.0,0.7,0.05,0,92.66666667,1.534354046,66.41704273533848,72.7822906626515,72.8757342539751
2465,sub-20,pain,1,16,4,1,47.0,0.7,0.125,-1,73.33333333,2.518521179,50.95551665493571,56.98175198524965,56.89218168787899
2466,sub-20,pain,1,17,5,1,47.0,0.7,0.05,0,67.33333333,2.35178547,49.99047443532325,56.26156139576748,56.35322488273738
2467,sub-20,pain,1,18,6,2,48.0,0.3,0.05,-1,92.66666667,1.100773465,63.521916076501114,56.44794693451526,56.35844700549268
2468,sub-20,pain,1,19,7,2,48.0,0.3,0.125,-1,93.66666667,2.084734092,62.556873856888664,56.118113809544475,56.208967258078275
2469,sub-20,pain,1,20,8,1,47.0,0.3,0.125,-1,73.0,2.385383467,47.09534777648589,40.59027183823511,40.6796449121913
2470,sub-20,pain,1,21,9,1,47.0,0.7,0.05,-1,80.33333333,2.284928158,46.13030555687344,51.354261336772495,51.44388885776067
2471,sub-20,pain,1,22,10,2,48.0,0.7,0.05,-1,98.33333333,1.801317721,59.6617471980513,64.89632871693254,64.98683715294617
2472,sub-20,pain,1,23,11,1,47.0,0.3,0.05,-1,82.66666667,1.934770791,44.200221117648525,36.94855578090726,36.856376558202754
2473,sub-20,pain,1,24,12,2,48.0,0.7,0.125,-1,83.0,2.652208434,57.731662758826396,63.57360829638711,63.48282080560932
2474,sub-20,pain,2,1,1,1,47.0,0.3,0.125,1,99.33333333,2.034981029,52.744151424279465,48.0027831299062,48.0952250664473
2475,sub-20,pain,2,2,2,2,48.0,0.7,0.125,0,96.33333333,2.535125334,66.27559306545734,73.20178956350846,73.11448938655104
2476,sub-20,pain,2,3,3,1,47.0,0.3,0.125,0,78.0,1.651238104,50.81406698505456,45.254016627483175,45.34537836637932
2477,sub-20,pain,2,4,4,2,48.0,0.7,0.125,1,97.0,1.968081732,64.34550862623243,71.97900688363285,71.89158798521606
2478,sub-20,pain,2,5,5,2,48.0,0.3,0.05,1,92.33333333,1.851239037,63.38046640661997,57.903134452738406,57.81490500764425
2479,sub-20,pain,2,6,6,2,48.0,0.7,0.05,1,92.33333333,0.950671767,62.41542418700752,69.33017812187967,69.42285623114995
2480,sub-20,pain,2,7,7,1,47.0,0.3,0.05,1,83.33333333,2.201821235,46.95389810660475,41.38240518585438,41.29239563640654
2481,sub-20,pain,2,8,8,2,48.0,0.3,0.125,1,89.0,2.401772719,60.48533974778261,55.58752673661831,55.67905120952837
2482,sub-20,pain,2,9,9,1,47.0,0.7,0.05,1,72.33333333,2.018183119,45.02381366737984,51.81656155942099,51.907159834561504
2483,sub-20,pain,2,10,10,1,47.0,0.7,0.125,0,82.0,1.751294707,44.058771447767384,50.7237365231765,50.63285786320889
2484,sub-20,pain,2,11,11,2,48.0,0.3,0.125,0,98.66666667,2.351774896,57.590213088945255,51.84587293862063,51.93601748410965
2485,sub-20,pain,2,12,12,1,47.0,0.7,0.125,1,94.0,1.517890154,42.12868700854248,49.50095384330089,49.40995646187392
2486,sub-20,vision,2,13,1,2,0.6,0.7,0.05,1,88.33333333,2.03495055,60.361993500792465,65.91341441448384,66.28299875782096
2487,sub-20,vision,2,14,2,1,0.5,0.7,0.05,1,63.66666667,1.584532251,48.537484187450445,54.01074737971065,54.38045409370408
2488,sub-20,vision,2,15,3,1,0.5,0.3,0.125,1,50.66666667,1.984835168,48.57089207260958,45.13595887579305,45.50584532061495
2489,sub-20,vision,2,16,4,1,0.5,0.7,0.125,1,52.66666667,2.085228276,48.60429995776871,55.22817095889681,54.86432921014264
2490,sub-20,vision,2,17,5,2,0.6,0.7,0.125,1,87.0,1.701231262,60.49562504142899,67.18850731549863,66.82434584195012
2491,sub-20,vision,2,18,6,1,0.5,0.7,0.125,0,58.33333333,2.06820209,48.67111572808697,54.06812596236098,53.701279013490954
2492,sub-20,vision,2,19,7,1,0.5,0.3,0.05,1,68.0,1.934771413,48.704523613246096,44.09154326209277,43.72655437536157
2493,sub-20,vision,2,20,8,1,0.5,0.3,0.125,0,78.33333333,2.101551595,48.737931498405224,44.06241786200016,44.42900307549919
2494,sub-20,vision,2,21,9,2,0.6,0.7,0.125,0,89.0,1.567746781,60.6292565820655,66.08613164079142,65.71876761298905
2495,sub-20,vision,2,22,10,2,0.6,0.3,0.125,1,85.66666667,2.13492567,60.66266446722463,57.26930319788075,57.63827785549429
2496,sub-20,vision,2,23,11,2,0.6,0.3,0.05,1,88.0,1.451064253,60.69607235238376,56.138383601437525,55.77277895870498
2497,sub-20,vision,2,24,12,2,0.6,0.3,0.125,0,97.0,2.201494682,60.72948023754289,56.109258201344915,56.4752276588426
2498,sub-20,pain,3,1,1,1,47.0,0.7,0.125,-1,92.33333333,1.851506189,51.63765953478587,57.48752874133048,57.398163571652354
2499,sub-20,pain,3,2,2,2,48.0,0.3,0.05,-1,84.0,1.751305592,65.16910117596373,57.94661098617074,57.85761591461678
2500,sub-20,pain,3,3,3,2,48.0,0.7,0.05,-1,79.33333333,1.100752628,64.20405895635129,69.373654655312,69.46556713812248
2501,sub-20,pain,3,4,4,1,47.0,0.7,0.05,-1,77.66666667,2.318385271,48.74253287594851,53.84581268400263,53.93624479223551
2502,sub-20,pain,3,5,5,1,47.0,0.3,0.05,0,70.66666667,2.034875288,47.777490656336056,41.36874530040841,41.27850744160209
2503,sub-20,pain,3,6,6,1,47.0,0.3,0.125,-1,70.66666667,2.384994402,46.8124484367236,40.10316129874128,40.19243977061392
2504,sub-20,pain,3,7,7,1,47.0,0.3,0.05,-1,66.33333333,2.485136219,45.84740621711115,38.447219832562745,38.35554546732685
2505,sub-20,pain,3,8,8,2,48.0,0.7,0.05,0,91.0,1.517764197,59.378847858289014,65.34496905413506,65.43621993494256
2506,sub-20,pain,3,9,9,1,47.0,0.7,0.05,0,73.0,2.218308142,43.917321777886244,49.81712708282571,49.906897589055575
2507,sub-20,pain,3,10,10,2,48.0,0.3,0.125,-1,94.33333333,3.068919575,57.44876341906411,50.66656679217736,50.755826989747206
2508,sub-20,pain,3,11,11,2,48.0,0.3,0.05,0,91.0,2.701986689,56.48372119945166,49.946376202695184,49.85552061003389
2509,sub-20,pain,3,12,12,2,48.0,0.7,0.125,-1,94.66666667,1.968111277,55.5186789798392,61.100723165743965,61.00924161333047
2510,sub-20,vision,3,13,1,2,0.6,0.7,0.05,-1,86.66666667,1.868007402,61.44183726133725,65.45584226695843,65.82750733907292
2511,sub-20,vision,3,14,2,2,0.6,0.3,0.05,0,96.33333333,1.701070162,61.47524514649638,55.62698919880732,55.25869146151327
2512,sub-20,vision,3,15,3,1,0.5,0.3,0.125,-1,89.66666667,1.567674628,49.650735833154364,44.678386728267654,45.05035390186692
2513,sub-20,vision,3,16,4,2,0.6,0.3,0.125,-1,82.0,1.801313056,61.542060916814634,56.63872308486947,57.01037053367441
2514,sub-20,vision,3,17,5,1,0.5,0.7,0.05,0,78.66666667,2.118201779,49.71755160347262,53.845368908052215,54.21119840265605
2515,sub-20,vision,3,18,6,2,0.6,0.7,0.125,-1,94.33333333,2.151557194,61.6088766871329,66.75976982888754,66.3975904070474
2516,sub-20,vision,3,19,7,2,0.6,0.7,0.05,0,86.66666667,1.584489022,61.64228457229203,65.83453992556834,66.19995101830885
2517,sub-20,vision,3,20,8,2,0.6,0.3,0.05,-1,94.66666667,2.084871556,61.675692457451156,55.59430747116919,55.23107958842103
2518,sub-20,vision,3,21,9,1,0.5,0.7,0.125,-1,78.0,1.784689619,49.851183144109136,54.91477211594298,54.552517710621146
2519,sub-20,vision,3,22,10,1,0.5,0.3,0.05,-1,72.0,1.517724078,49.884591029268265,43.72047509731031,43.35727090814947
2520,sub-20,vision,3,23,11,1,0.5,0.3,0.05,0,69.33333333,2.118245941,49.9179989144274,43.95499945134865,43.58603466815885
2521,sub-20,vision,3,24,12,1,0.5,0.7,0.05,-1,69.66666667,1.951456117,49.95140679958652,53.84152184132839,54.21232251340912
2522,sub-20,pain,4,1,1,1,47.0,0.7,0.125,1,97.66666667,1.451103129,50.53116764529227,57.94982896397897,57.86143454845318
2523,sub-20,pain,4,2,2,2,48.0,0.3,0.05,1,97.33333333,2.001456428,64.06260928647015,58.408911208819234,58.32088689141761
2524,sub-20,pain,4,3,3,2,48.0,0.3,0.125,1,97.66666667,2.151589227,63.097567066857685,58.07907808384845,58.1714071440032
2525,sub-20,pain,4,4,4,1,47.0,0.7,0.125,0,76.66666667,0.967367357,47.636040986454915,54.208175165981295,54.11840082303446
2526,sub-20,pain,4,5,5,1,47.0,0.3,0.125,1,64.66666667,1.651216334,46.67099876684246,41.558348816964426,41.64889777276549
2527,sub-20,pain,4,6,6,1,47.0,0.7,0.05,1,59.0,2.118255583,45.70595654723,52.32233831550182,52.41314171833486
2528,sub-20,pain,4,7,7,2,48.0,0.7,0.05,1,88.0,1.934772035,59.23739818840787,65.86440569566187,65.95609001352037
2529,sub-20,pain,4,8,8,1,47.0,0.3,0.05,1,92.0,2.718579337,43.775872108005096,37.916632759636585,37.82562941877694
2530,sub-20,pain,4,9,9,2,48.0,0.3,0.125,0,95.66666667,1.484415936,57.30731374918297,51.3587623991268,51.44881234253227
2531,sub-20,pain,4,10,10,1,47.0,0.3,0.125,0,74.0,1.918003359,41.84578766878019,35.83092042781743,35.9194899966453
2532,sub-20,pain,4,11,11,2,48.0,0.7,0.125,0,92.33333333,2.034657274,55.37722930995806,61.792918772693405,61.70222696611553
2533,sub-20,pain,4,12,12,2,48.0,0.7,0.125,1,95.0,2.701808173,54.412187090345604,61.56302338839246,61.472512590131295
2534,sub-20,vision,4,13,1,2,0.6,0.7,0.125,1,96.0,1.734729427,62.521681021882024,69.00483239976754,68.6395189500856
2535,sub-20,vision,4,14,2,1,0.5,0.7,0.05,1,76.66666667,2.234887728,50.69717170854001,55.942411107636815,56.310571137220784
2536,sub-20,vision,4,15,3,2,0.6,0.3,0.125,1,96.0,1.400931144,62.58849679220028,58.999124299406716,59.36724301209384
2537,sub-20,vision,4,16,4,2,0.6,0.3,0.05,1,94.33333333,1.634665982,62.62190467735941,57.868204702963496,57.50174411530453
2538,sub-20,vision,4,17,5,1,0.5,0.3,0.125,0,75.33333333,2.135046028,50.7973953640174,45.907577607183384,46.27291216747997
2539,sub-20,vision,4,18,6,2,0.6,0.7,0.125,0,91.66666667,1.284162468,62.688720447677674,67.93129138597465,67.56267670496983
2540,sub-20,vision,4,19,7,1,0.5,0.7,0.125,0,71.66666667,2.434939665,50.864211134335655,56.02862435120146,55.660132040852965
2541,sub-20,vision,4,20,8,1,0.5,0.3,0.125,1,73.33333333,2.11846862,50.89761901949478,47.21179590829079,47.57964228335819
2542,sub-20,vision,4,21,9,2,0.6,0.7,0.05,1,84.33333333,1.551155377,62.78894410315506,68.07575542972451,68.44300367210012
2543,sub-20,vision,4,22,10,1,0.5,0.7,0.125,1,70.33333333,2.301631212,50.96443478981304,57.33284265230886,56.96686215673119
2544,sub-20,vision,4,23,11,1,0.5,0.3,0.05,1,83.0,2.651948125,50.997842674972176,46.138545633676195,45.7716153542595
2545,sub-20,vision,4,24,12,2,0.6,0.3,0.125,0,95.66666667,1.517708839,62.889167758632446,58.04092192927108,58.4053447023593
2546,sub-20,pain,5,1,1,2,48.0,0.7,0.05,0,99.33333333,1.584490888,63.92115961658901,69.82229499251453,69.91494992011887
2547,sub-20,pain,5,2,2,2,48.0,0.7,0.05,-1,96.66666667,1.81797568,62.95611739697655,67.8936568202435,67.98517497119437
2548,sub-20,pain,5,3,3,2,48.0,0.3,0.05,0,97.33333333,1.601016048,61.991075177364095,55.416589436649296,55.32743762056094
2549,sub-20,pain,5,4,4,1,47.0,0.7,0.05,-1,63.33333333,2.234867824,46.52954909696132,51.37292755335948,51.46266559995665
2550,sub-20,pain,5,5,5,1,47.0,0.7,0.125,-1,81.66666667,2.235119114,45.56450687734887,51.0430944283887,50.95183627797054
2551,sub-20,pain,5,6,6,2,48.0,0.7,0.125,-1,76.66666667,1.334321391,59.09594851852674,64.58516180854875,64.49478457315604
2552,sub-20,pain,5,7,7,1,47.0,0.3,0.125,-1,94.0,1.000735834,43.63442243812396,36.63738887252347,36.725673552984325
2553,sub-20,pain,5,8,8,1,47.0,0.3,0.05,0,92.0,1.717917833,42.669380218511506,35.9171982830413,35.82536717327102
2554,sub-20,pain,5,9,9,1,47.0,0.7,0.05,0,77.33333333,2.28501555,41.70433799889905,47.34424195218256,47.43331839677673
2555,sub-20,pain,5,10,10,1,47.0,0.3,0.05,-1,90.33333333,1.834655719,40.7392957792866,32.995672815195626,32.90240519899578
2556,sub-20,pain,5,11,11,2,48.0,0.3,0.05,-1,96.0,1.717907259,54.27073742046447,46.53774019535568,46.445353494181276
2557,sub-20,pain,5,12,12,2,48.0,0.3,0.125,-1,79.0,2.218247807,53.305695200852014,46.2079070703849,46.29587374676687
2558,sub-20,vision,5,13,1,1,0.5,0.3,0.05,-1,92.66666667,1.034059215,51.74360758392565,45.39262687700766,45.0287640970584
2560,sub-20,vision,5,15,3,2,0.6,0.7,0.125,-1,91.66666667,2.234836723,63.66834055274506,68.60492957407077,68.24149949902818
2561,sub-20,vision,5,16,4,1,0.5,0.7,0.05,0,92.66666667,1.184133234,51.843831239403045,55.74819797506407,56.11257946232745
2562,sub-20,vision,5,17,5,1,0.5,0.3,0.05,0,97.0,2.285016794,51.87723912456217,45.71365521378894,45.34373580860371
2563,sub-20,vision,5,18,6,2,0.6,0.3,0.05,0,93.66666667,2.118222305,63.76856420822245,57.673991570390754,57.3037524404112
2564,sub-20,vision,5,19,7,1,0.5,0.7,0.05,-1,96.66666667,1.184215028,51.94405489488043,55.62901226468299,55.99875963769929
2565,sub-20,vision,5,20,8,2,0.6,0.7,0.05,-1,97.66666667,2.151564347,63.83537997854071,67.5893486212848,67.95877626950679
2566,sub-20,vision,5,21,9,2,0.6,0.3,0.125,-1,99.66666667,2.134739068,63.868787863699836,58.714560117367206,59.08416749641765
2567,sub-20,vision,5,22,10,2,0.6,0.3,0.05,-1,94.33333333,2.901977048,63.902195748858965,57.583640520923986,57.218668599628344
2568,sub-20,vision,5,23,11,1,0.5,0.7,0.125,-1,92.0,1.817844436,52.07768643551695,56.904105165697786,56.540106721828465
2569,sub-20,vision,5,24,12,1,0.5,0.3,0.125,-1,79.0,1.517679915,52.111094320676074,46.86956240442265,47.239094799991385
2570,sub-20,vision,6,1,1,2,0.6,0.3,0.125,1,98.33333333,2.13491634,64.68136854297158,60.87311870550426,61.23988808791992
2571,sub-20,vision,6,2,2,2,0.6,0.7,0.125,0,88.33333333,1.85133296,64.71477642813072,69.74761647024356,69.3778498131053
2572,sub-20,vision,6,3,3,2,0.6,0.3,0.05,1,97.0,1.100781551,64.74818431328984,59.771033769975354,59.40312517497593
2573,sub-20,vision,6,4,4,2,0.6,0.7,0.05,1,94.0,2.101371836,64.78159219844898,69.8632458530791,70.22944079639029
2574,sub-20,vision,6,5,5,1,0.5,0.7,0.125,1,78.66666667,1.934573614,52.957082885106956,59.12033307566346,58.753299281021356
2575,sub-20,vision,6,6,6,1,0.5,0.7,0.05,1,72.33333333,1.951248989,52.990490770266085,57.98941347922024,58.35563211611871
2576,sub-20,vision,6,7,7,2,0.6,0.7,0.125,1,98.33333333,1.818194937,64.88181585392635,71.1095040931796,70.74205189667414
2577,sub-20,vision,6,8,8,2,0.6,0.3,0.125,0,90.33333333,2.635289233,64.91522373908549,59.85724701354,60.220517810494776
2578,sub-20,vision,6,9,9,1,0.5,0.3,0.125,1,75.33333333,1.300821671,53.09071442574347,49.17229429713127,49.5384953107202
2579,sub-20,vision,6,10,10,1,0.5,0.3,0.05,1,73.33333333,2.101524538,53.1241223109026,48.04137470068805,47.6729964139309
2580,sub-20,vision,6,11,11,1,0.5,0.7,0.125,0,85.0,1.250891024,53.15753019606173,58.07562672278489,57.7051930197509
2581,sub-20,vision,6,12,12,1,0.5,0.3,0.125,0,80.33333333,2.668520246,53.190938081220864,48.041083961509756,48.40418109791383
2582,sub-20,pain,6,13,1,1,47.0,0.7,0.05,1,100.0,1.551010761,48.318183866305084,54.81388966273195,54.9054976528097
2583,sub-20,pain,6,14,2,1,47.0,0.7,0.125,0,93.33333333,2.034828948,47.353141646692634,53.72106462648746,53.631195681457086
2584,sub-20,pain,6,15,3,2,48.0,0.7,0.125,1,100.0,1.217852833,60.8845832878705,68.02612391792123,67.93761662600909
2585,sub-20,pain,6,16,4,2,48.0,0.3,0.125,0,97.66666667,1.701271692,59.91954106825805,53.85031374635694,53.94116827700711
2586,sub-20,pain,6,17,5,2,48.0,0.7,0.05,1,93.33333333,2.501844872,58.95449884864559,65.37729515616803,65.46888487194298
2587,sub-20,pain,6,18,6,1,47.0,0.3,0.125,1,70.33333333,1.384210985,43.492972768242815,38.09257639074662,38.182131555135896
2588,sub-20,pain,6,19,7,2,48.0,0.3,0.125,1,99.33333333,1.81795111,57.024414409420686,51.63464377090668,51.72507985032139
2589,sub-20,pain,6,20,8,2,48.0,0.7,0.125,0,97.33333333,2.535241339,56.05937218980823,62.298695528774225,62.20820884988889
2590,sub-20,pain,6,21,9,2,48.0,0.3,0.05,1,98.33333333,1.667844125,55.09432997019578,48.985815009153484,48.89499852168358
2591,sub-20,pain,6,22,10,1,47.0,0.7,0.125,1,89.66666667,1.517723767,39.632803889793,46.540958173163915,46.44917212801768
2592,sub-20,pain,6,23,11,1,47.0,0.3,0.125,0,82.66666667,2.268221372,38.66776167018055,32.36514800159963,32.452723779015706
2593,sub-20,pain,6,24,12,1,47.0,0.3,0.05,1,98.66666667,2.468554457,37.7027194505681,31.472198446694808,31.379302125095133
2594,sub-21,pain,1,1,1,1,47.0,0.7,0.05,0,62.0,2.518505364,54.57543773496504,60.78933883579357,60.83392774656524
2595,sub-21,pain,1,2,2,2,48.0,0.3,0.05,-1,38.33333333,2.101545397,67.94445673209047,61.30857918985593,61.26573095889714
2596,sub-21,pain,1,3,3,2,48.0,0.7,0.05,0,54.66666667,2.301641248,66.99413063006465,73.21154370162567,73.25650155954177
2597,sub-21,pain,1,4,4,1,47.0,0.7,0.125,-1,41.66666667,2.668566056,51.72445942888758,57.515373035139746,57.47201020849782
2598,sub-21,pain,1,5,5,1,47.0,0.3,0.05,-1,26.33333333,2.051387704,50.77413332686176,44.05821473680679,44.01450684881201
2599,sub-21,pain,1,6,6,2,48.0,0.3,0.05,0,32.0,2.43505341,64.14315232398718,58.29105009369616,58.248219262416455
2600,sub-21,pain,1,7,7,2,48.0,0.7,0.125,-1,64.66666667,3.302535066,63.19282622196136,68.97194598352843,68.92885396205264
2601,sub-21,pain,1,8,8,1,47.0,0.3,0.05,0,20.0,1.868161195,47.92315502078429,42.00631755809043,41.96272521175304
2602,sub-21,pain,1,9,9,2,48.0,0.7,0.05,-1,62.0,3.135935939,61.29217401790972,66.57275362335137,66.61671266180528
2603,sub-21,pain,1,10,10,2,48.0,0.3,0.125,-1,38.66666667,1.867919235,60.3418479158839,54.05145237559892,54.09506566118485
2604,sub-21,pain,1,11,11,1,47.0,0.7,0.05,-1,70.33333333,2.551775678,45.072176714706835,50.28802108774563,50.33121861114188
2605,sub-21,pain,1,12,12,1,47.0,0.3,0.125,-1,25.0,2.885447278,44.121850612681015,37.76671983999319,37.80957161052143
2606,sub-21,vision,1,13,1,2,0.6,0.3,0.125,-1,41.0,2.618635083,59.763776841962176,55.310251588593204,55.703225491347524
2607,sub-21,vision,1,14,2,2,0.6,0.7,0.05,0,67.0,2.518521847,59.80538622834778,64.00175857645388,64.38914302447088
2608,sub-21,vision,1,15,3,2,0.6,0.3,0.05,-1,47.0,2.751990954,59.84699561473338,54.242627942620096,53.863233081011124
2609,sub-21,vision,1,16,4,1,0.5,0.3,0.05,0,28.33333333,2.351678273,48.05166526406248,42.49794571334367,42.11272063876104
2610,sub-21,vision,1,17,5,2,0.6,0.7,0.05,-1,66.33333333,2.201598921,59.93021438750458,64.0127542800415,64.40510701688574
2611,sub-21,vision,1,18,6,1,0.5,0.7,0.05,-1,60.33333333,2.451830073,48.134884036833675,52.14738056420776,52.539504175397596
2612,sub-21,vision,1,19,7,2,0.6,0.3,0.05,0,28.0,1.667799749,60.01343316027578,54.53890234937067,54.15306266911971
2613,sub-21,vision,1,20,8,1,0.5,0.7,0.125,-1,61.0,2.701966991,48.21810280960488,53.39058713037412,53.01098664122273
2614,sub-21,vision,1,21,9,1,0.5,0.7,0.05,0,54.33333333,3.085447651,48.25971219599048,52.39975924091002,52.785648966288555
2615,sub-21,vision,1,22,10,1,0.5,0.3,0.125,-1,44.66666667,2.685170735,48.301321582376076,43.79604371314598,44.187101027600455
2616,sub-21,vision,1,23,11,2,0.6,0.7,0.125,-1,57.0,3.636027218,60.17987070581818,65.43154376640113,65.05132867158142
2617,sub-21,vision,1,24,12,1,0.5,0.3,0.05,-1,22.66666667,1.784687159,48.38454035514728,42.72842006717287,42.347108617264055
2618,sub-21,vision,2,1,1,1,0.5,0.7,0.125,1,42.66666667,2.451645649,49.018567676493056,55.34590129828897,54.96395404113041
2619,sub-21,vision,2,2,2,2,0.6,0.3,0.05,1,37.0,2.034772451,60.89711679993516,56.46131649082484,56.07830926422461
2620,sub-21,vision,2,3,3,1,0.5,0.3,0.125,1,55.66666667,2.568629158,49.10178644926426,45.75135788106083,46.14006842750813
2621,sub-21,vision,2,4,4,1,0.5,0.3,0.125,0,41.33333333,2.118218808,49.14339583564986,44.639964394643016,45.0259507600914
2622,sub-21,vision,2,5,5,1,0.5,0.3,0.05,1,38.0,2.134850233,49.18500522203546,44.68373423508772,44.30007601717173
2623,sub-21,vision,2,6,6,2,0.6,0.7,0.05,1,68.0,2.468326212,61.06355434547756,66.31923428834287,66.70755279453448
2624,sub-21,vision,2,7,7,2,0.6,0.3,0.125,1,54.66666667,3.519191123,61.105163731863165,57.83621024713615,58.22409525508445
2625,sub-21,vision,2,8,8,2,0.6,0.7,0.125,1,66.66666667,3.002204067,61.14677311824877,67.56244085450925,67.17903526035963
2626,sub-21,vision,2,9,9,1,0.5,0.7,0.125,0,66.66666667,2.635287967,49.351442767577865,54.54177792220936,54.15562995423711
2627,sub-21,vision,2,10,10,1,0.5,0.7,0.05,1,59.66666667,2.201557558,49.39305215396346,54.58554776265407,54.97300434469925
2628,sub-21,vision,2,11,11,2,0.6,0.3,0.125,0,35.33333333,2.868752097,61.271601277405566,56.856503950863285,57.24103197932062
2629,sub-21,vision,2,12,12,2,0.6,0.7,0.125,0,44.33333333,1.7012803,61.31321066379117,66.58273455823637,66.1959719845958
2630,sub-21,pain,2,13,1,2,48.0,0.3,0.05,1,87.33333333,2.485150458,67.88557904775794,62.49388180735013,62.45159645015044
2631,sub-21,pain,2,14,2,2,48.0,0.3,0.125,1,74.33333333,2.184946659,66.93525294573213,61.99617841519697,62.04104156839017
2632,sub-21,pain,2,15,3,2,48.0,0.3,0.125,0,59.0,1.58473779,65.9849268437063,60.54346004151709,60.5880012934005
2633,sub-21,pain,2,16,4,1,47.0,0.3,0.05,1,18.66666667,1.417945842,50.715255642529236,45.24351735430099,45.200372340065314
2634,sub-21,pain,2,17,5,1,47.0,0.7,0.125,1,32.33333333,1.601149648,49.76492954050342,56.76941181774713,56.726415580907684
2635,sub-21,pain,2,18,6,1,47.0,0.3,0.125,1,43.0,2.084885982,48.8146034384776,43.78018204470443,43.82408739888332
2636,sub-21,pain,2,19,7,1,47.0,0.7,0.125,0,55.66666667,1.651073468,47.86427733645178,54.351061526623845,54.3076452464963
2637,sub-21,pain,2,20,8,1,47.0,0.3,0.125,0,46.33333333,2.3016512,46.91395123442595,41.36183175358114,41.40531706447194
2638,sub-21,pain,2,21,9,1,47.0,0.7,0.05,1,59.66666667,3.285764002,45.96362513240013,52.438955622683245,52.48281416181689
2639,sub-21,pain,2,22,10,2,48.0,0.7,0.125,1,76.33333333,3.185658541,59.33264412952556,66.294720931249,66.25179921561907
2640,sub-21,pain,2,23,11,2,48.0,0.7,0.125,0,71.33333333,2.201648992,58.382318027499736,64.84200255756913,64.79875894062941
2641,sub-21,pain,2,24,12,2,48.0,0.7,0.05,1,82.0,2.601924353,57.431991925473916,63.89552857107194,63.93965791537172
2642,sub-21,vision,3,1,1,1,0.5,0.7,0.05,0,36.33333333,2.718535594,50.11029824808044,54.02180055098271,54.407906821664874
2643,sub-21,vision,3,2,2,1,0.5,0.7,0.125,-1,51.0,2.101397983,50.15190763446604,55.10041990054344,54.720614091034314
2644,sub-21,vision,3,3,3,1,0.5,0.3,0.05,0,56.33333333,1.934708043,50.193517020851644,44.427257133754566,44.040772074660794
2645,sub-21,vision,3,4,4,1,0.5,0.3,0.05,-1,36.0,1.784636466,50.235126407237246,44.35046137724556,43.969366472640374
2646,sub-21,vision,3,5,5,2,0.6,0.3,0.125,-1,68.0,3.685869555,62.113675530679345,57.45904165924567,57.849700913335454
2647,sub-21,vision,3,6,6,1,0.5,0.7,0.05,-1,35.33333333,2.251622883,50.31834518000844,54.12058771466697,54.511240408514986
2648,sub-21,vision,3,7,7,2,0.6,0.7,0.125,-1,73.33333333,2.451722466,62.19689430345055,67.22916799666709,66.84832571582827
2649,sub-21,vision,3,8,8,2,0.6,0.3,0.05,-1,44.66666667,2.134888797,62.23850368983615,56.43531374332088,56.05339330021668
2650,sub-21,vision,3,9,9,2,0.6,0.7,0.05,-1,66.33333333,1.534532824,62.28011307622175,66.16154435069397,66.55158243887365
2651,sub-21,vision,3,10,10,2,0.6,0.3,0.05,0,41.0,1.951432768,62.32172246260735,56.643796689974835,56.255853293890006
2652,sub-21,vision,3,11,11,1,0.5,0.3,0.125,-1,47.0,3.502473239,50.526392111936445,45.8131465936535,46.20252205793548
2653,sub-21,vision,3,12,12,2,0.6,0.7,0.05,0,66.66666667,2.285002359,62.40494123537855,66.41392302739624,66.79772722976462
2654,sub-21,pain,3,13,1,1,47.0,0.7,0.125,-1,77.66666667,2.25167762,52.55703016224837,58.18744012787089,58.14403373687789
2655,sub-21,pain,3,14,2,2,48.0,0.3,0.05,-1,58.0,1.217543032,65.92604915937379,59.08375053025686,59.040564309012055
2656,sub-21,pain,3,15,3,1,47.0,0.7,0.05,0,41.66666667,1.617689328,50.65637795819673,56.63324634130768,56.67730097783671
2657,sub-21,pain,3,16,4,2,48.0,0.3,0.125,-1,51.0,1.567779191,64.02539695532215,57.6204152206603,57.66427936783006
2658,sub-21,pain,3,17,5,1,47.0,0.3,0.05,-1,10.66666667,1.817900871,48.75572575414508,41.83338607720772,41.78934019892692
2659,sub-21,pain,3,18,6,1,47.0,0.3,0.05,0,15.66666667,1.567810603,47.80539965211926,41.712752733378174,41.66901868071139
2660,sub-21,pain,3,19,7,2,48.0,0.7,0.125,-1,69.33333333,1.71796304,61.174418649244686,66.74711732392936,66.70368731216756
2661,sub-21,pain,3,20,8,2,48.0,0.7,0.05,-1,37.66666667,2.618618911,60.224092547218866,65.31355688119571,65.35727607134191
2662,sub-21,pain,3,21,9,2,48.0,0.7,0.05,0,64.66666667,1.501096436,59.27376644519305,65.19292353736616,65.23695455312638
2663,sub-21,pain,3,22,10,2,48.0,0.3,0.05,0,54.33333333,1.91792827,58.32344034316723,52.203693764323454,52.160132374844494
2664,sub-21,pain,3,23,11,1,47.0,0.7,0.05,-1,56.33333333,1.668110128,43.05376914199016,48.063192428146564,48.10605196125678
2665,sub-21,pain,3,24,12,1,47.0,0.3,0.125,-1,22.66666667,1.701254487,42.10344303996433,35.541891180394124,35.58440496063634
2666,sub-21,pain,4,1,1,1,47.0,0.7,0.125,1,85.66666667,3.519282557,51.54782637589003,58.4071108279217,58.364169168709466
2667,sub-21,pain,4,2,2,1,47.0,0.3,0.125,1,44.33333333,1.851310824,50.59750027386421,45.417881054879,45.461840986685104
2668,sub-21,pain,4,3,3,1,47.0,0.7,0.125,0,61.33333333,1.601086204,49.64717417183839,55.98876053679841,55.94539883429808
2669,sub-21,pain,4,4,4,2,48.0,0.7,0.125,0,77.66666667,1.801280642,63.01619316896382,69.37659732007391,69.33370270669634
2670,sub-21,pain,4,5,5,2,48.0,0.7,0.125,1,72.66666667,1.184201188,62.065867066938,68.89805185886698,68.85528286284257
2671,sub-21,pain,4,6,6,2,48.0,0.3,0.125,1,57.0,1.63473905,61.11554096491218,55.90882208582428,55.95295468081821
2672,sub-21,pain,4,7,7,1,47.0,0.3,0.05,1,33.33333333,1.801207867,45.84586976373511,40.121792942371705,40.07801551191507
2673,sub-21,pain,4,8,8,2,48.0,0.3,0.05,1,55.0,2.084873853,59.21488876086053,53.509629725647216,53.46631938431333
2674,sub-21,pain,4,9,9,2,48.0,0.3,0.125,0,38.0,2.151543858,58.26456265883471,52.52483987725759,52.56845428698511
2675,sub-21,pain,4,10,10,2,48.0,0.7,0.05,1,54.33333333,2.084925168,57.31423655680889,63.601963746359694,63.64595138433006
2676,sub-21,pain,4,11,11,1,47.0,0.3,0.125,0,25.33333333,2.101420686,42.044565355631825,36.240107341651864,36.2829602363217
2677,sub-21,pain,4,12,12,1,47.0,0.7,0.05,1,20.0,2.234944497,41.094239253606005,47.31723121075396,47.36045733366665
2678,sub-21,vision,4,13,1,1,0.5,0.7,0.05,1,49.0,2.118161583,51.202028819667824,56.16369334267845,56.55157740285794
2679,sub-21,vision,4,14,2,1,0.5,0.7,0.125,1,63.0,2.568425452,51.243638206053426,57.3630041787965,56.979375071465434
2680,sub-21,vision,4,15,3,2,0.6,0.3,0.125,1,40.66666667,2.018039018,63.12218732949553,59.6338344774021,60.0210922993313
2681,sub-21,vision,4,16,4,1,0.5,0.7,0.125,0,57.66666667,2.018032798,51.32685697882463,56.295506422426996,55.90894220126633
2682,sub-21,vision,4,17,5,2,0.6,0.3,0.05,1,72.66666667,1.984937577,63.20540610226673,58.566210831429,58.1810998889949
2683,sub-21,vision,4,18,6,1,0.5,0.3,0.125,0,26.66666667,1.901383614,51.410075751595826,46.70096300519885,47.08505658764406
2684,sub-21,vision,4,19,7,2,0.6,0.3,0.125,0,58.66666667,3.385796066,63.28862487503793,58.65412818112923,59.03802902356747
2685,sub-21,vision,4,20,8,2,0.6,0.7,0.05,1,78.66666667,2.952167354,63.330234261423534,68.38023289889871,68.76665862208714
2686,sub-21,vision,4,21,9,1,0.5,0.3,0.05,1,61.0,2.468447191,51.53490391075263,46.83252430574019,46.44655143915966
2687,sub-21,vision,4,22,10,2,0.6,0.7,0.125,0,80.66666667,2.151421012,63.41345303419473,68.46815024859896,68.08033862327792
2688,sub-21,vision,4,23,11,2,0.6,0.7,0.125,1,88.0,1.70110023,63.45506242058033,69.6673351951134,69.28182588512992
2689,sub-21,vision,4,24,12,1,0.5,0.3,0.125,1,33.33333333,1.767940041,51.65973206990943,48.11962660195487,48.50496783558423
2690,sub-21,vision,5,1,1,1,0.5,0.3,0.05,-1,58.66666667,2.618497309,52.29375939125521,46.191981337559824,45.81004831410486
2691,sub-21,vision,5,2,2,1,0.5,0.7,0.05,0,70.33333333,2.451777202,52.33536877764081,56.03890343149024,56.42332785199989
2692,sub-21,vision,5,3,3,2,0.6,0.3,0.125,-1,56.66666667,2.88543235,64.21391790108291,59.344457349608255,59.73406755201757
2693,sub-21,vision,5,4,4,2,0.6,0.7,0.125,-1,78.66666667,2.268246533,64.25552728746851,69.07068795698135,68.68900755729275
2694,sub-21,vision,5,5,5,1,0.5,0.3,0.05,0,79.0,2.852216461,52.46019693679761,46.48825574431041,46.09987790221345
2695,sub-21,vision,5,6,6,1,0.5,0.7,0.05,-1,42.33333333,2.501842528,52.50180632318321,56.09379486512618,56.482976641632376
2696,sub-21,vision,5,7,7,2,0.6,0.7,0.05,0,86.0,2.234821341,64.38035544662532,68.16765152761388,68.55103947679383
2697,sub-21,vision,5,8,8,2,0.6,0.3,0.05,-1,61.33333333,3.285742853,64.42196483301092,58.40852089378009,58.02512953333407
2698,sub-21,vision,5,9,9,2,0.6,0.3,0.05,0,71.66666667,1.501083685,64.46357421939652,58.57310811038573,58.18390472978977
2699,sub-21,vision,5,10,10,1,0.5,0.3,0.125,-1,34.0,2.535244396,52.66824386872561,47.7424580140644,48.130573493835236
2700,sub-21,vision,5,11,11,2,0.6,0.7,0.05,-1,79.33333333,2.41840177,64.54679299216772,68.22254296124981,68.61068826642632
2701,sub-21,vision,5,12,12,1,0.5,0.7,0.125,-1,57.33333333,1.551144656,52.751462641496815,57.5125843514858,57.12919829632805
2702,sub-21,pain,5,13,1,2,48.0,0.3,0.05,-1,44.66666667,1.718119474,64.85796768868293,57.824553788101205,57.781127718548674
2703,sub-21,pain,5,14,2,2,48.0,0.7,0.05,0,30.33333333,2.318353844,63.90764158665712,69.72751829987095,69.77189831919331
2704,sub-21,pain,5,15,3,2,48.0,0.3,0.125,-1,9.333333333,1.734503342,62.957315484631295,56.36121847850464,56.40484277736669
2705,sub-21,pain,5,16,4,2,48.0,0.7,0.05,-1,9.333333333,1.234183166,62.006989382605475,66.95125589137027,66.9950296591437
2706,sub-21,pain,5,17,5,1,47.0,0.3,0.125,-1,34.66666667,1.667866614,46.73731818142841,40.07648594289891,40.11934872670328
2707,sub-21,pain,5,18,6,2,48.0,0.7,0.125,-1,43.66666667,2.15142039,60.10633717855384,65.48792058177371,65.44425072170418
2708,sub-21,pain,5,19,7,1,47.0,0.3,0.05,-1,1.666666667,2.635064046,44.83666597737677,37.677293582721845,37.63271343019839
2709,sub-21,pain,5,20,8,1,47.0,0.3,0.05,0,9.666666667,2.335039695,43.88633987535094,37.55666023889229,37.51239191198286
2710,sub-21,pain,5,21,9,1,47.0,0.7,0.05,0,10.0,0.800600482,42.93601377332512,48.61462617704818,48.657753971421315
2711,sub-21,pain,5,22,10,2,48.0,0.3,0.05,0,21.66666667,1.651193515,56.30503277045055,49.97886510472439,49.934965724959405
2712,sub-21,pain,5,23,11,1,47.0,0.7,0.05,-1,10.0,1.53439785,41.03536156927348,45.83836376854751,45.8808853113717
2713,sub-21,pain,5,24,12,1,47.0,0.7,0.125,-1,25.66666667,3.235629633,40.085035467247664,45.340660376394354,45.2958364333539
2714,sub-21,vision,6,1,1,1,0.5,0.3,0.125,0,46.0,2.118465121,53.385489962842584,48.454691505416484,48.83836883467328
2715,sub-21,vision,6,2,2,2,0.6,0.7,0.05,1,83.33333333,1.834635237,65.2640390862847,70.09006566906804,70.47628607189873
2716,sub-21,vision,6,3,3,2,0.6,0.3,0.125,0,64.66666667,1.767994778,65.30564847267028,60.451752411395184,60.835026067814326
2717,sub-21,vision,6,4,4,1,0.5,0.7,0.125,1,39.66666667,3.15232696,53.51031812199939,59.424002789352336,59.0384808990181
2718,sub-21,vision,6,5,5,2,0.6,0.7,0.125,1,83.66666667,3.702897196,65.38886724544149,71.37716796528272,70.99145333494151
2719,sub-21,vision,6,6,6,2,0.6,0.3,0.05,1,79.33333333,3.936113458,65.43047663182709,60.58331371193652,60.196520919329934
2720,sub-21,vision,6,7,7,1,0.5,0.7,0.05,1,61.0,2.852084907,53.63514628115619,58.40027487342755,58.78542241928113
2721,sub-21,vision,6,8,8,1,0.5,0.7,0.125,0,86.33333333,1.867919546,53.67675566754179,58.44429649307947,58.055417623254264
2722,sub-21,vision,6,9,9,1,0.5,0.3,0.05,1,38.33333333,3.185648589,53.71836505392739,48.8057314561994,48.41828767227706
2723,sub-21,vision,6,10,10,1,0.5,0.3,0.125,1,29.33333333,1.784521395,53.75997444031299,50.005042292317455,50.38933447426636
2724,sub-21,vision,6,11,11,2,0.6,0.3,0.125,1,87.33333333,2.31834327,65.6385235637551,61.95820746824783,62.34230691018977
2725,sub-21,vision,6,12,12,2,0.6,0.7,0.125,0,79.33333333,2.685291404,65.68013295014069,70.52914885915479,70.13944445083058
2726,sub-21,pain,6,13,1,2,48.0,0.3,0.125,0,82.66666667,1.718066292,63.848763902324606,58.02506655720579,58.06912811247376
2727,sub-21,pain,6,14,2,2,48.0,0.3,0.125,1,60.33333333,2.41844842,62.89843780029878,57.54652109599885,57.59070826861999
2728,sub-21,pain,6,15,3,1,47.0,0.7,0.125,1,34.0,1.350899525,47.62876659912172,54.251018333435816,54.207542399980944
2729,sub-21,pain,6,16,4,1,47.0,0.3,0.125,1,27.33333333,2.31837126,46.67844049709589,41.26178856039312,41.30521421795658
2730,sub-21,pain,6,17,5,1,47.0,0.3,0.125,0,18.33333333,2.001274795,45.72811439507007,39.80907018671324,39.852173942966914
2731,sub-21,pain,6,18,6,2,48.0,0.3,0.05,1,53.33333333,2.751898897,59.0971333921955,53.21606490093497,53.17261285327167
2732,sub-21,pain,6,19,7,1,47.0,0.7,0.125,0,23.33333333,1.734582647,43.827462191018434,49.90140420742572,49.85731194672612
2733,sub-21,pain,6,20,8,1,47.0,0.7,0.05,1,32.0,2.084796414,42.877136088992614,48.95493022092853,48.998210921468434
2734,sub-21,pain,6,21,9,2,48.0,0.7,0.125,0,61.66666667,2.218341373,56.24615508611804,62.32360907325782,62.279885759702665
2735,sub-21,pain,6,22,10,1,47.0,0.3,0.05,1,34.33333333,1.868300212,40.97648388494097,35.00006853044242,34.955658683764824
2736,sub-21,pain,6,23,11,2,48.0,0.7,0.125,1,67.33333333,2.80202549,54.3455028820664,60.879431694607476,60.83573585642718
2737,sub-21,pain,6,24,12,2,48.0,0.7,0.05,1,78.33333333,3.068924454,53.39517678004057,59.44587125187382,59.48932461560154
2738,sub-22,pain,1,1,1,1,47.0,0.3,0.05,0,57.0,3.836108227,53.6070759573711,47.64613937100527,47.57652918245858
2739,sub-22,pain,1,2,2,1,47.0,0.7,0.05,-1,73.66666667,1.817979753,52.66117109918634,57.62904319364084,57.70037381076243
2740,sub-22,pain,1,3,3,2,48.0,0.3,0.125,-1,71.66666667,2.284789729,66.36863350651552,59.892559782547735,59.96404564573713
2741,sub-22,pain,1,4,4,2,48.0,0.7,0.05,0,78.66666667,2.118111399,65.42272864833076,71.779691957938,71.85232947405783
2742,sub-22,pain,1,5,5,2,48.0,0.3,0.05,-1,71.0,1.868035749,64.476823790146,57.085727745501586,57.01579667869093
2743,sub-22,pain,1,6,6,2,48.0,0.3,0.05,0,79.0,2.101488164,63.530918931961246,57.508046821467474,57.43865146799959
2744,sub-22,pain,1,7,7,1,47.0,0.7,0.05,0,84.66666667,1.367525243,47.931646808262556,54.184940031737646,54.25625001162535
2745,sub-22,pain,1,8,8,1,47.0,0.7,0.125,-1,84.66666667,1.601058518,46.985741950077795,52.703030754948834,52.632387199643176
2746,sub-22,pain,1,9,9,2,48.0,0.7,0.05,-1,93.0,2.03464628,60.69320435740698,65.5577395251685,65.62900680208057
2747,sub-22,pain,1,10,10,1,47.0,0.3,0.125,-1,80.66666667,1.401142737,45.09393223370829,38.43138561847831,38.50098759485891
2748,sub-22,pain,1,11,11,1,47.0,0.3,0.05,-1,91.33333333,1.56767614,44.148027375523526,36.591159140899435,36.519483274924156
2749,sub-22,pain,1,12,12,2,48.0,0.7,0.125,-1,98.0,1.984665546,57.8554897828527,63.53154376487831,63.46125413229562
2750,sub-22,vision,1,13,1,1,0.5,0.7,0.05,0,37.66666667,2.518532617,47.84114016797162,52.26568948940103,52.6235890592403
2751,sub-22,vision,1,14,2,1,0.5,0.3,0.05,0,27.66666667,2.368387334,47.881750621585326,42.26809595518416,41.9102822969153
2752,sub-22,vision,1,15,3,2,0.6,0.7,0.125,-1,50.0,2.051333893,59.8827746420636,65.17384363201977,64.82211050229246
2753,sub-22,vision,1,16,4,2,0.6,0.3,0.05,0,48.33333333,2.184867136,59.923385095677304,54.39033530286531,54.03262215722684
2754,sub-22,vision,1,17,5,1,0.5,0.3,0.05,-1,43.66666667,2.118173288,48.00358198242643,42.14886306756392,41.79645125555151
2755,sub-22,vision,1,18,6,2,0.6,0.7,0.05,0,48.66666667,2.151649277,60.00460600290471,64.51718969171286,64.87534769852634
2756,sub-22,vision,1,19,7,1,0.5,0.7,0.125,-1,54.33333333,1.934924904,48.08480288965384,53.310125993599975,52.95860819992992
2757,sub-22,vision,1,20,8,1,0.5,0.7,0.05,-1,52.66666667,1.91806251,48.12541334326754,52.31880440795503,52.682316389842505
2758,sub-22,vision,1,21,9,2,0.6,0.3,0.05,-1,46.66666667,2.351621038,60.126437363745815,54.35727631833218,54.00507030184605
2759,sub-22,vision,1,22,10,2,0.6,0.7,0.05,-1,53.33333333,2.118154939,60.16704781735952,64.44104375563617,64.80465625015405
2760,sub-22,vision,1,23,11,2,0.6,0.3,0.125,-1,48.66666667,2.318346577,60.20765827097322,55.47785875860781,55.84130036125328
2761,sub-22,vision,1,24,12,1,0.5,0.3,0.125,-1,51.0,2.251607012,48.28785515772235,43.48488026555734,43.848379279916244
2762,sub-22,vision,2,1,1,1,0.5,0.7,0.125,1,51.33333333,2.03489508,48.97646221813244,55.40849701118045,55.05312892563675
2763,sub-22,vision,2,2,2,1,0.5,0.7,0.05,1,47.0,2.134900398,49.01707267174614,54.417175425535504,54.77683711554934
2764,sub-22,vision,2,3,3,2,0.6,0.7,0.125,1,51.0,1.684532656,61.01809669222442,67.5307363588616,67.17546878594828
2765,sub-22,vision,2,4,4,2,0.6,0.3,0.125,1,49.33333333,2.768561618,61.05870714583812,57.53314282464472,57.892681493968624
2766,sub-22,vision,2,5,5,1,0.5,0.7,0.125,0,52.66666667,2.201650226,49.13890403258725,54.503519285878475,54.14596706895862
2767,sub-22,vision,2,6,6,1,0.5,0.3,0.125,0,49.66666667,1.767903854,49.17951448620095,44.5059257516616,44.863179776978946
2768,sub-22,vision,2,7,7,2,0.6,0.3,0.05,1,50.0,2.351933593,61.18053850667923,56.627995142086895,56.272149399518874
2769,sub-22,vision,2,8,8,1,0.5,0.3,0.125,1,51.0,2.451788387,49.260735393428355,45.66942518622493,46.029179191606076
2770,sub-22,vision,2,9,9,2,0.6,0.3,0.125,0,50.33333333,3.018856834,61.26175941390663,56.67125205088631,57.02865923028198
2771,sub-22,vision,2,10,10,1,0.5,0.3,0.05,1,48.66666667,2.802092032,49.34195630065576,44.721190552123545,44.36550750416483
2772,sub-22,vision,2,11,11,2,0.6,0.7,0.05,1,50.66666667,2.16831823,61.342980321134036,66.84102343402157,67.20115412680137
2773,sub-22,vision,2,12,12,2,0.6,0.7,0.125,0,45.33333333,2.735568611,61.38359077474774,66.84119339127741,66.48400489422764
2774,sub-22,pain,2,13,1,1,47.0,0.7,0.125,0,99.33333333,3.402316449,52.68949355980257,59.76122958184778,59.69195972587977
2775,sub-22,pain,2,14,2,2,48.0,0.7,0.125,1,100.0,2.268173957,66.39695596713175,74.5079297929453,74.43978662930593
2776,sub-22,pain,2,15,3,2,48.0,0.3,0.125,1,94.33333333,1.050702563,65.45105110894698,61.20289021594205,61.27513167163309
2777,sub-22,pain,2,16,4,1,47.0,0.7,0.125,1,94.66666667,4.403106077,49.851778985248295,57.87978342621222,57.810451813984876
2778,sub-22,pain,2,17,5,2,48.0,0.7,0.05,1,97.33333333,1.81800992,63.559241392577476,70.73449219643189,70.80707141642227
2779,sub-22,pain,2,18,6,1,47.0,0.3,0.125,0,95.33333333,2.835415631,47.95996926887878,42.58976776697544,42.6603261797612
2780,sub-22,pain,2,19,7,2,48.0,0.3,0.05,1,95.66666667,1.63456654,61.66743167620796,56.46284705996136,56.393393410364034
2781,sub-22,pain,2,20,8,1,47.0,0.3,0.125,1,88.66666667,2.635180764,46.06815955250927,41.67492717080716,41.74556291497775
2782,sub-22,pain,2,21,9,1,47.0,0.3,0.05,1,92.66666667,3.23552616,45.12225469432451,39.83470069322828,39.76405859504299
2783,sub-22,pain,2,22,10,2,48.0,0.7,0.125,0,97.66666667,2.318285621,58.829717101653685,65.75671479444091,65.68710342297504
2784,sub-22,pain,2,23,11,2,48.0,0.3,0.125,0,96.66666667,1.351146453,57.88381224346893,52.451675217437646,52.52244846530221
2785,sub-22,pain,2,24,12,1,47.0,0.7,0.05,1,92.66666667,1.601192559,42.28454011977024,49.27331803236246,49.34401336554406
2786,sub-22,vision,3,1,1,1,0.5,0.3,0.05,0,41.33333333,3.669517288,50.111784268293256,44.287155909869995,43.927919173270624
2787,sub-22,vision,3,2,2,2,0.6,0.3,0.125,-1,48.0,2.151606981,62.11280828877153,57.152223100945164,57.51382049367662
2788,sub-22,vision,3,3,3,2,0.6,0.7,0.05,0,50.66666667,2.368450778,62.153418742385234,66.45007574331157,66.80670538889866
2789,sub-22,vision,3,4,4,2,0.6,0.7,0.125,-1,50.66666667,2.56855036,62.19402919599894,67.27907748979271,66.92602656463077
2790,sub-22,vision,3,5,5,1,0.5,0.3,0.05,-1,46.33333333,2.051475086,50.274226082748065,44.21100997379331,43.85722772489833
2791,sub-22,vision,3,6,6,2,0.6,0.3,0.05,0,52.0,2.084838493,62.27525010322634,56.53865611218182,56.179677812556655
2792,sub-22,vision,3,7,7,1,0.5,0.3,0.125,-1,50.66666667,2.468552817,50.35544698997547,45.33159241406893,45.69345778430557
2793,sub-22,vision,3,8,8,1,0.5,0.7,0.05,0,50.66666667,2.201596423,50.39605744358917,54.62944505643534,54.98634267952761
2794,sub-22,vision,3,9,9,1,0.5,0.7,0.05,-1,51.0,2.76863688,50.436667897202874,54.42403826572797,54.78623245218082
2795,sub-22,vision,3,10,10,1,0.5,0.7,0.125,-1,48.33333333,1.868073691,50.477278350816576,55.50153375446004,55.148803448251236
2796,sub-22,vision,3,11,11,2,0.6,0.7,0.05,-1,72.33333333,1.884663027,62.47830237129485,66.54627761340912,66.90857231249237
2797,sub-22,vision,3,12,12,2,0.6,0.3,0.05,-1,70.0,2.935308056,62.518912824908554,56.54868407919225,56.19526555016736
2798,sub-22,pain,3,13,1,1,47.0,0.3,0.05,-1,96.33333333,1.801641393,51.771911162234034,44.06328528596193,43.99245086611144
2799,sub-22,pain,3,14,2,2,48.0,0.3,0.05,-1,98.33333333,2.768612933,65.47937356956321,57.79161497429321,57.721551740098185
2800,sub-22,pain,3,15,3,2,48.0,0.7,0.125,-1,91.0,3.502558749,64.53346871137845,70.03706435047354,69.96747707637147
2801,sub-22,pain,3,16,4,1,47.0,0.7,0.05,-1,75.33333333,2.168126032,48.93419658767976,53.501902625096115,53.57240563661251
2802,sub-22,pain,3,17,5,2,48.0,0.3,0.05,0,72.0,3.085469511,62.64165899500894,56.28072293132455,56.21091723518397
2803,sub-22,pain,3,18,6,1,47.0,0.7,0.05,0,51.66666667,2.135043147,47.04238687131024,52.95761614159473,53.02851577880973
2804,sub-22,pain,3,19,7,1,47.0,0.7,0.125,-1,51.33333333,2.251626294,46.09648201312549,51.475706864805915,51.404652966827555
2805,sub-22,pain,3,20,8,2,48.0,0.3,0.125,-1,53.0,3.652801375,59.80394442045466,52.865602535601205,52.9358435302529
2806,sub-22,pain,3,21,9,1,47.0,0.3,0.05,0,45.33333333,2.268222784,44.20467229675597,37.71936544565693,37.64809312564006
2807,sub-22,pain,3,22,10,2,48.0,0.7,0.05,0,55.66666667,2.318325118,57.91213470408515,63.78612915152419,63.857382711462165
2808,sub-22,pain,3,23,11,1,47.0,0.3,0.125,-1,51.33333333,2.735296487,42.31286258038646,35.27085060940085,35.339764067820425
2809,sub-22,pain,3,24,12,2,48.0,0.7,0.05,-1,65.66666667,4.019591104,56.02032498771563,60.46399339715651,60.534293980819214
2810,sub-22,vision,4,1,1,1,0.5,0.7,0.05,1,49.0,2.218207218,51.247106318454065,56.43623538022134,56.79447399190466
2811,sub-22,vision,4,2,2,1,0.5,0.3,0.125,0,50.66666667,2.668389915,51.28771677206777,46.39572485171676,46.751397874359775
2812,sub-22,vision,4,3,3,1,0.5,0.3,0.05,1,49.0,2.852091425,51.32832722568147,46.48172879754802,46.12430682257116
2813,sub-22,vision,4,4,4,2,0.6,0.3,0.125,1,50.66666667,1.967957719,63.329351246159746,59.595289730874114,59.953457963315444
2814,sub-22,vision,4,5,5,1,0.5,0.7,0.125,1,52.0,1.917926914,51.409548132908874,57.64299172358408,57.286463766949566
2815,sub-22,vision,4,6,6,2,0.6,0.7,0.125,1,70.0,2.551904732,63.41057215338715,69.72214411972166,69.3656640342696
2816,sub-22,vision,4,7,7,1,0.5,0.7,0.125,0,51.66666667,2.718593946,51.49076904013628,56.651840095194984,56.293022724288434
2817,sub-22,vision,4,8,8,2,0.6,0.7,0.05,1,60.33333333,1.95132733,63.491793060614555,68.77390948562028,69.1325118171737
2818,sub-22,vision,4,9,9,2,0.6,0.3,0.125,0,71.33333333,1.584479444,63.53240351422826,58.733398957115696,59.0894356996288
2819,sub-22,vision,4,10,10,2,0.6,0.3,0.05,1,74.33333333,1.451050074,63.57301396784196,58.81940290294696,58.46234464784019
2820,sub-22,vision,4,11,11,1,0.5,0.3,0.125,1,58.66666667,1.801292763,51.65321085459109,47.860832947085,48.21937443992739
2821,sub-22,vision,4,12,12,2,0.6,0.7,0.125,0,70.33333333,2.168232394,63.65423487506936,68.90334029750682,68.54478136357446
2822,sub-22,pain,4,13,1,2,48.0,0.7,0.125,0,28.33333333,1.751358368,65.50769603017943,72.26223538003613,72.19332636705089
2823,sub-22,pain,4,14,2,1,47.0,0.3,0.125,1,21.0,1.56784408,49.90842390648074,45.28063107800058,45.35155191771929
2824,sub-22,pain,4,15,3,2,48.0,0.3,0.05,1,31.0,1.884767834,63.61588631380992,58.135339848220255,58.06589311888271
2825,sub-22,pain,4,16,4,2,48.0,0.3,0.125,0,32.66666667,1.901345975,62.66998145562516,57.02398468409834,57.0951821151552
2826,sub-22,pain,4,17,5,1,47.0,0.7,0.05,1,28.66666667,2.101733542,47.07070933192647,53.84562749902315,53.916747015397036
2827,sub-22,pain,4,18,6,1,47.0,0.7,0.125,0,14.0,2.13481705,46.12480447374171,52.73427233490125,52.66375761039555
2828,sub-22,pain,4,19,7,2,48.0,0.7,0.125,1,15.33333333,3.152293046,59.83226688107089,67.48097254599877,67.4115845138217
2829,sub-22,pain,4,20,8,1,47.0,0.3,0.125,0,17.33333333,3.219121246,44.2329947573722,38.46262719843072,38.532358005611286
2830,sub-22,pain,4,21,9,1,47.0,0.3,0.05,1,3.0,1.48433231,43.28708989918744,37.64077124361809,37.569579715115935
2831,sub-22,pain,4,22,10,2,48.0,0.7,0.05,1,9.666666667,1.61783321,56.994552306516624,63.70753494948536,63.77886930093805
2832,sub-22,pain,4,23,11,1,47.0,0.7,0.125,1,10.0,1.300940556,41.39528018281793,48.919615060331154,48.84876040427779
2833,sub-22,pain,4,24,12,2,48.0,0.3,0.125,1,8.666666667,3.886187236,55.1027425901471,50.30951073112644,50.37995096770314
2834,sub-22,pain,5,1,1,1,47.0,0.3,0.05,0,100.0,2.535232981,49.93674636709697,43.2582804717849,43.18757142260447
2835,sub-22,pain,5,2,2,2,48.0,0.3,0.125,-1,100.0,2.451669896,63.64420877442615,56.47130644279464,56.54183253299445
2836,sub-22,pain,5,3,3,2,48.0,0.3,0.05,0,90.0,2.785382338,62.69830391624139,56.02000460064891,55.94992764947978
2837,sub-22,pain,5,4,4,1,47.0,0.7,0.05,0,86.33333333,1.184163033,47.0990317925427,52.69689781091908,52.76752619310554
2838,sub-22,pain,5,5,5,1,47.0,0.7,0.125,-1,90.0,0.733819861,46.15312693435794,51.21498853413028,51.143663381123375
2839,sub-22,pain,5,6,6,2,48.0,0.7,0.05,0,90.0,0.750425992,59.86058934168712,65.45862193978309,65.52988241998085
2840,sub-22,pain,5,7,7,2,48.0,0.7,0.125,-1,88.66666667,2.401811386,58.91468448350236,63.97671266299428,63.90601960799868
2841,sub-22,pain,5,8,8,1,47.0,0.3,0.125,-1,85.66666667,2.168313876,43.31541235980367,35.97673783819248,36.04551912922767
2842,sub-22,pain,5,9,9,1,47.0,0.7,0.05,-1,82.0,2.768677932,42.36950750161891,46.474945378149584,46.54420352112828
2843,sub-22,pain,5,10,10,1,47.0,0.3,0.05,-1,74.0,1.334317336,41.42360264343415,33.16990580114633,33.09727016218149
2844,sub-22,pain,5,11,11,2,48.0,0.7,0.05,-1,83.33333333,2.15156935,55.13106505076333,59.236669507013595,59.30655974800359
2845,sub-22,pain,5,12,12,2,48.0,0.3,0.05,-1,90.0,0.783844446,54.18516019257857,45.93162993001034,45.85962638905679
2846,sub-22,vision,5,13,1,2,0.6,0.3,0.05,0,64.0,1.43447069,64.34284193547946,58.38536826069342,58.02475631694598
2847,sub-22,vision,5,14,2,1,0.5,0.7,0.125,-1,54.33333333,2.26829618,52.423038822228584,57.21898504834096,56.864463173666074
2848,sub-22,vision,5,15,3,2,0.6,0.7,0.05,-1,27.66666667,0.717037705,64.42406284270686,68.26372890729004,68.6242320379072
2849,sub-22,vision,5,16,4,2,0.6,0.3,0.05,-1,62.0,2.351599579,64.46467329632057,58.26613537307317,57.9109252755822
2850,sub-22,vision,5,17,5,2,0.6,0.3,0.125,-1,75.0,1.968208074,64.50528374993426,59.34363086180524,59.70401574199794
2851,sub-22,vision,5,18,6,1,0.5,0.3,0.125,-1,73.66666667,1.617722495,52.58548063668339,47.350652368754766,47.7110946606609
2852,sub-22,vision,5,19,7,1,0.5,0.7,0.05,0,49.66666667,2.368294034,52.626091090297095,56.64850501112117,57.00397955588293
2853,sub-22,vision,5,20,8,1,0.5,0.7,0.05,-1,48.33333333,2.084785934,52.6667015439108,56.44309822041381,56.80386932853615
2854,sub-22,vision,5,21,9,2,0.6,0.7,0.125,-1,79.66666667,1.584402316,64.66772556438907,69.5566591537399,69.2025009989351
2855,sub-22,vision,5,22,10,2,0.6,0.7,0.05,0,56.33333333,1.684586459,64.70833601800277,68.81383131034588,69.16945900918597
2856,sub-22,vision,5,23,11,1,0.5,0.3,0.05,-1,37.66666667,1.817965758,52.788532904751904,46.531678589284056,46.17684175219415
2857,sub-22,vision,5,24,12,1,0.5,0.3,0.05,0,30.0,1.717947067,52.829143358365606,46.823259283078535,46.46323116552392
2858,sub-22,vision,6,1,1,2,0.6,0.3,0.05,1,77.0,2.05151676,65.47816398564028,60.493767245284324,60.13486478026352
2859,sub-22,vision,6,2,2,2,0.6,0.7,0.125,1,61.33333333,2.034808,65.51877443925397,71.61194321977683,71.25388213165043
2860,sub-22,vision,6,3,3,1,0.5,0.3,0.125,0,52.0,2.66848166,53.5989713260031,48.5009587094897,48.85531393669809
2861,sub-22,vision,6,4,4,2,0.6,0.3,0.125,0,74.0,2.468504612,65.59999534648138,60.580111105627296,60.93451420401813
2862,sub-22,vision,6,5,5,2,0.6,0.3,0.125,1,53.0,2.051467933,65.64060580009509,61.700523588647066,62.05737402565376
2863,sub-22,vision,6,6,6,1,0.5,0.3,0.125,1,49.33333333,2.651777253,53.72080268684421,49.70754509559659,50.06445294431672
2864,sub-22,vision,6,7,7,1,0.5,0.3,0.05,1,48.33333333,2.251611988,53.76141314045791,48.71622350995165,48.357641663883975
2865,sub-22,vision,6,8,8,1,0.5,0.7,0.125,1,56.66666667,2.81875352,53.80202359407161,59.83439948444415,59.47665901527088
2866,sub-22,vision,6,9,9,2,0.6,0.7,0.125,0,49.66666667,2.151610402,65.80304761454988,70.83622634910553,70.47613905394678
2867,sub-22,vision,6,10,10,2,0.6,0.7,0.05,1,66.66666667,2.05151365,65.84365806816359,70.9222302949368,71.27956747250352
2868,sub-22,vision,6,11,11,1,0.5,0.7,0.05,1,35.66666667,1.834458685,53.92385495491272,58.92925180188632,59.286646391166464
2869,sub-22,vision,6,12,12,1,0.5,0.7,0.125,0,42.0,1.584487219,53.96446540852642,58.92942175914217,58.569497158592746
2882,sub-23,pain,1,1,1,2,48.0,0.3,0.05,0,67.66666667,2.56860426,68.80377783688175,62.82863663970424,62.803339680653416
2883,sub-23,pain,1,2,2,1,47.0,0.7,0.125,-1,45.0,1.834665703,53.3711767603104,59.32685143071805,59.301058294085365
2884,sub-23,pain,1,3,3,1,47.0,0.3,0.05,0,36.33333333,1.868153406,52.4244626960049,46.37452387184103,46.34877188954381
2885,sub-23,pain,1,4,4,2,48.0,0.3,0.05,-1,66.33333333,1.651377459,65.96363564396526,58.90340863884352,58.87769065990654
2886,sub-23,pain,1,5,5,1,47.0,0.7,0.05,-1,48.0,1.90127724,50.5310345673939,55.67685283236993,55.703017163587944
2887,sub-23,pain,1,6,6,2,48.0,0.3,0.125,-1,75.33333333,2.034707128,64.07020751535427,57.72781368110644,57.75410492780251
2888,sub-23,pain,1,7,7,2,48.0,0.7,0.125,-1,68.33333333,2.017999974,63.123493451048766,69.02513322006197,68.99938455419225
2889,sub-23,pain,1,8,8,1,47.0,0.7,0.05,0,53.66666667,1.717930529,47.690892374477414,53.8113685659284,53.83760201490391
2890,sub-23,pain,1,9,9,2,48.0,0.7,0.05,-1,73.33333333,1.801156541,61.230065322437774,66.3402533329309,66.36652078526664
2891,sub-23,pain,1,10,10,1,47.0,0.3,0.05,-1,47.66666667,2.001467913,45.797464245866415,38.58882102611214,38.562413422509664
2892,sub-23,pain,1,11,11,2,48.0,0.7,0.05,0,58.66666667,1.884571019,59.336637193826775,65.4398877777064,65.46628299815443
2893,sub-23,pain,1,12,12,1,47.0,0.3,0.125,-1,38.0,1.951406475,43.904036117255416,37.41322606837506,37.43882769040563
2894,sub-23,vision,1,13,1,1,0.5,0.7,0.05,-1,40.66666667,2.718912662,47.93526995432889,52.00863805283204,52.34928159419032
2895,sub-23,vision,1,14,2,2,0.6,0.3,0.05,-1,45.66666667,2.602077657,59.822483093790396,54.119460658020905,53.79384351362293
2896,sub-23,vision,1,15,3,2,0.6,0.7,0.125,-1,53.33333333,2.168116179,59.884173693964,65.14111523358419,64.81579626729398
2897,sub-23,vision,1,16,4,1,0.5,0.3,0.125,-1,28.0,2.434944855,48.120341754849704,43.452733716223975,43.79175178367253
2898,sub-23,vision,1,17,5,1,0.5,0.7,0.125,-1,33.33333333,1.93449624,48.18203235502332,53.36256035626283,53.03622486955926
2899,sub-23,vision,1,18,6,2,0.6,0.7,0.05,-1,59.66666667,2.285030489,60.069245494484825,64.21085807398954,64.54911540217283
2900,sub-23,vision,1,19,7,2,0.6,0.7,0.05,0,56.0,2.134767804,60.13093609465843,64.47765512595366,64.81063370188315
2901,sub-23,vision,1,20,8,1,0.5,0.3,0.05,-1,31.0,1.534432672,48.36710415554413,42.58300014860591,42.25442206460124
2902,sub-23,vision,1,21,9,1,0.5,0.3,0.05,0,29.66666667,2.184899838,48.42879475571774,42.84979720057004,42.51594036431157
2903,sub-23,vision,1,22,10,2,0.6,0.3,0.125,-1,49.33333333,1.951403676,60.316007895179254,55.715477329358066,56.0516230788333
2904,sub-23,vision,1,23,11,1,0.5,0.7,0.05,0,22.66666667,2.585105533,48.55217595606496,52.820147432585486,53.151137278504955
2905,sub-23,vision,1,24,12,2,0.6,0.3,0.05,0,39.0,2.268310584,60.439389095526465,54.93097003777435,54.59569919793756
2906,sub-23,vision,2,1,1,1,0.5,0.3,0.05,1,32.33333333,2.201479171,49.08332240005809,44.568172768822116,44.23967737690741
2907,sub-23,vision,2,2,2,1,0.5,0.7,0.05,1,43.0,2.501817631,49.14501300023169,54.477999408860974,54.81483680392254
2908,sub-23,vision,2,3,3,1,0.5,0.7,0.125,1,33.0,2.318230207,49.2067036004053,55.650350936361995,55.32166761775671
2909,sub-23,vision,2,4,4,2,0.6,0.7,0.05,1,54.66666667,1.817913144,61.09391673986681,66.4986486540887,66.83455815037027
2910,sub-23,vision,2,5,5,1,0.5,0.3,0.125,0,34.0,1.834633359,49.330084800752516,44.75859205717807,45.091701813968626
2911,sub-23,vision,2,6,6,1,0.5,0.3,0.125,1,34.0,2.11821926,49.39177540092612,45.982618664229506,46.317344480583
2912,sub-23,vision,2,7,7,2,0.6,0.3,0.125,0,56.0,2.501679237,61.27898854038763,56.779241302405794,57.111423160416365
2913,sub-23,vision,2,8,8,2,0.6,0.3,0.05,1,32.0,1.801147522,61.340679140561235,56.891439973932805,56.55958615924643
2914,sub-23,vision,2,9,9,2,0.6,0.3,0.125,1,42.0,1.801180488,61.40236974073484,58.06379150143382,58.397103314209005
2915,sub-23,vision,2,10,10,2,0.6,0.7,0.125,0,55.33333333,2.585460693,61.46406034090845,66.81011512639785,66.47597122065962
2916,sub-23,vision,2,11,11,1,0.5,0.7,0.125,0,23.33333333,2.068183635,49.70022840179415,54.97103665709989,54.63636233574665
2917,sub-23,vision,2,12,12,2,0.6,0.7,0.125,1,58.66666667,1.634489305,61.587441541255664,68.09466532542586,67.76165137445224
2918,sub-23,pain,2,13,1,2,48.0,0.3,0.125,0,89.33333333,1.117504896,67.77771252304717,62.41655847707257,62.443287207303996
2919,sub-23,pain,2,14,2,1,47.0,0.7,0.05,1,67.0,1.267582226,52.34511144647582,59.240947895812546,59.26756518467635
2920,sub-23,pain,2,15,3,2,48.0,0.7,0.125,0,72.0,1.300860315,65.88428439443618,72.74875930481107,72.72338947212191
2921,sub-23,pain,2,16,4,2,48.0,0.3,0.05,1,54.66666667,2.134836845,64.93757033013068,59.57214756863502,59.54670659627949
2922,sub-23,pain,2,17,5,1,47.0,0.3,0.125,1,36.33333333,2.101441509,49.504969253559324,44.83779597668585,44.86408515778131
2923,sub-23,pain,2,18,6,1,47.0,0.7,0.125,0,45.33333333,1.584470785,48.55825518925383,55.329527825730814,55.30364431944049
2924,sub-23,pain,2,19,7,2,48.0,0.7,0.05,1,56.0,1.951272124,62.09742813721419,68.93922968515648,68.96589144478322
2925,sub-23,pain,2,20,8,1,47.0,0.7,0.125,1,33.33333333,1.717869573,46.664827060642835,54.2048780932073,54.179010061027405
2926,sub-23,pain,2,21,9,1,47.0,0.3,0.05,1,47.33333333,1.734671581,45.71811299633733,40.222678667120675,40.19660672045443
2927,sub-23,pain,2,22,10,2,48.0,0.7,0.125,1,65.0,1.651045935,59.25728594429769,66.79851601620234,66.77286840584974
2928,sub-23,pain,2,23,11,1,47.0,0.3,0.125,0,32.66666667,1.734452949,43.82468486772634,38.24149601947303,38.267300523619845
2929,sub-23,pain,2,24,12,2,48.0,0.3,0.125,1,63.66666667,1.751278282,57.3638578156867,52.60584034359569,52.63205669474455
2930,sub-23,vision,3,1,1,2,0.6,0.7,0.05,-1,54.0,1.884534322,62.05689738507518,65.98636269208654,66.32579142745308
2931,sub-23,vision,3,2,2,1,0.5,0.3,0.125,-1,46.66666667,1.817931182,50.293065445960885,45.40980911025075,45.74854027048756
2932,sub-23,vision,3,3,3,1,0.5,0.7,0.05,0,60.66666667,1.83475185,50.35475604613449,54.41408127475271,54.747700842250445
2933,sub-23,vision,3,4,4,1,0.5,0.7,0.05,-1,56.33333333,2.151562037,50.4164466463081,54.26833140674177,54.60625751689663
2934,sub-23,vision,3,5,5,2,0.6,0.3,0.05,-1,53.0,2.318299559,62.30365978576961,56.379154011930645,56.05081943632924
2935,sub-23,vision,3,6,6,2,0.6,0.3,0.05,0,50.33333333,1.701263494,62.365350385943216,56.64595106389476,56.31233773603957
2936,sub-23,vision,3,7,7,2,0.6,0.7,0.125,-1,68.0,1.6512344,62.42704098611682,67.46133217947052,67.13280967717854
2937,sub-23,vision,3,8,8,1,0.5,0.7,0.125,-1,27.66666667,1.784590581,50.663209047002525,55.62225371017257,55.29320079226558
2938,sub-23,vision,3,9,9,1,0.5,0.3,0.05,0,20.33333333,1.784579385,50.72489964717613,44.92791977854999,44.59280382548311
2939,sub-23,vision,3,10,10,2,0.6,0.3,0.125,-1,56.0,1.701291795,62.612112786637645,57.79359990733803,58.12848654000484
2940,sub-23,vision,3,11,11,2,0.6,0.7,0.05,0,50.0,1.734471609,62.67380338681125,66.79787207183999,67.12764711176773
2941,sub-23,vision,3,12,12,1,0.5,0.3,0.05,-1,24.33333333,1.451011663,50.909971447696954,44.90321709449224,44.57143547448581
2942,sub-23,pain,3,13,1,1,47.0,0.7,0.05,-1,89.0,1.267418951,52.26576019694673,57.20388642258077,57.23008368109717
2943,sub-23,pain,3,14,2,2,48.0,0.3,0.05,-1,82.66666667,1.200725622,65.8049331449071,58.50020480662028,58.47440245427213
2944,sub-23,pain,3,15,3,1,47.0,0.3,0.05,0,59.0,2.051325647,50.37233206833574,44.041082617183704,44.01512896076577
2945,sub-23,pain,3,16,4,1,47.0,0.7,0.05,0,58.66666667,1.767936298,49.42561800403024,55.33840215613924,55.36466853241314
2946,sub-23,pain,3,17,5,2,48.0,0.7,0.05,-1,47.0,1.751262732,62.9647909519906,67.86728692314173,67.89358730277586
2947,sub-23,pain,3,18,6,1,47.0,0.3,0.05,-1,43.66666667,1.901285326,47.53218987541924,40.115854616322984,40.08947994001889
2948,sub-23,pain,3,19,7,2,48.0,0.7,0.125,-1,57.33333333,1.651529538,61.0713628233796,66.69169196540466,66.66574162541419
2949,sub-23,pain,3,20,8,2,48.0,0.3,0.05,0,59.0,1.601206861,60.124648759074105,53.73936440652763,53.713455220872646
2950,sub-23,pain,3,21,9,2,48.0,0.3,0.125,-1,43.66666667,1.901329799,59.17793469476861,52.49901629279799,52.524929914309006
2951,sub-23,pain,3,22,10,1,47.0,0.3,0.125,-1,42.0,2.101352875,43.74533361819725,37.01002223615182,37.03553948477122
2952,sub-23,pain,3,23,11,1,47.0,0.7,0.125,-1,48.0,2.001350356,42.798619553891754,48.30734177510736,48.28081911116095
2953,sub-23,pain,3,24,12,2,48.0,0.7,0.05,0,59.33333333,1.767932566,56.337792501852114,62.14132781183204,62.16746270780456
2954,sub-23,vision,4,1,1,1,0.5,0.3,0.125,1,42.0,1.918245632,51.37942729151647,47.75812328232651,48.09402050586326
2955,sub-23,vision,4,2,2,2,0.6,0.3,0.05,1,43.66666667,1.784635987,63.26664043097798,58.60642100005321,58.27622469734843
2956,sub-23,vision,4,3,3,2,0.6,0.7,0.05,1,47.66666667,2.084852846,63.32833103115159,68.51624764009208,68.85138412436356
2957,sub-23,vision,4,4,4,2,0.6,0.3,0.125,0,53.0,2.03467665,63.3900216313252,58.675793104455984,59.00817416005314
2958,sub-23,vision,4,5,5,2,0.6,0.7,0.125,0,67.66666667,2.084749595,63.4517122314988,68.58561974449485,68.25264724593987
2959,sub-23,vision,4,6,6,1,0.5,0.7,0.125,1,50.0,2.034672296,51.687880292384506,57.910044290271735,57.57864354046302
2960,sub-23,vision,4,7,7,1,0.5,0.7,0.125,0,48.66666667,1.967983632,51.74957089255811,56.80706486717348,56.473075848205156
2961,sub-23,vision,4,8,8,1,0.5,0.3,0.125,0,32.0,1.884651257,51.81126149273172,47.01828541108781,47.348677736674944
2962,sub-23,vision,4,9,9,2,0.6,0.3,0.125,1,44.33333333,1.817868049,63.698474632193225,60.14191407941378,60.473966775380546
2963,sub-23,vision,4,10,10,1,0.5,0.7,0.05,1,52.0,1.91805499,51.93464269307893,57.04031072265367,57.37200016252013
2964,sub-23,vision,4,11,11,2,0.6,0.7,0.125,1,57.0,2.084863731,63.82185583254044,70.11226431142923,69.77847734844553
2965,sub-23,vision,4,12,12,1,0.5,0.3,0.05,1,54.0,2.168139815,52.058023893426146,47.312054858544585,46.97695319703977
2966,sub-23,pain,4,13,1,1,47.0,0.3,0.05,1,66.66666667,1.968305515,51.23969488311215,45.610187102199696,45.58438268425094
2967,sub-23,pain,4,14,2,2,48.0,0.7,0.125,1,66.0,2.001445521,64.77886783107252,72.18602445128136,72.16064436964623
2968,sub-23,pain,4,15,3,1,47.0,0.7,0.125,0,50.33333333,1.834653885,49.34626675450116,55.891442704724625,55.8655334753779
2969,sub-23,pain,4,16,4,2,48.0,0.7,0.05,1,68.66666667,1.501199055,62.88543970246152,69.50114456415028,69.52778060072063
2970,sub-23,pain,4,17,5,2,48.0,0.3,0.125,1,53.0,1.968344079,61.93872563815602,57.028230067457656,57.05465529696924
2971,sub-23,pain,4,18,6,1,47.0,0.3,0.125,0,42.0,1.96809528,46.50612456158466,40.73364832090092,40.7595444027009
2972,sub-23,pain,4,19,7,2,48.0,0.3,0.125,0,53.66666667,1.634449808,60.04529750954502,54.29240495511301,54.318580109095045
2973,sub-23,pain,4,20,8,2,48.0,0.3,0.05,1,47.33333333,2.151472469,59.09858344523953,53.37823146910954,53.35235422121418
2974,sub-23,pain,4,21,9,1,47.0,0.3,0.125,1,45.33333333,1.434400297,43.66598236866817,38.64387987716036,38.669732782716
2975,sub-23,pain,4,22,10,1,47.0,0.7,0.125,1,54.66666667,1.5176826,42.71926830436267,49.9411994161159,49.91501240910573
2976,sub-23,pain,4,23,11,1,47.0,0.7,0.05,1,55.0,1.867930109,41.772554240057175,48.22143824020186,48.247326001751944
2977,sub-23,pain,4,24,12,2,48.0,0.7,0.125,0,71.33333333,1.701077206,55.311727188017535,61.72924964920038,61.7031502891975
2978,sub-23,pain,5,1,1,1,47.0,0.3,0.05,-1,62.66666667,1.384424695,50.21362956927757,42.60800691775088,42.58172381909994
2979,sub-23,pain,5,2,2,2,48.0,0.3,0.125,-1,62.0,1.684441582,63.75280251723794,56.921406016659965,56.947528516533694
2980,sub-23,pain,5,3,3,2,48.0,0.3,0.05,-1,51.33333333,1.600964904,62.80608845293244,55.20164484074593,55.17558216392227
2981,sub-23,pain,5,4,4,1,47.0,0.3,0.05,0,42.33333333,1.667822441,47.37348737636108,40.742522651309336,40.716308670415906
2982,sub-23,pain,5,5,5,2,48.0,0.7,0.05,-1,52.33333333,2.001505544,60.91266032432144,65.53384566848442,65.55994437399782
2983,sub-23,pain,5,6,6,1,47.0,0.7,0.05,0,50.0,1.300900434,45.480059247750084,51.07472347904783,51.10067088049146
2984,sub-23,pain,5,7,7,1,47.0,0.7,0.05,-1,54.66666667,2.001567433,44.53334518344459,49.07973290062121,49.10537658288822
2985,sub-23,pain,5,8,8,2,48.0,0.7,0.05,0,67.33333333,2.034855474,58.07251813140495,63.66836140204288,63.69452922531379
2986,sub-23,pain,5,9,9,2,48.0,0.7,0.125,-1,56.0,1.651064284,57.12580406709945,62.42801328831325,62.401743973492515
2987,sub-23,pain,5,10,10,2,48.0,0.3,0.05,0,49.66666667,1.767934743,56.179090002793956,49.47568572943622,49.44945756895096
2988,sub-23,pain,5,11,11,1,47.0,0.3,0.125,-1,45.0,1.467802164,40.7464889262226,33.711462270277465,33.73671919442136
2989,sub-23,pain,5,12,12,1,47.0,0.7,0.125,-1,51.33333333,1.550932389,39.7997748619171,45.008781809233,44.98199882081109
2990,sub-23,vision,5,13,1,2,0.6,0.7,0.05,0,74.0,1.801354026,64.35300227653357,68.27075873005403,68.60413570115671
2991,sub-23,vision,5,14,2,1,0.5,0.3,0.125,-1,47.66666667,2.017999353,52.58917033741927,47.48793168823071,47.8254037316591
2992,sub-23,vision,5,15,3,2,0.6,0.7,0.125,-1,68.33333333,1.534401572,64.47638347688078,69.29736038954411,68.96952318963706
2993,sub-23,vision,5,16,4,1,0.5,0.7,0.125,-1,42.66666667,1.550869257,52.71255153776649,57.458281920246165,57.12991430472409
2994,sub-23,vision,5,17,5,1,0.5,0.3,0.05,-1,41.66666667,2.185064045,52.77424213794009,46.55767452863606,46.22803652540956
2995,sub-23,vision,5,18,6,2,0.6,0.3,0.125,-1,55.33333333,1.91800212,64.6614552774016,59.62962811741162,59.96520005246335
2996,sub-23,vision,5,19,7,1,0.5,0.7,0.05,-1,33.33333333,1.968159968,52.8976233382873,56.52802476065151,56.86323343960294
2997,sub-23,vision,5,20,8,2,0.6,0.3,0.05,0,50.66666667,2.268424721,64.78483647774881,58.8451208258279,58.50927617156763
2998,sub-23,vision,5,21,9,1,0.5,0.3,0.05,0,35.0,2.08467651,53.021004538634514,47.006042356529946,46.66966728665466
2999,sub-23,vision,5,22,10,2,0.6,0.7,0.05,-1,56.66666667,1.984755784,64.90821767809602,68.60919759785583,68.94299227322894
3000,sub-23,vision,5,23,11,1,0.5,0.7,0.05,0,39.0,1.784494483,53.144385738981725,56.9763925885454,57.304864200848044
3001,sub-23,vision,5,24,12,2,0.6,0.3,0.05,-1,48.33333333,1.884516595,65.03159887844325,58.880941733746745,58.54794530774858
3002,sub-23,pain,6,1,1,2,48.0,0.3,0.125,0,55.66666667,1.567896117,63.67345126770885,57.74967596775794,57.776001349747915
3003,sub-23,pain,6,2,2,2,48.0,0.7,0.05,1,48.66666667,1.867870397,62.72673720340335,69.09794073192704,69.12449239508624
3004,sub-23,pain,6,3,3,1,47.0,0.7,0.125,0,36.66666667,1.884735227,47.294136126831994,53.5580014500673,53.53189054659986
3005,sub-23,pain,6,4,4,2,48.0,0.3,0.05,1,46.66666667,1.684535192,60.83330907479235,54.90526505932038,54.87942073872341
3006,sub-23,pain,6,5,5,2,48.0,0.7,0.125,0,48.0,1.767860414,59.88659501048686,66.15163937306235,66.12574889142219
3007,sub-23,pain,6,6,6,1,47.0,0.7,0.125,1,37.33333333,2.134891581,44.4539939339155,51.46823300632674,51.44207892661496
3008,sub-23,pain,6,7,7,1,47.0,0.3,0.125,1,23.0,2.201508716,43.50727986961,38.24067604493712,38.26644457708159
3009,sub-23,pain,6,8,8,2,48.0,0.3,0.125,1,52.66666667,1.684500361,57.04645281757036,51.79943267914921,51.82548028347574
3010,sub-23,pain,6,9,9,1,47.0,0.7,0.05,1,36.0,1.70108467,41.613851740999,47.81823440797862,47.84403779611754
3011,sub-23,pain,6,10,10,1,47.0,0.3,0.05,1,39.0,1.817926206,40.66713767669351,34.590677446589,34.564143501326534
3012,sub-23,pain,6,11,11,1,47.0,0.3,0.125,0,36.66666667,1.684664568,39.72042361238801,33.574613510158386,33.600014666063764
3013,sub-23,pain,6,12,12,2,48.0,0.7,0.125,1,61.0,1.901224992,53.25959656034837,60.20139608445363,60.17522782515002
3014,sub-23,vision,6,13,1,1,0.5,0.3,0.125,1,41.33333333,1.851247213,53.675532182974855,49.83624586030646,50.17088396703481
3015,sub-23,vision,6,14,2,1,0.5,0.3,0.05,1,38.66666667,1.751095415,53.73722278314846,48.78494151675863,48.453441786428755
3016,sub-23,vision,6,15,3,1,0.5,0.7,0.125,1,32.33333333,1.767917949,53.798913383322066,59.80659609232191,59.4753945400998
3017,sub-23,vision,6,16,4,2,0.6,0.3,0.125,0,47.0,1.717853712,65.68612652278358,60.753915682435945,61.085037621224686
3018,sub-23,vision,6,17,5,2,0.6,0.7,0.05,1,53.33333333,1.901241475,65.74781712295719,70.71541740202521,71.04832255989162
3019,sub-23,vision,6,18,6,2,0.6,0.3,0.125,1,47.33333333,2.251666875,65.80950772313079,62.03846588146397,62.370717775017326
3020,sub-23,vision,6,19,7,2,0.6,0.7,0.125,1,52.66666667,1.584593629,65.8711983233044,71.94829252150282,71.61519086090405
3021,sub-23,vision,6,20,8,2,0.6,0.7,0.125,0,60.66666667,1.968134466,65.932888923478,70.84531309840457,70.50962316864619
3022,sub-23,vision,6,21,9,1,0.5,0.7,0.05,1,44.0,1.801298668,54.169056984363706,59.057909708657036,59.38882613651342
3023,sub-23,vision,6,22,10,1,0.5,0.7,0.125,0,45.66666667,2.051336843,54.23074758453731,59.06675822108321,58.73005177091148
3024,sub-23,vision,6,23,11,1,0.5,0.3,0.125,0,27.0,1.667732251,54.29243818471092,49.27797876499754,49.60565365938126
3025,sub-23,vision,6,24,12,2,0.6,0.3,0.05,1,48.33333333,1.517799225,66.17965132417243,61.28977949779909,60.953463030302544
3026,sub-25,vision,1,1,1,2,0.6,0.3,0.125,-1,22.0,2.151485663,59.70767356803971,55.23662465784678,55.61303846817
3027,sub-25,vision,1,2,2,1,0.5,0.7,0.125,-1,42.66666667,2.768602973,47.7363564403669,53.09299609515907,52.73164166570071
3028,sub-25,vision,1,3,3,1,0.5,0.7,0.05,-1,62.66666667,2.635191889,47.78279215013039,51.820078237335224,52.19394924102998
3030,sub-25,vision,1,5,5,2,0.6,0.7,0.05,0,73.66666667,1.451063631,59.8934164070937,64.13932778415034,64.50792091612439
3031,sub-25,vision,1,6,6,1,0.5,0.3,0.05,-1,83.66666667,2.701927598,47.92209927942089,42.0507611008786,41.68757392937731
3032,sub-25,vision,1,7,7,1,0.5,0.3,0.05,0,32.66666667,2.334966412,47.96853498918439,42.22633971589311,41.85791952477585
3035,sub-25,vision,1,10,10,2,0.6,0.7,0.125,-1,28.0,2.751911115,60.1255949559112,65.55968235267848,65.19519573659969
3036,sub-25,vision,1,11,11,2,0.6,0.3,0.05,-1,77.0,1.601225042,60.1720306656747,54.37901221880424,54.01401600404639
3037,sub-25,vision,1,12,12,1,0.5,0.3,0.125,-1,35.33333333,1.818041612,48.20071353800188,43.646694284421244,44.01786037339376
3038,sub-25,pain,1,13,1,1,47.0,0.3,0.05,0,79.0,1.234095913,54.497369038260636,48.62507044891904,48.5992623828513
3039,sub-25,pain,1,14,2,1,47.0,0.7,0.05,-1,48.66666667,2.201582696,53.55289275139708,58.98236922315596,59.0088667181659
3040,sub-25,pain,1,15,3,2,48.0,0.7,0.125,-1,73.33333333,2.00155906,66.64785784146731,72.46018590353805,72.43450312118385
3041,sub-25,pain,1,16,4,1,47.0,0.7,0.125,-1,46.33333333,1.651190521,51.663940177669964,57.4118182737331,57.385739150582666
3042,sub-25,pain,1,17,5,2,48.0,0.3,0.05,-1,55.0,1.417635753,64.75890526774019,57.89265843654175,57.86671338156046
3043,sub-25,pain,1,18,6,2,48.0,0.7,0.05,0,83.33333333,1.267617404,63.81442898087664,70.10756873133371,70.13442489667084
3044,sub-25,pain,1,19,7,1,47.0,0.7,0.05,0,29.33333333,2.084889283,48.83051131707929,55.05920110152876,55.08566092606965
3045,sub-25,pain,1,20,8,2,48.0,0.3,0.05,0,77.33333333,1.251019158,61.925476407149525,55.91027986767644,55.88441134226187
3046,sub-25,pain,1,21,9,2,48.0,0.7,0.05,-1,84.0,1.017392548,60.98100012028597,66.26757864191336,66.29401567757647
3047,sub-25,pain,1,22,10,1,47.0,0.3,0.05,-1,33.0,1.868058095,45.99708245648863,38.96271170121301,38.93614190536397
3048,sub-25,pain,1,23,11,1,47.0,0.3,0.125,-1,45.0,1.467635131,45.052606169625065,38.362555528171086,38.388385922429286
3049,sub-25,pain,1,24,12,2,48.0,0.3,0.125,-1,88.0,1.317656279,58.1475712596953,51.47013360521416,51.49624614023281
3098,sub-25,vision,4,1,1,2,0.6,0.7,0.125,1,76.66666667,2.451965852,63.02706687740898,69.43223600800468,69.06746367380993
3099,sub-25,vision,4,2,2,1,0.5,0.3,0.05,1,55.66666667,2.134940287,51.055749749736165,46.154039988861086,45.78836186030406
3100,sub-25,vision,4,3,3,2,0.6,0.7,0.05,1,84.66666667,2.268317783,63.11993829693597,68.20546319671209,68.57547524788251
3101,sub-25,vision,4,4,4,2,0.6,0.3,0.125,1,50.33333333,3.135606767,63.16637400669947,59.66291887154806,60.03375439029986
3102,sub-25,vision,4,5,5,1,0.5,0.7,0.125,1,68.66666667,1.768254338,51.19505687902666,57.51929030886035,57.15235758783057
3103,sub-25,vision,4,6,6,1,0.5,0.7,0.05,1,69.33333333,3.102157741,51.24149258879016,56.2463724510365,56.61466516315985
3104,sub-25,vision,4,7,7,2,0.6,0.7,0.125,0,88.0,3.219021895,63.30568113598997,68.54661195144357,68.17690931883087
3105,sub-25,vision,4,8,8,1,0.5,0.3,0.125,1,50.33333333,2.435246004,51.33436400831715,47.74997317240373,48.11864830432051
3106,sub-25,vision,4,9,9,1,0.5,0.3,0.125,0,58.33333333,2.485027057,51.38079971808065,46.63362388318633,46.99957395562493
3107,sub-25,vision,4,10,10,2,0.6,0.3,0.05,1,47.66666667,3.552542763,63.444988265280465,58.62072624638049,58.251915931203044
3108,sub-25,vision,4,11,11,1,0.5,0.7,0.125,0,64.0,1.718018598,51.47367113760765,56.633666252299236,56.261803232851506
3109,sub-25,vision,4,12,12,2,0.6,0.3,0.125,0,67.33333333,2.151579897,63.53785968480746,58.869584908049454,59.2346080328074
3110,sub-25,pain,4,13,1,1,47.0,0.3,0.125,1,81.0,1.501277913,51.33113642801097,46.330286151528476,46.35676237144824
3111,sub-25,pain,4,14,2,2,48.0,0.3,0.125,0,85.66666667,2.118164148,64.4261015180812,58.55836628902081,58.58499328223412
3112,sub-25,pain,4,15,3,2,48.0,0.7,0.125,1,89.0,0.867144057,63.48162523121764,70.72396876308599,70.69836080621454
3113,sub-25,pain,4,16,4,2,48.0,0.3,0.125,1,49.0,2.318134913,62.53714894435409,57.49707467580966,57.523718836454115
3114,sub-25,pain,4,17,5,1,47.0,0.7,0.125,1,69.66666667,0.783750389,47.553231280556744,54.705206356900085,54.679144959214526
3115,sub-25,pain,4,18,6,2,48.0,0.3,0.05,1,70.33333333,2.2016676,60.64819637062698,55.186046519708746,55.16011919019232
3116,sub-25,pain,4,19,7,1,47.0,0.3,0.05,1,24.33333333,1.334188281,45.66427870682963,40.13767888990378,40.11135521959113
3117,sub-25,pain,4,20,8,1,47.0,0.7,0.125,0,74.0,2.718788953,44.71980241996607,50.91452408820651,50.88816002300039
3118,sub-25,pain,4,21,9,2,48.0,0.7,0.125,0,77.0,3.436065186,57.814767510036305,64.02210216524958,63.996020240803915
3119,sub-25,pain,4,22,10,1,47.0,0.7,0.05,1,15.66666667,4.102914412,42.83084984623896,49.48299387165634,49.50910939200597
3120,sub-25,pain,4,23,11,2,48.0,0.7,0.05,1,63.33333333,4.386553772,55.92581493630919,62.59057194869941,62.616969609809495
3121,sub-25,pain,4,24,12,1,47.0,0.3,0.125,0,27.33333333,2.218156683,40.941897272511845,34.77644567178734,34.802162424043495
3122,sub-25,vision,5,1,1,1,0.5,0.7,0.05,-1,65.0,1.517850034,52.115778476429085,55.72236303744019,56.09478655261783
3123,sub-25,vision,5,2,2,1,0.5,0.3,0.125,-1,50.0,1.984844187,52.162214186192585,47.17981871227616,47.553065695035194
3124,sub-25,vision,5,3,3,1,0.5,0.3,0.05,0,54.66666667,2.218228836,52.208649895956086,46.03633442293555,45.667348838877096
3125,sub-25,vision,5,4,4,1,0.5,0.3,0.05,-1,60.0,1.551021957,52.25508560571958,45.95304590098357,45.58841124096516
3126,sub-25,vision,5,5,5,2,0.6,0.3,0.125,-1,60.0,1.617826087,64.31927415291939,59.41577973713928,59.78809977221766
3127,sub-25,vision,5,6,6,1,0.5,0.7,0.05,0,57.0,2.20158705,52.34795702524658,56.08252183857971,56.44794814298958
3128,sub-25,vision,5,7,7,2,0.6,0.7,0.05,0,65.0,2.234926914,64.41214557244639,68.22619277038032,68.59157422268545
3129,sub-25,vision,5,8,8,1,0.5,0.7,0.125,-1,56.33333333,1.917949555,52.44082844477357,57.36444126751408,56.99811096723498
3130,sub-25,vision,5,9,9,2,0.6,0.7,0.125,-1,76.66666667,2.101444299,64.50501699197338,69.5081121993147,69.14173704693084
3131,sub-25,vision,5,10,10,2,0.6,0.3,0.05,0,69.33333333,2.051630279,64.55145270173688,58.4568756339237,58.085198911032776
3132,sub-25,vision,5,11,11,2,0.6,0.3,0.05,-1,58.33333333,2.451755303,64.59788841150038,58.373587111971716,58.006261313120845
3133,sub-25,vision,5,12,12,2,0.6,0.7,0.05,-1,84.66666667,1.500963799,64.64432412126388,68.32748443455336,68.69545261974673
3134,sub-25,pain,5,13,1,2,48.0,0.7,0.125,-1,84.33333333,2.718830006,64.31516693486154,69.67494766925952,69.64897325813503
3135,sub-25,pain,5,14,2,1,47.0,0.7,0.05,0,56.0,1.517691112,49.331249271064195,55.18514719639305,55.21148669221731
3136,sub-25,pain,5,15,3,2,48.0,0.3,0.05,0,32.66666667,2.485224233,62.42621436113442,56.03622596254073,56.01023710840953
3137,sub-25,pain,5,16,4,1,47.0,0.3,0.05,0,9.0,2.401777384,47.44229669733708,40.98785833273577,40.96147313780835
3138,sub-25,pain,5,17,5,2,48.0,0.7,0.05,-1,57.0,1.784602538,60.53726178740731,65.42312996039672,65.4493895673253
3139,sub-25,pain,5,18,6,1,47.0,0.7,0.05,-1,35.66666667,2.068186229,45.55334412360997,50.37476233059176,50.40062559672412
3140,sub-25,pain,5,19,7,2,48.0,0.7,0.05,0,83.66666667,2.401892766,58.64830921368019,64.41114616791235,64.43753940442554
3141,sub-25,pain,5,20,8,2,48.0,0.3,0.05,-1,60.33333333,2.168284506,57.70383292681664,50.25544632035849,50.228924136517506
3142,sub-25,pain,5,21,9,1,47.0,0.3,0.05,-1,29.0,1.801226597,42.719915263019296,35.20707869055353,35.18016016591632
3143,sub-25,pain,5,22,10,1,47.0,0.3,0.125,-1,50.0,2.334991292,41.77543897615574,34.606922517511606,34.63240418298164
3144,sub-25,pain,5,23,11,1,47.0,0.7,0.125,-1,61.66666667,1.918041923,40.83096268929218,45.89302705202605,45.8661423999444
3145,sub-25,pain,5,24,12,2,48.0,0.3,0.125,-1,74.33333333,1.85114387,53.92592777936241,46.74410581817372,46.76981252438634
3146,sub-25,pain,6,1,1,1,47.0,0.3,0.125,0,70.66666667,2.23505256,49.22031468784453,43.08777431845752,43.11391625650735
3147,sub-25,pain,6,2,2,2,48.0,0.3,0.125,0,67.33333333,2.535234185,62.31527977791475,56.19535239550059,56.221776474310886
3148,sub-25,pain,6,3,3,1,47.0,0.7,0.125,1,17.33333333,2.151588916,47.33136211411741,54.28298201614176,54.25683190408894
3149,sub-25,pain,6,4,4,2,48.0,0.3,0.05,1,69.33333333,1.401156621,60.42632720418764,54.76382217895042,54.737806135066734
3150,sub-25,pain,6,5,5,2,48.0,0.7,0.125,0,87.0,2.234917584,59.48185091732409,65.54066737725314,65.514610938476
3151,sub-25,pain,6,6,6,2,48.0,0.7,0.05,1,86.0,3.185581887,58.53737463046053,65.07953193708391,65.1060121838804
3152,sub-25,pain,6,7,7,1,47.0,0.3,0.05,1,43.0,2.418339553,43.553456966663184,37.774664996383564,37.748138411667895
3153,sub-25,pain,6,8,8,1,47.0,0.7,0.05,1,0.0,1.150853393,42.60898067979963,49.060769530898014,49.08679633688038
3154,sub-25,pain,6,9,9,1,47.0,0.7,0.125,0,41.33333333,2.134891149,41.664504392936074,47.58111541830535,47.554491338678325
3155,sub-25,pain,6,10,10,2,48.0,0.3,0.125,1,91.66666667,1.85136406,54.759469483006306,49.31169212400376,49.337790770137914
3156,sub-25,pain,6,11,11,1,47.0,0.3,0.125,1,10.0,0.917529079,39.77555181920896,34.263324494198805,34.28902679953673
3157,sub-25,pain,6,12,12,2,48.0,0.7,0.125,1,87.0,1.534415003,52.87051690927919,59.627401882137264,59.60107711070185
3158,sub-25,vision,6,13,1,1,0.5,0.3,0.125,1,55.33333333,2.652258817,53.222242912885505,49.42424529326867,49.794842967654624
3159,sub-25,vision,6,14,2,1,0.5,0.7,0.125,0,49.0,3.56929029,53.268678622649006,58.21564828010166,57.846589898699015
3160,sub-25,vision,6,15,3,2,0.6,0.3,0.125,1,67.33333333,2.001476955,65.33286716984881,61.614061271600534,61.984173046093794
3161,sub-25,vision,6,16,4,1,0.5,0.3,0.05,1,75.66666667,2.268340797,53.361550042176,48.243617528507336,47.875892512327894
3162,sub-25,vision,6,17,5,2,0.6,0.7,0.05,1,60.33333333,2.718648691,65.42573858937581,70.29504073635833,70.66300589990634
3163,sub-25,vision,6,18,6,2,0.6,0.7,0.125,0,57.0,2.151550351,65.47217429913931,70.49775435149604,70.12732797462479
3164,sub-25,vision,6,19,7,2,0.6,0.3,0.125,0,77.66666667,1.701360639,65.51861000890281,60.63614712197691,61.00221069362812
3165,sub-25,vision,6,20,8,1,0.5,0.3,0.125,0,58.33333333,1.384274429,53.54729288122999,48.58476628323881,48.949992611418864
3166,sub-25,vision,6,21,9,2,0.6,0.3,0.05,1,68.0,2.235129688,65.61148142842981,60.57186864643297,60.20233458699697
3167,sub-25,vision,6,22,10,2,0.6,0.7,0.125,1,60.66666667,1.584420601,65.6579171381933,71.84482887336972,71.47492231703689
3168,sub-25,vision,6,23,11,1,0.5,0.7,0.05,1,54.66666667,1.684480624,53.68660001052049,58.47438513027652,58.83930781141359
3169,sub-25,vision,6,24,12,1,0.5,0.7,0.125,1,59.0,2.001438079,53.733035720283986,59.839593081162874,59.46840823357092
3170,sub-26,vision,1,1,1,1,0.5,0.3,0.05,-1,44.33333333,2.801915073,47.512947120400206,41.79494579457905,41.46644203767688
3171,sub-26,vision,1,2,2,2,0.6,0.3,0.05,0,61.66666667,3.018803653,59.383022422159875,53.930345953670916,53.597424035862176
3172,sub-26,vision,1,3,3,1,0.5,0.7,0.05,-1,88.0,2.801867179,47.5820596773302,51.631485611856945,51.96927232098963
3173,sub-26,vision,1,4,4,1,0.5,0.7,0.125,-1,51.0,3.786078977,47.6166159557952,52.81544645993305,52.48754397876838
3174,sub-26,vision,1,5,5,2,0.6,0.7,0.05,-1,63.33333333,3.235670775,59.486691257554874,63.60189413541018,63.94004111788905
3175,sub-26,vision,1,6,6,2,0.6,0.7,0.05,0,75.0,3.85284591,59.52124753601987,63.83260958576193,64.16561904099088
3176,sub-26,vision,1,7,7,1,0.5,0.7,0.05,0,68.33333333,3.502597002,47.720284791190196,51.96078678442838,52.29289732681535
3177,sub-26,vision,1,8,8,1,0.5,0.3,0.05,0,50.0,2.751842283,47.75484106965519,42.222832689370165,41.8881141262265
3178,sub-26,vision,1,9,9,2,0.6,0.3,0.125,-1,78.33333333,4.43675778,59.62491637141487,55.1136247032412,55.450767591289505
3179,sub-26,vision,1,10,10,2,0.6,0.7,0.125,-1,76.33333333,2.868800186,59.659472649879866,64.91730261311253,64.58904221929967
3180,sub-26,vision,1,11,11,2,0.6,0.3,0.05,-1,75.66666667,3.786095149,59.69402892834486,54.02824957738477,53.69866972184004
3181,sub-26,vision,1,12,12,1,0.5,0.3,0.125,-1,44.66666667,3.269008991,47.89306618351519,43.30752571672076,43.643410598929925
3182,sub-26,pain,1,13,1,2,48.0,0.3,0.05,-1,86.33333333,2.034845009,68.59830271830536,61.68440230748313,61.648208485865965
3183,sub-26,pain,1,14,2,2,48.0,0.7,0.125,-1,80.33333333,3.852785887,67.65284101118587,73.54160227403621,73.5054357888613
3184,sub-26,pain,1,15,3,2,48.0,0.3,0.125,-1,67.0,3.385792111,66.7073793040664,60.40235289849228,60.44001027281299
3185,sub-26,pain,1,16,4,1,47.0,0.3,0.05,0,57.66666667,3.602741958,51.30805545265564,45.373946525044246,45.337262912657
3186,sub-26,pain,1,17,5,2,48.0,0.7,0.05,0,78.0,3.919719827,64.81645588982742,71.06844059825025,71.10640691727087
3187,sub-26,pain,1,18,6,1,47.0,0.3,0.125,-1,49.0,2.852090492,49.41713203841667,42.99165223897133,43.02852473597448
3188,sub-26,pain,1,19,7,1,47.0,0.7,0.125,-1,64.0,2.852029225,48.471670331297176,54.188719229771706,54.151611881678704
3189,sub-26,pain,1,20,8,1,47.0,0.7,0.05,-1,51.66666667,2.551836001,47.52620862417769,52.55749506164723,52.59438141680283
3191,sub-26,pain,1,22,10,2,48.0,0.7,0.05,-1,76.66666667,2.768726448,60.08914735422999,65.11273975930929,65.15002102778114
3192,sub-26,pain,1,23,11,1,47.0,0.3,0.05,-1,53.66666667,2.818638761,44.68982350281924,37.476063301359744,37.43853865282318
3193,sub-26,pain,1,24,12,2,48.0,0.3,0.05,0,58.66666667,3.735887386,58.19822393999102,52.102644068475655,52.065887412603075
3194,sub-26,pain,2,1,1,2,48.0,0.7,0.125,1,95.66666667,2.401939206,67.55790242514344,75.21328713874628,75.17751483881844
3195,sub-26,pain,2,2,2,1,47.0,0.3,0.05,1,49.33333333,3.35229995,52.15857857373268,46.91647770504403,46.87997118415664
3196,sub-26,pain,2,3,3,1,47.0,0.7,0.125,0,59.33333333,2.735209718,51.2131168666132,57.99685680343329,57.96023950852059
3197,sub-26,pain,2,4,4,1,47.0,0.3,0.125,0,56.0,2.685237692,50.267655159493714,44.857607427889356,44.89481399247229
3198,sub-26,pain,2,5,5,1,47.0,0.7,0.05,1,65.33333333,3.135446513,49.32219345237423,56.17136231110086,56.20879883710405
3199,sub-26,pain,2,6,6,2,48.0,0.7,0.125,0,85.33333333,3.936188807,62.83059388954601,69.58101030872358,69.54470993432686
3200,sub-26,pain,2,7,7,2,48.0,0.3,0.125,1,73.0,3.936385047,61.885132182426524,57.218581801343475,57.25624339690993
3201,sub-26,pain,2,8,8,1,47.0,0.7,0.125,1,77.33333333,2.084720935,46.48580833101577,53.918221709738226,53.88135256129177
3202,sub-26,pain,2,9,9,2,48.0,0.3,0.125,0,86.0,2.968849977,59.994208768187555,54.4995785484361,54.53694604793448
3203,sub-26,pain,2,10,10,2,48.0,0.3,0.05,1,65.0,3.285733612,59.04874706106807,53.64517524847545,53.60859568410272
3204,sub-26,pain,2,11,11,2,48.0,0.7,0.05,1,75.66666667,2.735382323,58.10328535394858,64.84224223927582,64.8797617073942
3205,sub-26,pain,2,12,12,1,47.0,0.3,0.125,1,61.0,2.685272524,42.70396150253782,37.865698757078974,37.90241948972735
3206,sub-26,vision,2,13,1,1,0.5,0.7,0.05,1,83.33333333,2.101703997,48.71504654113761,53.88158601404094,54.217119056626636
3207,sub-26,vision,2,14,2,2,0.6,0.3,0.05,1,73.66666667,3.519436071,60.58512184289728,56.04831662772285,55.717739931121265
3208,sub-26,vision,2,15,3,2,0.6,0.7,0.125,0,63.33333333,2.485117895,60.61967812136228,65.98644743848514,65.65411098639585
3209,sub-26,vision,2,16,4,2,0.6,0.3,0.125,0,57.66666667,3.202202561,60.65423439982728,56.24849334342694,56.58120108020163
3210,sub-26,vision,2,17,5,1,0.5,0.3,0.125,1,49.33333333,2.885517032,48.853271654997606,45.39331658187196,45.72784553002709
3211,sub-26,vision,2,18,6,1,0.5,0.7,0.125,1,73.33333333,3.869522948,48.8878279334626,55.19699449174329,54.866120158037255
3212,sub-26,vision,2,19,7,1,0.5,0.7,0.125,0,80.33333333,4.219708724,48.9223842119276,54.213210359371274,53.87943635494424
3214,sub-26,vision,2,21,9,1,0.5,0.3,0.05,1,70.0,2.21826382,48.9914967688576,44.37366527082866,44.04111238239356
3216,sub-26,vision,2,23,11,2,0.6,0.7,0.125,1,60.66666667,3.018795256,60.89612834908227,67.26598873751621,66.93493603766056
3217,sub-26,vision,2,24,12,2,0.6,0.3,0.125,1,61.66666667,2.75186001,60.93068462754727,57.528034642457996,57.862026131466344
3219,sub-26,pain,3,2,2,1,47.0,0.7,0.125,-1,58.0,3.786070891,51.11817828057077,56.69123104581543,56.65427965258727
3220,sub-26,pain,3,3,3,1,47.0,0.3,0.125,-1,59.33333333,2.968796174,50.17271657345128,43.5519816702715,43.58885413653897
3221,sub-26,pain,3,4,4,2,48.0,0.3,0.125,-1,83.0,3.686016435,63.68111701062307,57.078317560305344,57.115662932689325
3222,sub-26,pain,3,5,5,1,47.0,0.7,0.05,-1,69.66666667,3.435806122,48.28179315921231,53.1178244929474,53.154710817367324
3224,sub-26,pain,3,7,7,1,47.0,0.3,0.05,0,56.33333333,2.618620039,46.39086974497334,40.10772880211375,40.070577202189256
3225,sub-26,pain,3,8,8,2,48.0,0.7,0.05,0,80.0,2.818664574,59.89927018214512,65.80222287531974,65.83972120680313
3226,sub-26,pain,3,9,9,2,48.0,0.3,0.05,-1,78.33333333,2.635045168,58.95380847502564,51.56272862269376,51.52567684953802
3227,sub-26,pain,3,10,10,1,47.0,0.3,0.05,-1,51.66666667,2.601985297,43.55448462361488,36.094210347916366,36.05652968304359
3228,sub-26,pain,3,11,11,2,48.0,0.7,0.05,-1,74.33333333,3.219245024,57.06288506078667,61.78870442112236,61.82567368765748
3229,sub-26,pain,3,12,12,1,47.0,0.7,0.05,0,58.0,2.885469449,41.663561209375914,47.42043102342702,47.45706648479259
3230,sub-26,vision,3,13,1,2,0.6,0.3,0.125,-1,85.33333333,3.185618511,61.752664985169694,57.05337871253543,57.391208166541986
3231,sub-26,vision,3,14,2,1,0.5,0.3,0.05,0,58.66666667,2.001496841,49.95170224034002,44.22831051347751,43.8939194232949
3233,sub-26,vision,3,16,4,1,0.5,0.3,0.125,-1,51.0,2.485159569,50.02081479727001,45.247279726014995,45.583851174182406
3234,sub-26,vision,3,17,5,1,0.5,0.7,0.05,-1,60.0,3.435822294,50.05537107573502,53.89985869521678,54.236536505321794
3235,sub-26,vision,3,18,6,2,0.6,0.7,0.05,0,84.33333333,1.8180659,61.92544637749469,66.03525885430864,66.36751850350709
3236,sub-26,vision,3,19,7,1,0.5,0.7,0.125,-1,64.0,2.251455867,50.12448363266501,55.116681450699446,54.787490524008504
3237,sub-26,vision,3,20,8,2,0.6,0.7,0.125,-1,94.66666667,2.168211246,61.99455893442469,67.05422806684612,66.72557695999996
3238,sub-26,vision,3,21,9,2,0.6,0.3,0.05,-1,76.0,2.985476633,62.029115212889685,56.165175031118366,55.835204462540325
3239,sub-26,vision,3,22,10,1,0.5,0.3,0.05,-1,50.0,2.385215518,50.22815246806001,44.293352229784816,43.96248274836481
3240,sub-26,vision,3,23,11,2,0.6,0.7,0.05,-1,77.66666667,1.817838871,62.09822776981968,66.00171484839626,66.3380347458531
3241,sub-26,vision,3,24,12,2,0.6,0.3,0.05,0,51.66666667,1.951445199,62.132784048284684,56.46161429628323,56.126147107458074
3242,sub-26,vision,4,1,1,1,0.5,0.7,0.05,1,40.66666667,1.968072789,51.119245382612434,56.084235282587656,56.419018519142845
3243,sub-26,vision,4,2,2,2,0.6,0.3,0.125,0,58.0,2.151596718,62.9893206843721,58.38541879716053,58.71773582090191
3244,sub-26,vision,4,3,3,2,0.6,0.7,0.125,0,82.33333333,2.151539494,63.0238769628371,68.18909670703187,67.85601044891206
3245,sub-26,vision,4,4,4,1,0.5,0.3,0.125,0,48.66666667,3.018699779,51.222914218007425,46.54645790323354,46.87769646763436
3246,sub-26,vision,4,5,5,2,0.6,0.3,0.125,1,76.66666667,4.353209935,63.0929895197671,59.500650559158785,59.83514906762679
3247,sub-26,vision,4,6,6,1,0.5,0.7,0.125,1,56.66666667,2.518403241,51.292026774937426,57.399643760290004,57.068019620553464
3249,sub-26,vision,4,8,8,1,0.5,0.3,0.125,1,76.33333333,2.218322288,51.36113933186742,47.69455157263835,48.02779207526721
3250,sub-26,vision,4,9,9,2,0.6,0.3,0.05,1,82.0,4.386585782,63.2312146336271,58.48099924811549,58.148415919993255
3251,sub-26,vision,4,10,10,2,0.6,0.7,0.125,1,89.0,1.551102664,63.265770912092094,69.43577609865636,69.10415313926882
3252,sub-26,vision,4,11,11,2,0.6,0.7,0.05,1,90.0,2.93546169,63.30032719055709,68.31753906539338,68.65124620330602
3253,sub-26,vision,4,12,12,1,0.5,0.3,0.05,1,45.66666667,3.702600485,51.499364445727416,46.674900261595056,46.341058927633675
3254,sub-26,pain,4,13,1,1,47.0,0.7,0.125,0,64.0,4.303318458,51.023239694528336,57.58609504236168,57.54939972391304
3255,sub-26,pain,4,14,2,1,47.0,0.3,0.125,1,52.66666667,4.153031048,50.07777798740885,45.22366653498157,45.26093318649611
3256,sub-26,pain,4,15,3,2,48.0,0.3,0.05,1,49.33333333,2.53518291,63.58617842458064,58.089869449262714,58.053601825355365
3257,sub-26,pain,4,16,4,1,47.0,0.3,0.125,0,24.0,3.419194393,48.18685457316988,42.50466328207419,42.54163583752066
3258,sub-26,pain,4,17,5,1,47.0,0.7,0.05,1,51.33333333,2.785191384,47.2413928660504,53.81841816528569,53.85562068215242
3259,sub-26,pain,4,18,6,2,48.0,0.7,0.05,1,55.66666667,3.219017683,60.74979330322218,67.34475405531954,67.38242947830277
3260,sub-26,pain,4,19,7,1,47.0,0.3,0.05,1,44.33333333,3.636050007,45.35046945181142,39.708077597369986,39.670947103344815
3261,sub-26,pain,4,20,8,1,47.0,0.7,0.125,1,50.66666667,2.268236779,44.405007744691936,51.56527756392306,51.52817440634014
3262,sub-26,pain,4,21,9,2,48.0,0.3,0.125,0,61.0,2.36830212,57.91340818186372,52.14663440262093,52.18376789298285
3263,sub-26,pain,4,22,10,2,48.0,0.7,0.125,0,48.0,2.385139012,56.96794647474424,63.34370139342131,63.306855038687075
3264,sub-26,pain,4,23,11,2,48.0,0.3,0.125,1,44.33333333,1.918083969,56.022484767624746,50.981272886041204,51.018388501270145
3265,sub-26,pain,4,24,12,2,48.0,0.7,0.125,1,62.66666667,2.918777498,55.07702306050526,62.17833987684158,62.14147564697437
3266,sub-26,vision,5,1,1,1,0.5,0.3,0.05,0,36.66666667,2.26865103,52.321344803349845,46.39809787461766,46.063136524903165
3267,sub-26,vision,5,2,2,2,0.6,0.7,0.05,-1,53.66666667,4.203059054,64.19142010510951,67.90860695028393,68.2457929601976
3268,sub-26,vision,5,3,3,2,0.6,0.3,0.125,-1,44.33333333,3.869334172,64.22597638357452,59.32175179589525,59.65847235087415
3269,sub-26,vision,5,4,4,1,0.5,0.7,0.05,-1,54.66666667,3.919500572,52.425013638744836,56.06964605635692,56.40575360693005
3270,sub-26,vision,5,5,5,2,0.6,0.3,0.05,-1,46.66666667,3.285933896,64.29508894050451,58.23637667003883,57.90637448142468
3271,sub-26,vision,5,6,6,2,0.6,0.7,0.125,-1,95.66666667,2.268306443,64.32964521896952,69.1911535205797,68.86211170070024
3272,sub-26,vision,5,7,7,1,0.5,0.3,0.05,-1,49.33333333,3.252356521,52.528682474139835,46.39741577611184,46.06633512815713
3273,sub-26,vision,5,8,8,1,0.5,0.7,0.125,-1,51.0,2.968869259,52.56323875260483,57.352192626652716,57.0220723474327
3274,sub-26,vision,5,9,9,1,0.5,0.7,0.05,0,66.33333333,3.285737344,52.597795031069836,56.43180913633492,56.76206097366373
3275,sub-26,vision,5,10,10,2,0.6,0.7,0.05,0,79.66666667,2.13488236,64.4678703328295,68.3693557524816,68.70014740965519
3276,sub-26,vision,5,11,11,2,0.6,0.3,0.05,0,50.66666667,3.435883561,64.50242661129451,58.63140165742338,58.29536420906633
3278,sub-26,pain,5,13,1,1,47.0,0.7,0.05,-1,84.66666667,2.785463509,49.98283940136642,54.64924511661934,54.68620940310385
3280,sub-26,pain,5,15,3,1,47.0,0.7,0.125,-1,74.33333333,2.935350974,48.09191598712745,53.36719570762849,53.329932312463605
3281,sub-26,pain,5,16,4,1,47.0,0.3,0.05,-1,58.33333333,2.368481567,47.146454280007966,39.567813356331854,39.5303666391242
3282,sub-26,pain,5,17,5,2,48.0,0.3,0.125,-1,83.0,2.752168833,60.654854717179745,53.754282222118405,53.79131559256565
3283,sub-26,pain,5,18,6,2,48.0,0.7,0.125,-1,71.66666667,2.368358722,59.70939301006026,64.95134921291879,64.91440273826989
3284,sub-26,pain,5,19,7,2,48.0,0.7,0.05,-1,58.0,2.201553816,58.763931302940776,63.3201250447943,63.357172273394006
3285,sub-26,pain,5,20,8,1,47.0,0.3,0.125,-1,51.0,2.518360012,43.36460745153002,36.34358156259745,36.37983005572715
3286,sub-26,pain,5,21,9,2,48.0,0.7,0.05,0,59.0,2.36822437,56.87300788870181,62.478187537132804,62.51537386667947
3287,sub-26,pain,5,22,10,2,48.0,0.3,0.05,0,50.0,3.118904448,55.92754618158232,49.33893816158888,49.3018694730439
3288,sub-26,pain,5,23,11,1,47.0,0.7,0.05,0,52.33333333,2.568392683,40.528222330171566,46.03857806998363,46.075057515013
3290,sub-26,pain,6,1,1,1,47.0,0.7,0.125,0,79.33333333,1.884790848,48.9424391082045,55.23315089654652,55.19622156896142
3291,sub-26,pain,6,2,2,2,48.0,0.7,0.125,0,82.0,3.48572932,62.45083954537629,68.75948678658037,68.72303036511177
3292,sub-26,pain,6,3,3,1,47.0,0.3,0.125,1,31.33333333,2.001454545,47.051515693965534,41.89963119679464,41.93658584637245
3293,sub-26,pain,6,4,4,2,48.0,0.7,0.125,1,56.0,2.001322992,60.559916131137314,67.59412527000063,67.55765097339908
3294,sub-26,pain,6,5,5,2,48.0,0.7,0.05,1,70.0,3.385764432,59.614454424017836,65.96290110187616,66.00042050852318
3295,sub-26,pain,6,6,6,1,47.0,0.7,0.125,1,74.33333333,1.801072264,44.21513057260708,51.154515802851456,51.117334621732596
3296,sub-26,pain,6,7,7,1,47.0,0.3,0.125,0,32.66666667,2.101397041,43.26966886548759,37.238445559143706,37.27495012705292
3297,sub-26,pain,6,8,8,2,48.0,0.3,0.125,1,60.66666667,2.935427169,56.778069302659375,51.54160231734137,51.578717901834644
3298,sub-26,pain,6,9,9,1,47.0,0.3,0.05,1,48.0,3.16901829,41.37874545124862,35.412951066811274,35.37543057804911
3299,sub-26,pain,6,10,10,2,48.0,0.3,0.125,0,80.33333333,2.201596112,54.887145888420406,48.822599064433994,48.85942055285919
3300,sub-26,pain,6,11,11,1,47.0,0.7,0.05,1,58.66666667,3.619326941,39.48782203700965,45.638926865239874,45.67542741616857
3301,sub-26,pain,6,12,12,2,48.0,0.3,0.05,1,69.0,1.601123828,52.99622247418143,46.99710457210157,46.959901003855386
3302,sub-26,vision,6,13,1,1,0.5,0.7,0.125,0,35.66666667,2.234966361,53.52344422408726,58.421337452025334,58.087141114528876
3303,sub-26,vision,6,14,2,1,0.5,0.7,0.125,1,42.0,3.752610452,53.558000502552254,59.47084539921047,59.139189639437824
3304,sub-26,vision,6,15,3,1,0.5,0.3,0.05,1,58.33333333,3.81948779,53.59255678101725,48.58179236348271,48.248817141978186
3305,sub-26,vision,6,16,4,2,0.6,0.3,0.125,0,82.33333333,2.635252294,65.46263208277692,60.65379188052036,60.98500000523407
3306,sub-26,vision,6,17,5,1,0.5,0.7,0.05,1,78.33333333,2.718611362,53.66166933794725,58.41833218076061,58.75164742529095
3307,sub-26,vision,6,18,6,2,0.6,0.7,0.125,0,76.33333333,4.20292408,65.53174463970693,70.49033169779825,70.15595699415219
3308,sub-26,vision,6,19,7,1,0.5,0.3,0.125,1,42.0,2.485026461,53.730781894877246,49.864338933778505,50.19700917687546
3309,sub-26,vision,6,20,8,2,0.6,0.3,0.125,1,53.66666667,4.269776227,65.60085719663692,61.80188554992518,62.13509561286691
3310,sub-26,vision,6,21,9,2,0.6,0.7,0.05,1,92.0,2.735332563,65.63541347510191,70.45446451912696,70.7877809440063
3313,sub-26,vision,6,24,12,1,0.5,0.3,0.125,0,56.66666667,4.236618079,53.90356328720224,49.01200243103273,49.341054817414324
3314,sub-27,pain,1,1,1,2,48.0,0.3,0.05,0,67.66666667,2.56860426,68.87906686598032,62.89945250051801,62.876016722558624
3315,sub-27,pain,1,2,2,1,47.0,0.7,0.125,-1,45.0,1.834665703,53.43602212353633,59.417589756062796,59.39369164211131
3316,sub-27,pain,1,3,3,1,47.0,0.3,0.05,0,36.33333333,1.868153406,52.497390646515285,46.47777418689427,46.453911660587416
3317,sub-27,pain,1,4,4,2,48.0,0.3,0.05,-1,66.33333333,1.651377459,66.06317243491718,59.043335087589696,59.0195024339569
3318,sub-27,pain,1,5,5,1,47.0,0.7,0.05,-1,48.0,1.90127724,50.62012769247319,55.831711749745,55.8559684405437
3319,sub-27,pain,1,6,6,2,48.0,0.3,0.125,-1,75.33333333,2.034707128,64.18590948087508,57.85103716395777,57.875409533720514
3320,sub-27,pain,1,7,7,2,48.0,0.7,0.125,-1,68.33333333,2.017999974,63.247278003854035,69.14982176775692,69.12595187309836
3321,sub-27,pain,1,8,8,1,47.0,0.7,0.05,0,53.66666667,1.717930529,47.80423326141005,53.954018046733644,53.9783300168733
3322,sub-27,pain,1,9,9,2,48.0,0.7,0.05,-1,73.33333333,1.801156541,61.37001504981195,66.51957894742907,66.5439207902428
3323,sub-27,pain,1,10,10,1,47.0,0.3,0.05,-1,47.66666667,2.001467913,45.92697030736796,38.799116030006175,38.7746288971376
3324,sub-27,pain,1,11,11,2,48.0,0.7,0.05,0,58.66666667,1.884571019,59.49275209576985,65.59752043040766,65.62197448528441
3325,sub-27,pain,1,12,12,1,47.0,0.3,0.125,-1,38.0,1.951406475,44.049707353325864,37.60681810637425,37.630535996901216
3326,sub-27,vision,1,13,1,1,0.5,0.7,0.05,-1,40.66666667,2.718912662,47.93586673754037,52.06588985844898,52.39197968153706
3327,sub-27,vision,1,14,2,2,0.6,0.3,0.05,-1,45.66666667,2.602077657,59.85337342724029,54.176219324169516,53.86418769771491
3328,sub-27,vision,1,15,3,2,0.6,0.7,0.125,-1,53.33333333,2.168116179,59.91789608484644,65.16582137572364,64.85410725733996
3329,sub-27,vision,1,16,4,1,0.5,0.3,0.125,-1,28.0,2.434944855,48.12943471035881,43.442849025985346,43.76747806640097
3330,sub-27,vision,1,17,5,1,0.5,0.7,0.125,-1,33.33333333,1.93449624,48.193957367964956,53.3745603739104,53.061937750252106
3331,sub-27,vision,1,18,6,2,0.6,0.7,0.05,-1,59.66666667,2.285030489,60.111464057664875,64.29601553096883,64.61999588434064
3332,sub-27,vision,1,19,7,2,0.6,0.7,0.05,0,56.0,2.134767804,60.17598671527102,64.53368386600052,64.85264229146604
3333,sub-27,vision,1,20,8,1,0.5,0.3,0.05,-1,31.0,1.534432672,48.38752534078339,42.635738134188635,42.321073445321744
3334,sub-27,vision,1,21,9,1,0.5,0.3,0.05,0,29.66666667,2.184899838,48.45204799838954,42.87340646922032,42.553719852447145
3335,sub-27,vision,1,22,10,2,0.6,0.3,0.125,-1,49.33333333,1.951403676,60.369554688089465,55.73566965146329,56.05775808287822
3336,sub-27,vision,1,23,11,1,0.5,0.7,0.05,0,22.66666667,2.585105533,48.581093313601826,52.867812770103455,53.18500041172553
3337,sub-27,vision,1,24,12,2,0.6,0.3,0.05,0,39.0,2.268310584,60.49860000330175,54.978142235823995,54.65720842790338
3338,sub-27,vision,2,1,1,1,0.5,0.3,0.05,1,32.33333333,2.201479171,49.06049376876904,44.56396901152097,44.24913929925422
3339,sub-27,vision,2,2,2,1,0.5,0.7,0.05,1,43.0,2.501817631,49.12501642637518,54.49568035944602,54.818156044858924
3340,sub-27,vision,2,3,3,1,0.5,0.7,0.125,1,33.0,2.318230207,49.18953908398133,55.61626601603317,55.30132267255294
3341,sub-27,vision,2,4,4,2,0.6,0.7,0.05,1,54.66666667,1.817913144,61.10704577368126,66.53772117309161,66.85938080664148
3342,sub-27,vision,2,5,5,1,0.5,0.3,0.125,0,34.0,1.834633359,49.318584399193625,44.69886491042681,45.01786889643391
3343,sub-27,vision,2,6,6,1,0.5,0.3,0.125,1,34.0,2.11821926,49.38310705679977,45.93533447994047,46.25591824339651
3344,sub-27,vision,2,7,7,2,0.6,0.3,0.125,0,56.0,2.501679237,61.30061374649969,56.740905724072405,57.05909365821647
3345,sub-27,vision,2,8,8,2,0.6,0.3,0.05,1,32.0,1.801147522,61.36513640410584,56.919484589956994,56.601683129405146
3346,sub-27,vision,2,9,9,2,0.6,0.3,0.125,1,42.0,1.801180488,61.42965906171199,58.04007024654415,58.35940681885273
3347,sub-27,vision,2,10,10,2,0.6,0.7,0.125,0,55.33333333,2.585460693,61.494181719318135,66.79800697791363,66.47808096941495
3348,sub-27,vision,2,11,11,1,0.5,0.7,0.125,0,23.33333333,2.068183635,49.705720344830496,54.94405102314231,54.62364764865342
3349,sub-27,vision,2,12,12,2,0.6,0.7,0.125,1,58.66666667,1.634489305,61.62322703453042,68.09717150038537,67.77839413005121
3350,sub-27,pain,2,13,1,2,48.0,0.3,0.125,0,89.33333333,1.117504896,67.76651483181324,62.374011089729485,62.3988007657257
3351,sub-27,pain,2,14,2,1,47.0,0.7,0.05,1,67.0,1.267582226,52.32347008936926,59.1539655347901,59.17865055389858
3352,sub-27,pain,2,15,3,2,48.0,0.7,0.125,0,72.0,1.300860315,65.88925187777116,72.7171605075387,72.69365098639153
3353,sub-27,pain,2,16,4,2,48.0,0.3,0.05,1,54.66666667,2.134836845,64.9506204007501,59.49868331466496,59.475108191175714
3354,sub-27,pain,2,17,5,1,47.0,0.3,0.125,1,36.33333333,2.101441509,49.507575658306116,44.75161263537913,44.77598658510418
3355,sub-27,pain,2,18,6,1,47.0,0.7,0.125,0,45.33333333,1.584470785,48.56894418128507,55.33984700792501,55.31585380570831
3356,sub-27,pain,2,19,7,2,48.0,0.7,0.05,1,56.0,1.951272124,62.13472596968697,68.88619754648423,68.91091078488564
3357,sub-27,pain,2,20,8,1,47.0,0.7,0.125,1,33.33333333,1.717869573,46.69168122724298,54.13912686719839,54.115144687058
3358,sub-27,pain,2,21,9,1,47.0,0.3,0.05,1,47.33333333,1.734671581,45.75304975022193,40.210099443071385,40.18592677306844
3359,sub-27,pain,2,22,10,2,48.0,0.7,0.125,1,65.0,1.651045935,59.318831538623826,66.73826443686235,66.71448127418111
3360,sub-27,pain,2,23,11,1,47.0,0.3,0.125,0,32.66666667,1.734452949,43.87578679617984,38.30725128818618,38.33115875405832
3361,sub-27,pain,2,24,12,2,48.0,0.3,0.125,1,63.66666667,1.751278282,57.44156858458173,52.572574275093366,52.5968625786672
3362,sub-27,vision,3,1,1,2,0.6,0.7,0.05,-1,54.0,1.884534322,62.0381048320915,66.01923586499795,66.34416566178736
3363,sub-27,vision,3,2,2,1,0.5,0.3,0.125,-1,46.66666667,1.817931182,50.24964345760386,45.35415421888874,45.67843928486871
3364,sub-27,vision,3,3,3,1,0.5,0.7,0.05,0,60.66666667,1.83475185,50.31416611521001,54.402948245258315,54.72237874815122
3365,sub-27,vision,3,4,4,1,0.5,0.7,0.05,-1,56.33333333,2.151562037,50.378688772816155,54.29066981614281,54.61425996837317
3366,sub-27,vision,3,5,5,2,0.6,0.3,0.05,-1,53.0,2.318299559,62.29619546251608,56.40099928186335,56.08646798455102
3367,sub-27,vision,3,6,6,2,0.6,0.3,0.05,0,50.33333333,1.701263494,62.36071812012223,56.638667616895034,56.31911439167642
3368,sub-27,vision,3,7,7,2,0.6,0.7,0.125,-1,68.0,1.6512344,62.42524077772837,67.45329628637555,67.13865135784975
3369,sub-27,vision,3,8,8,1,0.5,0.7,0.125,-1,27.66666667,1.784590581,50.63677940324074,55.599340331604225,55.284218037088216
3370,sub-27,vision,3,9,9,1,0.5,0.3,0.05,0,20.33333333,1.784579385,50.701302060846885,44.910101568039885,44.58920869826224
3371,sub-27,vision,3,10,10,2,0.6,0.3,0.125,-1,56.0,1.701291795,62.61880875054681,57.772364750282854,58.09324692869331
3372,sub-27,vision,3,11,11,2,0.6,0.7,0.05,0,50.0,1.734471609,62.68333140815295,66.82115877665244,67.13718639197583
3373,sub-27,vision,3,12,12,1,0.5,0.3,0.05,-1,24.33333333,1.451011663,50.89487003366532,44.92321304484055,44.605617545831535
3374,sub-27,pain,3,13,1,1,47.0,0.7,0.05,-1,89.0,1.267418951,52.14954953222323,57.165424775431795,57.189722327350616
3375,sub-27,pain,3,14,2,2,48.0,0.3,0.05,-1,82.66666667,1.200725622,65.71533132062513,58.4657777412966,58.44187208333978
3376,sub-27,pain,3,15,3,1,47.0,0.3,0.05,0,59.0,2.051325647,50.27228657818114,43.988946468621286,43.96489707254626
3377,sub-27,pain,3,16,4,1,47.0,0.7,0.05,0,58.66666667,1.767936298,49.33365510116009,55.28773107242044,55.312083903680225
3378,sub-27,pain,3,17,5,2,48.0,0.7,0.05,-1,47.0,1.751262732,62.89943688956198,67.85329197311586,67.87767467704971
3379,sub-27,pain,3,18,6,1,47.0,0.3,0.05,-1,43.66666667,1.901285326,47.456392147117995,40.132829055692966,40.10838278394453
3380,sub-27,pain,3,19,7,2,48.0,0.7,0.125,-1,57.33333333,1.651529538,61.02217393551989,66.66099404948393,66.6369372850572
3381,sub-27,pain,3,20,8,2,48.0,0.3,0.05,0,59.0,1.601206861,60.08354245849884,53.72117848031541,53.697157303533324
3382,sub-27,pain,3,21,9,2,48.0,0.3,0.125,-1,43.66666667,1.901329799,59.1449109814778,52.49530388771495,52.51931858954328
3383,sub-27,pain,3,22,10,1,47.0,0.3,0.125,-1,42.0,2.101352875,43.70186623903381,37.02926076008115,37.052905646284096
3384,sub-27,pain,3,23,11,1,47.0,0.7,0.125,-1,48.0,2.001350356,42.763234762012765,48.32804536388031,48.303447985661954
3385,sub-27,pain,3,24,12,2,48.0,0.7,0.05,0,59.33333333,1.767932566,56.32901655041466,62.15305752614472,62.177267778531224
3386,sub-27,vision,4,1,1,1,0.5,0.3,0.125,1,42.0,1.918245632,51.30974783122639,47.6585548139696,47.980088020843226
3387,sub-27,vision,4,2,2,2,0.6,0.3,0.05,1,43.66666667,1.784635987,63.22725452092631,58.58000997102804,58.26358909317819
3388,sub-27,vision,4,3,3,2,0.6,0.7,0.05,1,47.66666667,2.084852846,63.291777178532456,68.5117213189531,68.8326058387829
3389,sub-27,vision,4,4,4,2,0.6,0.3,0.125,0,53.0,2.03467665,63.356299836138604,58.58951596401771,58.907791063010535
3390,sub-27,vision,4,5,5,2,0.6,0.7,0.125,0,67.66666667,2.084749595,63.42082249374475,68.52122731194277,68.20225074686168
3391,sub-27,vision,4,6,6,1,0.5,0.7,0.125,1,50.0,2.034672296,51.63236111925711,57.841045973727006,57.523602959389066
3392,sub-27,vision,4,7,7,1,0.5,0.7,0.125,0,48.66666667,1.967983632,51.69688377686326,56.72996631012953,56.41008123977382
3393,sub-27,vision,4,8,8,1,0.5,0.3,0.125,0,32.0,1.884651257,51.76140643446941,46.92364486812065,47.24014918327003
3394,sub-27,vision,4,9,9,2,0.6,0.3,0.125,1,44.33333333,1.817868049,63.678913124169334,60.07676534536372,60.39489566466783
3395,sub-27,vision,4,10,10,1,0.5,0.7,0.05,1,52.0,1.91805499,51.8904517496817,57.033935081930295,57.35175540006341
3396,sub-27,vision,4,11,11,2,0.6,0.7,0.125,1,57.0,2.084863731,63.80795843938162,70.07117164624685,69.75161916219264
3397,sub-27,vision,4,12,12,1,0.5,0.3,0.05,1,54.0,2.168139815,52.01949706489399,47.29030859287951,46.969530095479726
3398,sub-27,pain,4,13,1,1,47.0,0.3,0.05,1,66.66666667,1.968305515,51.03699749805616,45.36635321271797,45.342449134723445
3399,sub-27,pain,4,14,2,2,48.0,0.7,0.125,1,66.0,2.001445521,64.60277928645806,71.89451820650893,71.87100363583612
3400,sub-27,pain,4,15,3,1,47.0,0.7,0.125,0,50.33333333,1.834653885,49.159734544014064,55.71792484762186,55.6939155738032
3401,sub-27,pain,4,16,4,2,48.0,0.7,0.05,1,68.66666667,1.501199055,62.72551633241596,69.26427538618107,69.28897255298054
3402,sub-27,pain,4,17,5,2,48.0,0.3,0.125,1,53.0,1.968344079,61.78688485539491,56.773192858749994,56.797692821610184
3403,sub-27,pain,4,18,6,1,47.0,0.3,0.125,0,42.0,1.96809528,46.34384011295092,40.596599499862926,40.62060475957726
3404,sub-27,pain,4,19,7,2,48.0,0.3,0.125,0,53.66666667,1.634449808,59.90962190135282,54.151372255516826,54.17563346541241
3405,sub-27,pain,4,20,8,2,48.0,0.3,0.05,1,47.33333333,2.151472469,58.970990424331774,53.187314852432195,53.163325128286466
3406,sub-27,pain,4,21,9,1,47.0,0.3,0.125,1,45.33333333,1.434400297,43.527945681887786,38.44024417314637,38.46420352221493
3407,sub-27,pain,4,22,10,1,47.0,0.7,0.125,1,54.66666667,1.5176826,42.58931420486674,49.73902877694552,49.71474586159279
3408,sub-27,pain,4,23,11,1,47.0,0.7,0.05,1,55.0,1.867930109,41.65068272784569,48.06442114260761,48.088406897449225
3409,sub-27,pain,4,24,12,2,48.0,0.7,0.125,0,71.33333333,1.701077206,55.216464516247584,61.6276161153562,61.603407329942186
3410,sub-27,pain,5,1,1,1,47.0,0.3,0.05,-1,62.66666667,1.384424695,49.92444546388908,42.42217726736972,42.39782878946347
3411,sub-27,pain,5,2,2,2,48.0,0.3,0.125,-1,62.0,1.684441582,63.49022725229097,56.69592247137159,56.720148832486274
3412,sub-27,pain,5,3,3,2,48.0,0.3,0.05,-1,51.33333333,1.600964904,62.551595775269924,55.02131483703367,54.9971653765866
3413,sub-27,pain,5,4,4,1,47.0,0.3,0.05,0,42.33333333,1.667822441,47.108551032825936,40.544483564358366,40.52019036579307
3414,sub-27,pain,5,5,5,2,48.0,0.7,0.05,-1,52.33333333,2.001505544,60.67433282122783,65.36446425484289,65.38866008900855
3415,sub-27,pain,5,6,6,1,47.0,0.7,0.05,0,50.0,1.300900434,45.23128807878384,50.88763298216757,50.91168507821502
3416,sub-27,pain,5,7,7,1,47.0,0.7,0.05,-1,54.66666667,2.001567433,44.2926566017628,48.94278594121914,48.96655502703734
3417,sub-27,pain,5,8,8,2,48.0,0.7,0.05,0,67.33333333,2.034855474,57.85843839016469,63.486770551831526,63.51102166533815
3418,sub-27,pain,5,9,9,2,48.0,0.7,0.125,-1,56.0,1.651064284,56.919806913143645,62.260895959231064,62.236538459592005
3419,sub-27,pain,5,10,10,2,48.0,0.3,0.05,0,49.66666667,1.767934743,55.9811754361226,49.32108039006254,49.296758478068114
3420,sub-27,pain,5,11,11,1,47.0,0.3,0.125,-1,45.0,1.467802164,40.53813069367861,33.58479785581822,33.608198939530915
3421,sub-27,pain,5,12,12,1,47.0,0.7,0.125,-1,51.33333333,1.550932389,39.59949921665756,44.88358245961738,44.858741278908774
3422,sub-27,vision,5,13,1,2,0.6,0.7,0.05,0,74.0,1.801354026,64.28735889454883,68.23090434589112,68.55003710105417
3423,sub-27,vision,5,14,2,1,0.5,0.3,0.125,-1,47.66666667,2.017999353,52.4988975200612,47.39084931770831,47.7139281306838
3424,sub-27,vision,5,15,3,2,0.6,0.7,0.125,-1,68.33333333,1.534401572,64.41640420976113,69.23921157336277,68.92508494897014
3425,sub-27,vision,5,16,4,1,0.5,0.7,0.125,-1,42.66666667,1.550869257,52.627942835273494,57.385255618591444,57.07065162820861
3426,sub-27,vision,5,17,5,1,0.5,0.3,0.05,-1,41.66666667,2.185064045,52.69246549287964,46.52104347295351,46.205259695930906
3427,sub-27,vision,5,18,6,2,0.6,0.3,0.125,-1,55.33333333,1.91800212,64.60997218257957,59.55828003727007,59.879680519813704
3428,sub-27,vision,5,19,7,1,0.5,0.7,0.05,-1,33.33333333,1.968159968,52.82151080809193,56.51544977383664,56.836540255209286
3429,sub-27,vision,5,20,8,2,0.6,0.3,0.05,0,50.66666667,2.268424721,64.73901749779186,58.80075262163078,58.47913086483886
3430,sub-27,vision,5,21,9,1,0.5,0.3,0.05,0,35.0,2.08467651,52.950556123304224,46.946796666859456,46.62469754407732
3431,sub-27,vision,5,22,10,2,0.6,0.7,0.05,-1,56.66666667,1.984755784,64.86806281300414,68.62018554044032,68.94002883066551
3432,sub-27,vision,5,23,11,1,0.5,0.7,0.05,0,39.0,1.784494483,53.07960143851652,56.94120296774259,57.25597810335571
3433,sub-27,vision,5,24,12,2,0.6,0.3,0.05,-1,48.33333333,1.884516595,64.99710812821644,58.876559051389535,58.55780352608183
3434,sub-27,vision,6,1,1,1,0.5,0.3,0.125,0,64.66666667,2.16820979,53.559001893683735,48.521475296233604,48.8397913333694
3435,sub-27,vision,6,2,2,2,0.6,0.7,0.05,1,58.33333333,3.469091875,65.47650858338366,70.48572146481457,70.80583087092431
3436,sub-27,vision,6,3,3,1,0.5,0.7,0.125,0,44.33333333,3.118883863,53.68804720889602,58.51588159711674,58.1965148308942
3437,sub-27,vision,6,4,4,2,0.6,0.3,0.05,1,52.66666667,1.584485091,65.60555389859596,60.742094975763784,60.423605566340626
3438,sub-27,vision,6,5,5,1,0.5,0.7,0.125,0,44.33333333,2.535039119,53.81709252410832,58.64127150303292,58.32104245824155
3439,sub-27,vision,6,6,6,2,0.6,0.7,0.125,1,62.66666667,2.318347142,65.73459921380824,71.79439198027599,71.47578893963934
3440,sub-27,vision,6,7,7,2,0.6,0.3,0.125,1,58.33333333,2.585090294,65.79912187141439,61.98807053826712,62.30585688313557
3441,sub-27,vision,6,8,8,2,0.6,0.3,0.125,1,58.66666667,1.901350014,65.86364452902053,62.05076549122521,62.36812069680924
3442,sub-27,vision,6,9,9,1,0.5,0.7,0.05,1,40.33333333,2.084856267,54.0751831545329,59.007935227791776,59.32498043220482
3443,sub-27,vision,6,10,10,2,0.6,0.3,0.05,1,40.66666667,3.068944959,65.99268984423283,61.118264693512316,60.79718844838267
3444,sub-27,vision,6,11,11,1,0.5,0.3,0.125,0,46.33333333,3.385733377,54.20422846974519,49.14842482581449,49.46242947010614
3445,sub-27,vision,6,12,12,1,0.5,0.7,0.125,1,55.33333333,1.400984435,54.26875112735134,60.25391079029511,59.93267468724619
3446,sub-27,pain,6,13,1,2,48.0,0.3,0.125,1,86.33333333,2.034809136,63.316306695144945,58.1069058844368,58.13144670841711
3447,sub-27,pain,6,14,2,2,48.0,0.3,0.05,1,77.0,2.60186369,62.3776752181239,56.43229825009889,56.408463252517436
3448,sub-27,pain,6,15,3,1,47.0,0.7,0.125,1,74.66666667,1.667740026,46.93463047567991,53.93964736060216,53.91557610453578
3449,sub-27,pain,6,16,4,2,48.0,0.3,0.125,0,74.33333333,2.301468939,60.5004122640818,54.52945009521368,54.55369523350732
3450,sub-27,pain,6,17,5,1,47.0,0.7,0.05,1,76.66666667,2.768644752,45.057367521637815,51.3094045402743,51.33354502168019
3451,sub-27,pain,6,18,6,2,48.0,0.3,0.125,1,78.0,1.367738067,58.62314931003971,53.32872995448707,53.352986114857
3452,sub-27,pain,6,19,7,1,47.0,0.7,0.125,1,72.66666667,2.018101049,43.18010456759572,50.117106616642374,50.09280762968769
3453,sub-27,pain,6,20,8,1,47.0,0.7,0.125,0,61.66666667,1.617783084,42.24147309057467,48.45092119939915,48.42644039220195
3454,sub-27,pain,6,21,9,1,47.0,0.7,0.05,1,50.66666667,1.784496971,41.30284161355363,47.486863796314516,47.51077654683211
3455,sub-27,pain,6,22,10,2,48.0,0.7,0.125,0,65.33333333,3.252383104,54.868623401955524,61.05005876906311,61.025776979325066
3456,sub-27,pain,6,23,11,1,47.0,0.3,0.125,0,52.66666667,2.034959348,39.42557865951154,33.32959585164022,33.353129577976
3457,sub-27,pain,6,24,12,2,48.0,0.3,0.05,1,73.66666667,1.367641658,52.99136044791343,46.87594639019943,46.851542065397226
3458,sub-28,pain,1,1,1,1,47.0,0.7,0.125,-1,84.33333333,2.034678734,54.188654981264506,60.13592643158118,60.10738630993617
3459,sub-28,pain,1,2,2,2,48.0,0.3,0.125,-1,80.0,2.234981029,67.64451830693783,61.45692391597789,61.48640704701235
3460,sub-28,pain,1,3,3,2,48.0,0.7,0.125,-1,79.66666667,1.751293463,66.70855906676087,72.63714032416198,72.60883229672434
3461,sub-28,pain,1,4,4,1,47.0,0.7,0.05,0,52.66666667,3.035620763,51.38077726073362,57.62229524337862,57.65170073142909
3462,sub-28,pain,1,5,5,2,48.0,0.3,0.05,-1,77.33333333,3.30238695,64.83664058640694,57.86840510608474,57.83978811235534
3463,sub-28,pain,1,6,6,1,47.0,0.3,0.125,-1,50.0,2.601930086,49.5088587803797,43.16939520669879,43.19821779074414
3464,sub-28,pain,1,7,7,1,47.0,0.3,0.05,0,0.333333333,2.201492816,48.57289954020274,42.58453562406233,42.55567058889854
3465,sub-28,pain,1,8,8,2,48.0,0.7,0.05,0,84.66666667,1.451321453,62.02876286587606,68.19473753039331,68.22423229505725
3466,sub-28,pain,1,9,9,1,47.0,0.3,0.05,-1,49.0,2.835431362,46.700981059848814,39.580876396805635,39.55159885608714
3467,sub-28,pain,1,10,10,2,48.0,0.3,0.05,0,62.33333333,2.1015065,60.15684438552214,54.12136371386008,54.092659364106716
3468,sub-28,pain,1,11,11,1,47.0,0.7,0.05,-1,65.0,3.619338185,44.829062579494895,49.79670700220667,49.82534294071766
3469,sub-28,pain,1,12,12,2,48.0,0.7,0.05,-1,83.66666667,3.185718729,58.284925905168215,63.26230669757051,63.29124613908584
3470,sub-28,vision,1,13,1,1,0.5,0.7,0.05,-1,62.66666667,2.802230516,47.617103370671174,51.80205022299132,52.15517010153616
3471,sub-28,vision,1,14,2,2,0.6,0.7,0.05,0,76.33333333,1.684680911,59.53961411931952,63.996690645091554,64.34438006854191
3472,sub-28,vision,1,15,3,2,0.6,0.7,0.05,-1,72.66666667,3.068993282,59.58786853826881,63.84114989174933,64.1932700932292
3473,sub-28,vision,1,16,4,2,0.6,0.7,0.125,-1,73.33333333,1.667947689,59.63612295721809,64.95910116995559,64.62147377756112
3474,sub-28,vision,1,17,5,1,0.5,0.7,0.125,-1,56.66666667,2.951980158,47.8101210464683,53.053937393177556,52.71574971492597
3475,sub-28,vision,1,18,6,2,0.6,0.3,0.05,-1,56.66666667,2.101417864,59.73263179511665,53.993297192731795,53.65383308773668
3476,sub-28,vision,1,19,7,1,0.5,0.7,0.05,0,50.66666667,2.38519531,47.906629884366865,52.270108057620156,52.61515724465063
3477,sub-28,vision,1,20,8,1,0.5,0.3,0.125,-1,51.0,2.251738508,47.95488430331615,43.20608469416002,43.555360662292586
3478,sub-28,vision,1,21,9,1,0.5,0.3,0.05,-1,49.66666667,2.668603284,48.00313872226543,42.177424010607076,41.83635964447346
3479,sub-28,vision,1,22,10,2,0.6,0.3,0.125,-1,68.33333333,1.851204205,59.92564947091378,55.24518436291803,55.59346065398563
3480,sub-28,vision,1,23,11,1,0.5,0.3,0.05,0,48.66666667,2.651979225,48.099647560163994,42.46690065592928,42.119845548844076
3481,sub-28,vision,1,24,12,2,0.6,0.3,0.05,0,49.33333333,2.585158301,60.022158308812344,54.46135502736063,54.113820230851154
3482,sub-28,vision,2,1,1,1,0.5,0.3,0.125,1,50.0,2.501737575,48.78499544114135,45.25580052091887,45.60529073141542
3483,sub-28,vision,2,2,2,1,0.5,0.7,0.125,1,49.66666667,2.234880575,48.83324986009063,55.28223440924304,54.94218102279267
3484,sub-28,vision,2,3,3,2,0.6,0.3,0.125,1,74.66666667,1.634643901,60.75576060873898,57.29490018967688,57.64339072310847
3485,sub-28,vision,2,4,4,2,0.6,0.7,0.05,1,73.66666667,1.517707284,60.804015027688266,66.24802809712145,66.59620263983976
3486,sub-28,vision,2,5,5,1,0.5,0.7,0.05,1,49.0,3.202340922,48.97801311693848,54.342864320343416,54.69047857720461
3487,sub-28,vision,2,6,6,2,0.6,0.3,0.05,1,64.66666667,3.219038067,60.90052386558683,56.35553010077726,56.01264032466128
3488,sub-28,vision,2,7,7,2,0.6,0.7,0.125,0,66.66666667,3.18556416,60.948778284536104,66.35731076798136,66.01252026073688
3489,sub-28,vision,2,8,8,2,0.6,0.7,0.125,1,71.0,3.686100019,60.99703270348539,67.49991526730768,67.15678225322958
3490,sub-28,vision,2,9,9,1,0.5,0.3,0.05,1,50.66666667,3.068958761,49.17103079273561,44.53965691865254,44.19516688139805
3491,sub-28,vision,2,10,10,1,0.5,0.7,0.125,0,49.66666667,2.284946196,49.219285211684884,54.54143758585664,54.19504681747366
3492,sub-28,vision,2,11,11,1,0.5,0.3,0.125,0,49.0,2.718582758,49.26753963063417,44.60429429218579,44.94640714546835
3493,sub-28,vision,2,12,12,2,0.6,0.3,0.125,0,73.0,3.169142253,61.19005037928252,56.598748663617144,56.94038182747543
3494,sub-28,pain,2,13,1,2,48.0,0.3,0.125,1,84.33333333,1.251077626,67.51815054331317,62.929650112439354,62.95951427462968
3495,sub-28,pain,2,14,2,1,47.0,0.7,0.125,1,72.66666667,1.60120576,52.190368737285915,59.67988102247654,59.6515791143935
3496,sub-28,pain,2,15,3,1,47.0,0.7,0.125,0,73.66666667,3.202378553,51.25440949710896,58.08868127561458,58.060156059458265
3497,sub-28,pain,2,16,4,1,47.0,0.7,0.05,1,72.0,2.068100081,50.318450256931996,57.05574801536643,57.08519343781503
3498,sub-28,pain,2,17,5,2,48.0,0.7,0.125,1,85.0,1.484408472,63.774313582605316,71.21670911227429,71.18856788960167
3499,sub-28,pain,2,18,6,1,47.0,0.3,0.05,1,55.66666667,1.868138956,48.44653177657807,42.9823741988332,42.95362050686449
3500,sub-28,pain,2,19,7,2,48.0,0.3,0.05,1,72.0,1.818021397,61.9023951022514,56.44797389419704,56.41952370523267
3501,sub-28,pain,2,20,8,1,47.0,0.3,0.125,0,60.0,2.468463644,46.57461329622415,41.12215005073219,41.150987540266236
3502,sub-28,pain,2,21,9,1,47.0,0.3,0.125,1,55.66666667,2.635340238,45.63865405604719,40.78457819202805,40.81349617204146
3503,sub-28,pain,2,22,10,2,48.0,0.7,0.125,0,70.33333333,2.885470237,59.094517381720514,65.76796615428012,65.73931598834642
3504,sub-28,pain,2,23,11,2,48.0,0.7,0.05,1,69.0,2.885495428,58.15855814154355,64.73503289403197,64.76435336670318
3505,sub-28,pain,2,24,12,2,48.0,0.3,0.125,0,49.66666667,2.284987871,57.22259890136659,51.69459233774688,51.723519103894404
3506,sub-28,pain,3,1,1,2,48.0,0.3,0.05,0,91.0,2.068207999,66.45582353951153,60.41411359472535,60.38582799438818
3507,sub-28,pain,3,2,2,2,48.0,0.3,0.05,-1,76.0,3.102234248,65.51986429933457,58.374840170251694,58.34621347315678
3508,sub-28,pain,3,3,3,2,48.0,0.7,0.125,-1,62.66666667,2.435076818,64.58390505915762,70.25041797997977,70.22188602278577
3509,sub-28,pain,3,4,4,1,47.0,0.3,0.125,-1,52.0,2.801954034,49.25612325313037,42.711444468082696,42.74018593996557
3510,sub-28,pain,3,5,5,2,48.0,0.7,0.05,0,67.33333333,3.335853704,62.71198657880369,68.70117259456028,68.73065765585869
3511,sub-28,pain,3,6,6,1,47.0,0.3,0.05,0,50.33333333,2.701991976,47.38420477277644,41.1621990826632,41.13318152653997
3512,sub-28,pain,3,7,7,2,48.0,0.7,0.05,-1,61.66666667,2.61863003,60.84006809844977,65.69751336730357,65.72658592304728
3513,sub-28,pain,3,8,8,1,47.0,0.7,0.05,-1,68.33333333,2.985482677,45.51228629242252,50.303142066373624,50.3317683015191
3514,sub-28,pain,3,9,9,1,47.0,0.3,0.05,-1,47.66666667,2.601777695,44.57632705224556,37.19415405262344,37.16465258214856
3515,sub-28,pain,3,10,10,2,48.0,0.3,0.125,-1,66.33333333,1.768037258,58.03219037791889,51.35511514953129,51.38380308043373
3516,sub-28,pain,3,11,11,1,47.0,0.7,0.125,-1,53.0,3.068914909,42.70440857189164,48.105346059568475,48.075867920197545
3517,sub-28,pain,3,12,12,1,47.0,0.7,0.05,0,50.33333333,2.601790446,41.76844933171468,47.52048647693203,47.549096764850475
3518,sub-28,vision,3,13,1,1,0.5,0.7,0.05,-1,51.33333333,2.30188468,49.95288751161153,53.930225533745144,54.28204063977452
3519,sub-28,vision,3,14,2,2,0.6,0.3,0.125,-1,63.33333333,1.95146016,61.87539826025988,57.01619729505859,57.367328714736274
3520,sub-28,vision,3,15,3,2,0.6,0.3,0.05,0,61.66666667,3.052224296,61.92365267920916,56.18772266217452,55.84356298191583
3521,sub-28,vision,3,16,4,1,0.5,0.3,0.05,-1,44.33333333,2.218273621,50.097650768459374,44.08237283472761,43.742603634282
3522,sub-28,vision,3,17,5,1,0.5,0.7,0.05,0,48.0,1.985128444,50.14590518740866,54.308992773720654,54.65377716351706
3523,sub-28,vision,3,18,6,2,0.6,0.7,0.05,0,60.33333333,2.635310692,62.06841593605701,66.303447145152,66.64775184552414
3524,sub-28,vision,3,19,7,1,0.5,0.3,0.125,-1,57.0,2.301545997,50.24241402530722,45.289614707587184,45.63810589084498
3525,sub-28,vision,3,20,8,1,0.5,0.3,0.05,0,49.66666667,2.735321577,50.290668444256504,44.461140074703124,44.11434015802454
3526,sub-28,vision,3,21,9,1,0.5,0.7,0.125,-1,61.66666667,2.335047273,50.33892286320578,55.360693893238015,55.019121491908194
3527,sub-28,vision,3,22,10,2,0.6,0.7,0.05,-1,74.33333333,3.102370778,62.26143361185414,66.28184228378977,66.62901779926932
3528,sub-28,vision,3,23,11,2,0.6,0.3,0.05,-1,68.0,3.535869565,62.309688030803414,56.34469899011892,56.00133017440487
3529,sub-28,vision,3,24,12,2,0.6,0.7,0.125,-1,72.66666667,2.752021521,62.3579424497527,67.44443885932269,67.1013467932872
3530,sub-28,pain,4,1,1,2,48.0,0.7,0.05,1,83.66666667,3.302459725,65.39349653570991,71.9921685776803,72.02197920856466
3531,sub-28,pain,4,2,2,1,47.0,0.3,0.125,1,45.0,2.168237855,50.06571472968266,45.14855646732722,45.177750379162916
3532,sub-28,pain,4,3,3,1,47.0,0.3,0.05,1,48.0,1.984853517,49.129755489505705,43.488809263000164,43.460045867665926
3533,sub-28,pain,4,4,4,1,47.0,0.7,0.125,1,57.0,1.601077004,48.19379624932874,55.36438707272825,55.33571841729491
3534,sub-28,pain,4,5,5,1,47.0,0.7,0.05,1,59.33333333,3.135774398,47.25783700915178,53.704639868401195,53.73378995229645
3535,sub-28,pain,4,6,6,2,48.0,0.3,0.05,1,66.0,3.10238384,60.713700334825106,55.02563735279791,54.9970346428741
3536,sub-28,pain,4,7,7,2,48.0,0.3,0.125,0,51.33333333,2.468417615,59.77774109464814,54.12979900747995,54.15885888785585
3537,sub-28,pain,4,8,8,2,48.0,0.3,0.125,1,49.66666667,2.585264042,58.84178185447118,53.79222714877581,53.821367519631075
3538,sub-28,pain,4,9,9,1,47.0,0.7,0.125,0,49.0,3.06882192,43.51400004844393,49.915644114734086,49.88646651603966
3539,sub-28,pain,4,10,10,1,47.0,0.3,0.125,0,45.66666667,2.468561921,42.57804080826698,36.8066561009839,36.83512684316765
3540,sub-28,pain,4,11,11,2,48.0,0.7,0.125,0,67.33333333,2.98544318,56.0339041339403,62.41685800731488,62.38791250282784
3541,sub-28,pain,4,12,12,2,48.0,0.7,0.125,1,75.66666667,1.717734341,55.097944893763334,62.079286148610734,62.05042113460306
3542,sub-28,vision,4,13,1,1,0.5,0.3,0.05,1,51.0,2.301747528,51.1207795820817,46.3106698507931,45.969034942148696
3543,sub-28,vision,4,14,2,1,0.5,0.7,0.05,1,53.0,2.968753188,51.16903400103098,56.33710373911727,56.68497318638508
3544,sub-28,vision,4,15,3,1,0.5,0.7,0.125,1,52.33333333,2.685478323,51.217288419980264,57.455055017323524,57.113176870717
3545,sub-28,vision,4,16,4,2,0.6,0.7,0.05,1,61.0,3.018881321,63.13979916862861,68.37620340787528,68.72307317807812
3546,sub-28,vision,4,17,5,2,0.6,0.3,0.125,1,61.33333333,2.06819898,63.1880535875779,59.512366095084026,59.858511880718765
3547,sub-28,vision,4,18,6,2,0.6,0.3,0.125,0,55.66666667,2.451780805,63.23630800652718,58.459052190411015,58.802500507598
3548,sub-28,vision,4,19,7,1,0.5,0.7,0.125,0,55.66666667,2.768587423,51.41030609577739,56.535677004630486,56.18954142665413
3549,sub-28,vision,4,20,8,2,0.6,0.7,0.125,1,56.0,2.618626298,63.33281684442574,69.62809057806152,69.28365279146794
3550,sub-28,vision,4,21,9,1,0.5,0.3,0.125,1,55.33333333,2.351750638,51.506814933675955,47.74113821028597,48.08516374714151
3551,sub-28,vision,4,22,10,2,0.6,0.3,0.05,1,74.0,3.202359582,63.42932568232431,58.662286600837724,58.3160121016435
3552,sub-28,vision,4,23,11,2,0.6,0.7,0.125,0,62.33333333,1.617934938,63.47758010127359,68.66406726804182,68.31589203771911
3553,sub-28,vision,4,24,12,1,0.5,0.3,0.125,0,50.66666667,2.434945263,51.65157819052381,46.77711490026627,47.11740299339267
3554,sub-28,pain,5,1,1,2,48.0,0.7,0.05,-1,84.66666667,1.350888847,64.33116953190829,69.09710583981969,69.12638291858873
3555,sub-28,pain,5,2,2,2,48.0,0.7,0.125,-1,73.66666667,2.668731729,63.39521029173133,68.82808143858064,68.7993969604272
3556,sub-28,pain,5,3,3,2,48.0,0.7,0.05,0,55.0,1.601102818,62.45925105155436,68.24322185594418,68.27262580508012
3557,sub-28,pain,5,4,4,1,47.0,0.3,0.05,0,50.33333333,2.335003421,47.13146924552712,40.7042483440471,40.6751496757614
3558,sub-28,pain,5,5,5,1,47.0,0.3,0.125,-1,43.66666667,2.318343907,46.19551000535016,39.36033632111746,39.38878245444699
3559,sub-28,pain,5,6,6,2,48.0,0.3,0.05,0,51.33333333,2.751915469,59.65137333102348,53.205462236627895,53.17659566254958
3560,sub-28,pain,5,7,7,1,47.0,0.7,0.05,-1,63.33333333,2.535298563,44.32359152499624,48.880805524974484,48.909279239160526
3561,sub-28,pain,5,8,8,1,47.0,0.7,0.125,-1,31.33333333,2.168235989,43.387632284819276,48.61178112373544,48.58229328099898
3562,sub-28,pain,5,9,9,1,47.0,0.3,0.05,-1,43.33333333,2.284934378,42.45167304464232,34.80743170844125,34.777706308209986
3563,sub-28,pain,5,10,10,1,47.0,0.7,0.05,0,49.66666667,2.368300678,41.515713804465356,47.06253573831593,47.09106491407191
3564,sub-28,pain,5,11,11,2,48.0,0.3,0.05,-1,70.0,1.684689308,54.97157713013868,47.30864560102204,47.27915229499816
3565,sub-28,pain,5,12,12,2,48.0,0.3,0.125,-1,51.0,2.518546682,54.03561788996171,47.03962119978299,47.067942383335144
3566,sub-28,vision,5,13,1,1,0.5,0.3,0.05,0,51.33333333,2.268289482,52.288671652551876,46.276798304170335,45.93233352846115
3567,sub-28,vision,5,14,2,1,0.5,0.7,0.05,-1,50.33333333,2.068189028,52.33692607150115,56.10304614182563,56.45303648769885
3568,sub-28,vision,5,15,3,2,0.6,0.7,0.05,0,62.66666667,1.884723829,64.2594368201495,68.29768656392585,68.64224645470462
3569,sub-28,vision,5,16,4,1,0.5,0.3,0.05,-1,50.33333333,2.034716987,52.43343490939972,46.21054814548143,45.86947417252036
3570,sub-28,vision,5,17,5,1,0.5,0.3,0.125,-1,50.0,2.485172296,52.481689328349006,47.328499423687695,47.67672580971142
3571,sub-28,vision,5,18,6,2,0.6,0.7,0.125,-1,60.33333333,1.834645767,64.40420007699736,69.30474238611656,68.96346547340978
3572,sub-28,vision,5,19,7,1,0.5,0.7,0.05,0,38.66666667,3.068962182,52.57819816624757,56.5264586791278,56.86889832112736
3573,sub-28,vision,5,20,8,1,0.5,0.7,0.125,-1,53.0,2.968804192,52.62645258519685,57.44422390666518,57.10186672046059
3574,sub-28,vision,5,21,9,2,0.6,0.7,0.05,-1,68.66666667,1.868078933,64.5489633338452,68.36537229721694,68.71176302782172
3575,sub-28,vision,5,22,10,2,0.6,0.3,0.125,-1,70.0,2.101552528,64.59721775279448,59.50153498442568,59.84720173046236
3576,sub-28,vision,5,23,11,2,0.6,0.3,0.05,-1,49.66666667,2.335260621,64.64547217174376,58.472874300872746,58.128200712643235
3577,sub-28,vision,5,24,12,2,0.6,0.3,0.05,0,65.66666667,3.519275984,64.69372659069305,58.717705648868275,58.36756130732788
3578,sub-28,pain,6,1,1,2,48.0,0.7,0.05,1,83.66666667,2.685422653,63.26884252810666,69.6054462334981,69.63503293462608
3579,sub-28,pain,6,2,2,1,47.0,0.7,0.125,0,72.66666667,2.768628164,47.94106072207941,54.27962239003325,54.250720723161116
3580,sub-28,pain,6,3,3,2,48.0,0.7,0.125,0,82.33333333,2.401775829,61.396924047752734,67.7452220853971,67.7166239215293
3581,sub-28,pain,6,4,4,1,47.0,0.7,0.05,1,71.0,2.885424519,46.069142241725494,52.282303327002055,52.311300889937876
3582,sub-28,pain,6,5,5,1,47.0,0.7,0.125,1,60.33333333,2.485414256,45.13318300154853,52.013278925763004,51.98431493177633
3583,sub-28,pain,6,6,6,1,47.0,0.3,0.125,1,59.33333333,1.984732848,44.197223761371575,38.90429091201281,38.93297525890432
3584,sub-28,pain,6,7,7,2,48.0,0.7,0.125,1,82.66666667,1.100836288,57.653087087044895,64.5144928183438,64.48576091856451
3585,sub-28,pain,6,8,8,1,47.0,0.3,0.125,0,51.0,2.451877216,42.32530528101765,36.34870536236781,36.37709499238908
3586,sub-28,pain,6,9,9,2,48.0,0.3,0.125,1,66.66666667,1.751240281,55.78116860669097,50.441119001810556,50.46996403411249
3587,sub-28,pain,6,10,10,1,47.0,0.3,0.05,1,52.33333333,2.668675126,40.45338680066373,34.35138629933661,34.32189911266732
3588,sub-28,pain,6,11,11,2,48.0,0.3,0.05,1,69.66666667,2.651896809,53.90925012633705,47.81698599470045,47.7878023110355
3589,sub-28,pain,6,12,12,2,48.0,0.3,0.125,0,71.66666667,1.767914101,52.973290886160086,46.9211476493825,46.94962655601725
3590,sub-28,vision,6,13,1,2,0.6,0.3,0.05,1,73.66666667,2.88552062,65.33082005272112,60.38865423565161,60.04575485270818
3591,sub-28,vision,6,14,2,1,0.5,0.3,0.05,1,60.66666667,1.784494931,53.50481814197133,48.483490458873575,48.14003079007303
3592,sub-28,vision,6,15,3,2,0.6,0.3,0.125,0,76.0,1.817994029,65.42732889061968,60.45329160918485,60.79699511677847
3593,sub-28,vision,6,16,4,1,0.5,0.7,0.05,1,56.0,2.718627231,53.601326979869896,58.554569644524406,58.90009434399538
3594,sub-28,vision,6,17,5,1,0.5,0.3,0.125,1,57.0,2.068166636,53.64958139881918,49.690732331733145,50.03553304663601
3595,sub-28,vision,6,18,6,2,0.6,0.7,0.05,1,64.66666667,2.701907383,65.57209214746753,70.59366931328242,70.93819433568842
3596,sub-28,vision,6,19,7,1,0.5,0.7,0.125,0,60.0,1.567914101,53.74609023671774,58.66385231538431,58.316411964892495
3597,sub-28,vision,6,20,8,1,0.5,0.3,0.125,0,63.33333333,1.918078311,53.794344655667025,48.726709021713454,49.06777229288718
3598,sub-28,vision,6,21,9,2,0.6,0.7,0.125,0,72.0,2.835434783,65.71685540431537,70.70295198414233,70.35451195658554
3599,sub-28,vision,6,22,10,2,0.6,0.7,0.125,1,62.66666667,2.651796666,65.76510982326465,71.84555648346866,71.49877394907823
3600,sub-28,vision,6,23,11,1,0.5,0.7,0.125,1,65.33333333,2.368271755,53.93910791251487,59.940392706690616,59.59304988644308
3601,sub-28,vision,6,24,12,2,0.6,0.3,0.125,1,64.0,1.85140107,65.86161866116322,61.95305848712446,62.29425958675888
3602,sub-29,vision,1,1,1,1,0.5,0.3,0.05,0,38.66666667,2.60173885,47.7420303611335,42.10058275672142,41.7269639452666
3603,sub-29,vision,1,2,2,1,0.5,0.7,0.05,0,43.33333333,2.568519632,47.77993073113464,52.17797677638067,52.554494425605235
3604,sub-29,vision,1,3,3,2,0.6,0.3,0.125,-1,44.66666667,2.284937947,59.69057578532942,55.00170858501161,55.38324233899155
3605,sub-29,vision,1,4,4,1,0.5,0.7,0.05,-1,42.0,1.517692347,47.85573147113692,52.08982286199056,52.47132862422901
3606,sub-29,vision,1,5,5,2,0.6,0.7,0.05,0,51.33333333,1.951289365,59.7663765253317,64.22839024615925,64.60425324341186
3607,sub-29,vision,1,6,6,2,0.6,0.7,0.05,-1,55.33333333,2.468539785,59.80427689533284,64.10642667480037,64.48750344301403
3608,sub-29,vision,1,7,7,2,0.6,0.3,0.05,-1,47.0,2.018189944,59.84217726533397,54.09665196907866,53.72714096071857
3609,sub-29,vision,1,8,8,1,0.5,0.3,0.05,-1,49.33333333,1.717898041,48.00733295114147,42.18147712717514,41.81171813899831
3610,sub-29,vision,1,9,9,1,0.5,0.3,0.125,-1,51.33333333,2.385033485,48.04523332114261,43.25558202795192,43.63573951237923
3611,sub-29,vision,1,10,10,2,0.6,0.3,0.05,0,55.0,1.734620698,59.95587837533739,54.35385416831258,53.97822675720275
3612,sub-29,vision,1,11,11,1,0.5,0.7,0.125,-1,45.33333333,2.585185065,48.12103406114489,53.366785704579925,52.997202938188465
3613,sub-29,vision,1,12,12,2,0.6,0.7,0.125,-1,58.0,2.501842039,60.03167911533967,65.34957986042097,64.9797937579519
3614,sub-29,pain,1,13,1,2,48.0,0.7,0.05,0,72.0,2.868773282,69.10037175527084,75.4225019598302,75.42486367991287
3615,sub-29,pain,1,14,2,2,48.0,0.3,0.125,-1,41.33333333,1.801402164,68.16311440853893,61.82403121939853,61.826350141402486
3616,sub-29,pain,1,15,3,2,48.0,0.7,0.125,-1,49.0,2.001299659,67.225857061807,73.2676067600402,73.2654058477365
3617,sub-29,pain,1,16,4,1,47.0,0.3,0.05,-1,33.33333333,2.151569388,51.83920727808585,44.88966353803665,44.88741113536066
3618,sub-29,pain,1,17,5,2,48.0,0.3,0.05,-1,43.66666667,1.584476924,65.35134236834317,58.4229542196023,58.420723074562645
3619,sub-29,pain,1,18,6,1,47.0,0.7,0.125,-1,38.33333333,2.218322864,49.964692584622014,55.92423510368965,55.921977611217955
3620,sub-29,pain,1,19,7,1,47.0,0.7,0.05,-1,42.0,2.234922055,49.02743523789009,54.42819859128587,54.43045677921796
3621,sub-29,pain,1,20,8,2,48.0,0.3,0.05,0,49.33333333,2.21825289,62.53957032814741,56.35876446961875,56.35652729276415
3622,sub-29,pain,1,21,9,1,47.0,0.3,0.05,0,38.66666667,1.400880061,47.15292054442625,40.92043330066065,40.91815720490388
3623,sub-29,pain,1,22,10,2,48.0,0.7,0.05,-1,56.66666667,2.268247012,60.665055634683576,66.05644878545908,66.05871056976166
3624,sub-29,pain,1,23,11,1,47.0,0.7,0.05,0,27.66666667,1.68448445,45.278405850962415,51.41148859760609,51.413731923090324
3625,sub-29,pain,1,24,12,1,47.0,0.3,0.125,-1,35.66666667,1.601247163,44.341148504230496,37.813017857174415,37.81521838457993
3626,sub-29,pain,2,1,1,2,48.0,0.3,0.125,1,65.33333333,2.051585186,68.02413579077178,63.146528874107034,63.14888090819724
3627,sub-29,pain,2,2,2,1,47.0,0.3,0.125,1,12.33333333,1.534494308,52.63748600705062,47.70819770514893,47.710510820336964
3628,sub-29,pain,2,3,3,2,48.0,0.3,0.05,1,38.33333333,1.767787668,66.14962109730794,60.69797211800703,60.695782915686536
3629,sub-29,pain,2,4,4,1,47.0,0.3,0.125,0,46.66666667,1.918058951,50.76297131358678,45.03137457459336,45.03365755712996
3630,sub-29,pain,2,5,5,2,48.0,0.7,0.05,1,61.33333333,1.501068899,64.2751064038441,71.18902741495248,71.19135763387298
3631,sub-29,pain,2,6,6,1,47.0,0.3,0.05,1,11.0,1.651228845,48.88845662012294,43.35460046165648,43.35235467916798
3632,sub-29,pain,2,7,7,1,47.0,0.7,0.05,1,8.0,1.935018277,47.951199273391026,54.79817600229815,54.80045847168357
3633,sub-29,pain,2,8,8,2,48.0,0.3,0.125,0,42.0,2.601756266,61.46333436364834,55.707104525070335,55.70938227334452
3634,sub-29,pain,2,9,9,1,47.0,0.7,0.125,0,24.33333333,1.400989221,46.07668457992718,52.66486914045012,52.66259696614741
3635,sub-29,pain,2,10,10,2,48.0,0.7,0.125,1,36.66666667,1.784513124,59.588819670184506,66.9699424651789,66.96770401989812
3636,sub-29,pain,2,11,11,2,48.0,0.7,0.125,0,57.0,1.917928021,58.65156232345259,65.24563957831955,65.24337983102026
3637,sub-29,pain,2,12,12,1,47.0,0.7,0.125,1,12.66666667,2.568848668,43.26491253973143,50.57909105252458,50.5768048577087
3638,sub-29,vision,2,13,1,2,0.6,0.7,0.125,1,76.66666667,2.051488777,60.65501247666529,67.21766387401263,66.84663936305806
3639,sub-29,vision,2,14,2,1,0.5,0.7,0.125,0,66.66666667,2.485157324,48.82016816247279,54.155354182943945,53.78164873150095
3640,sub-29,vision,2,15,3,1,0.5,0.7,0.125,1,71.33333333,2.084665388,48.85806853247393,55.33629868907787,54.9648005403594
3641,sub-29,vision,2,16,4,2,0.6,0.7,0.05,1,76.33333333,2.101551319,60.76871358666871,66.27879760111091,66.6566050393145
3642,sub-29,vision,2,17,5,2,0.6,0.3,0.05,1,59.0,2.601764974,60.80661395666985,56.26902289538919,55.89624255701903
3643,sub-29,vision,2,18,6,2,0.6,0.3,0.125,0,61.66666667,1.534384526,60.84451432667099,56.1959929470008,56.57069612056309
3644,sub-29,vision,2,19,7,1,0.5,0.3,0.05,1,57.66666667,1.767920153,49.00967001247848,44.38765771045444,44.01440373432036
3645,sub-29,vision,2,20,8,1,0.5,0.7,0.05,1,63.66666667,1.667665073,49.04757038247962,54.465051730113686,54.841934214659
3646,sub-29,vision,2,21,9,1,0.5,0.3,0.125,0,67.0,1.584452666,49.08547075248076,44.348437419034816,44.72244129688601
3647,sub-29,vision,2,22,10,2,0.6,0.7,0.125,0,65.66666667,2.401653513,60.99611580667554,66.37481593756634,65.99932754441551
3648,sub-29,vision,2,23,11,1,0.5,0.3,0.125,1,65.33333333,1.868006673,49.16127149248304,45.563191582137506,45.939177104766046
3649,sub-29,vision,2,24,12,2,0.6,0.3,0.125,1,72.33333333,1.551069241,61.07191654667782,57.545985737978555,57.92176792452948
3650,sub-29,pain,3,1,1,2,48.0,0.3,0.125,-1,69.0,1.300930381,66.9478998262727,60.38619903658283,60.38850948918754
3651,sub-29,pain,3,2,2,1,47.0,0.7,0.05,0,45.66666667,1.30090519,51.56125004255155,57.59381836436018,57.596123865508524
3652,sub-29,pain,3,3,3,1,47.0,0.3,0.05,-1,42.66666667,1.767986396,50.62399269581963,43.451831355220946,43.44957048314572
3653,sub-29,pain,3,4,4,2,48.0,0.7,0.05,-1,46.66666667,1.484371122,64.13612778607695,69.3812178211245,69.38351528919243
3654,sub-29,pain,3,5,5,1,47.0,0.3,0.125,-1,49.66666667,2.351660012,48.749478002355794,42.090307136536055,42.092552178339844
3655,sub-29,pain,3,6,6,2,48.0,0.7,0.125,-1,62.66666667,1.734783661,62.26161309261311,68.0196936024396,68.01744889820499
3656,sub-29,pain,3,7,7,1,47.0,0.3,0.05,0,62.0,1.450990808,46.87496330889195,40.43512136154118,40.432845627018075
3657,sub-29,pain,3,8,8,2,48.0,0.3,0.05,0,61.33333333,1.083963777,60.387098399149274,53.96841204310683,53.96615756622006
3658,sub-29,pain,3,9,9,2,48.0,0.3,0.05,-1,51.33333333,1.834685759,59.449841052417355,52.22252081830548,52.22023705070199
3659,sub-29,pain,3,10,10,2,48.0,0.7,0.05,0,65.33333333,1.684527989,58.51258370568544,64.45946734005227,64.46173228440651
3660,sub-29,pain,3,11,11,1,47.0,0.7,0.05,-1,43.33333333,1.567779458,43.125933921964275,48.22776518998905,48.2299707553573
3661,sub-29,pain,3,12,12,1,47.0,0.7,0.125,-1,52.0,1.451050519,42.18867657523236,47.81876121500038,47.81643343869901
3662,sub-29,vision,3,13,1,2,0.6,0.7,0.125,-1,88.66666667,2.268228974,61.69524990800344,66.8518379592751,66.48310573888917
3663,sub-29,vision,3,14,2,2,0.6,0.7,0.05,-1,67.66666667,1.134200167,61.73315027800458,65.84535237243585,66.22590341710243
3664,sub-29,vision,3,15,3,1,0.5,0.3,0.05,0,65.33333333,1.334269022,49.89830596381208,44.042366396169484,43.666867913484516
3665,sub-29,vision,3,16,4,2,0.6,0.7,0.05,0,71.33333333,1.350949694,61.80895101800686,66.06874491470101,66.44340521456502
3666,sub-29,vision,3,17,5,1,0.5,0.7,0.05,-1,58.66666667,1.250773918,49.97410670381436,53.99779684446986,54.37764859342534
3667,sub-29,vision,3,18,6,1,0.5,0.7,0.05,0,61.0,1.501078851,50.0120070738155,54.18737972976626,54.561566391866336
3668,sub-29,vision,3,19,7,1,0.5,0.7,0.125,-1,64.33333333,1.317517442,50.049907443816636,55.1057114022154,54.73560291227686
3669,sub-29,vision,3,20,8,2,0.6,0.3,0.05,-1,78.33333333,1.584602256,61.96055249801141,56.004625951557955,55.633460929914904
3670,sub-29,vision,3,21,9,1,0.5,0.3,0.05,-1,59.33333333,1.851292413,50.12570818381891,44.08945110965444,43.71803810819464
3671,sub-29,vision,3,22,10,2,0.6,0.3,0.05,0,96.0,1.651217338,62.03635323801369,56.228018493823114,55.85096272737749
3672,sub-29,vision,3,23,11,1,0.5,0.3,0.125,-1,67.0,1.384149319,50.20150892382119,45.19736566739998,45.57564348059715
3673,sub-29,vision,3,24,12,2,0.6,0.3,0.125,-1,93.0,1.817816,62.11215397801597,57.18015982324102,57.55823430036059
3674,sub-29,pain,4,1,1,1,47.0,0.3,0.125,0,84.0,1.251016185,51.4222714247844,45.49858287917011,45.5008750535733
3675,sub-29,pain,4,2,2,2,48.0,0.3,0.125,1,63.66666667,1.450915546,64.93440651504172,59.803656203898896,59.805982107324006
3676,sub-29,pain,4,3,3,2,48.0,0.3,0.05,1,74.33333333,1.851152775,63.997149168309804,58.30761969149512,58.305413189142456
3677,sub-29,pain,4,4,4,2,48.0,0.3,0.125,0,55.66666667,1.517782848,63.05989182157788,57.12683307334331,57.129128844117005
3678,sub-29,pain,4,5,5,2,48.0,0.7,0.125,0,60.66666667,1.817948174,62.12263447484597,68.57040861398498,68.56818455045102
3679,sub-29,pain,4,6,6,1,47.0,0.7,0.125,1,44.33333333,1.434508241,46.7359846911248,53.90386008819001,53.901609577139475
3680,sub-29,pain,4,7,7,2,48.0,0.7,0.125,1,36.0,1.867995788,60.24811978138212,67.43715076975566,67.43492151634146
3681,sub-29,pain,4,8,8,1,47.0,0.7,0.125,0,30.0,1.901322922,44.86146999766096,51.22703695763443,51.224756313932474
3682,sub-29,pain,4,9,9,1,47.0,0.3,0.125,1,47.66666667,1.834870491,43.92421265092904,38.650203572763445,38.65243757348888
3683,sub-29,pain,4,10,10,2,48.0,0.7,0.05,1,31.66666667,1.851238921,57.43634774118637,64.03607376995944,64.03834253568319
3684,sub-29,pain,4,11,11,1,47.0,0.7,0.05,1,33.66666667,1.651147986,42.049697957465206,48.597742601001336,48.599972447822914
3685,sub-29,pain,4,12,12,1,47.0,0.3,0.05,1,34.66666667,1.934729049,41.11244061073329,35.24912657296723,35.24681050664904
3686,sub-29,vision,4,13,1,1,0.5,0.3,0.125,0,61.66666667,1.484475617,50.86274265514795,45.952124488795235,46.32650527488804
3687,sub-29,vision,4,14,2,1,0.5,0.3,0.125,1,62.66666667,1.284236958,50.90064302514909,47.13306899492916,47.50965708374649
3688,sub-29,vision,4,15,3,1,0.5,0.7,0.125,0,64.0,1.25076832,50.938543395150226,56.06332816542324,55.68796870069728
3689,sub-29,vision,4,16,4,2,0.6,0.7,0.125,0,82.33333333,1.317581819,62.84918844934501,68.04612232126429,67.67055952046071
3690,sub-29,vision,4,17,5,1,0.5,0.7,0.125,1,58.33333333,1.801131596,51.014344135152506,57.27808232852594,56.90470450857732
3691,sub-29,vision,4,18,6,1,0.5,0.7,0.05,1,64.0,1.300816245,51.052244505153645,56.27159674168669,56.64750218679057
3692,sub-29,vision,4,19,7,2,0.6,0.3,0.05,1,96.66666667,2.168211807,62.962889559348426,58.21080653483725,57.836146525236956
3693,sub-29,vision,4,20,8,2,0.6,0.3,0.125,1,85.33333333,1.100819541,63.00078992934956,59.28491143561403,59.66016789861788
3694,sub-29,vision,4,21,9,1,0.5,0.3,0.05,1,54.66666667,1.817787388,51.16594561515706,46.3294413499025,45.95430770253828
3695,sub-29,vision,4,22,10,2,0.6,0.7,0.05,1,38.33333333,2.835249597,63.07659066935184,68.35581986843403,68.73084500361878
3696,sub-29,vision,4,23,11,2,0.6,0.3,0.125,0,95.33333333,1.300800384,63.11449103935298,58.239205557355156,58.61135208584578
3697,sub-29,vision,4,24,12,2,0.6,0.7,0.125,1,93.66666667,1.500936103,63.15239140935412,69.46373442617957,69.08879932247028
3698,sub-29,vision,5,1,1,2,0.6,0.3,0.05,-1,72.33333333,1.100918438,63.77572477067974,57.642122678287144,57.27110890693853
3699,sub-29,vision,5,2,2,2,0.6,0.3,0.125,-1,90.66666667,1.868017869,63.81362514068088,58.71622757906391,59.09513028031945
3700,sub-29,vision,5,3,3,1,0.5,0.7,0.125,-1,74.0,1.801102362,51.978780826488375,56.84463709985088,56.47400288636525
3701,sub-29,vision,5,4,4,1,0.5,0.3,0.125,-1,71.0,1.717760891,52.016681196489515,46.83486239412916,47.21329145762078
3702,sub-29,vision,5,5,5,2,0.6,0.7,0.05,-1,95.0,1.11748995,63.927326250684295,67.82094566885269,68.19939138434194
3703,sub-29,vision,5,6,6,1,0.5,0.7,0.05,-1,79.66666667,1.384547085,52.092481936491794,55.905770826949166,56.28396856262167
3704,sub-29,vision,5,7,7,1,0.5,0.3,0.05,-1,66.0,1.350853595,52.13038230649293,45.89599612122745,45.52360608032621
3705,sub-29,vision,5,8,8,1,0.5,0.3,0.05,0,76.33333333,1.117447654,52.168282676494066,46.08557900652384,45.707523878767205
3706,sub-29,vision,5,9,9,2,0.6,0.3,0.05,0,96.66666667,1.96819209,64.07892773068885,58.06837316236488,57.69011469853064
3707,sub-29,vision,5,10,10,1,0.5,0.7,0.05,0,77.33333333,1.617843554,52.244083416496345,56.196782683151845,56.56863835812744
3708,sub-29,vision,5,11,11,2,0.6,0.7,0.05,0,79.66666667,1.367763473,64.15472847069113,68.17957683899289,68.55122917789087
3709,sub-29,vision,5,12,12,2,0.6,0.7,0.125,-1,91.66666667,2.268304546,64.19262884069227,69.09790851144204,68.72526569830138
3710,sub-29,pain,5,13,1,2,48.0,0.3,0.125,-1,52.0,1.117841688,64.79542789727456,57.99584661007091,57.998139762643454
3711,sub-29,pain,5,14,2,2,48.0,0.3,0.05,0,18.0,1.534466008,63.85817055054265,57.29318107877225,57.290962285650835
3712,sub-29,pain,5,15,3,1,47.0,0.3,0.125,-1,9.0,1.017334078,48.47152076682149,41.604995197416585,41.60724060045404
3713,sub-29,pain,5,16,4,1,47.0,0.7,0.05,-1,17.0,1.167352209,47.53426342008957,52.505054469350696,52.507304549117215
3714,sub-29,pain,5,17,5,2,48.0,0.7,0.05,0,23.0,1.200844483,61.04639851034689,66.83171613202147,66.83400792950813
3715,sub-29,pain,5,18,6,1,47.0,0.3,0.05,0,13.0,1.517609622,45.659748726625736,38.997289178725474,38.99500497480313
3716,sub-29,pain,5,19,7,2,48.0,0.7,0.05,-1,23.33333333,1.60116817,59.17188381688305,64.1333046635239,64.13555833966092
3717,sub-29,pain,5,20,8,2,48.0,0.3,0.05,-1,16.66666667,1.150697661,58.234626470151134,50.78468863548979,50.782396398487045
3718,sub-29,pain,5,21,9,1,47.0,0.7,0.125,-1,9.666666667,2.118215508,42.84797668642997,48.28596951957713,48.28365093514235
3719,sub-29,pain,5,22,10,2,48.0,0.7,0.125,-1,15.33333333,1.701206484,56.3601117766873,61.81926020114278,61.816962874344334
3720,sub-29,pain,5,23,11,1,47.0,0.3,0.05,-1,3.666666667,1.367562879,40.973461992966136,33.441316979139245,33.43896816196849
3721,sub-29,pain,5,24,12,1,47.0,0.7,0.05,0,11.0,2.201567864,40.03620464623422,45.67826350088602,45.680463395673
3722,sub-29,vision,6,1,1,2,0.6,0.7,0.125,0,91.33333333,1.534407229,64.81596220201789,69.81885767586853,69.4425434935707
3723,sub-29,vision,6,2,2,1,0.5,0.7,0.05,1,72.33333333,1.46756263,52.981117887825384,58.01052243932216,58.385902160878956
3724,sub-29,vision,6,3,3,1,0.5,0.3,0.125,1,82.0,1.701358873,53.019018257826524,49.04104297740845,49.41597705294283
3725,sub-29,vision,6,4,4,2,0.6,0.7,0.125,1,92.66666667,1.617774824,64.9296633120213,71.06742149593998,70.69286330047231
3726,sub-29,vision,6,5,5,2,0.6,0.7,0.05,1,94.66666667,1.034022836,64.96756368202244,70.06093590910073,70.43566097868558
3727,sub-29,vision,6,6,6,2,0.6,0.3,0.125,1,91.66666667,2.151404559,65.00546405202358,61.09145644718703,61.46573587074944
3728,sub-29,vision,6,7,7,2,0.6,0.3,0.125,0,76.0,2.084841724,65.04336442202472,59.97813125499063,60.349752059934175
3729,sub-29,vision,6,8,8,2,0.6,0.3,0.05,1,94.33333333,2.034802507,65.08126479202586,60.11878051731655,59.74246649443329
3730,sub-29,vision,6,9,9,1,0.5,0.3,0.125,0,78.66666667,1.984618054,53.246420477833354,48.09676607005588,48.4679132372355
3731,sub-29,vision,6,10,10,1,0.5,0.3,0.05,1,70.0,1.918032206,53.28432084783449,48.237415332381794,47.86062767173461
3732,sub-29,vision,6,11,11,1,0.5,0.7,0.125,0,70.66666667,1.617812144,53.32222121783563,58.20796974668389,57.829376663044734
3733,sub-29,vision,6,12,12,1,0.5,0.7,0.125,1,71.33333333,2.018103797,53.36012158783677,59.38891425281781,59.01252847190318
3734,sub-29,pain,6,13,1,2,48.0,0.7,0.125,1,82.33333333,1.150882705,63.719191932775495,70.76191980542109,70.75972623577223
3735,sub-29,pain,6,14,2,1,47.0,0.7,0.125,1,67.66666667,1.918040914,48.33254214905433,55.323588636462986,55.321356147911956
3736,sub-29,pain,6,15,3,1,47.0,0.7,0.05,1,53.0,1.78457439,47.395284802322415,53.82755212405921,53.829835315911964
3737,sub-29,pain,6,16,4,2,48.0,0.3,0.05,1,46.0,1.651145809,60.90741989257974,54.964747021286975,54.96251438826923
3738,sub-29,pain,6,17,5,1,47.0,0.3,0.125,1,45.33333333,1.450896264,45.52077010885858,40.06993212103642,40.072184144261364
3739,sub-29,pain,6,18,6,2,48.0,0.7,0.125,0,68.33333333,1.317498782,59.032905199115895,65.22753594377684,65.2252857495778
3740,sub-29,pain,6,19,7,2,48.0,0.7,0.05,1,57.33333333,1.901368328,58.095647852383976,64.50328207453619,64.50556003212652
3741,sub-29,pain,6,20,8,2,48.0,0.3,0.125,1,79.66666667,1.901334118,57.15839050565206,51.698182315209635,51.700437934805066
3742,sub-29,pain,6,21,9,1,47.0,0.3,0.05,1,60.0,1.23415389,41.7717407219309,35.71633487754398,35.71402800309238
3743,sub-29,pain,6,22,10,1,47.0,0.7,0.125,0,38.66666667,1.617943385,40.83448337519898,46.93164404373007,46.929328438730096
3744,sub-29,pain,6,23,11,2,48.0,0.3,0.125,0,57.33333333,1.451080997,54.3466184654563,48.06883894095783,48.071055597268916
3745,sub-29,pain,6,24,12,1,47.0,0.3,0.125,0,40.0,1.451074155,38.95996868173514,32.63050777199973,32.632685509408645
3746,sub-31,pain,1,1,1,2,48.0,0.3,0.05,-1,78.33333333,2.818730817,68.85581920216164,61.83454657296262,61.74560130938768
3747,sub-31,pain,1,2,2,2,48.0,0.7,0.05,0,70.33333333,3.352423106,67.89554445887069,74.40322931271406,74.49662209669368
3748,sub-31,pain,1,3,3,1,47.0,0.7,0.125,-1,54.0,2.935457958,52.462061610020974,58.46448223182923,58.374930036913916
3749,sub-31,pain,1,4,4,2,48.0,0.3,0.125,-1,73.66666667,3.769427441,65.97499497228881,59.546925792827295,59.63818669792047
3750,sub-31,pain,1,5,5,1,47.0,0.7,0.05,0,48.33333333,3.435876408,50.54151212343909,56.979706494436655,57.07156093913031
3751,sub-31,pain,1,6,6,2,48.0,0.7,0.125,-1,55.0,3.519315403,64.05444548570692,70.03802337032931,69.94924283090225
3752,sub-31,pain,1,7,7,1,47.0,0.7,0.05,-1,43.33333333,3.485890418,48.6209626368572,53.92712438555767,54.01762106782206
3754,sub-31,pain,1,9,9,2,48.0,0.3,0.05,0,54.33333333,2.835422473,61.17362125583409,55.13715921554605,55.04829390807083
3755,sub-31,pain,1,10,10,1,47.0,0.3,0.05,-1,72.66666667,4.469901311,45.74013840698437,38.561042074907874,38.469791788249246
3756,sub-31,pain,1,11,11,1,47.0,0.3,0.125,-1,46.33333333,2.468491861,44.779863663693426,38.223415188031666,38.312626631307054
3757,sub-31,pain,1,12,12,2,48.0,0.7,0.05,-1,80.66666667,2.451647193,58.292797025961264,63.55067163079863,63.641684407285375
3758,sub-31,vision,1,13,1,2,0.6,0.3,0.05,0,67.66666667,2.818751343,59.7619459656021,54.1461085215336,53.749901831786026
3759,sub-31,vision,1,14,2,1,0.5,0.3,0.05,-1,53.33333333,3.168907263,48.04349261396327,42.07349084617055,41.683649026904234
3760,sub-31,vision,1,15,3,1,0.5,0.7,0.125,-1,24.0,1.98477875,48.069160171598405,53.38677897660531,52.99821027548042
3761,sub-31,vision,1,16,4,2,0.6,0.3,0.125,-1,41.66666667,3.569268147,59.83894863850752,55.10616738100444,55.508796012393255
3762,sub-31,vision,1,17,5,2,0.6,0.7,0.125,-1,50.0,2.63526971,59.864616196142656,65.26519126969208,64.87621793226079
3763,sub-31,vision,1,18,6,1,0.5,0.3,0.05,0,35.66666667,2.68529927,48.14616284450382,42.46068609439269,42.06430764038588
3764,sub-31,vision,1,19,7,2,0.6,0.7,0.05,-1,47.33333333,3.319049125,59.91595131141293,64.1660669896438,64.56871311353802
3765,sub-31,vision,1,20,8,2,0.6,0.7,0.05,0,62.0,2.968849666,59.94161886904807,64.4705522953177,64.8669088132853
3766,sub-31,vision,1,21,9,1,0.5,0.3,0.125,-1,29.33333333,2.501811106,48.223165517409235,43.42074495386353,43.823201820993106
3767,sub-31,vision,1,22,10,2,0.6,0.3,0.05,-1,46.66666667,2.70180868,59.99295398431835,54.11732302435379,53.72658251115334
3768,sub-31,vision,1,23,11,1,0.5,0.7,0.05,0,35.66666667,3.018725903,48.27450063267951,52.729989906477975,53.12633934606224
3769,sub-31,vision,1,24,12,1,0.5,0.7,0.05,-1,34.66666667,4.369707527,48.30016819031465,52.48064456250288,52.88311892213789
3770,sub-31,pain,2,1,1,2,48.0,0.3,0.05,1,71.33333333,2.268329146,67.83600405366549,62.17278028777547,62.08479450909783
3771,sub-31,pain,2,2,2,1,47.0,0.3,0.05,1,64.0,2.785252651,52.40252120481577,46.69925136275717,46.60998280605947
3772,sub-31,pain,2,3,3,2,48.0,0.3,0.125,0,46.66666667,2.752015199,65.9154545670836,60.48625643059922,60.578343707820714
3773,sub-31,pain,2,4,4,1,47.0,0.7,0.05,1,38.0,4.102973809,50.48197171823388,57.19034894025918,57.28218844931974
3774,sub-31,pain,2,5,5,1,47.0,0.7,0.125,0,30.33333333,3.352496191,49.52169697494294,56.47882202971249,56.38971286502664
3775,sub-31,pain,2,6,6,1,47.0,0.3,0.125,0,30.0,3.185833412,48.561422231651996,43.062733612321814,43.15328255025733
3776,sub-31,pain,2,7,7,2,48.0,0.7,0.05,1,72.0,3.035402942,62.074355593919826,68.76389007875926,68.85650124330807
3778,sub-31,pain,2,9,9,2,48.0,0.7,0.125,1,73.33333333,2.618616929,60.15380610733794,67.45126624525349,67.36306184882487
3779,sub-31,pain,2,10,10,1,47.0,0.3,0.125,1,51.66666667,2.485098613,44.72032325848822,39.53664584947406,39.6269445582797
3780,sub-31,pain,2,11,11,1,47.0,0.7,0.125,1,43.66666667,3.369105743,43.760048515197276,51.00274037360563,50.913125418524
3781,sub-31,pain,2,12,12,2,48.0,0.3,0.125,1,82.0,2.902095484,57.272981877465114,52.0851839346037,52.17638207953055
3782,sub-31,vision,2,13,1,2,0.6,0.3,0.125,1,32.0,1.901253919,60.878637317671306,57.369924508106365,57.76849268873348
3783,sub-31,vision,2,14,2,1,0.5,0.7,0.125,0,41.0,2.701959826,49.16018396603247,54.64358441068047,54.248216266260826
3784,sub-31,vision,2,15,3,1,0.5,0.7,0.125,1,42.66666667,2.601710062,49.18585152366761,55.73324604625546,55.34036986555501
3785,sub-31,vision,2,16,4,2,0.6,0.3,0.125,0,68.0,4.453222095,60.95563999057672,56.39054279592901,56.78628964108512
3786,sub-31,vision,2,17,5,2,0.6,0.7,0.125,0,72.66666667,2.768555709,60.98130754821186,66.54956668461665,66.15371156095264
3787,sub-31,vision,2,18,6,1,0.5,0.7,0.05,1,38.66666667,2.151437175,49.262854196573024,54.66169174705658,55.060352684743734
3788,sub-31,vision,2,19,7,2,0.6,0.7,0.125,1,65.0,3.202321985,61.032642663482136,67.66679830104106,67.2733527981583
3789,sub-31,vision,2,20,8,1,0.5,0.3,0.125,1,63.33333333,3.102299562,49.3141893118433,45.73964204266427,46.137873773156244
3790,sub-31,vision,2,21,9,1,0.5,0.3,0.125,0,52.33333333,2.818706248,49.33985686947844,44.7051203687881,45.10069544968497
3791,sub-31,vision,2,22,10,2,0.6,0.7,0.05,1,55.66666667,3.352405068,61.10964533638755,66.59524400184218,66.993335617347
3792,sub-31,vision,2,23,11,1,0.5,0.3,0.05,1,79.66666667,0.850606091,49.391191984748716,44.66808774346539,44.27319735818195
3793,sub-31,vision,2,24,12,2,0.6,0.3,0.05,1,70.66666667,3.88619159,61.16098045165783,56.518930055702754,56.123717377050845
3794,sub-31,vision,3,1,1,2,0.6,0.7,0.05,0,17.0,0.833903862,61.995328669740516,66.29248260957198,66.6880664816172
3795,sub-31,vision,3,2,2,1,0.5,0.3,0.125,-1,36.33333333,2.034682978,50.27687531810168,45.2426752681178,45.644359489325005
3796,sub-31,vision,3,3,3,2,0.6,0.3,0.05,0,57.0,3.03549873,62.04666378501079,56.216168663432555,55.81844824132104
3797,sub-31,vision,3,4,4,1,0.5,0.7,0.05,0,56.0,1.918067486,50.32821043337196,54.55192022073224,54.94749701439413
3798,sub-31,vision,3,5,5,2,0.6,0.7,0.125,-1,82.33333333,3.05207065,62.09799890028107,67.28011144989222,66.88978906597289
3799,sub-31,vision,3,6,6,1,0.5,0.3,0.05,-1,57.33333333,2.268333189,50.379545548642234,44.19869094976833,43.80717071226217
3800,sub-31,vision,3,7,7,2,0.6,0.7,0.05,-1,72.66666667,1.751273465,62.14933401555135,66.18098716984393,66.58228424725013
3801,sub-31,vision,3,8,8,2,0.6,0.3,0.125,-1,83.66666667,3.519241385,62.175001573186485,57.23136748460222,57.6323176977512
3802,sub-31,vision,3,9,9,1,0.5,0.3,0.05,0,42.66666667,2.034839722,50.45654822154765,44.558316217141055,44.16034168783235
3803,sub-31,vision,3,10,10,1,0.5,0.7,0.125,-1,38.33333333,3.20230177,50.48221577918279,55.59468902275131,55.20419487457273
3804,sub-31,vision,3,11,11,1,0.5,0.7,0.05,-1,61.33333333,2.585099266,50.507883336817926,54.46799476185361,54.86920241793853
3805,sub-31,vision,3,12,12,2,0.6,0.3,0.05,-1,80.66666667,2.868735809,62.27767180372704,56.187383166252744,55.795128920688356
3806,sub-31,pain,3,13,1,2,48.0,0.3,0.05,-1,84.66666667,1.751247341,66.81618890516934,59.55803752400762,59.468285041096706
3807,sub-31,pain,3,14,2,1,47.0,0.3,0.05,-1,59.66666667,2.885425598,51.38270605631963,44.084508598989316,43.993473338058344
3808,sub-31,pain,3,15,3,1,47.0,0.7,0.125,-1,51.66666667,2.86855574,50.42243131302868,56.187973182874224,56.09761376862294
3809,sub-31,pain,3,16,4,1,47.0,0.3,0.05,0,47.33333333,2.718841813,49.462156569737736,43.23710292135008,43.14691430031656
3810,sub-31,pain,3,17,5,1,47.0,0.3,0.125,-1,85.66666667,4.353096731,48.50188182644679,41.79688781885399,41.88605872659113
3811,sub-31,pain,3,18,6,2,48.0,0.7,0.125,-1,69.33333333,1.968077454,62.01481518871463,67.7615143213743,67.67192656261128
3812,sub-31,pain,3,19,7,1,47.0,0.7,0.05,0,37.33333333,3.802633793,46.58133233986491,52.75320355222254,52.843995216314326
3813,sub-31,pain,3,20,8,2,48.0,0.3,0.125,-1,60.33333333,3.702715866,60.09426570213274,53.370428957354065,53.46037152057946
3814,sub-31,pain,3,21,9,2,48.0,0.3,0.05,0,68.33333333,2.93543992,59.1339909588418,52.86065016659104,52.77097763977987
3815,sub-31,pain,3,22,10,1,47.0,0.7,0.05,-1,55.66666667,2.635243586,43.70050810999208,48.72562449671399,48.81493061774356
3816,sub-31,pain,3,23,11,2,48.0,0.7,0.05,0,66.0,2.451716235,57.21344147225991,63.35174774409306,63.44318328304014
3817,sub-31,pain,3,24,12,2,48.0,0.7,0.05,-1,64.33333333,3.736122812,56.253166728968964,61.274162581843626,61.3643681389944
3830,sub-31,vision,4,13,1,1,0.5,0.7,0.125,0,44.66666667,2.535264392,51.367899112535746,56.63093461003119,56.23429976206147
3831,sub-31,vision,4,14,2,2,0.6,0.3,0.125,1,72.33333333,2.151571527,63.13768757944486,59.41241466915591,59.809551460357035
3832,sub-31,vision,4,15,3,2,0.6,0.7,0.05,1,79.0,1.767825793,63.163355137079996,68.41717431609644,68.81449328567889
3833,sub-31,vision,4,16,4,1,0.5,0.7,0.05,1,43.33333333,2.685512616,51.44490178544116,56.621471965557895,57.01894854263291
3834,sub-31,vision,4,17,5,1,0.5,0.3,0.125,0,37.33333333,2.568536054,51.4705693430763,46.609760625590596,47.00431603175124
3835,sub-31,vision,4,18,6,2,0.6,0.3,0.125,0,65.66666667,3.235636254,63.24035780998541,58.460602937827964,58.854836050620136
3836,sub-31,vision,4,19,7,2,0.6,0.3,0.05,1,87.66666667,2.501814838,63.26602536762055,58.39600033165584,57.999850321205656
3837,sub-31,vision,4,20,8,2,0.6,0.7,0.125,1,63.66666667,3.118985619,63.29169292525569,69.7092884620906,69.31441156978185
3838,sub-31,vision,4,21,9,1,0.5,0.7,0.125,1,32.0,2.768570015,51.57323957361685,57.91358611155205,57.51886682673586
3839,sub-31,vision,4,22,10,1,0.5,0.3,0.125,1,40.0,2.251600792,51.59890713125199,47.80970218456323,48.206420182691254
3840,sub-31,vision,4,23,11,1,0.5,0.3,0.05,1,42.33333333,2.501692615,51.62457468888713,46.68300792366553,46.286768491894044
3841,sub-31,vision,4,24,12,2,0.6,0.7,0.125,0,67.66666667,2.801928757,63.39436315579624,68.75747673076266,68.35969616004495
3842,sub-31,pain,5,1,1,1,47.0,0.3,0.05,0,23.33333333,2.268378906,50.30335050261827,43.885584712283745,43.79497221381311
3843,sub-31,pain,5,2,2,1,47.0,0.3,0.05,-1,79.33333333,0.783806504,49.343075759327334,41.80799955003431,41.71615706976738
3844,sub-31,pain,5,3,3,1,47.0,0.7,0.05,-1,19.66666667,2.21827004,48.38280101603639,53.27409407416587,53.36348744029016
3845,sub-31,pain,5,4,4,2,48.0,0.3,0.05,0,32.33333333,2.868750737,61.89573437830422,55.45912585078382,55.36928500780144
3846,sub-31,pain,5,5,5,2,48.0,0.7,0.05,-1,32.0,2.935487192,60.935459635013274,65.82263215929551,65.912924961541
3847,sub-31,pain,5,6,6,1,47.0,0.7,0.125,-1,25.0,2.301762528,45.50197678616356,50.98647329403055,50.89492331854445
3848,sub-31,pain,5,7,7,2,48.0,0.3,0.125,-1,27.33333333,2.768661138,59.01491014843139,52.06891685502862,52.158179979551
3849,sub-31,pain,5,8,8,2,48.0,0.7,0.05,0,10.33333333,2.885326389,58.054635405140445,64.00022953502672,64.0912411965367
3850,sub-31,pain,5,9,9,1,47.0,0.7,0.05,0,0.0,1.434628988,42.62115255629073,48.526700610008426,48.61642949349833
3851,sub-31,pain,5,10,10,2,48.0,0.7,0.125,-1,25.0,2.601865251,56.13408591855856,61.58501748590107,61.49411138527027
3852,sub-31,pain,5,11,11,1,47.0,0.3,0.125,-1,5.0,1.801107407,40.70060306970884,33.670397090121654,33.757994094725106
3853,sub-31,pain,5,12,12,2,48.0,0.3,0.05,-1,21.66666667,3.185641214,54.21353643197668,46.5565620621275,46.46459677291814
3854,sub-31,vision,5,13,1,2,0.6,0.7,0.125,-1,77.66666667,2.88548531,64.22871137387894,69.18475170669471,68.79340964803916
3855,sub-31,vision,5,14,2,2,0.6,0.3,0.05,0,57.33333333,2.68510956,64.25437893151407,58.20351886278328,57.804531737121685
3856,sub-31,vision,5,15,3,2,0.6,0.7,0.05,-1,44.0,2.835346589,64.28004648914921,68.08562742664643,68.4859048293164
3857,sub-31,vision,5,16,4,1,0.5,0.3,0.05,0,29.66666667,2.902063451,52.56159313751037,46.43538649309414,46.03647463198716
3858,sub-31,vision,5,17,5,1,0.5,0.7,0.05,0,30.66666667,2.184935245,52.58726069514551,56.594410381781785,56.9885557860177
3859,sub-31,vision,5,18,6,1,0.5,0.3,0.125,-1,63.33333333,2.86858995,52.61292825278065,47.36787537171558,47.767881174682934
3860,sub-31,vision,5,19,7,1,0.5,0.3,0.05,-1,67.0,2.968817011,52.63859581041579,46.24118111081787,45.848229483885724
3861,sub-31,vision,5,20,8,2,0.6,0.3,0.05,-1,80.33333333,2.868564137,64.4083842773249,58.09202342305524,57.69874950275462
3863,sub-31,vision,5,22,10,2,0.6,0.7,0.05,0,77.66666667,1.484440227,64.45971939259518,68.55553261741679,68.94902635653241
3864,sub-31,vision,5,23,11,2,0.6,0.3,0.125,-1,68.66666667,3.819324204,64.48538695023032,59.32899760735058,59.72835174519766
3865,sub-31,vision,5,24,12,1,0.5,0.7,0.05,-1,62.0,2.33498754,52.76693359859148,56.51048492290315,56.91026118956209
3866,sub-31,pain,6,1,1,2,48.0,0.7,0.125,1,77.0,1.81820585,63.756743459680905,70.69822372037993,70.609427130343
3867,sub-31,pain,6,2,2,1,47.0,0.3,0.125,1,62.0,2.168243901,48.323260610831184,42.783603324600506,42.873309839797834
3868,sub-31,pain,6,3,3,1,47.0,0.7,0.125,1,39.33333333,3.202360238,47.36298586754024,54.24969784873207,54.15949070004213
3869,sub-31,pain,6,4,4,2,48.0,0.3,0.125,0,65.66666667,2.201451497,60.87591922980807,54.95824138605966,55.04858644397626
3870,sub-31,pain,6,5,5,1,47.0,0.3,0.125,0,28.0,2.085023849,45.442436380958355,39.48471246104136,39.5737747409379
3871,sub-31,pain,6,6,6,1,47.0,0.3,0.05,1,85.33333333,0.683773196,44.48216163766741,38.246245478328945,38.15485136042749
3872,sub-31,pain,6,7,7,2,48.0,0.7,0.05,1,63.0,2.535165805,57.99509499993524,64.21087198084925,64.30186870672613
3873,sub-31,pain,6,8,8,2,48.0,0.3,0.05,1,38.66666667,2.43495616,57.034820256644295,50.79478356345857,50.70428888167833
3874,sub-31,pain,6,9,9,2,48.0,0.3,0.125,1,86.0,1.501037028,56.07454551335336,50.45715667658236,50.54712372473613
3875,sub-31,pain,6,10,10,1,47.0,0.7,0.125,0,70.66666667,3.185606382,40.641062664503636,47.05081919865471,46.95945669213215
3876,sub-31,pain,6,11,11,2,48.0,0.7,0.125,0,93.33333333,3.619168331,54.153996026771466,60.574354230413896,60.4840189406455
3877,sub-31,pain,6,12,12,1,47.0,0.7,0.05,1,83.33333333,4.053121207,38.720513177921745,44.83735526931273,44.92655809463773
3878,sub-31,vision,6,13,1,1,0.5,0.3,0.125,1,48.0,3.635864963,53.60128181667416,49.57649253711868,49.97260257520024
3879,sub-31,vision,6,14,2,2,0.6,0.3,0.125,0,80.0,1.234065084,65.37107028358328,60.365243194630466,60.75845663268641
3880,sub-31,vision,6,15,3,1,0.5,0.3,0.05,1,51.0,2.218297719,53.652616931944436,48.47736825707039,48.08043852231449
3881,sub-31,vision,6,16,4,2,0.6,0.7,0.125,0,67.66666667,3.802764102,65.42240539885356,70.55183706416753,70.15336619046539
3882,sub-31,vision,6,17,5,2,0.6,0.3,0.125,1,78.66666667,3.686007416,65.44807295648869,61.51004479190428,61.905585507803515
3883,sub-31,vision,6,18,6,2,0.6,0.7,0.05,1,64.66666667,2.651924045,65.47374051412383,70.5148044388448,70.91052733312537
3884,sub-31,vision,6,19,7,1,0.5,0.7,0.125,1,46.33333333,3.035479759,53.75528716248499,59.87336633005338,59.477462684625046
3885,sub-31,vision,6,20,8,2,0.6,0.3,0.05,1,68.33333333,2.468475067,65.52507562939411,60.4384904927054,60.04090909282922
3886,sub-31,vision,6,21,9,1,0.5,0.3,0.125,0,56.66666667,3.118844425,53.80662227775527,48.73496072918838,49.12783771710917
3887,sub-31,vision,6,22,10,2,0.6,0.7,0.125,1,72.33333333,2.885431507,65.57641074466439,71.77934860398955,71.38295797931687
3888,sub-31,vision,6,23,11,1,0.5,0.7,0.05,1,53.33333333,2.668574027,53.85795739302554,58.829382011703885,59.224933141725224
3889,sub-31,vision,6,24,12,1,0.5,0.7,0.125,0,46.66666667,2.001321748,53.88362495066068,58.94912457957484,58.55023491279961
3890,sub-32,vision,1,1,1,2,0.6,0.3,0.125,-1,30.66666667,1.984839301,59.91011505481506,55.480171763802,55.82188205238323
3891,sub-32,vision,1,2,2,2,0.6,0.7,0.125,-1,46.33333333,2.702021416,59.92471100230008,65.01258236956285,64.67907953408448
3892,sub-32,vision,1,3,3,2,0.6,0.3,0.05,0,45.66666667,2.885359886,59.9393069497851,54.572399769732776,54.23344832507357
3893,sub-32,vision,1,4,4,1,0.5,0.3,0.125,-1,29.0,2.518283931,47.892766532797,43.403144771602804,43.74573112052836
3894,sub-32,vision,1,5,5,1,0.5,0.7,0.05,-1,58.33333333,2.918819911,47.90736248028202,51.9042298061041,52.24733098912276
3895,sub-32,vision,1,6,6,2,0.6,0.7,0.05,-1,56.33333333,2.919046631,59.98309479224016,64.05499313993411,64.39834497629425
3896,sub-32,vision,1,7,7,1,0.5,0.7,0.125,-1,63.33333333,2.835559223,47.93655437525206,52.97242354817905,52.64036012988792
3897,sub-32,vision,1,8,8,2,0.6,0.3,0.05,-1,48.66666667,2.58516013,60.0122866872102,54.57788479039638,54.24534269334961
3898,sub-32,vision,1,9,9,1,0.5,0.7,0.05,0,56.66666667,3.202301162,47.9657462702221,52.06465155410982,52.40387849530912
3899,sub-32,vision,1,10,10,1,0.5,0.3,0.05,0,45.0,3.385898385,47.98034221770712,42.56910911916439,42.232160448535325
3900,sub-32,vision,1,11,11,1,0.5,0.3,0.05,-1,33.66666667,3.202369893,47.99493816519214,42.50085779819718,42.169191761494744
3901,sub-32,vision,1,12,12,2,0.6,0.7,0.05,0,70.66666667,4.019733354,60.07067047715027,64.25228305875524,64.59232401013892
3902,sub-32,pain,1,13,1,1,47.0,0.3,0.125,-1,48.0,2.084851461,53.787515900966994,47.82967063553343,47.88065528089358
3903,sub-32,pain,1,14,2,1,47.0,0.7,0.125,-1,91.0,0.984003951,52.86258299309718,58.6182561296141,58.569026474371476
3904,sub-32,pain,1,15,3,2,48.0,0.3,0.05,0,68.33333333,3.235676284,66.47863033202907,60.75371446732325,60.70510316618759
3905,sub-32,pain,1,16,4,2,48.0,0.3,0.05,-1,76.66666667,1.551154919,65.55369742415925,58.79146317606741,58.742198430745226
3906,sub-32,pain,1,17,5,1,47.0,0.7,0.05,-1,82.0,3.385650828,50.08778426948771,55.002456261727964,55.0529433419344
3907,sub-32,pain,1,18,6,2,48.0,0.3,0.125,-1,65.0,1.717970504,63.70383160841961,57.654817292179445,57.705442607338114
3908,sub-32,pain,1,19,7,1,47.0,0.3,0.05,0,48.0,2.985571398,48.23791845374808,42.37416545748386,42.32408521038551
3909,sub-32,pain,1,20,8,2,48.0,0.7,0.125,-1,94.33333333,1.634269437,61.85396579267998,67.4929136359053,67.44312150866519
3910,sub-32,pain,1,21,9,2,48.0,0.7,0.05,0,85.66666667,1.400977602,60.929032884810155,66.78985420962982,66.8406354038213
3911,sub-32,pain,1,22,10,1,47.0,0.3,0.05,-1,46.33333333,1.934602302,45.46311973013862,38.51093586551838,38.459795890641466
3912,sub-32,pain,1,23,11,2,48.0,0.7,0.05,-1,86.66666667,1.400969516,59.07916706907052,63.87711376801916,63.9270383762281
3913,sub-32,pain,1,24,12,1,47.0,0.7,0.05,0,90.66666667,3.385676641,43.61325391439898,49.360794350145255,49.410309740170064
3914,sub-32,pain,2,1,1,2,48.0,0.7,0.05,1,100.0,0.833913092,67.39630538653469,74.05245697905276,74.10494867311573
3915,sub-32,pain,2,2,2,1,47.0,0.7,0.05,1,92.0,1.234051923,51.93039223186315,58.524375420277835,58.57600759376618
3916,sub-32,pain,2,3,3,2,48.0,0.3,0.05,1,71.33333333,1.417710724,65.54643957079506,60.412404033907634,60.36387809827532
3917,sub-32,pain,2,4,4,1,47.0,0.3,0.125,0,66.66666667,3.669350091,50.08052641612352,44.92322919004921,44.97386341761744
3918,sub-32,pain,2,5,5,1,47.0,0.3,0.125,1,64.0,1.86795469,49.1555935082537,44.69816574159956,44.74887348766949
3919,sub-32,pain,2,6,6,1,47.0,0.7,0.125,0,67.33333333,2.952218358,48.23066060038388,54.761325533775064,54.7115423189445
3920,sub-32,pain,2,7,7,2,48.0,0.7,0.125,1,68.33333333,2.585048169,61.84670793931578,69.11385449374552,69.06480117619529
3921,sub-32,pain,2,8,8,2,48.0,0.3,0.125,1,66.0,3.119022124,60.92177503144596,56.42429069895521,56.4750453984157
3922,sub-32,pain,2,9,9,2,48.0,0.7,0.125,0,94.0,1.33437353,59.99684212357614,66.48745049113072,66.43771422969073
3923,sub-32,pain,2,10,10,1,47.0,0.3,0.05,1,63.0,3.435895291,44.530928968904604,39.18138757300378,39.130783266020735
3924,sub-32,pain,2,11,11,2,48.0,0.3,0.125,0,60.66666667,2.651954535,58.1469763078365,52.84739754598558,52.8972661597603
3925,sub-32,pain,2,12,12,1,47.0,0.7,0.125,1,73.66666667,3.15224019,42.68106315316497,49.78381633355131,49.73309092824236
3926,sub-32,vision,2,13,1,1,0.5,0.7,0.05,1,49.33333333,2.635364784,48.98333893699616,54.1024581978815,54.441104625951255
3927,sub-32,vision,2,14,2,2,0.6,0.7,0.125,0,60.33333333,3.085541884,61.0590712489543,66.13424815668839,65.79509344048773
3928,sub-32,vision,2,15,3,2,0.6,0.7,0.125,1,83.66666667,1.351001534,61.07366719643932,67.30298118837877,66.96643199005875
3929,sub-32,vision,2,16,4,1,0.5,0.3,0.125,0,47.33333333,2.935308587,49.02712677945122,44.52481055872835,44.86174502693162
3930,sub-32,vision,2,17,5,2,0.6,0.3,0.05,1,42.66666667,2.835580371,61.10285909140936,56.79454726758148,56.45783209400726
3931,sub-32,vision,2,18,6,1,0.5,0.7,0.125,0,57.66666667,2.168143561,49.056318674421256,54.07565524989689,53.73765827246202
3932,sub-32,vision,2,19,7,2,0.6,0.3,0.125,1,39.66666667,3.335689066,61.1320509863794,57.86274100965643,58.202813327503286
3933,sub-32,vision,2,20,8,1,0.5,0.3,0.125,1,51.0,3.168827142,49.085510569391296,45.74884584664183,46.08923086799011
3934,sub-32,vision,2,21,9,1,0.5,0.3,0.05,1,45.0,2.935484302,49.100106516876316,44.73595436078999,44.400396925981546
3935,sub-32,vision,2,22,10,2,0.6,0.7,0.05,1,81.0,3.602945681,61.17583882883446,66.40069421497314,66.74184472375599
3936,sub-32,vision,2,23,11,1,0.5,0.7,0.125,1,76.0,2.585137738,49.12929841184636,55.318124623218075,54.98385987734966
3937,sub-32,vision,2,24,12,2,0.6,0.3,0.125,0,44.33333333,3.435881607,61.20503072380449,56.80461249041228,57.143769360907214
3938,sub-32,pain,3,1,1,1,47.0,0.7,0.05,0,97.33333333,1.15093585,51.923134378498965,57.6827027334067,57.734070093598966
3939,sub-32,pain,3,2,2,2,48.0,0.3,0.05,-1,72.0,1.667762739,65.53918171743086,58.55896920613547,58.509728154816585
3940,sub-32,pain,3,3,3,1,47.0,0.3,0.05,-1,49.0,3.102290557,50.073268562759324,43.030887647360544,42.98078707546702
3941,sub-32,pain,3,4,4,1,47.0,0.7,0.05,-1,73.0,1.934712708,49.14833565488951,53.81947314144121,53.86978077385492
3942,sub-32,pain,3,5,5,2,48.0,0.3,0.125,-1,44.0,2.701836059,62.7643829938214,56.47183417189268,56.52228003925864
3943,sub-32,pain,3,6,6,1,47.0,0.7,0.125,-1,75.0,1.684540957,47.29846983914987,52.68282725755324,52.632402445537814
3944,sub-32,pain,3,7,7,2,48.0,0.7,0.05,-1,77.0,3.88611873,60.914517178081766,65.54559809879686,65.59595268460113
3945,sub-32,pain,3,8,8,1,47.0,0.3,0.05,0,44.33333333,2.501864609,45.44860402341023,39.29020403648747,39.239538058004364
3946,sub-32,pain,3,9,9,1,47.0,0.3,0.125,-1,28.0,2.852101079,44.52367111554041,38.092285162053294,38.14126208345656
3947,sub-32,pain,3,10,10,2,48.0,0.7,0.05,0,75.66666667,2.86858509,58.13971845447231,63.70589278863343,63.756088251440154
3948,sub-32,pain,3,11,11,2,48.0,0.7,0.125,-1,86.33333333,1.434338728,57.21478554660249,62.507973914199255,62.45718977198235
3949,sub-32,pain,3,12,12,2,48.0,0.3,0.05,0,47.33333333,2.451861795,56.28985263873267,50.06583984348829,50.01501767659973
3950,sub-32,vision,3,13,1,1,0.5,0.3,0.05,0,36.33333333,2.068170898,50.11769918365038,44.47316311199633,44.13237748513996
3951,sub-32,vision,3,14,2,2,0.6,0.3,0.05,-1,33.66666667,2.551862137,62.193431495608515,56.53724103945143,56.20170702144171
3952,sub-32,vision,3,15,3,1,0.5,0.3,0.125,-1,41.66666667,2.068281614,50.14689107862041,45.45467144769637,45.795674267766245
3953,sub-32,vision,3,16,4,2,0.6,0.7,0.125,-1,70.66666667,1.867958422,62.222623390578555,67.11941130187952,66.78516997280983
3954,sub-32,vision,3,17,5,2,0.6,0.3,0.05,0,59.0,2.635317512,62.237219338063575,56.67922870204945,56.33953876379893
3955,sub-32,vision,3,18,6,2,0.6,0.7,0.05,0,77.33333333,3.619322085,62.251815285548595,66.2116393078103,66.54868833823103
3956,sub-32,vision,3,19,7,1,0.5,0.3,0.05,-1,42.0,2.201508108,50.205274868560494,44.49708221806764,44.16298761724516
3957,sub-32,vision,3,20,8,1,0.5,0.7,0.125,-1,68.33333333,3.836256488,50.219870816045514,55.06081839508803,54.72773480478411
3958,sub-32,vision,3,21,9,1,0.5,0.7,0.05,0,70.66666667,1.935061962,50.234466763530534,54.13461231561109,54.47253740637617
3959,sub-32,vision,3,22,10,1,0.5,0.7,0.05,-1,63.66666667,3.819391501,50.249062711015554,54.06636099464389,54.40956871933558
3960,sub-32,vision,3,23,11,2,0.6,0.7,0.05,-1,81.66666667,1.63441623,62.32479502297369,66.2171243284739,66.56058270650708
3961,sub-32,vision,3,24,12,2,0.6,0.3,0.125,-1,54.0,3.152141292,62.33939097045871,57.75290746478801,58.09641436557099
3962,sub-32,vision,4,1,1,2,0.6,0.7,0.05,1,64.33333333,2.501898819,63.31319579477772,68.30474820780509,68.64206176036063
3963,sub-32,vision,4,2,2,1,0.5,0.7,0.125,1,80.33333333,3.702583396,51.266655377789625,57.22217861605002,56.884076913954296
3964,sub-32,vision,4,3,3,1,0.5,0.3,0.05,1,44.0,2.902206524,51.28125132527464,46.695310609845045,46.35676125407365
3965,sub-32,vision,4,4,4,2,0.6,0.7,0.125,0,63.33333333,2.384959783,63.35698363723278,68.24107708900507,67.9011838792131
3966,sub-32,vision,4,5,5,2,0.6,0.3,0.05,1,48.66666667,3.419103078,63.3715795847178,58.86450802908276,58.5264910050743
3967,sub-32,vision,4,6,6,2,0.6,0.3,0.125,1,51.66666667,3.302403513,63.38617553220282,59.91426768575001,60.252756474741176
3968,sub-32,vision,4,7,7,2,0.6,0.7,0.125,1,77.0,2.485092301,63.40077147968784,69.44667829151085,69.10995395644241
3969,sub-32,vision,4,8,8,1,0.5,0.3,0.125,0,79.33333333,3.952793089,51.35423106269974,46.66850766186044,47.00526699331529
3970,sub-32,vision,4,9,9,2,0.6,0.3,0.125,0,51.0,2.13481229,63.42996337465788,58.81927099569045,59.156280980486784
3971,sub-32,vision,4,10,10,1,0.5,0.7,0.05,1,52.66666667,2.651763269,51.38342295766978,56.338325728052105,56.6782054114807
3972,sub-32,vision,4,11,11,1,0.5,0.7,0.125,0,70.33333333,2.218336086,51.3980189051548,56.237786438436686,55.89989600267484
3973,sub-32,vision,4,12,12,1,0.5,0.3,0.125,1,36.66666667,2.11812022,51.41261485263982,47.89254294977392,48.23275283437377
3974,sub-32,pain,4,13,1,1,47.0,0.7,0.125,0,73.0,2.134999513,50.990943617264946,57.380299014907585,57.33114891946838
3975,sub-32,pain,4,14,2,2,48.0,0.7,0.05,1,82.66666667,2.284967216,64.60699095619684,70.96849555805638,71.02040152073458
3976,sub-32,pain,4,15,3,2,48.0,0.7,0.125,1,85.33333333,1.85135903,63.68205804832702,70.78233882452322,70.73371548456832
3977,sub-32,pain,4,16,4,1,47.0,0.7,0.05,1,60.33333333,2.701789098,48.21614489365549,54.48992484892662,54.54076814923419
3978,sub-32,pain,4,17,5,1,47.0,0.3,0.05,1,44.33333333,2.601847535,47.291211985785665,41.80036105413631,41.750389866544616
3979,sub-32,pain,4,18,6,2,48.0,0.3,0.125,1,45.33333333,2.768648814,60.907259324717565,56.191796729023274,56.24257512248707
3980,sub-32,pain,4,19,7,2,48.0,0.3,0.125,0,53.33333333,2.93554246,59.98232641684775,54.51588187676328,54.566180468133346
3981,sub-32,pain,4,20,8,2,48.0,0.7,0.125,0,70.33333333,1.93469778,59.05739350897793,65.30446737084395,65.25455166161125
3982,sub-32,pain,4,21,9,2,48.0,0.3,0.05,1,53.33333333,2.001427808,58.13246060110811,52.575996861137135,52.525869485139985
3983,sub-32,pain,4,22,10,1,47.0,0.3,0.125,0,28.33333333,2.001454865,42.666547446436574,37.08682201727871,37.1358548044821
3984,sub-32,pain,4,23,11,1,47.0,0.7,0.125,1,68.0,2.051461722,41.74161453856676,48.60083321326455,48.549928360162895
3985,sub-32,pain,4,24,12,1,47.0,0.3,0.125,1,17.0,1.417728452,40.816681630696934,35.91126941847424,35.960172582383315
3986,sub-32,vision,5,1,1,1,0.5,0.3,0.05,0,24.0,3.269187002,52.38641967695882,46.543123873497606,46.201036396207
3987,sub-32,vision,5,2,2,2,0.6,0.3,0.05,0,48.33333333,2.568653106,64.46215198891696,58.69388720732762,58.3520503833785
3988,sub-32,vision,5,3,3,1,0.5,0.3,0.125,-1,48.0,3.152220908,52.415611571928864,47.52463220919765,47.86433317883329
3989,sub-32,vision,5,4,4,2,0.6,0.7,0.125,-1,67.0,3.969709391,64.491343883887,69.1893720633808,68.85382888387687
3990,sub-32,vision,5,5,5,1,0.5,0.7,0.125,-1,75.0,2.151459265,52.4448034668989,57.07547690036619,56.74024642436369
3991,sub-32,vision,5,6,6,1,0.5,0.7,0.05,-1,72.33333333,2.468401474,52.45939941438392,56.06258541451435,56.403364575086
3992,sub-32,vision,5,7,7,2,0.6,0.7,0.05,0,57.33333333,2.485228519,64.53513172634206,68.30003415471927,68.63606301312723
3993,sub-32,vision,5,8,8,1,0.5,0.3,0.05,-1,33.0,4.152878987,52.48859130935396,46.585477064976615,46.25036229214136
3994,sub-32,vision,5,9,9,2,0.6,0.3,0.05,-1,43.0,2.234938588,64.5643236213121,58.736240398806636,58.401376279312856
3995,sub-32,vision,5,10,10,2,0.6,0.3,0.125,-1,59.66666667,3.319071325,64.57891956879712,59.786000055473885,60.12764174897973
3996,sub-32,vision,5,11,11,1,0.5,0.7,0.05,0,73.33333333,3.686007951,52.53237915180902,56.24144124792778,56.57862784510152
3997,sub-32,vision,5,12,12,2,0.6,0.7,0.05,-1,75.33333333,1.801278776,64.60811146376716,68.30551917538288,68.64795738140327
3998,sub-32,pain,5,13,1,2,48.0,0.7,0.125,-1,92.0,1.250918154,64.59973310283264,69.87939314710589,69.83025783326043
3999,sub-32,pain,5,14,2,1,47.0,0.7,0.05,0,71.66666667,1.517808099,49.13381994816112,54.59874131241031,54.64952294121782
4000,sub-32,pain,5,15,3,2,48.0,0.7,0.05,-1,59.66666667,3.052268771,62.74986728709301,67.21408242957457,67.26486699297418
4001,sub-32,pain,5,16,4,1,47.0,0.3,0.125,-1,47.0,2.885440747,47.28395413242148,40.71125864318583,40.76086868398044
4002,sub-32,pain,5,17,5,1,47.0,0.7,0.125,-1,74.66666667,1.818003812,46.359021224551654,51.4998441372665,51.449239877458346
4003,sub-32,pain,5,18,6,2,48.0,0.7,0.05,0,49.33333333,2.301502852,59.97506856348355,65.37437711941114,65.4250025598132
4004,sub-32,pain,5,19,7,1,47.0,0.3,0.05,0,27.0,1.784779215,44.50915540881202,38.10722091620072,38.05637548992489
4005,sub-32,pain,5,20,8,1,47.0,0.7,0.05,-1,50.0,2.752036982,43.584222500942204,47.88404426938036,47.93315674502126
4006,sub-32,pain,5,21,9,1,47.0,0.3,0.05,-1,38.33333333,2.118123641,42.65928959307239,35.19448047459005,35.142778462331684
4007,sub-32,pain,5,22,10,2,48.0,0.3,0.125,-1,31.0,3.586031867,56.27533693200428,49.585916149477015,49.63496371827414
4008,sub-32,pain,5,23,11,2,48.0,0.3,0.05,-1,47.66666667,2.43503475,55.35040402413446,47.87109458230052,47.819642665228734
4009,sub-32,pain,5,24,12,2,48.0,0.3,0.05,0,25.66666667,2.951949031,54.425471116264646,47.93236757284673,47.881162816369425
4010,sub-32,vision,6,1,1,1,0.5,0.3,0.05,1,37.0,2.735209937,53.52077992361304,48.72840320053091,48.38798863748238
4011,sub-32,vision,6,2,2,2,0.6,0.3,0.125,0,61.66666667,2.552137062,65.59651223557118,60.7601931593378,61.09392954474973
4012,sub-32,vision,6,3,3,2,0.6,0.7,0.05,1,63.66666667,2.335070795,65.61110818305619,70.41157714012178,70.74815219908598
4013,sub-32,vision,6,4,4,2,0.6,0.3,0.125,1,57.33333333,3.11878483,65.62570413054121,61.94736027643588,62.2839838581499
4014,sub-32,vision,6,5,5,1,0.5,0.3,0.125,1,43.66666667,3.352642377,53.579163713553115,49.83346511342127,50.17040139863672
4015,sub-32,vision,6,6,6,1,0.5,0.7,0.05,1,74.0,2.068276327,53.593759661038135,58.33455014792257,58.67200126723111
4016,sub-32,vision,6,7,7,1,0.5,0.7,0.125,0,50.0,1.984809134,53.608355608523155,58.23401085830715,57.89369185842526
4017,sub-32,vision,6,8,8,1,0.5,0.7,0.125,1,71.0,3.90304685,53.622951556008175,59.402743889997524,59.065030407996275
4018,sub-32,vision,6,9,9,1,0.5,0.3,0.125,0,57.0,3.752610157,53.637547503493195,48.75690250876942,49.092641668211485
4019,sub-32,vision,6,10,10,2,0.6,0.7,0.125,0,89.33333333,3.335732295,65.71327981545133,70.42164236295257,70.08213737325507
4020,sub-32,vision,6,11,11,2,0.6,0.7,0.125,1,85.33333333,1.734484059,65.72787576293635,71.59037539464295,71.25347592282607
4021,sub-32,vision,6,12,12,2,0.6,0.3,0.05,1,48.33333333,3.485859541,65.74247171042137,61.06350738843796,60.726160262945434
4022,sub-32,pain,6,13,1,1,47.0,0.7,0.05,1,77.33333333,2.93559222,49.126562094796924,55.20792002934951,55.25899016545639
4023,sub-32,pain,6,14,2,1,47.0,0.3,0.125,0,15.0,2.702079884,48.20162918692711,42.55726294947571,42.607538281458496
4024,sub-32,pain,6,15,3,2,48.0,0.3,0.125,1,50.0,2.084840887,61.817676525859,56.90979190944617,56.96079713870927
4025,sub-32,pain,6,16,4,1,47.0,0.7,0.125,1,39.33333333,2.368461777,46.35176337118747,53.120784995106725,53.07091954498844
4026,sub-32,pain,6,17,5,1,47.0,0.3,0.125,1,8.333333333,2.084806677,45.42683046331764,40.431221200316415,40.48116376720887
4027,sub-32,pain,6,18,6,2,48.0,0.3,0.05,1,35.0,2.23494232,59.04287780224954,53.29399204156003,53.244091501362185
4028,sub-32,pain,6,19,7,1,47.0,0.7,0.125,0,50.33333333,3.018958027,43.57696464757801,49.54389184213709,49.49314030633304
4029,sub-32,pain,6,20,8,2,48.0,0.7,0.125,0,56.0,3.235653891,57.19301198650991,63.17099510020238,63.12069680138093
4030,sub-32,pain,6,21,9,2,48.0,0.3,0.125,0,46.33333333,2.935267534,56.268079078640085,50.48143130541207,50.53094102360135
4031,sub-32,pain,6,22,10,2,48.0,0.7,0.05,1,72.33333333,1.851149726,55.34314617077027,61.23111008457624,61.28100832329758
4032,sub-32,pain,6,23,11,1,47.0,0.3,0.05,1,25.66666667,1.767869444,39.877233016098735,33.96395388136582,33.91238125340927
4033,sub-32,pain,6,24,12,2,48.0,0.7,0.125,1,48.0,3.16896616,53.493280355030635,60.09446420068827,60.04362999498047
4034,sub-33,vision,1,1,1,2,0.6,0.7,0.05,0,75.0,2.58515488,59.797299045631,63.91973049198575,64.28680841158476
4035,sub-33,vision,1,2,2,2,0.6,0.3,0.05,0,75.0,0.450290166,59.8222375808745,54.35211876847218,53.98190331780202
4036,sub-33,vision,1,3,3,1,0.5,0.3,0.05,-1,50.33333333,1.867915967,47.68860065646199,42.088520808403196,41.72420121281304
4037,sub-33,vision,1,4,4,2,0.6,0.7,0.125,-1,77.66666667,2.168297568,59.87211465136149,65.07813177096241,64.71491736389613
4038,sub-33,vision,1,5,5,1,0.5,0.7,0.125,-1,70.33333333,1.534440194,47.73847772694899,52.87828538910659,52.51549712215268
4039,sub-33,vision,1,6,6,1,0.5,0.3,0.125,-1,45.0,2.151630901,47.763416262192486,43.310673665593015,43.684859467523324
4040,sub-33,vision,1,7,7,2,0.6,0.3,0.05,-1,38.66666667,2.702267525,59.946930257091985,54.437795582950955,54.074885172177005
4041,sub-33,vision,1,8,8,2,0.6,0.7,0.05,-1,69.66666667,2.285032033,59.971868792335485,64.0651786635413,64.44029575300794
4042,sub-33,vision,1,9,9,1,0.5,0.7,0.05,0,67.33333333,2.101768365,47.838231867922985,51.92908385989864,52.29915737451002
4043,sub-33,vision,1,10,10,1,0.5,0.3,0.05,0,34.0,2.618504696,47.86317040316648,42.36147213638507,41.99425228072728
4044,sub-33,vision,1,11,11,2,0.6,0.3,0.125,-1,45.66666667,2.768601107,60.04668439806598,55.689834118679165,56.06579617041139
4045,sub-33,vision,1,12,12,1,0.5,0.7,0.05,-1,75.33333333,2.11824252,47.91304747365348,51.95498931730063,52.331633741836804
4046,sub-33,pain,1,13,1,1,47.0,0.7,0.05,0,91.66666667,3.469082851,53.90899536017339,60.10230584876422,60.109956863893316
4047,sub-33,pain,1,14,2,2,48.0,0.3,0.05,-1,81.33333333,1.834663183,67.59075085016096,60.711569823459556,60.70430887807249
4048,sub-33,pain,1,15,3,1,47.0,0.3,0.05,-1,68.0,2.318330534,52.050111258520026,45.1076969909966,45.10031247775859
4049,sub-33,pain,1,16,4,2,48.0,0.7,0.05,-1,84.0,3.102312621,65.7318667485076,70.97706330912526,70.9846645697361
4050,sub-33,pain,1,17,5,2,48.0,0.7,0.05,0,83.66666667,2.034817441,64.80242469768092,70.93005761389925,70.93770111441282
4051,sub-33,pain,1,18,6,2,48.0,0.3,0.125,-1,58.0,3.26901412,63.87298264685423,57.66319164264664,57.67069539403066
4052,sub-33,pain,1,19,7,1,47.0,0.3,0.125,-1,1.333333333,2.28485134,48.33234305521329,42.05931881018368,42.06669899371677
4053,sub-33,pain,1,20,8,1,47.0,0.3,0.05,0,51.0,2.585237918,47.40290100438661,41.23979444190826,41.2323473025998
4054,sub-33,pain,1,21,9,2,48.0,0.3,0.05,0,54.66666667,2.051396716,61.08465649437418,54.93321884744006,54.925842842995934
4055,sub-33,pain,1,22,10,1,47.0,0.7,0.125,-1,62.33333333,2.73522641,45.54401690273324,51.3695880823838,51.362062717741175
4056,sub-33,pain,1,23,11,2,48.0,0.7,0.125,-1,2.0,3.736065808,59.22577239272081,65.0630124879156,65.05555825813731
4057,sub-33,pain,1,24,12,1,47.0,0.7,0.05,-1,72.66666667,2.101556883,43.685132801079874,48.68662098240322,48.693915159710066
4058,sub-33,vision,2,1,1,1,0.5,0.3,0.125,0,41.0,1.501307769,48.804228649384775,44.289783773534495,44.655953541223234
4059,sub-33,vision,2,2,2,2,0.6,0.3,0.125,1,46.33333333,2.251558438,60.987742644284275,57.69337807413419,58.06241273785014
4060,sub-33,vision,2,3,3,2,0.6,0.3,0.125,0,38.0,2.368386826,61.012681179527775,56.57928719100548,56.94613201353899
4061,sub-33,vision,2,4,4,2,0.6,0.7,0.125,1,52.33333333,2.902132239,61.03761971477127,67.35064683326291,66.9838086230518
4062,sub-33,vision,2,5,5,1,0.5,0.3,0.05,1,34.0,2.051449897,48.90398279035877,44.42080722778047,44.05359795901692
4063,sub-33,vision,2,6,6,2,0.6,0.7,0.125,0,51.33333333,2.535067177,61.08749678525827,66.2664416286726,65.89778064226475
4064,sub-33,vision,2,7,7,2,0.6,0.3,0.05,1,42.0,1.967968837,61.11243532050176,56.710310645251454,56.34377643133267
4065,sub-33,vision,2,8,8,1,0.5,0.3,0.125,1,29.66666667,1.701230329,48.97879839608926,45.6429600849703,46.0142562137272
4066,sub-33,vision,2,9,9,2,0.6,0.7,0.05,1,59.66666667,1.667943024,61.16231239098876,66.36757940438018,66.73943975568771
4067,sub-33,vision,2,10,10,1,0.5,0.7,0.125,0,71.66666667,3.335888225,49.02867546657625,54.156252282431936,53.789118631093615
4068,sub-33,vision,2,11,11,1,0.5,0.7,0.125,1,62.66666667,2.284981962,49.05361400181975,55.33011452263741,54.965904842452964
4069,sub-33,vision,2,12,12,1,0.5,0.7,0.05,1,71.33333333,1.317459103,49.07855253706325,54.227504379601136,54.60052500099247
4070,sub-33,pain,2,13,1,2,48.0,0.7,0.125,1,100.0,2.41840673,67.35638725655402,74.97022199498504,74.96310951855114
4071,sub-33,pain,2,14,2,1,47.0,0.3,0.05,1,53.66666667,2.218231013,51.81574766491308,46.4178885768758,46.4106098685425
4072,sub-33,pain,2,15,3,2,48.0,0.3,0.125,0,75.33333333,1.818059339,65.49750315490066,60.14332071905926,60.15094306054636
4073,sub-33,pain,2,16,4,1,47.0,0.7,0.125,1,88.0,2.468553524,49.956863563259716,57.455900735590916,57.44861225831947
4074,sub-33,pain,2,17,5,1,47.0,0.3,0.125,1,66.33333333,1.78459694,49.02742151243303,44.32473460952846,44.33224681445956
4075,sub-33,pain,2,18,6,2,48.0,0.3,0.125,1,81.0,1.884582323,62.7091770024206,58.01815901506025,58.025742354855694
4076,sub-33,pain,2,19,7,1,47.0,0.7,0.05,1,91.66666667,1.918035081,47.16853741077966,53.817709422144745,53.82521427032949
4077,sub-33,pain,2,20,8,2,48.0,0.7,0.125,0,85.0,3.085882005,60.850292900767236,67.54314156432821,67.53580592465302
4078,sub-33,pain,2,21,9,1,47.0,0.7,0.125,0,78.0,2.118246563,45.3096533091263,51.939268731865255,51.93180952433912
4079,sub-33,pain,2,22,10,2,48.0,0.3,0.05,1,73.33333333,0.96761927,58.99140879911387,53.42474348814851,53.417352399226495
4080,sub-33,pain,2,23,11,1,47.0,0.3,0.125,0,76.66666667,2.101552528,43.45076920747293,37.85287839233722,37.86019365052032
4081,sub-33,pain,2,24,12,2,48.0,0.7,0.05,1,91.66666667,2.385078684,57.132524697460504,63.69023697381421,63.69770809089011
4082,sub-33,pain,3,1,1,1,47.0,0.3,0.125,-1,99.66666667,1.234472538,51.58138407130613,45.203139926529765,45.210620377476985
4083,sub-33,pain,3,2,2,1,47.0,0.7,0.05,0,85.66666667,1.884613423,50.65194202047945,56.55955747085121,56.56712523794139
4084,sub-33,pain,3,3,3,1,47.0,0.7,0.05,-1,84.0,2.985493562,49.722499969652766,54.696114739146054,54.703587833346916
4085,sub-33,pain,3,4,4,2,48.0,0.3,0.125,-1,87.66666667,2.651955278,63.40425545964034,56.98611590513039,56.99361505795536
4086,sub-33,pain,3,5,5,2,48.0,0.7,0.125,-1,93.33333333,1.617817379,62.47481340881366,68.20683360426167,68.19947964189753
4087,sub-33,pain,3,6,6,2,48.0,0.3,0.05,0,82.33333333,3.152296759,61.54537135798697,55.21136732338938,55.20401293687952
4088,sub-33,pain,3,7,7,1,47.0,0.3,0.05,-1,76.66666667,1.484401008,46.00473176634603,38.69927597268685,38.691729561930025
4089,sub-33,pain,3,8,8,2,48.0,0.7,0.05,0,73.0,2.518551658,59.686487256333606,65.47686080905508,65.48436862854314
4090,sub-33,pain,3,9,9,2,48.0,0.7,0.05,-1,75.66666667,2.418744169,58.75704520550692,63.613418077349934,63.62083122394866
4091,sub-33,pain,3,10,10,1,47.0,0.7,0.125,-1,78.0,2.568470797,43.21640561386598,48.782063917936384,48.77448152174812
4092,sub-33,pain,3,11,11,2,48.0,0.3,0.05,-1,97.33333333,2.568565653,56.89816110385355,49.527027737821896,49.519473812449526
4093,sub-33,pain,3,12,12,1,47.0,0.3,0.05,0,78.33333333,2.451823723,41.357521512212614,34.83137342359851,34.82376438677124
4094,sub-33,vision,3,13,1,2,0.6,0.7,0.05,-1,61.33333333,1.751360328,62.12830917245056,65.98555275861307,66.35667840448902
4095,sub-33,vision,3,14,2,1,0.5,0.3,0.125,-1,53.0,2.101492194,49.99467224803806,45.320704796279955,45.69200034957671
4096,sub-33,vision,3,15,3,2,0.6,0.3,0.05,0,62.66666667,2.452039249,62.17818624293756,56.511578291851066,56.140307917475916
4097,sub-33,vision,3,16,4,1,0.5,0.3,0.05,-1,64.0,2.301671643,50.04454931852505,44.24798033178207,43.882605812486936
4098,sub-33,vision,3,17,5,2,0.6,0.3,0.05,-1,48.0,2.501796666,62.22806331342455,56.507598070714664,56.14253154127859
4099,sub-33,vision,3,18,6,2,0.6,0.7,0.05,0,77.0,2.16815264,62.25300184866805,66.19873272951818,66.56622398535505
4100,sub-33,vision,3,19,7,1,0.5,0.7,0.05,0,65.0,1.56772159,50.11936492425554,53.998886347662356,54.36680374361161
4101,sub-33,vision,3,20,8,1,0.5,0.7,0.05,-1,75.33333333,2.385009019,50.14430345949904,53.96502044798757,54.33877462389019
4102,sub-33,vision,3,21,9,2,0.6,0.7,0.125,-1,82.66666667,2.885358587,62.32781745439854,67.35713400849482,66.99433293766644
4103,sub-33,vision,3,22,10,2,0.6,0.3,0.125,-1,33.0,1.517800896,62.352755989642034,57.78952228498126,58.16369528303708
4104,sub-33,vision,3,23,11,1,0.5,0.7,0.125,-1,73.66666667,2.518401132,50.219119065229535,55.187173305177396,54.82516543944709
4105,sub-33,vision,3,24,12,1,0.5,0.3,0.05,0,59.66666667,2.101448031,50.244057600473035,44.55081733830233,44.18290962392528
4106,sub-33,pain,4,1,1,2,48.0,0.3,0.05,1,100.0,1.767976924,65.02877596768677,59.434237244891335,59.42702507286335
4107,sub-33,pain,4,2,2,1,47.0,0.3,0.125,0,82.0,2.485076196,49.48813637604583,43.862372149080045,43.86986632415718
4108,sub-33,pain,4,3,3,2,48.0,0.7,0.125,1,100.0,0.967349941,63.169891866033396,70.47224940360644,70.46502746264032
4109,sub-33,pain,4,4,4,2,48.0,0.3,0.125,1,82.33333333,2.71867948,62.240449815206716,57.341083277543994,57.3486620187804
4110,sub-33,pain,4,5,5,1,47.0,0.7,0.125,1,92.0,1.450947627,46.69981022356578,53.91315235767791,53.90578063236755
4111,sub-33,pain,4,6,6,2,48.0,0.3,0.125,0,100.0,1.534722585,60.38156571355335,54.69012391421509,54.69761057467668
4112,sub-33,pain,4,7,7,1,47.0,0.7,0.125,0,90.66666667,1.067417429,44.84092612191241,51.262192994349,51.25472918826383
4113,sub-33,pain,4,8,8,2,48.0,0.7,0.05,1,89.33333333,3.235594638,58.52268161189998,64.92360966322912,64.93112861473257
4114,sub-33,pain,4,9,9,2,48.0,0.7,0.125,0,100.0,0.933973378,57.5932395610733,64.00039318641521,63.99297429870109
4115,sub-33,pain,4,10,10,1,47.0,0.3,0.125,1,85.33333333,3.085571935,42.05259996943236,36.961089377753126,36.96841346867212
4116,sub-33,pain,4,11,11,1,47.0,0.7,0.05,1,84.33333333,1.584639236,41.12315791860567,47.40928840383499,47.41663135450093
4117,sub-33,pain,4,12,12,1,47.0,0.3,0.05,1,52.66666667,1.95143217,40.19371586777899,34.27812227777254,34.27052437296067
4118,sub-33,vision,4,13,1,2,0.6,0.7,0.05,1,78.0,2.084989426,63.29381423586033,68.25806782091358,68.6255696636447
4119,sub-33,vision,4,14,2,1,0.5,0.7,0.125,1,61.33333333,1.951288176,51.16017731144783,57.19071726063242,56.82178200688585
4120,sub-33,vision,4,15,3,2,0.6,0.3,0.125,0,65.66666667,2.034786963,63.343691306347324,58.70886103584596,59.07428386968879
4121,sub-33,vision,4,16,4,2,0.6,0.3,0.05,1,53.66666667,2.685037942,63.368629841590824,58.75022745447678,58.381170056910165
4122,sub-33,vision,4,17,5,1,0.5,0.7,0.125,0,79.33333333,1.867938048,51.234992917178324,56.136397734580484,55.7660067696229
4123,sub-33,vision,4,18,6,2,0.6,0.7,0.125,0,75.33333333,1.784665671,63.418506912077824,68.39601547351309,68.02593249841455
4124,sub-33,vision,4,19,7,1,0.5,0.3,0.05,1,30.33333333,1.884640791,51.28486998766532,46.610152429697735,46.24225530221492
4125,sub-33,vision,4,20,8,2,0.6,0.3,0.125,1,53.66666667,2.902034895,63.468383982564816,60.00226599020499,60.37208105514455
4126,sub-33,vision,4,21,9,2,0.6,0.7,0.125,1,74.66666667,1.434418424,63.493322517808316,69.62964907079534,69.26322419682211
4127,sub-33,vision,4,22,10,1,0.5,0.3,0.125,0,41.0,2.034765504,51.35968559339581,46.68832872522046,47.056380089089956
4128,sub-33,vision,4,23,11,1,0.5,0.7,0.05,1,76.0,2.084774212,51.38462412863931,56.32719254590324,56.69842411361817
4129,sub-33,vision,4,24,12,1,0.5,0.3,0.125,1,69.0,2.151470424,51.40956266388281,47.89207664396433,48.26341904397341
4130,sub-33,vision,5,1,1,2,0.6,0.3,0.05,0,44.33333333,2.335360453,64.45931929927012,58.581380779614776,58.207954286577504
4131,sub-33,vision,5,2,2,1,0.5,0.3,0.05,-1,33.0,2.568574983,52.325682374857614,46.31778281954578,45.950252181588525
4132,sub-33,vision,5,3,3,2,0.6,0.3,0.05,-1,28.66666667,2.434978852,64.5091963697571,58.57740055847839,58.21017791038018
4133,sub-33,vision,5,4,4,2,0.6,0.7,0.05,0,45.66666667,2.751956833,64.53413490500061,68.2685352172819,68.63387035445665
4134,sub-33,vision,5,5,5,2,0.6,0.3,0.125,-1,41.0,2.018114076,64.5590734402441,59.76966773712982,60.14058342156636
4135,sub-33,vision,5,6,6,1,0.5,0.7,0.125,-1,60.66666667,2.535253157,52.4254365158316,57.16731875732595,56.802053577976366
4136,sub-33,vision,5,7,7,2,0.6,0.7,0.125,-1,45.0,1.951699322,64.6089505107311,69.42693649625855,69.06197930676802
4137,sub-33,vision,5,8,8,2,0.6,0.7,0.05,-1,49.33333333,2.118203023,64.6338890459746,68.32432635322228,68.69659946530753
4138,sub-33,vision,5,9,9,1,0.5,0.7,0.05,0,65.66666667,3.035682963,52.5002521215621,56.18823154957961,56.5554610868096
4139,sub-33,vision,5,10,10,1,0.5,0.3,0.05,0,48.66666667,1.78463115,52.52519065680559,46.62061982606605,46.250555993026865
4140,sub-33,vision,5,11,11,1,0.5,0.7,0.05,-1,65.66666667,1.767978168,52.55012919204909,56.184251328443224,56.557684710612286
4141,sub-33,vision,5,12,12,1,0.5,0.3,0.125,-1,35.0,1.484422467,52.57506772729259,47.74913542650432,48.122679640967526
4142,sub-33,pain,5,13,1,1,47.0,0.7,0.05,-1,100.0,0.934099023,49.25377278243888,54.01903900162979,54.02650749727162
4143,sub-33,pain,5,14,2,2,48.0,0.3,0.125,-1,100.0,1.901380233,62.93552827242645,56.309040167614135,56.316534721880075
4144,sub-33,pain,5,15,3,1,47.0,0.7,0.05,0,86.33333333,2.568548859,47.39488868078551,53.01680909293821,53.02429361198947
4145,sub-33,pain,5,16,4,2,48.0,0.7,0.05,0,87.66666667,2.768558811,61.076644170773086,66.71023349847,66.7177891523856
4146,sub-33,pain,5,17,5,2,48.0,0.7,0.125,-1,95.0,1.918166636,60.1472021199464,65.61930943981426,65.61189844590449
4147,sub-33,pain,5,18,6,1,47.0,0.7,0.125,-1,85.33333333,1.63455682,44.60656252830546,50.0154366073513,50.00790204559058
4148,sub-33,pain,5,19,7,1,47.0,0.3,0.05,0,78.0,1.768105679,43.67712047747878,37.01997032647901,37.01243534057258
4149,sub-33,pain,5,20,8,2,48.0,0.3,0.05,0,95.33333333,2.768712135,57.35887596746635,50.7133947320108,50.705930880968715
4150,sub-33,pain,5,21,9,1,47.0,0.3,0.05,-1,56.33333333,2.134756173,41.818236375825414,34.201303381308264,34.193647506019225
4151,sub-33,pain,5,22,10,2,48.0,0.3,0.05,-1,77.0,2.084756173,55.49999186581299,47.89472778684006,47.88714304641536
4152,sub-33,pain,5,23,11,2,48.0,0.7,0.05,-1,86.0,2.118082976,54.5705498149863,59.11544548597134,59.12274916803786
4153,sub-33,pain,5,24,12,1,47.0,0.3,0.125,-1,60.33333333,2.068195248,39.02991022334536,32.10814941396093,32.11528445193628
4154,sub-33,vision,6,1,1,2,0.6,0.3,0.125,1,70.33333333,2.184914163,65.6248243626799,61.922640085276775,62.28846370662563
4155,sub-33,vision,6,2,2,1,0.5,0.3,0.05,1,63.0,2.485184114,53.491187438267396,48.59029788184629,48.219143440744205
4156,sub-33,vision,6,3,3,2,0.6,0.7,0.125,0,69.0,1.56779903,65.67470143316689,70.43593228273842,70.06332612399204
4157,sub-33,vision,6,4,4,2,0.6,0.7,0.05,1,67.66666667,1.917949866,65.6996399684104,70.47729870136924,70.8444797503668
4158,sub-33,vision,6,5,5,1,0.5,0.7,0.125,1,69.66666667,1.417739317,53.56600304399789,59.40994814108807,59.040692093607944
4159,sub-33,vision,6,6,6,2,0.6,0.7,0.125,1,75.66666667,1.634530696,65.74951703889738,71.66956588002067,71.3006178223996
4160,sub-33,vision,6,7,7,2,0.6,0.3,0.05,1,71.66666667,2.301626858,65.77445557414089,60.96945833493243,60.60008014363226
4161,sub-33,vision,6,8,8,1,0.5,0.7,0.125,0,70.66666667,2.284997201,53.64081864972838,58.35562861503614,57.984916856344995
4162,sub-33,vision,6,9,9,1,0.5,0.3,0.125,0,46.66666667,1.984773279,53.66575718497188,48.78801689152257,49.15427920171564
4163,sub-33,vision,6,10,10,1,0.5,0.3,0.125,1,56.33333333,1.868063382,53.69069572021537,49.96187913172805,50.331065413074995
4164,sub-33,vision,6,11,11,2,0.6,0.3,0.125,0,59.0,2.71864838,65.87420971511487,61.077520308993556,61.4444576740314
4165,sub-33,vision,6,12,12,1,0.5,0.7,0.05,1,63.33333333,1.367751446,53.74057279070237,58.486652069282115,58.85682871329206
4166,sub-33,pain,6,13,1,1,47.0,0.7,0.05,1,100.0,1.467739317,48.08996713800525,54.374006374043404,54.381554458096666
4167,sub-33,pain,6,14,2,1,47.0,0.7,0.125,1,76.33333333,2.318385271,47.16052508717857,54.19130083362723,54.18395072625114
4168,sub-33,pain,6,15,3,1,47.0,0.7,0.125,0,82.33333333,1.50111899,46.23108303635188,52.49556568376391,52.48814971210629
4169,sub-33,pain,6,16,4,2,48.0,0.3,0.125,0,82.0,1.701303726,59.912838526339456,54.01304817669883,54.02053023860139
4170,sub-33,pain,6,17,5,1,47.0,0.3,0.05,1,84.33333333,2.485008086,44.37219893469852,38.3771676075842,38.369696186679775
4171,sub-33,pain,6,18,6,2,48.0,0.7,0.125,1,100.0,1.684546868,58.05395442468609,65.01905259876227,65.01169497677064
4172,sub-33,pain,6,19,7,2,48.0,0.7,0.125,0,74.33333333,2.218317472,57.1245123738594,63.323317448898955,63.3158939626258
4173,sub-33,pain,6,20,8,1,47.0,0.3,0.125,0,56.66666667,2.368390558,41.583872782218464,35.543502703839124,35.550782548410865
4174,sub-33,pain,6,21,9,2,48.0,0.3,0.125,1,82.33333333,2.001467314,55.26562827220604,49.97743804576866,49.98482867299297
4175,sub-33,pain,6,22,10,2,48.0,0.3,0.05,1,76.33333333,2.051516141,54.33618622137936,48.24969515925366,48.2421900072404
4176,sub-33,pain,6,23,11,2,48.0,0.7,0.05,1,82.33333333,2.685683896,53.40674417055267,59.47041285838495,59.4777961288629
4177,sub-33,pain,6,24,12,1,47.0,0.3,0.125,1,91.66666667,1.617784724,37.86610457891173,32.463116786374535,32.47033141276132
4178,sub-34,vision,1,1,1,2,0.6,0.3,0.125,-1,43.66666667,3.202281866,59.45101087823704,54.818163702654445,55.16232187049864
4179,sub-34,vision,1,2,2,1,0.5,0.3,0.05,-1,29.0,2.151561264,48.04467210458141,42.18190580153198,41.84995163567322
4180,sub-34,vision,1,3,3,2,0.6,0.7,0.125,-1,62.66666667,2.751939626,59.52943896593908,64.8943543246286,64.56273011586175
4181,sub-34,vision,1,4,4,1,0.5,0.3,0.125,-1,41.0,2.601883911,48.12310019228345,43.437342602389045,43.78147180699612
4182,sub-34,vision,1,5,5,1,0.5,0.7,0.05,-1,52.33333333,3.869634908,48.16231423613447,52.3071769601377,52.65097659927433
4183,sub-34,vision,1,6,6,1,0.5,0.3,0.05,0,32.66666667,3.052085578,48.20152827998549,42.5094210366258,42.172556923897595
4188,sub-34,vision,1,11,11,2,0.6,0.7,0.05,0,71.0,2.885448923,59.84315131674724,64.26091597865475,64.59976261369525
4189,sub-34,vision,1,12,12,1,0.5,0.7,0.05,0,44.66666667,2.068322242,48.43681254309161,52.78193380512623,53.120780285115124
4190,sub-34,pain,1,13,1,2,48.0,0.3,0.05,-1,89.0,2.585230819,68.88241235366868,62.01010261431379,61.96548367677221
4191,sub-34,pain,1,14,2,1,47.0,0.3,0.05,0,62.0,2.551777222,53.6401553172506,47.825244464157976,47.780193551153545
4192,sub-34,pain,1,15,3,1,47.0,0.7,0.05,0,58.0,2.285006806,52.66074401626796,58.75001328578881,58.79745930615775
4193,sub-34,pain,1,16,4,2,48.0,0.3,0.125,-1,52.66666667,1.968050397,65.94417845072078,59.68736687249132,59.73450278531377
4194,sub-34,pain,1,17,5,1,47.0,0.7,0.125,-1,67.66666667,1.984627916,50.70192141430269,56.31268269916427,56.26678926425508
4195,sub-34,pain,1,18,6,2,48.0,0.3,0.05,0,48.33333333,2.03475824,63.9853558487555,58.162033660283164,58.11669068503936
4196,sub-34,pain,1,19,7,1,47.0,0.7,0.05,-1,36.0,2.268293381,48.743098812337415,53.68208869244586,53.72821986166119
4197,sub-34,pain,1,20,8,1,47.0,0.3,0.125,-1,37.33333333,2.118075634,47.763687511354775,41.425250078700735,41.470865708112925
4198,sub-34,pain,1,21,9,2,48.0,0.7,0.05,0,58.66666667,2.018047924,61.04712194580759,67.10547058249765,67.15217145421481
4199,sub-34,pain,1,22,10,1,47.0,0.3,0.05,-1,49.0,2.268315151,45.8048649093895,38.79465607198233,38.747384134999464
4200,sub-34,pain,1,23,11,2,48.0,0.7,0.125,-1,79.33333333,1.851328854,59.088299343842316,64.6681399958731,64.62150141231214
4201,sub-34,pain,1,24,12,2,48.0,0.7,0.05,-1,78.0,1.584700565,58.108888042859675,63.028211938862874,63.07382450263262
4202,sub-34,vision,2,1,1,1,0.5,0.3,0.125,1,43.0,2.184910987,49.1799822323333,45.60878011779017,45.949282669574444
4203,sub-34,vision,2,2,2,2,0.6,0.3,0.125,1,77.0,2.218261643,60.66474909369097,57.18592336458183,57.526397263232184
4204,sub-34,vision,2,3,3,2,0.6,0.7,0.125,0,77.66666667,2.435150224,60.70396313754199,66.09592267426716,65.7586253355501
4205,sub-34,vision,2,4,4,1,0.5,0.7,0.05,1,32.0,2.168210624,49.297624363886364,54.576775548801955,54.91691972693027
4206,sub-34,vision,2,5,5,1,0.5,0.7,0.125,1,48.33333333,2.88559105,49.33683840773738,55.78313181302745,55.44782318001517
4207,sub-34,vision,2,6,6,1,0.5,0.3,0.05,1,32.0,2.468321744,49.3760524515884,44.69690707335407,44.361225426023196
4208,sub-34,vision,2,7,7,2,0.6,0.7,0.125,1,75.0,1.601034571,60.86081931294607,67.40935559645068,67.07400390621173
4209,sub-34,vision,2,8,8,2,0.6,0.3,0.125,0,47.33333333,1.884676089,60.90003335679709,56.36329580871397,56.701680017958616
4210,sub-34,vision,2,9,9,2,0.6,0.3,0.05,1,70.33333333,1.751254805,60.93924740064811,56.37221139340887,56.036472284758545
4211,sub-34,vision,2,10,10,1,0.5,0.7,0.125,0,20.0,1.451051318,49.53290862699248,54.91142372052803,54.5740398022028
4212,sub-34,vision,2,11,11,1,0.5,0.3,0.125,0,35.66666667,2.668693762,49.5721226708435,44.98247470844857,45.3208299544561
4213,sub-34,vision,2,12,12,2,0.6,0.7,0.05,1,88.33333333,2.752021419,61.05688953220117,66.49748255201459,66.83749724835964
4214,sub-34,pain,2,13,1,2,48.0,0.3,0.125,0,94.0,2.318597865,67.76985255586415,62.508251921057166,62.556301033089056
4215,sub-34,pain,2,14,2,1,47.0,0.3,0.125,1,49.33333333,2.051422527,52.52759551944605,48.056295772101926,48.10376769537356
4216,sub-34,pain,2,15,3,1,47.0,0.3,0.125,0,36.66666667,2.418433999,51.54818421846342,46.22746702668293,46.27444894171697
4217,sub-34,pain,2,16,4,2,48.0,0.3,0.05,1,50.33333333,2.068026792,64.83161865291623,59.725154760341404,59.68035322780344
4218,sub-34,pain,2,17,5,2,48.0,0.7,0.05,1,69.66666667,2.034611137,63.85220735193359,70.64992358197223,70.69761898280764
4219,sub-34,pain,2,18,6,1,47.0,0.7,0.125,1,52.66666667,2.251635624,48.609950315515505,56.00906674460823,55.96344380111507
4220,sub-34,pain,2,19,7,2,48.0,0.3,0.125,1,69.33333333,2.535074371,61.89338474996832,57.402419018518934,57.449372336345
4221,sub-34,pain,2,20,8,1,47.0,0.3,0.05,1,64.66666667,2.16828402,46.65112771355023,41.46303796655082,41.41671615060258
4222,sub-34,pain,2,21,9,2,48.0,0.7,0.125,0,88.33333333,1.16751865,59.934562148003046,66.49835909473077,66.45240716717304
4223,sub-34,pain,2,22,10,2,48.0,0.7,0.125,1,78.66666667,2.651783162,58.955150847020406,66.34585594073341,66.29994093500088
4224,sub-34,pain,2,23,11,1,47.0,0.7,0.05,1,57.66666667,2.068013419,43.712893810602324,50.4064748887653,50.45219691977803
4225,sub-34,pain,2,24,12,1,47.0,0.7,0.125,0,63.66666667,2.435057857,42.733482509619684,49.226908250648364,49.17966258288657
4226,sub-34,pain,3,1,1,2,48.0,0.7,0.05,0,76.66666667,3.902857433,66.6572927580596,72.51805099002519,72.56621398991605
4227,sub-34,pain,3,2,2,1,47.0,0.3,0.05,-1,37.33333333,1.584345404,51.415035721641516,44.207236479509874,44.161426670700706
4228,sub-34,pain,3,3,3,2,48.0,0.7,0.05,-1,81.0,1.350910715,64.69847015609433,69.4314582960986,69.47875953124824
4229,sub-34,pain,3,4,4,2,48.0,0.7,0.125,-1,68.0,3.419159872,63.71905885511169,69.09005445369247,69.044651455099
4230,sub-34,pain,3,5,5,2,48.0,0.3,0.125,-1,37.33333333,1.584473224,62.73964755412905,56.18395373264529,56.230512884785604
4231,sub-34,pain,3,6,6,1,47.0,0.7,0.05,0,41.33333333,2.034761661,47.49739051771096,53.26526824652644,53.31168441980082
4232,sub-34,pain,3,7,7,1,47.0,0.3,0.125,-1,51.0,1.817839182,46.51797921672833,39.90316883827106,39.94866079341351
4233,sub-34,pain,3,8,8,2,48.0,0.3,0.05,-1,46.33333333,1.58451241,59.80141365118114,52.56269377621871,52.51613881875776
4234,sub-34,pain,3,9,9,1,47.0,0.3,0.05,0,19.0,1.434338826,44.559156614763054,38.377835626062904,38.330848693139096
4235,sub-34,pain,3,10,10,2,48.0,0.3,0.05,0,39.33333333,2.184936178,57.84259104921587,51.68662267131261,51.64002330576805
4236,sub-34,pain,3,11,11,1,47.0,0.7,0.125,-1,61.66666667,2.668580869,42.600334012797774,47.855939810777365,47.80833689915501
4237,sub-34,pain,3,12,12,1,47.0,0.7,0.05,-1,65.66666667,2.084860263,41.62092271181514,46.216011753767134,46.2606599894755
4238,sub-34,vision,3,13,1,1,0.5,0.7,0.05,-1,59.33333333,2.051440254,50.354506403936206,54.251605335753425,54.593820992357465
4239,sub-34,vision,3,14,2,2,0.6,0.3,0.05,0,84.33333333,1.150695442,61.839273265293876,55.98191212240163,55.643449778099665
4240,sub-34,vision,3,15,3,2,0.6,0.3,0.05,-1,58.66666667,1.517742989,61.878487309144894,55.89979957046563,55.56617515256932
4241,sub-34,vision,3,16,4,2,0.6,0.7,0.05,-1,69.33333333,2.318361505,61.91770135299591,65.92690965580822,66.26906785109281
4242,sub-34,vision,3,17,5,1,0.5,0.7,0.125,-1,48.33333333,1.851356533,50.511362579340286,55.60520320987363,55.271922843058796
4243,sub-34,vision,3,18,6,1,0.5,0.3,0.05,0,49.0,2.301630975,50.550576623191304,44.6501715587678,44.31166584713596
4244,sub-34,vision,3,19,7,2,0.6,0.3,0.125,-1,67.66666667,1.951575819,62.035343484548974,57.253397444585836,57.59582758896984
4245,sub-34,vision,3,20,8,1,0.5,0.7,0.05,0,53.66666667,1.934937655,50.62900471089335,54.72636218074196,55.06362467819826
4246,sub-34,vision,3,21,9,1,0.5,0.3,0.05,-1,46.33333333,2.268122331,50.668218754744366,44.666220080094945,44.332523486683236
4247,sub-34,vision,3,22,10,2,0.6,0.7,0.125,-1,82.0,1.41769693,62.152985616102036,67.37866860319156,67.04530196687176
4248,sub-34,vision,3,23,11,1,0.5,0.3,0.125,-1,46.66666667,1.968009034,50.7466468424464,45.92165688095201,46.26404365800613
4249,sub-34,vision,3,24,12,2,0.6,0.7,0.05,0,75.0,1.884725849,62.23141370380407,66.45074703742833,66.78793766947241
4250,sub-34,vision,4,1,1,2,0.6,0.7,0.125,0,74.33333333,1.40110635,62.97458339304577,68.13851212314601,67.79960199371084
4251,sub-34,vision,4,2,2,1,0.5,0.7,0.125,1,33.33333333,1.584458296,51.568244619390136,57.77664072527475,57.43973370563712
4252,sub-34,vision,4,3,3,1,0.5,0.3,0.125,1,36.66666667,2.284882406,51.60745866324116,47.8476917131953,48.18652385789042
4253,sub-34,vision,4,4,4,2,0.6,0.3,0.125,0,78.33333333,1.434415954,63.092225524598824,58.3077241843297,58.64452441104175
4254,sub-34,vision,4,5,5,2,0.6,0.3,0.05,1,68.0,2.385004971,63.13143956844985,58.3166397690246,57.97931667784168
4255,sub-34,vision,4,6,6,1,0.5,0.3,0.125,0,15.66666667,2.468472268,51.725100794794216,46.877822547432736,47.21460821500043
4256,sub-34,vision,4,7,7,1,0.5,0.7,0.05,1,19.66666667,3.986252266,51.764314838645234,56.86476768083865,57.20322704778505
4257,sub-34,vision,4,8,8,2,0.6,0.7,0.05,1,71.0,1.651135039,63.249081700002904,68.44191092763032,68.78034164144277
4258,sub-34,vision,4,9,9,1,0.5,0.3,0.05,1,28.66666667,1.651319773,51.84274292634728,46.98489920539077,46.64753274687798
4259,sub-34,vision,4,10,10,2,0.6,0.7,0.125,1,66.66666667,1.701126969,63.32750978770495,69.69734772848739,69.3603112270665
4260,sub-34,vision,4,11,11,2,0.6,0.3,0.125,1,70.0,2.35167142,63.366723831555966,59.76839871640794,60.10710137931981
4261,sub-34,vision,4,12,12,1,0.5,0.7,0.125,0,31.33333333,1.917931268,51.96038505790034,57.15033531593316,56.811280990518775
4262,sub-34,pain,4,13,1,1,47.0,0.7,0.05,1,87.66666667,1.08420281,51.281887224819606,57.800387195709206,57.848024441308034
4263,sub-34,pain,4,14,2,1,47.0,0.3,0.05,1,1.0,3.202294306,50.302475923836965,44.894286474662024,44.84897370047507
4264,sub-34,pain,4,15,3,2,48.0,0.7,0.05,1,83.33333333,1.367556343,63.58591035828978,70.11850829125075,70.16630656102261
4265,sub-34,pain,4,16,4,1,47.0,0.3,0.125,1,48.33333333,2.218391019,48.34365332187169,43.56221668254773,43.60888530193101
4266,sub-34,pain,4,17,5,1,47.0,0.3,0.125,0,0.0,1.200785958,47.36424202088906,41.73338793712874,41.77956654827442
4267,sub-34,pain,4,18,6,2,48.0,0.3,0.05,1,40.66666667,1.551048239,60.64767645534187,55.231075670787206,55.185470834360885
4268,sub-34,pain,4,19,7,2,48.0,0.7,0.125,1,79.33333333,2.351685726,59.66826515435923,66.80510659972009,66.75952100613023
4269,sub-34,pain,4,20,8,1,47.0,0.7,0.125,1,59.66666667,1.701384166,44.426008117941144,51.51498765505404,51.46856140767252
4270,sub-34,pain,4,21,9,2,48.0,0.3,0.125,0,63.33333333,1.884679199,57.70944255239396,52.07017713325392,52.11606368216023
4271,sub-34,pain,4,22,10,1,47.0,0.7,0.125,0,68.0,2.184899169,42.46718551597587,48.69549295992687,48.64835016110154
4272,sub-34,pain,4,23,11,2,48.0,0.3,0.125,1,81.0,1.40086999,55.750619950428685,50.92700802954839,50.97270495707369
4273,sub-34,pain,4,24,12,2,48.0,0.7,0.125,0,83.0,2.902122541,54.77120864944605,61.0136140554684,60.966632280816114
4274,sub-34,vision,5,1,1,1,0.5,0.3,0.125,-1,48.0,1.668051237,52.70355474714202,47.57160203677834,47.91249125585642
4275,sub-34,vision,5,2,2,1,0.5,0.3,0.05,0,25.66666667,2.184734029,52.74276879099304,46.59459993438354,46.25451024021909
4276,sub-34,vision,5,3,3,1,0.5,0.3,0.05,-1,31.66666667,2.735284047,52.78198283484406,46.51248738244754,46.177235614688755
4277,sub-34,vision,5,4,4,2,0.6,0.7,0.125,-1,45.66666667,2.068188201,64.26674969620173,69.22493590554416,68.89001409487729
4278,sub-34,vision,5,5,5,2,0.6,0.3,0.05,-1,76.66666667,2.835378311,64.30596374005275,58.13871116587077,57.8034163408853
4279,sub-34,vision,5,6,6,1,0.5,0.7,0.05,-1,20.0,2.318576095,52.89962496639712,56.63775854105326,56.978260578289856
4280,sub-34,vision,5,7,7,2,0.6,0.3,0.125,-1,79.66666667,1.968011522,64.3843918277548,59.394147966727836,59.7349365122082
4281,sub-34,vision,5,8,8,1,0.5,0.7,0.05,0,50.33333333,2.251609189,52.97805305409916,56.86711270288396,57.20273360143662
4282,sub-34,vision,5,9,9,2,0.6,0.7,0.05,0,80.33333333,2.434962069,64.46281991545683,68.44425594967562,68.77984819509435
4283,sub-34,vision,5,10,10,2,0.6,0.3,0.05,0,74.0,2.051344777,64.50203395930785,58.515306937596165,58.17508776164848
4284,sub-34,vision,5,11,11,2,0.6,0.7,0.05,-1,48.66666667,1.567792143,64.54124800315887,68.4112239343712,68.75163970210282
4285,sub-34,vision,5,12,12,1,0.5,0.7,0.125,-1,29.33333333,1.717917522,53.13490922950324,58.0895174884366,57.7544946940688
4286,sub-34,pain,5,13,1,1,47.0,0.7,0.05,-1,87.0,1.067488763,50.16932742701506,54.60059001041921,54.64738000391988
4287,sub-34,pain,5,14,2,1,47.0,0.3,0.05,-1,61.66666667,2.101572134,49.18991612603243,41.69448928937203,41.648329263086914
4288,sub-34,pain,5,15,3,2,48.0,0.3,0.05,-1,85.66666667,1.501116644,62.473350560485244,55.00327633462173,54.957503875715865
4289,sub-34,pain,5,16,4,1,47.0,0.3,0.125,-1,65.0,2.101518642,47.23109352406715,40.36241949725773,40.40824086454286
4290,sub-34,pain,5,17,5,2,48.0,0.7,0.05,-1,90.66666667,2.018155841,60.51452795851996,64.93737920654439,64.98387713780569
4291,sub-34,pain,5,18,6,2,48.0,0.3,0.125,-1,86.33333333,1.401012739,59.53511665753733,52.68054059279927,52.72652298425743
4292,sub-34,pain,5,19,7,1,47.0,0.7,0.05,0,63.33333333,2.435142449,44.29285962111924,49.76185510668041,49.807694519272644
4293,sub-34,pain,5,20,8,2,48.0,0.3,0.05,0,83.66666667,1.484337908,57.576294055572056,51.15520738059111,51.10871088398301
4294,sub-34,pain,5,21,9,1,47.0,0.7,0.125,-1,74.66666667,2.101511489,42.33403701915397,47.32452452005587,47.27702447736998
4295,sub-34,pain,5,22,10,2,48.0,0.7,0.125,-1,92.66666667,1.651179512,55.61747145360678,60.633311565305576,60.58619908999893
4296,sub-34,pain,5,23,11,2,48.0,0.7,0.05,0,97.66666667,1.751308297,54.63806015262414,60.098644302805596,60.14419165315846
4297,sub-34,pain,5,24,12,1,47.0,0.3,0.05,0,57.33333333,2.218473123,39.395803116206054,32.893090586800525,32.84507380678216
4298,sub-34,pain,6,1,1,2,48.0,0.3,0.125,1,88.0,1.417770948,63.319613364645974,58.320920336492286,58.36853247860369
4299,sub-34,pain,6,2,2,2,48.0,0.7,0.05,1,76.66666667,2.418391392,62.340202063663334,68.59642705082106,68.6441016463232
4300,sub-34,pain,6,3,3,1,47.0,0.3,0.125,0,37.66666667,2.068181359,47.097945027245245,41.201972646407235,41.248254126489385
4301,sub-34,pain,6,4,4,1,47.0,0.3,0.125,1,21.66666667,1.367626007,46.118533726262605,41.04946949240988,41.095787894317226
4302,sub-34,pain,6,5,5,1,47.0,0.7,0.125,1,34.0,1.83459086,45.13912242527997,51.97423831404071,51.92814147880186
4303,sub-34,pain,6,6,6,2,48.0,0.3,0.125,0,71.0,1.667894493,58.42255685973279,52.5294277922406,52.575643753289576
4304,sub-34,pain,6,7,7,2,48.0,0.3,0.05,1,66.66666667,2.268291515,57.443145558750146,51.72766253094118,51.68148093383271
4305,sub-34,pain,6,8,8,2,48.0,0.7,0.125,0,85.33333333,1.367672346,56.46373425776751,62.46353066416325,62.417104844859836
4306,sub-34,pain,6,9,9,1,47.0,0.7,0.125,0,70.66666667,1.434357486,41.22147722134942,47.173411719497196,47.12614524640213
4307,sub-34,pain,6,10,10,1,47.0,0.7,0.05,1,69.33333333,2.451763507,40.242065920366784,46.37164645819778,46.41689459746483
4308,sub-34,pain,6,11,11,1,47.0,0.3,0.05,1,31.33333333,1.567650638,39.26265461938415,33.4655457371506,33.41784385663186
4309,sub-34,pain,6,12,12,2,48.0,0.7,0.125,1,96.0,0.917364005,52.546089053836965,59.33902966104137,59.29196113394454
4310,sub-34,vision,6,13,1,2,0.6,0.3,0.05,1,80.33333333,1.601256314,65.32363173625157,60.26106814464032,59.92216107092481
4311,sub-34,vision,6,14,2,1,0.5,0.7,0.05,1,34.0,2.618504658,53.917292962595944,58.76011551982282,59.09700530832937
4312,sub-34,vision,6,15,3,1,0.5,0.3,0.125,0,31.0,1.500980115,53.95650700644697,48.87133145968003,49.20651874062237
4313,sub-34,vision,6,16,4,1,0.5,0.3,0.125,1,61.0,2.001382393,53.99572105029799,50.03752277196886,50.37469891366759
4314,sub-34,vision,6,17,5,1,0.5,0.3,0.05,1,39.66666667,2.2349194,54.034935094149006,48.92932758100649,48.590377139961106
4315,sub-34,vision,6,18,6,2,0.6,0.3,0.125,0,64.33333333,1.617820459,65.51970195550668,60.54663577973483,60.88176559935772
4316,sub-34,vision,6,19,7,2,0.6,0.7,0.05,1,77.66666667,1.78453673,65.5589159993577,70.53358091314075,70.87038443214233
4317,sub-34,vision,6,20,8,1,0.5,0.7,0.125,1,34.66666667,2.084857153,54.15257722570207,60.21187446720616,59.87323942410831
4318,sub-34,vision,6,21,9,1,0.5,0.7,0.125,0,40.33333333,2.184829194,54.191791269553086,59.143844228180456,58.803191516140714
4319,sub-34,vision,6,22,10,2,0.6,0.3,0.125,1,63.0,2.618560327,65.67655813091075,61.86006870191836,62.197144170019364
4320,sub-34,vision,6,23,11,2,0.6,0.7,0.125,1,65.66666667,2.451774392,65.71577217476177,71.88717878726095,71.54848628284368
4321,sub-34,vision,6,24,12,2,0.6,0.7,0.125,0,71.66666667,2.184725321,65.7549862186128,70.81914854823526,70.47843837487608
4322,sub-35,pain,1,1,1,2,48.0,0.7,0.125,-1,60.33333333,3.152195372,69.12429799208307,74.97450629522203,74.98550887347434
4323,sub-35,pain,1,2,2,1,47.0,0.3,0.05,0,22.0,3.669414381,53.88877965179995,48.043323096933015,48.05447770419163
4324,sub-35,pain,1,3,3,2,48.0,0.3,0.125,-1,43.66666667,3.519268209,67.19674698356978,61.022944274366864,61.01152965345501
4325,sub-35,pain,1,4,4,1,47.0,0.3,0.125,-1,18.0,2.718619767,51.96122864328666,45.736150450453536,45.72492195505784
4326,sub-35,pain,1,5,5,2,48.0,0.3,0.05,0,27.33333333,3.002185109,65.26919597505649,59.391788195691944,59.40282946191402
4327,sub-35,pain,1,6,6,1,47.0,0.7,0.05,-1,47.0,2.601913603,50.03367763477337,55.17475840437113,55.1635184027799
4328,sub-35,pain,1,7,7,1,47.0,0.7,0.125,-1,54.0,2.118009579,49.069902130516724,54.76480156486569,54.77608124923371
4329,sub-35,pain,1,8,8,1,47.0,0.7,0.05,0,69.66666667,2.318348883,48.10612662626008,54.118227667479374,54.1068951853999
4331,sub-35,pain,1,10,10,1,47.0,0.3,0.05,-1,8.666666667,2.451818747,46.17857561774679,39.25403202093877,39.26546106988467
4332,sub-35,pain,1,11,11,2,48.0,0.3,0.05,-1,47.33333333,2.651938795,59.48654294951661,52.571661482274905,52.58294079794445
4333,sub-35,pain,1,12,12,2,48.0,0.7,0.05,0,72.33333333,2.852150899,58.522767445259966,64.48211058494971,64.4706829579536
4334,sub-35,vision,1,13,1,2,0.6,0.3,0.05,0,24.66666667,3.1355116,59.90067043934693,54.50859710840136,54.186820667135294
4335,sub-35,vision,1,14,2,2,0.6,0.7,0.05,0,57.0,2.701969584,59.931018345111454,64.17318315233219,64.50361401870454
4336,sub-35,vision,1,15,3,2,0.6,0.7,0.05,-1,48.33333333,3.38565093,59.96136625087597,64.14098503922509,64.47515398033116
4337,sub-35,vision,1,16,4,1,0.5,0.7,0.05,0,54.66666667,3.469270075,48.0389807121862,52.20446392414151,52.533072307055235
4338,sub-35,vision,1,17,5,2,0.6,0.3,0.125,-1,33.0,3.452544629,60.022062062405,55.631966785669846,55.964423350510785
4339,sub-35,vision,1,18,6,1,0.5,0.3,0.05,0,34.33333333,3.602641973,48.09967652371523,42.610695153512566,42.28551132523034
4340,sub-35,vision,1,19,7,2,0.6,0.3,0.05,-1,50.33333333,3.03540617,60.08275787393403,54.59442778413074,54.273747911669176
4341,sub-35,vision,1,20,8,1,0.5,0.7,0.05,-1,57.0,2.285082727,48.16037233524426,52.2430830843363,52.57384463842621
4343,sub-35,vision,1,22,10,1,0.5,0.7,0.125,-1,84.0,2.235159856,48.2210681467733,53.37504511694458,53.052805296910904
4344,sub-35,vision,1,23,11,1,0.5,0.3,0.05,-1,50.66666667,2.034819307,48.25141605253781,42.67292007147465,42.349361113182766
4346,sub-35,pain,2,1,1,1,47.0,0.7,0.125,1,79.0,2.234976675,53.76469207396988,61.087162839806325,61.09819061010402
4347,sub-35,pain,2,2,2,2,48.0,0.3,0.125,0,55.0,2.65191578,67.07265940573971,61.7103891352394,61.69886848444772
4348,sub-35,pain,2,3,3,2,48.0,0.3,0.05,1,37.0,1.934670648,66.10888390148307,60.86318711979273,60.87417812915215
4349,sub-35,pain,2,4,4,1,47.0,0.3,0.125,0,13.33333333,2.218315295,50.87336556119995,45.43901313003747,45.42769680088186
4350,sub-35,pain,2,5,5,2,48.0,0.3,0.125,1,51.0,2.518347017,64.18133289296978,59.4686480989987,59.45712713297575
4351,sub-35,pain,2,6,6,2,48.0,0.7,0.125,1,62.33333333,1.918211731,63.217557388713125,70.46646357598806,70.477414397489
4352,sub-35,pain,2,7,7,1,47.0,0.7,0.125,0,16.0,3.786134229,47.98203904843001,54.46766424444964,54.478856095057736
4353,sub-35,pain,2,8,8,1,47.0,0.3,0.125,1,53.0,3.535902221,47.018263544173365,42.21268991250817,42.20139146424119
4354,sub-35,pain,2,9,9,1,47.0,0.7,0.05,1,47.33333333,3.319146918,46.05448803991672,52.63588004771436,52.624551897131944
4355,sub-35,pain,2,10,10,2,48.0,0.7,0.05,1,80.33333333,3.119003234,59.36245537168654,65.95350950905049,65.94203162519173
4356,sub-35,pain,2,11,11,2,48.0,0.7,0.125,0,42.0,3.902719724,58.3986798674299,64.83154716191997,64.84264386761141
4357,sub-35,pain,2,12,12,1,47.0,0.3,0.05,1,31.66666667,3.852867139,43.163161527146784,37.6997358455706,37.711058549405415
4358,sub-35,vision,2,13,1,1,0.5,0.3,0.125,1,17.66666667,3.669323568,49.08923603921979,45.64511409160157,45.975312717428565
4359,sub-35,vision,2,14,2,1,0.5,0.3,0.125,0,28.0,2.83533775,49.119583944984306,44.65002336101831,44.97834659685701
4360,sub-35,vision,2,15,3,2,0.6,0.7,0.05,1,69.0,3.936241525,61.1026652952031,66.26448611995124,66.59504979838697
4361,sub-35,vision,2,16,4,1,0.5,0.7,0.125,1,47.0,3.102156808,49.180279756513336,55.35691165106697,55.034236375477995
4362,sub-35,vision,2,17,5,2,0.6,0.3,0.125,0,36.33333333,1.751541021,61.16336110673213,56.73677137804545,57.06427559141358
4363,sub-35,vision,2,18,6,1,0.5,0.3,0.05,1,62.33333333,2.234990359,49.240975568042366,44.67839236336434,44.35386964833131
4364,sub-35,vision,2,19,7,1,0.5,0.7,0.05,1,62.66666667,2.418452448,49.27132347380688,54.342978407295156,54.670662999900564
4365,sub-35,vision,2,20,8,1,0.5,0.7,0.125,0,55.0,3.685933632,49.3016713795714,54.43263819378559,54.106502624650794
4366,sub-35,vision,2,21,9,2,0.6,0.7,0.125,0,59.0,3.318988928,61.28475272979019,66.47217469527814,66.14627670604446
4367,sub-35,vision,2,22,10,2,0.6,0.3,0.125,1,62.0,2.718508739,61.31510063555471,57.87349665523245,58.199706451473865
4368,sub-35,vision,2,23,11,2,0.6,0.3,0.05,1,23.33333333,2.651820302,61.34544854131923,56.81235189592605,56.4859535560508
4369,sub-35,vision,2,24,12,2,0.6,0.7,0.125,1,50.0,4.002856565,61.375796447083744,67.56168845693055,67.23555265294183
4370,sub-35,pain,3,1,1,1,47.0,0.7,0.125,-1,46.66666667,3.569231511,52.67682899188316,58.25275276039428,58.264005345979136
4371,sub-35,pain,3,2,2,1,47.0,0.3,0.05,0,32.66666667,3.018771226,51.71305348762652,45.62378120473,45.63501788992489
4372,sub-35,pain,3,3,3,2,48.0,0.7,0.05,-1,76.0,3.602739006,65.02102081939634,70.01117469865865,69.99979425724771
4373,sub-35,pain,3,4,4,1,47.0,0.7,0.05,-1,20.66666667,2.952257262,49.78550247911323,54.724380874745314,54.71318655885054
4374,sub-35,pain,3,5,5,1,47.0,0.7,0.05,0,35.66666667,2.685167942,48.82172697485658,54.652432319142164,54.64112732663924
4375,sub-35,pain,3,6,6,2,48.0,0.3,0.05,0,50.66666667,2.101515519,62.129694306626405,55.987664122200336,55.99880566247858
4376,sub-35,pain,3,7,7,2,48.0,0.7,0.125,-1,82.0,2.685517509,61.16591880236976,66.64747131528742,66.65866514819542
4377,sub-35,pain,3,8,8,2,48.0,0.3,0.125,-1,43.33333333,3.219038378,60.202143298113114,53.680491475720856,53.66924991334477
4378,sub-35,pain,3,9,9,2,48.0,0.7,0.05,0,25.66666667,2.935492318,59.23836779385647,65.0163152366125,65.00491509919294
4379,sub-35,pain,3,10,10,1,47.0,0.3,0.125,-1,6.0,4.052957952,44.002849453573354,37.40911547051892,37.39807822977891
4380,sub-35,pain,3,11,11,1,47.0,0.3,0.05,-1,15.66666667,2.068207377,43.039073949316716,35.84990794744716,35.86143727044923
4381,sub-35,pain,3,12,12,2,48.0,0.3,0.05,-1,57.0,3.45257915,56.34704128108653,49.16753740878329,49.178916998509
4382,sub-35,vision,3,13,1,2,0.6,0.7,0.05,-1,68.66666667,2.101493127,62.18326852800119,66.19177496669295,66.52562855906419
4383,sub-35,vision,3,14,2,2,0.6,0.7,0.125,-1,53.33333333,3.068922996,62.21361643376571,67.30013124153393,66.98151176096742
4384,sub-35,vision,3,15,3,2,0.6,0.7,0.05,0,65.0,3.052262238,62.24396433953023,66.29479035310192,66.62332096718193
4385,sub-35,vision,3,16,4,1,0.5,0.7,0.05,-1,15.66666667,3.986179636,50.32157880084046,54.24666149626957,54.578164303996324
4386,sub-35,vision,3,17,5,2,0.6,0.3,0.125,-1,38.33333333,3.702560179,62.30466015105926,57.729968228672284,58.06105284240671
4388,sub-35,vision,3,19,7,1,0.5,0.7,0.05,0,52.33333333,1.901259252,50.41262251813401,54.37328264044583,54.698934168695516
4389,sub-35,vision,3,20,8,1,0.5,0.3,0.05,-1,21.33333333,1.834698638,50.44297042389853,44.70010424117521,44.376758235334336
4390,sub-35,vision,3,21,9,2,0.6,0.3,0.05,0,58.0,4.219660384,62.42605177411732,56.795444613542145,56.468069811682845
4392,sub-35,vision,3,23,11,1,0.5,0.3,0.125,-1,36.33333333,2.668749456,50.534014141192074,45.85567203155078,46.18282095708321
4394,sub-35,pain,4,1,1,1,47.0,0.3,0.125,0,77.33333333,2.084796915,51.58896590979645,45.973217781700264,45.961928942121204
4395,sub-35,pain,4,2,2,2,48.0,0.3,0.05,1,51.0,1.734665049,64.89693324156627,59.42822740887833,59.439282300054096
4397,sub-35,pain,4,4,4,1,47.0,0.7,0.05,1,31.33333333,2.585480811,48.697639397026514,55.13924906195435,55.127912008708684
4398,sub-35,pain,4,5,5,1,47.0,0.3,0.05,1,18.0,2.368533308,47.73386389276987,42.17226922238779,42.183546631319544
4400,sub-35,pain,4,7,7,1,47.0,0.3,0.125,1,39.66666667,1.767992163,45.80631288425658,40.777730201593755,40.766495635143144
4401,sub-35,pain,4,8,8,1,47.0,0.7,0.125,1,51.33333333,2.385063445,44.84253737999993,51.775545678583114,51.78678289965641
4402,sub-35,pain,4,9,9,2,48.0,0.3,0.125,0,53.0,2.568639983,58.150504711769756,52.3987719740162,52.38746077400011
4403,sub-35,pain,4,10,10,1,47.0,0.7,0.125,0,47.0,3.085909374,42.91498637148664,49.094375808380825,49.105704325284904
4404,sub-35,pain,4,11,11,2,48.0,0.7,0.05,1,71.66666667,3.235643777,56.222953703256465,62.54938543555889,62.53800782575628
4405,sub-35,pain,4,12,12,2,48.0,0.3,0.125,1,53.66666667,2.234950239,55.25917819899982,50.15703093777549,50.14571942252813
4406,sub-35,vision,4,13,1,1,0.5,0.7,0.125,1,48.66666667,2.101688126,51.371834127874045,57.384095820767534,57.06163349762956
4407,sub-35,vision,4,14,2,2,0.6,0.3,0.05,1,50.33333333,2.101392673,63.354915478092835,58.697901519022864,58.374885938713646
4408,sub-35,vision,4,15,3,1,0.5,0.7,0.05,1,69.66666667,2.601895565,51.432529939403075,56.346556819228425,56.67498266547068
4409,sub-35,vision,4,16,4,1,0.5,0.3,0.125,0,46.0,2.618593954,51.46287784516759,46.795236319555336,47.12113100191584
4410,sub-35,vision,4,17,5,1,0.5,0.7,0.125,0,19.0,2.118219817,51.493225750932105,56.459822363486154,56.133899746802356
4412,sub-35,vision,4,19,7,2,0.6,0.7,0.125,1,61.33333333,1.534349692,63.506655006915416,69.54166111109654,69.2167948619305
4414,sub-35,vision,4,21,9,2,0.6,0.3,0.125,0,50.0,1.684784786,63.567350818444446,58.92919585211705,59.253214909635325
4415,sub-35,vision,4,22,10,2,0.6,0.7,0.05,1,78.33333333,1.901341668,63.59769872420896,68.52772786732473,68.85322148635306
4416,sub-35,vision,4,23,11,2,0.6,0.3,0.125,1,74.33333333,1.95145394,63.62804662997348,59.99510385600218,60.319413399951245
4418,sub-35,vision,5,1,1,2,0.6,0.3,0.125,-1,41.66666667,1.100781862,64.46586661665546,59.73354664060555,60.065372507976825
4419,sub-35,vision,5,2,2,2,0.6,0.7,0.05,0,65.33333333,1.400996144,64.49621452241998,68.36918603833706,68.69687300249639
4420,sub-35,vision,5,3,3,2,0.6,0.3,0.05,0,69.33333333,2.084707657,64.52656242818449,58.75181150994083,58.426234564090045
4421,sub-35,vision,5,4,4,2,0.6,0.7,0.05,-1,47.0,2.435038564,64.556910333949,68.36059368299726,68.69149042070447
4422,sub-35,vision,5,5,5,1,0.5,0.7,0.05,0,65.66666667,2.084833924,52.63452479525924,56.42407256791368,56.749408747428525
4423,sub-35,vision,5,6,6,2,0.6,0.7,0.125,-1,44.0,2.735323754,64.61760614547804,69.49255571560553,69.17045107918916
4424,sub-35,vision,5,7,7,1,0.5,0.3,0.125,-1,25.0,3.102301735,52.69522060678827,47.85925044348405,48.187140622653324
4425,sub-35,vision,5,8,8,1,0.5,0.7,0.125,-1,55.33333333,2.552010325,52.72556851255278,57.52383648741487,57.199909367539846
4426,sub-35,vision,5,9,9,1,0.5,0.3,0.05,-1,18.66666667,3.052223985,52.7559164183173,46.82171144194494,46.496465183811715
4427,sub-35,vision,5,10,10,1,0.5,0.3,0.05,0,12.0,2.935303539,52.78626432408182,46.90112107058662,46.571080135348
4429,sub-35,vision,5,12,12,2,0.6,0.3,0.05,-1,48.66666667,2.468383405,64.79969358006512,58.90845945897207,58.58239417836829
4430,sub-35,pain,5,13,1,2,48.0,0.3,0.05,-1,44.33333333,3.085879517,64.7728456637362,57.57839951075488,57.5896610210979
4432,sub-35,pain,5,15,3,1,47.0,0.3,0.05,-1,24.0,2.73532873,48.573551819196446,41.30702350555295,41.31848933753205
4433,sub-35,pain,5,16,4,1,47.0,0.7,0.05,-1,33.0,3.052282764,47.6097763149398,52.30483898254231,52.29372674458379
4435,sub-35,pain,5,18,6,2,48.0,0.7,0.125,-1,78.66666667,2.702258195,59.95396814245298,65.212511604373,65.22376931909737
4437,sub-35,pain,5,20,8,2,48.0,0.3,0.125,-1,22.33333333,2.134859427,58.02641713393969,51.26094958351785,51.24979009907803
4439,sub-35,pain,5,22,10,2,48.0,0.7,0.05,0,57.33333333,2.018174411,56.0988661254264,61.61219116312089,61.60089129975749
4440,sub-35,pain,5,23,11,1,47.0,0.3,0.05,0,47.33333333,1.484437706,40.86334778514329,34.342999680929594,34.35448220913989
4441,sub-35,pain,5,24,12,2,48.0,0.7,0.05,-1,69.0,1.667732475,54.17131511691311,58.73039317485824,58.7192585764627
4442,sub-35,pain,6,1,1,2,48.0,0.7,0.125,1,55.66666667,2.25166449,63.68498258164949,70.55029069802504,70.56131469479898
4443,sub-35,pain,6,2,2,2,48.0,0.7,0.125,0,66.0,1.767941469,62.72120707739285,68.85370300911134,68.86480010559619
4444,sub-35,pain,6,3,3,1,47.0,0.3,0.125,0,33.0,2.001484108,47.48568873710973,41.58451152692005,41.57334115751706
4445,sub-35,pain,6,4,4,2,48.0,0.3,0.05,1,45.66666667,1.884952416,60.79365606887956,55.03952115409811,55.050694515449955
4446,sub-35,pain,6,5,5,1,47.0,0.7,0.125,0,52.66666667,3.435894134,45.55813772859644,51.59774482262081,51.60906443686164
4447,sub-35,pain,6,6,6,1,47.0,0.7,0.125,1,43.66666667,1.434304286,44.5943622243398,51.3251681489573,51.336451055727046
4448,sub-35,pain,6,7,7,1,47.0,0.3,0.05,1,3.333333333,0.867292716,43.63058672008315,37.78356296760758,37.7949588467154
4449,sub-35,pain,6,8,8,2,48.0,0.3,0.125,1,88.0,2.918983952,56.938554051852975,51.67581777072688,51.664515548936166
4450,sub-35,pain,6,9,9,2,48.0,0.3,0.125,0,64.33333333,1.534323568,55.97477854759633,49.979230081813185,49.96800095973336
4451,sub-35,pain,6,10,10,2,48.0,0.7,0.05,1,69.66666667,1.701123655,55.011003043339684,61.11442572464448,61.10311199665822
4452,sub-35,pain,6,11,11,1,47.0,0.3,0.125,1,14.33333333,2.351735709,39.77548470305658,34.41985958423634,34.40877988020161
4453,sub-35,pain,6,12,12,1,47.0,0.7,0.05,1,27.33333333,1.617676494,38.81170919879993,44.84304971944254,44.83194031309237
4454,sub-35,vision,6,13,1,1,0.5,0.7,0.05,1,45.33333333,2.118219506,53.654432216528306,58.397346746696286,58.72545724420369
4455,sub-35,vision,6,14,2,2,0.6,0.3,0.125,0,51.66666667,2.501847049,65.6375135667471,60.86195699074845,61.18830220546107
4456,sub-35,vision,6,15,3,2,0.6,0.7,0.125,0,71.0,2.651954656,65.66786147251162,70.52654303467926,70.20107095034759
4457,sub-35,vision,6,16,4,1,0.5,0.7,0.125,1,76.0,2.485212415,53.74547593382185,59.55291453707186,59.22749535926984
4458,sub-35,vision,6,17,5,2,0.6,0.3,0.05,1,42.33333333,2.301703987,65.72855728404065,60.86672023532718,60.54074780035393
4459,sub-35,vision,6,18,6,1,0.5,0.7,0.125,0,70.0,2.001539777,53.80617174535088,58.58142956425589,58.25360669527973
4460,sub-35,vision,6,19,7,2,0.6,0.7,0.05,1,89.0,2.051450208,65.78925309556968,70.55491203702529,70.88061860850463
4461,sub-35,vision,6,20,8,1,0.5,0.3,0.125,1,51.33333333,2.50184114,53.86686755687991,50.0063572819775,50.33011389729058
4462,sub-35,vision,6,21,9,2,0.6,0.7,0.125,1,78.33333333,2.618618212,65.8499489070987,71.68687406963356,71.35957926698931
4463,sub-35,vision,6,22,10,1,0.5,0.3,0.05,1,18.0,2.084866891,53.92756336840895,48.968818280438384,48.63943845844897
4464,sub-35,vision,6,23,11,2,0.6,0.3,0.125,1,76.66666667,3.31914132,65.91064471862774,62.09310529900463,62.41604289184716
4465,sub-35,vision,6,24,12,1,0.5,0.3,0.125,0,60.66666667,2.651879393,53.98825917993798,49.08208382469612,49.40238014646338
4466,sub-36,vision,1,1,1,1,0.5,0.7,0.05,0,71.33333333,2.168125933,47.204673828516604,51.64962174261452,52.01772117895182
4467,sub-36,vision,1,2,2,1,0.5,0.7,0.125,-1,72.66666667,2.485002779,47.239581684471126,52.52948078723302,52.17014779208837
4468,sub-36,vision,1,3,3,2,0.6,0.3,0.05,0,63.33333333,2.668570197,59.30168779356341,53.78010327992321,53.414448032826215
4469,sub-36,vision,1,4,4,2,0.6,0.7,0.05,0,71.66666667,1.851230738,59.33659564951794,63.844506353541554,64.21203133655031
4470,sub-36,vision,1,5,5,1,0.5,0.3,0.05,0,67.66666667,1.884727668,47.3443052523347,41.737780185650244,41.371705780748876
4471,sub-36,vision,1,6,6,1,0.5,0.7,0.05,-1,68.0,2.768682499,47.37921310828922,51.545103201139625,51.91752329519482
4472,sub-36,vision,1,7,7,2,0.6,0.3,0.05,-1,85.33333333,1.584318298,59.441319217381505,53.64507243511751,53.28393656796499
4473,sub-36,vision,1,8,8,2,0.6,0.7,0.05,-1,77.0,2.284880493,59.476227073336034,63.70947550873585,64.08151987168908
4474,sub-36,vision,1,9,9,1,0.5,0.3,0.125,-1,76.66666667,1.501118824,47.483936676152794,42.709176140261185,43.080783900212026
4475,sub-36,vision,1,10,10,2,0.6,0.7,0.125,-1,76.33333333,1.717879325,59.54604278524508,64.87692691481412,64.516025855208
4476,sub-36,vision,1,11,11,2,0.6,0.3,0.125,-1,84.0,1.250913953,59.58095064119961,54.87354844785741,55.24478047670629
4477,sub-36,vision,1,12,12,1,0.5,0.3,0.05,-1,73.0,1.434388071,47.58866024401637,41.69428625083698,41.33213505920035
4478,sub-36,pain,1,13,1,1,47.0,0.3,0.05,0,68.66666667,1.751246879,54.35584888933822,48.383727059721444,48.28942998884966
4479,sub-36,pain,1,14,2,2,48.0,0.3,0.125,-1,59.66666667,2.518554134,67.89621284514644,61.633703736620106,61.73167712470782
4480,sub-36,pain,1,15,3,1,47.0,0.7,0.05,0,36.33333333,1.868010769,52.50659642981641,58.7841704354842,58.882111697533404
4481,sub-36,pain,1,16,4,2,48.0,0.3,0.05,0,45.66666667,1.851331191,66.04696038562463,60.04146290712706,59.947642276738925
4482,sub-36,pain,1,17,5,2,48.0,0.7,0.05,0,58.66666667,2.001505242,65.12233415586373,71.39039792980209,71.48907309586326
4483,sub-36,pain,1,18,6,1,47.0,0.7,0.05,-1,35.33333333,2.001521725,49.7327177405337,54.90730223140888,55.00357229091686
4484,sub-36,pain,1,19,7,1,47.0,0.3,0.125,-1,41.0,1.851288584,48.8080915107728,42.38803471391634,42.4834719532938
4485,sub-36,pain,1,20,8,1,47.0,0.3,0.05,-1,27.66666667,1.684582057,47.883465281011894,40.71289226799704,40.615894140470736
4486,sub-36,pain,1,21,9,2,48.0,0.3,0.05,-1,41.66666667,2.16827117,61.423829236820104,54.26761140922719,54.17160464924119
4487,sub-36,pain,1,22,10,2,48.0,0.7,0.05,-1,56.0,1.918043595,60.4992030070592,65.61654643190222,65.71303546836552
4488,sub-36,pain,1,23,11,1,47.0,0.7,0.125,-1,55.66666667,1.817979809,45.10958659172918,50.89149479585456,50.794262074025326
4489,sub-36,pain,1,24,12,2,48.0,0.7,0.125,-1,69.0,2.201671068,58.649950547537394,64.44621393708472,64.34997258279577
4490,sub-36,pain,2,1,1,1,47.0,0.3,0.05,1,87.66666667,1.350821617,53.399160313663664,48.016166626979796,47.92199866690553
4491,sub-36,pain,2,2,2,1,47.0,0.7,0.05,1,69.66666667,2.385087651,52.47453408390276,59.36510164965482,59.46342948602987
4492,sub-36,pain,2,3,3,2,48.0,0.3,0.125,1,82.66666667,2.61847797,66.01489803971097,61.34904492030471,61.44778876761786
4493,sub-36,pain,2,4,4,1,47.0,0.7,0.125,1,43.66666667,1.818009665,50.62528162438095,58.19476915483732,58.10036660046012
4494,sub-36,pain,2,5,5,2,48.0,0.3,0.05,1,77.0,1.434208934,64.16564558018916,58.72541082747314,58.6314618443542
4495,sub-36,pain,2,6,6,1,47.0,0.3,0.125,0,40.66666667,1.968082331,48.776029164859146,43.27603289494179,43.37225561566038
4496,sub-36,pain,2,7,7,2,48.0,0.3,0.125,0,80.0,2.068071166,62.31639312066736,56.83075203617195,56.927966124430824
4497,sub-36,pain,2,8,8,2,48.0,0.7,0.05,1,52.0,2.218305551,61.39176689090645,68.17736255632363,68.27539444259735
4498,sub-36,pain,2,9,9,1,47.0,0.3,0.125,1,29.33333333,1.55115787,46.00215047557643,41.154884250688674,41.250834485763235
4499,sub-36,pain,2,10,10,2,48.0,0.7,0.125,1,77.66666667,1.567769962,59.542514431384646,67.00703006150613,66.9123315570276
4500,sub-36,pain,2,11,11,2,48.0,0.7,0.125,0,67.33333333,1.634553896,58.61788820162374,65.33421211811017,65.23875624516235
4501,sub-36,pain,2,12,12,1,47.0,0.7,0.125,0,52.0,1.818114161,43.22827178629372,49.882509683055474,49.785547515510714
4502,sub-36,vision,2,13,1,1,0.5,0.3,0.125,0,62.33333333,1.400876835,48.37066338207438,43.785266311376205,44.15245116575805
4503,sub-36,vision,2,14,2,2,0.6,0.3,0.125,0,75.66666667,2.11809715,60.43276949116667,55.91912631564161,56.286134161148084
4504,sub-36,vision,2,15,3,2,0.6,0.7,0.125,0,76.33333333,2.318362806,60.46767734712119,65.98352938925996,65.61800670185826
4505,sub-36,vision,2,16,4,2,0.6,0.3,0.05,1,84.33333333,1.634510667,60.50258520307572,55.882682168396364,55.518508946848605
4506,sub-36,vision,2,17,5,1,0.5,0.3,0.05,1,71.33333333,2.034844495,48.51029480589248,43.809846770792575,43.44545311366704
4507,sub-36,vision,2,18,6,1,0.5,0.7,0.05,1,71.66666667,2.151711016,48.545202661847,53.87424984441092,54.24303641739113
4508,sub-36,vision,2,19,7,1,0.5,0.7,0.125,0,77.33333333,2.10154446,48.58011051780152,54.00223090164861,53.635891611989386
4509,sub-36,vision,2,20,8,2,0.6,0.3,0.125,1,87.33333333,2.184919648,60.64221662689381,57.11115818113626,57.4793528555899
4510,sub-36,vision,2,21,9,1,0.5,0.3,0.125,1,82.33333333,1.334317754,48.64992622971057,45.03832278353248,45.40629702240834
4511,sub-36,vision,2,22,10,2,0.6,0.7,0.125,1,88.33333333,1.23418337,60.71203233880286,67.20607355808542,66.84153897740431
4512,sub-36,vision,2,23,11,1,0.5,0.7,0.125,1,75.33333333,2.585274935,48.71974194161962,55.13323816048163,54.768483144222756
4513,sub-36,vision,2,24,12,2,0.6,0.7,0.05,1,90.0,0.98406278,60.78184805071191,66.1606713653304,66.52828731830232
4514,sub-36,vision,3,1,1,1,0.5,0.7,0.05,0,70.33333333,2.118088442,49.53665293563216,53.77583882187965,54.14254142915525
4515,sub-36,vision,3,2,2,2,0.6,0.3,0.125,-1,80.66666667,1.434200537,61.598759044724446,56.725154797145215,57.09677849697165
4516,sub-36,vision,3,3,3,2,0.6,0.7,0.125,-1,84.0,2.701947392,61.63366690067897,66.78955787076356,66.42865103768183
4517,sub-36,vision,3,4,4,1,0.5,0.3,0.125,-1,73.33333333,1.217637522,49.64137650349573,44.68283170287224,45.05403624489431
4518,sub-36,vision,3,5,5,2,0.6,0.3,0.05,0,79.66666667,1.467629047,61.70348261258802,55.967344965849975,55.59989544523811
4519,sub-36,vision,3,6,6,2,0.6,0.7,0.05,0,79.0,2.335018438,61.73839046854254,66.03174803946831,66.3974787489622
4520,sub-36,vision,3,7,7,1,0.5,0.3,0.05,0,73.0,1.217546399,49.7461000713593,43.925021871577,43.55715319316077
4521,sub-36,vision,3,8,8,1,0.5,0.7,0.125,-1,67.0,2.351602228,49.78100792731382,54.83877168648303,54.476849528917185
4522,sub-36,vision,3,9,9,2,0.6,0.7,0.05,-1,90.33333333,2.902002501,61.843114036406114,65.86620489133179,66.23665370299675
4523,sub-36,vision,3,10,10,2,0.6,0.3,0.05,-1,81.0,1.400992527,61.878021892360636,55.86282642437508,55.49969756148111
4524,sub-36,vision,3,11,11,1,0.5,0.3,0.05,-1,73.0,2.0681626,49.885731495177396,43.78999102677129,43.42664172829955
4525,sub-36,vision,3,12,12,1,0.5,0.7,0.05,-1,61.33333333,2.034981957,49.920639351131925,53.854394100389634,54.22422503202363
4526,sub-36,pain,3,13,1,2,48.0,0.7,0.05,0,84.33333333,2.201424444,66.90746192355823,73.0005910590005,73.09955449088808
4527,sub-36,pain,3,14,2,1,47.0,0.7,0.05,-1,56.66666667,1.467775218,51.517845508228206,56.51749536060729,56.61405368594169
4528,sub-36,pain,3,15,3,1,47.0,0.3,0.05,-1,62.66666667,1.601214644,50.5932192784673,43.27157704410773,43.175124645936165
4529,sub-36,pain,3,16,4,1,47.0,0.7,0.125,-1,58.33333333,1.401078674,49.6685930487064,55.347162865789784,55.250990800371945
4530,sub-36,pain,3,17,5,2,48.0,0.3,0.05,0,76.66666667,2.318396083,63.208957004514616,56.90919780176412,56.81437811956078
4531,sub-36,pain,3,18,6,2,48.0,0.3,0.125,-1,41.33333333,1.851389348,62.284330774753705,55.65596369052037,55.75216563620789
4532,sub-36,pain,3,19,7,2,48.0,0.7,0.05,-1,57.66666667,1.801320757,61.3597045449928,66.27824791418837,66.37476775294977
4533,sub-36,pain,3,20,8,1,47.0,0.3,0.05,0,19.66666667,1.701217785,45.970088129662784,39.5605120728849,39.46367116902795
4534,sub-36,pain,3,21,9,1,47.0,0.3,0.125,-1,23.33333333,1.917899291,45.04546189990188,38.30727796164115,38.40145868567507
4535,sub-36,pain,3,22,10,2,48.0,0.3,0.05,-1,50.66666667,1.651171586,58.58582585571009,51.13534630386427,51.03834049206305
4536,sub-36,pain,3,23,11,1,47.0,0.7,0.05,0,10.0,1.1510999,43.19620944038007,49.012463801735386,49.107603767271094
4537,sub-36,pain,3,24,12,2,48.0,0.7,0.125,-1,56.66666667,1.684490001,56.736573396188284,62.262440478634055,62.16545753605823
4538,sub-36,pain,4,1,1,1,47.0,0.7,0.125,0,11.0,2.134804096,51.48578316231455,58.132144340639776,58.03727268361971
4539,sub-36,pain,4,2,2,2,48.0,0.7,0.125,1,15.0,1.384340939,65.02614711812276,72.41118977835362,72.31780939381481
4540,sub-36,pain,4,3,3,2,48.0,0.7,0.125,0,0.333333333,2.501809867,64.10152088836186,70.73837183495766,70.64423408194956
4541,sub-36,pain,4,4,4,2,48.0,0.3,0.125,1,4.0,1.467737275,63.17689465860096,58.21677981494179,58.31452461043972
4542,sub-36,pain,4,5,5,2,48.0,0.3,0.125,0,0.333333333,1.934634228,62.252268428840054,56.54396187154583,56.64094929857447
4543,sub-36,pain,4,6,6,1,47.0,0.7,0.125,1,0.0,1.08402207,46.86265201351003,54.11401240256212,54.018353332841386
4544,sub-36,pain,4,7,7,2,48.0,0.7,0.05,1,2.666666667,3.235683948,60.40301596931824,66.94208074478524,67.03962850630039
4545,sub-36,pain,4,8,8,1,47.0,0.7,0.05,1,5.666666667,2.351750264,45.01339955398822,51.490378309730545,51.586419776648754
4546,sub-36,pain,4,9,9,1,47.0,0.3,0.05,1,0.0,1.350989868,44.08877332422732,38.24445999323098,38.14749073664323
4547,sub-36,pain,4,10,10,2,48.0,0.3,0.05,1,4.0,1.384289624,57.62913728003553,51.799179134461134,51.70320124541368
4548,sub-36,pain,4,11,11,1,47.0,0.3,0.125,1,0.0,1.584529778,42.23952086470551,37.074127498413475,37.1688212181445
4549,sub-36,pain,4,12,12,1,47.0,0.3,0.125,0,3.333333333,1.567818789,41.31489463494461,35.40130955501752,35.495245906279266
4550,sub-36,vision,4,13,1,2,0.6,0.7,0.125,0,80.0,1.734617993,62.7298407423277,68.04872186186346,67.68219978985323
4551,sub-36,vision,4,14,2,2,0.6,0.7,0.05,1,89.66666667,0.934024978,62.764748598282225,67.9817654112874,68.34997175746345
4552,sub-36,vision,4,15,3,1,0.5,0.7,0.125,0,81.0,1.167544984,50.772458201098985,56.00639876759049,55.639457537775904
4553,sub-36,vision,4,16,4,1,0.5,0.7,0.05,1,86.66666667,2.251656,50.80736605705351,55.939442317014425,56.307229505386104
4554,sub-36,vision,4,17,5,1,0.5,0.3,0.05,1,85.66666667,1.100771623,50.842273913008036,45.93606385005771,45.57027336387048
4555,sub-36,vision,4,18,6,1,0.5,0.3,0.125,0,87.66666667,1.050801308,50.87718176896256,46.0640449072954,46.42883932148264
4556,sub-36,vision,4,19,7,1,0.5,0.7,0.125,1,90.0,0.783942049,50.91208962491708,57.13740602642351,56.77204907000927
4557,sub-36,vision,4,20,8,2,0.6,0.3,0.05,1,89.0,1.918127566,62.97419573400937,58.13094846098475,57.764583521468964
4558,sub-36,vision,4,21,9,2,0.6,0.3,0.125,1,80.0,1.134004514,63.00910358996389,59.26788756373221,59.63448668689757
4559,sub-36,vision,4,22,10,1,0.5,0.3,0.125,1,79.33333333,1.234262364,51.01681319278065,47.19505216612842,47.561430853716004
4560,sub-36,vision,4,23,11,2,0.6,0.3,0.125,0,81.66666667,1.867856824,63.07891930187294,58.31995412488406,58.68377664128959
4561,sub-36,vision,4,24,12,2,0.6,0.7,0.125,1,88.33333333,1.350886616,63.113827157827465,69.39331524401217,69.02698638981622
4562,sub-36,pain,5,1,1,1,47.0,0.3,0.05,-1,51.33333333,1.851403343,50.52909458663999,42.9847868794816,42.8881078200798
4563,sub-36,pain,5,2,2,2,48.0,0.7,0.05,-1,59.66666667,1.667872312,64.0694585424482,68.83693269029905,68.93399825841519
4564,sub-36,pain,5,3,3,2,48.0,0.7,0.125,-1,38.33333333,2.018354316,63.1448323126873,68.61509184239381,68.51968448328603
4565,sub-36,pain,5,4,4,2,48.0,0.3,0.05,-1,38.66666667,1.350965921,62.220206082926396,54.642522726887215,54.546320107969066
4566,sub-36,pain,5,5,5,1,47.0,0.7,0.05,-1,6.333333333,2.201464253,46.83058966759638,51.48824696141982,51.583291307882355
4567,sub-36,pain,5,6,6,2,48.0,0.7,0.05,0,12.66666667,1.651042831,60.37095362340459,66.0743593659885,66.17129389194756
4568,sub-36,pain,5,7,7,1,47.0,0.3,0.05,0,14.33333333,1.351029054,44.98133720807457,38.325230261346505,38.22790523273099
4569,sub-36,pain,5,8,8,2,48.0,0.3,0.05,0,25.0,1.11752522,58.52170116388278,51.879949402576656,51.78361574150144
4570,sub-36,pain,5,9,9,1,47.0,0.7,0.05,0,17.33333333,1.234240905,43.13208474855276,48.72567363710927,48.82058694141473
4571,sub-36,pain,5,10,10,1,47.0,0.3,0.125,-1,5.0,2.118222483,42.20745851879185,35.17501285627821,35.26819452849692
4572,sub-36,pain,5,11,11,1,47.0,0.7,0.125,-1,17.0,1.867918402,41.28283228903095,46.52394787895324,46.42523198055022
4573,sub-36,pain,5,12,12,2,48.0,0.3,0.125,-1,12.0,2.235073143,54.82319624483917,47.78124035059609,47.87515592682677
4574,sub-36,vision,5,13,1,2,0.6,0.7,0.05,-1,77.66666667,1.267568651,63.89583029588549,67.74832354395042,68.11896530436636
4575,sub-36,vision,5,14,2,2,0.6,0.7,0.125,-1,86.66666667,1.217456209,63.93073815184001,68.88526264669787,68.52315770678103
4576,sub-36,vision,5,15,3,1,0.5,0.7,0.05,-1,75.0,2.301566914,51.93844775465677,55.70600044967745,56.076223052289
4577,sub-36,vision,5,16,4,1,0.5,0.7,0.05,0,68.0,2.018064775,51.97335561061129,55.99359281113722,56.35830242267138
4578,sub-36,vision,5,17,5,1,0.5,0.3,0.125,-1,78.66666667,1.217405516,52.00826346656582,46.83956108546819,47.209170076201985
4579,sub-36,vision,5,18,6,1,0.5,0.3,0.05,-1,74.66666667,1.167520415,52.043171322520344,45.76364658938236,45.39989407298184
4580,sub-36,vision,5,19,7,2,0.6,0.7,0.05,0,84.33333333,1.200886103,64.10527743161263,68.18847742206425,68.55261258026988
4581,sub-36,vision,5,20,8,2,0.6,0.3,0.125,-1,88.33333333,2.234903647,64.14018528756715,59.034445696395224,59.40348023380047
4582,sub-36,vision,5,21,9,1,0.5,0.7,0.125,-1,77.66666667,1.851305067,52.14789489038392,56.99550106907897,56.63198336022486
4583,sub-36,vision,5,22,10,2,0.6,0.3,0.05,0,83.33333333,1.150806315,64.21000099947621,58.246123561769174,57.8762836009627
4584,sub-36,vision,5,23,11,2,0.6,0.3,0.05,-1,87.0,2.301886311,64.24490885543072,58.01955580697102,57.654831392788786
4585,sub-36,vision,5,24,12,1,0.5,0.3,0.05,0,78.0,1.367611911,52.25261845824749,46.2038004674962,45.83354134888537
4586,sub-36,vision,6,1,1,1,0.5,0.3,0.05,1,68.0,1.284219617,53.0346215963055,47.94023171599958,47.573839289656995
4587,sub-36,vision,6,2,2,2,0.6,0.7,0.125,1,85.33333333,1.200702923,65.0967277053978,71.21440928996917,70.84867082897735
4588,sub-36,vision,6,3,3,2,0.6,0.3,0.05,1,80.66666667,1.934729394,65.13163556135231,60.104604023595805,59.73783586615126
4589,sub-36,vision,6,4,4,2,0.6,0.7,0.05,1,69.33333333,2.268241967,65.16654341730684,70.16900709721415,70.53541916987535
4590,sub-36,vision,6,5,5,1,0.5,0.3,0.125,0,68.0,1.451007315,53.1742530201236,48.15974968322971,48.52334599058185
4591,sub-36,vision,6,6,6,1,0.5,0.7,0.125,1,66.66666667,2.118014424,53.20916087607812,59.23311080235782,58.86655573910848
4592,sub-36,vision,6,7,7,2,0.6,0.7,0.125,0,64.33333333,1.701197881,65.27126698517041,70.35801276111346,69.98890152668206
4593,sub-36,vision,6,8,8,2,0.6,0.3,0.125,1,84.0,1.167593811,65.30617484112493,61.36359233966652,61.728993355996785
4594,sub-36,vision,6,9,9,1,0.5,0.3,0.125,1,69.0,2.118206,53.313884443941696,49.290756942062735,49.655937522815215
4595,sub-36,vision,6,10,10,2,0.6,0.3,0.125,0,66.33333333,1.567732642,65.37599055303399,60.41565890081838,60.7782833103888
4596,sub-36,vision,6,11,11,1,0.5,0.7,0.05,1,75.0,1.234189901,53.38370015585074,58.27924551959524,58.644244823319156
4597,sub-36,vision,6,12,12,1,0.5,0.7,0.125,0,75.0,1.367471339,53.41860801180527,58.40722657683293,58.03710001791742
4598,sub-36,pain,6,13,1,1,47.0,0.7,0.125,0,57.0,1.768249587,49.57240601096544,55.94837088218912,55.85275763688216
4599,sub-36,pain,6,14,2,2,48.0,0.7,0.125,0,61.66666667,1.600918882,63.112769966773655,69.50309002341928,69.4084681456526
4600,sub-36,pain,6,15,3,2,48.0,0.3,0.05,1,56.33333333,1.801373938,62.18814373701275,56.25484720439636,56.15992997176029
4601,sub-36,pain,6,16,4,1,47.0,0.7,0.05,1,46.66666667,1.934746188,46.79852732168273,53.10057143892897,53.19690117167358
4602,sub-36,pain,6,17,5,2,48.0,0.3,0.125,1,44.0,1.534428221,60.338891277490944,55.084514709578855,55.18126045326157
4603,sub-36,pain,6,18,6,1,47.0,0.3,0.125,1,40.0,2.084848087,44.94927486216092,39.63281227452416,39.72805172360993
4604,sub-36,pain,6,19,7,1,47.0,0.3,0.05,1,28.33333333,1.801337551,44.024648632400016,37.957669828604864,37.860473910786865
4605,sub-36,pain,6,20,8,1,47.0,0.7,0.125,1,30.33333333,1.734599022,43.10002240263911,50.03325565028692,49.936340065222645
4606,sub-36,pain,6,21,9,2,48.0,0.7,0.05,1,62.66666667,1.734598711,56.64038635844732,62.861323992510044,62.957615238681655
4607,sub-36,pain,6,22,10,2,48.0,0.3,0.125,0,52.0,1.851425424,55.71576012868642,49.617730178533826,49.712688699633944
4608,sub-36,pain,6,23,11,2,48.0,0.7,0.125,1,50.0,1.901424351,54.791133898925516,61.690991497692536,61.5945523531119
4609,sub-36,pain,6,24,12,1,47.0,0.3,0.125,0,36.33333333,1.384197256,39.4015174835955,33.21753609656686,33.31073085954171
4610,sub-37,pain,1,1,1,1,47.0,0.7,0.05,0,82.0,1.601113703,54.74863568573696,60.906099394989674,60.920682543585826
4611,sub-37,pain,1,2,2,2,48.0,0.7,0.05,-1,78.0,2.835500404,68.36019119164818,73.4493637862611,73.46395823980845
4612,sub-37,pain,1,3,3,2,48.0,0.7,0.05,0,76.66666667,2.618751944,67.41221009318014,73.56912223915081,73.58380832184572
4613,sub-37,pain,1,4,4,2,48.0,0.3,0.05,0,34.33333333,2.885686073,66.4642289947121,60.55908791825277,60.54521271948432
4614,sub-37,pain,1,5,5,2,48.0,0.3,0.05,-1,22.66666667,2.818535796,65.51624789624405,58.5051778905094,58.49112900973958
4615,sub-37,pain,1,6,6,1,47.0,0.7,0.125,-1,53.0,2.885292965,50.00873019339673,55.776053608492354,55.76185853802498
4616,sub-37,pain,1,7,7,1,47.0,0.3,0.125,-1,17.66666667,2.251635566,49.06074909492868,42.76601928759432,42.7801394936829
4617,sub-37,pain,1,8,8,1,47.0,0.3,0.05,-1,13.0,2.568649624,48.11276799646063,41.00677610921411,40.992419162211
4618,sub-37,pain,1,9,9,2,48.0,0.3,0.125,-1,22.0,2.151705231,61.72432350237187,55.42904213175546,55.44326527194279
4619,sub-37,pain,1,10,10,1,47.0,0.3,0.05,0,17.33333333,3.302314487,46.21680579952454,40.159458774676985,40.145152430394525
4620,sub-37,pain,1,11,11,1,47.0,0.7,0.05,-1,42.33333333,1.984951483,45.2688247010565,50.14850728040482,50.16254750915745
4621,sub-37,pain,1,12,12,2,48.0,0.7,0.125,-1,58.0,2.601689992,58.88038020696773,64.57077330294618,64.55651706086992
4622,sub-37,vision,1,13,1,1,0.5,0.7,0.125,-1,50.0,1.901534801,47.99859925344727,53.21755344538283,52.862628223986334
4623,sub-37,vision,1,14,2,2,0.6,0.7,0.05,0,57.66666667,1.934744666,59.97192336051389,64.29553586546749,64.65123393114789
4624,sub-37,vision,1,15,3,1,0.5,0.3,0.05,-1,32.33333333,2.668820987,48.06085933052636,42.31126081914051,41.95681008434357
4625,sub-37,vision,1,16,4,2,0.6,0.3,0.05,0,29.33333333,3.002075947,60.034183437592986,54.53432503232522,54.17482815400559
4626,sub-37,vision,1,17,5,2,0.6,0.3,0.125,-1,43.33333333,1.967971948,60.06531347613253,55.53382113737683,55.89598322869773
4627,sub-37,vision,1,18,6,1,0.5,0.7,0.05,-1,51.33333333,2.668559122,48.154249446145,52.23355863672446,52.59735497329577
4628,sub-37,vision,1,19,7,2,0.6,0.7,0.125,-1,54.0,2.285037009,60.127573553211626,65.42390155807246,65.07235078868185
4629,sub-37,vision,1,20,8,2,0.6,0.3,0.05,-1,46.0,2.785388132,60.15870359175118,54.48539153494178,54.1337048266771
4630,sub-37,vision,1,21,9,1,0.5,0.7,0.05,0,53.33333333,2.585230453,48.24763956176365,52.508013912326255,52.868273057158135
4631,sub-37,vision,1,22,10,1,0.5,0.3,0.125,-1,37.66666667,3.118749145,48.27876960030319,43.68186439045893,44.04736670998402
4632,sub-37,vision,1,23,11,1,0.5,0.3,0.05,0,29.66666667,2.668600796,48.309899638842744,42.74680307918399,42.391867280015845
4633,sub-37,vision,1,24,12,2,0.6,0.7,0.05,-1,56.0,2.151573055,60.28322374590937,64.43990674941408,64.80707753799129
4634,sub-37,pain,2,1,1,2,48.0,0.3,0.05,1,27.33333333,2.835392797,68.40849140815949,63.203875150051246,63.19014203722116
4635,sub-37,pain,2,2,2,2,48.0,0.3,0.125,1,23.66666667,3.085568825,67.46051030969144,63.02896675357779,63.04362874098559
4636,sub-37,pain,2,3,3,1,47.0,0.3,0.125,0,10.66666667,2.852131306,51.95299260684413,46.6776858023098,46.69204799884166
4637,sub-37,pain,2,4,4,2,48.0,0.3,0.125,0,13.0,1.417976302,65.56454811275535,60.30778443389778,60.32229059095529
4638,sub-37,pain,2,5,5,2,48.0,0.7,0.125,0,30.0,3.352509486,64.61656701428731,71.38366717994215,71.36977600758989
4639,sub-37,pain,2,6,6,1,47.0,0.3,0.05,1,3.666666667,2.168290415,49.10904931143999,43.77132179390229,43.757198561985106
4640,sub-37,pain,2,7,7,1,47.0,0.7,0.125,0,18.66666667,4.036295018,48.16106821297194,54.85234118607369,54.838182973915046
4641,sub-37,pain,2,8,8,2,48.0,0.7,0.05,1,49.66666667,2.752019033,61.77262371888317,68.47730317153463,68.49180312875265
4642,sub-37,pain,2,9,9,1,47.0,0.3,0.125,1,7.333333333,3.202381663,46.26510601603585,41.662261822575175,41.67645163804206
4643,sub-37,pain,2,10,10,1,47.0,0.7,0.05,1,26.0,1.567842881,45.3171249175678,51.945977177666165,51.96021009507781
4644,sub-37,pain,2,11,11,2,48.0,0.7,0.125,1,50.33333333,2.485148038,58.92868042347904,66.36824320020752,66.35417964679029
4645,sub-37,pain,2,12,12,1,47.0,0.7,0.125,1,48.66666667,2.78519842,43.42116272063171,50.80399299376589,50.78970342696918
4646,sub-37,vision,2,13,1,2,0.6,0.3,0.05,1,47.66666667,1.951523916,61.08837643389211,56.540920220316046,56.181792965870876
4647,sub-37,vision,2,14,2,1,0.5,0.7,0.05,1,47.33333333,2.368310319,49.17731240390458,54.38573951276373,54.743926579575486
4648,sub-37,vision,2,15,3,2,0.6,0.3,0.125,0,38.0,4.152938048,61.150636510971204,56.692560833106974,57.04744810752533
4649,sub-37,vision,2,16,4,1,0.5,0.3,0.05,1,34.33333333,2.334939043,49.239572480983675,44.62452867962146,44.267520802433204
4650,sub-37,vision,2,17,5,1,0.5,0.7,0.125,1,45.0,2.701874728,49.270702519523226,55.6274734965288,55.271822409161906
4651,sub-37,vision,2,18,6,1,0.5,0.3,0.125,1,41.0,2.768630963,49.30183255806277,45.8340452664982,46.19393831626373
4652,sub-37,vision,2,19,7,1,0.5,0.7,0.125,0,55.0,2.201471357,49.33296259660232,54.63403231621967,54.27671568170979
4653,sub-37,vision,2,20,8,2,0.6,0.7,0.125,1,64.0,2.318313118,61.306286703668945,67.7371694185534,67.38306150677147
4654,sub-37,vision,2,21,9,2,0.6,0.3,0.125,1,55.0,2.985473347,61.33741674220849,57.94374118852281,58.3051774138733
4655,sub-37,vision,2,22,10,2,0.6,0.7,0.125,0,60.0,2.468498165,61.36854678074804,66.74372823824427,66.38795477931934
4656,sub-37,vision,2,23,11,2,0.6,0.7,0.05,1,61.66666667,3.035473036,61.399676819287585,66.68873981611836,67.05213261135695
4657,sub-37,vision,2,24,12,1,0.5,0.3,0.125,0,30.0,3.302307644,49.488612789300056,44.969473673742414,45.33014287825955
4658,sub-37,pain,3,1,1,2,48.0,0.7,0.125,-1,55.33333333,1.851445543,67.50881052620275,73.12166521402455,73.10775072096664
4659,sub-37,pain,3,2,2,1,47.0,0.3,0.05,0,21.0,2.068156683,52.00129282335543,45.809123323474864,45.79503564893004
4660,sub-37,pain,3,3,3,1,47.0,0.3,0.125,-1,12.0,2.168178454,51.053311724887386,44.547380686684875,44.56155545680346
4661,sub-37,pain,3,4,4,1,47.0,0.7,0.05,0,24.33333333,1.617844436,50.10533062641934,55.917930282092414,55.93228080973022
4662,sub-37,pain,3,5,5,1,47.0,0.7,0.125,-1,31.0,2.284943708,49.1573495279513,54.656187645302424,54.64192405958432
4663,sub-37,pain,3,6,6,1,47.0,0.7,0.05,-1,11.33333333,1.300970641,48.20936842948325,52.89694446692221,52.911080286131735
4664,sub-37,pain,3,7,7,2,48.0,0.7,0.05,0,24.0,2.234850718,61.820923935394475,67.61387733882673,67.62828977413638
4665,sub-37,pain,3,8,8,1,47.0,0.3,0.05,-1,6.666666667,2.969111464,46.31340623254715,38.91983435859734,38.9053678699166
4666,sub-37,pain,3,9,9,2,48.0,0.3,0.05,-1,20.33333333,2.268285439,59.924961738458386,52.54993299018531,52.53561046203023
4667,sub-37,pain,3,10,10,2,48.0,0.7,0.05,-1,51.33333333,2.201520184,58.97698063999034,63.62581573622969,63.639972436684154
4668,sub-37,pain,3,11,11,2,48.0,0.3,0.05,0,21.33333333,2.11830441,58.028999541522296,51.70261565564819,51.68834373021377
4669,sub-37,pain,3,12,12,2,48.0,0.3,0.125,-1,22.33333333,2.618599552,57.08101844305425,50.4408730188582,50.45486353808718
4670,sub-37,vision,3,13,1,1,0.5,0.3,0.05,-1,26.33333333,1.701134851,50.293765477282804,44.33756883450389,43.98052625316991
4671,sub-37,vision,3,14,2,2,0.6,0.7,0.05,-1,46.66666667,2.035026746,62.26708958434943,66.20847558967077,66.56817112792177
4672,sub-37,vision,3,15,3,1,0.5,0.7,0.05,-1,48.0,2.034871245,50.3560255543619,54.22764925519951,54.588243319760124
4673,sub-37,vision,3,16,4,1,0.5,0.3,0.125,-1,38.66666667,2.018113143,50.38715559290144,45.579302818268964,45.93977158936243
4674,sub-37,vision,3,17,5,1,0.5,0.3,0.05,0,34.66666667,1.951444299,50.418285631440995,44.644241506994014,44.284272159394256
4675,sub-37,vision,3,18,6,2,0.6,0.3,0.05,0,51.33333333,1.934720097,62.39160973850762,56.68950263524195,56.32985561227986
4676,sub-37,vision,3,19,7,1,0.5,0.7,0.05,0,42.33333333,2.101711762,50.48054570852009,54.53432192768963,54.89198922598447
4677,sub-37,vision,3,20,8,2,0.6,0.3,0.05,-1,42.66666667,1.58441407,62.453869815586714,56.576134344081844,56.223076640227404
4678,sub-37,vision,3,21,9,2,0.6,0.3,0.125,-1,42.0,2.118200846,62.48499985412626,57.75343353407025,58.11666633169596
4679,sub-37,vision,3,22,10,2,0.6,0.7,0.05,0,50.33333333,1.851251788,62.51612989266581,66.64401784971425,67.00322832359404
4680,sub-37,vision,3,23,11,2,0.6,0.7,0.125,-1,51.33333333,2.668612303,62.54725993120535,67.64351395476587,67.29303389168007
4681,sub-37,vision,3,24,12,1,0.5,0.7,0.125,-1,46.66666667,2.435158923,50.636195901217825,55.662687620294605,55.31310608351844
4682,sub-37,vision,4,1,1,1,0.5,0.3,0.125,1,30.0,2.301761834,51.44134858920057,47.76370109119657,48.119171018004124
4683,sub-37,vision,4,2,2,1,0.5,0.7,0.125,1,47.33333333,1.967954531,51.47247862774012,57.62156411500385,57.26271075562626
4687,sub-37,vision,4,6,6,2,0.6,0.7,0.125,1,37.33333333,1.784681533,63.53919285042539,69.76347743391679,69.4067776755978
4688,sub-37,vision,4,7,7,2,0.6,0.3,0.125,1,48.66666667,2.118253094,63.57032288896493,59.97004920388619,60.328893582699635
4689,sub-37,vision,4,8,8,2,0.6,0.7,0.125,0,54.0,2.251707097,63.60145292750448,68.77003625360766,68.41167094814568
4690,sub-37,vision,4,9,9,2,0.6,0.3,0.125,0,50.33333333,2.651987311,63.632582966044026,58.97660802357706,59.333786855247524
4691,sub-37,vision,4,10,10,1,0.5,0.7,0.05,1,48.0,1.984752752,51.7215189360565,56.73422149701049,57.095920972021645
4692,sub-37,vision,4,11,11,2,0.6,0.3,0.05,1,52.66666667,2.118189961,63.69484304312312,58.953836998339476,58.599443003040996
4693,sub-37,vision,4,12,12,2,0.6,0.7,0.05,1,60.66666667,1.818121851,63.72597308166267,68.81170002214675,69.17433224726923
4694,sub-37,pain,4,13,1,1,47.0,0.3,0.125,1,18.66666667,1.18420632,52.049593039866735,47.311926371373055,47.32633485657757
4695,sub-37,pain,4,14,2,2,48.0,0.3,0.05,1,14.66666667,1.200748274,65.66114854577796,60.14985761200765,60.13597393107303
4696,sub-37,pain,4,15,3,1,47.0,0.3,0.125,0,1.0,2.685369472,50.153630842930646,44.59074405169304,44.60499670654727
4697,sub-37,pain,4,16,4,1,47.0,0.7,0.05,1,1.333333333,2.168283884,49.2056497444626,55.66149015161039,55.67585968590585
4698,sub-37,pain,4,17,5,1,47.0,0.7,0.125,0,1.333333333,1.217850034,48.257668645994556,54.699551010310586,54.685365309328134
4699,sub-37,pain,4,18,6,2,48.0,0.7,0.125,0,8.0,1.20091124,61.86922415190578,68.32964964189856,68.31560790144177
4700,sub-37,pain,4,19,7,1,47.0,0.7,0.125,1,2.0,2.434957704,46.36170644905846,53.55243018028328,53.53823620394348
4701,sub-37,pain,4,20,8,2,48.0,0.7,0.05,1,9.666666667,1.484466007,59.973261954969686,66.39036142091787,66.40475183645826
4702,sub-37,pain,4,21,9,1,47.0,0.3,0.05,1,5.666666667,1.300989923,44.46574425212237,38.78315268100503,38.7687968281295
4703,sub-37,pain,4,22,10,2,48.0,0.3,0.125,0,9.0,1.534331654,58.0772997580336,52.418387958720025,52.432538415538474
4704,sub-37,pain,4,23,11,2,48.0,0.7,0.125,1,5.0,1.58452572,57.129318659565556,64.28130144959076,64.2671283544959
4705,sub-37,pain,4,24,12,2,48.0,0.3,0.125,1,6.333333333,1.284196367,56.18133756109751,51.27126712869272,51.285409310153824
4706,sub-37,vision,5,1,1,1,0.5,0.3,0.05,0,30.33333333,1.734680289,52.58893170111834,46.60611472858073,46.24233268349663
4707,sub-37,vision,5,2,2,2,0.6,0.3,0.05,0,50.0,2.018223238,64.56225580818496,58.65137585682866,58.28791613638223
4708,sub-37,vision,5,3,3,1,0.5,0.7,0.125,-1,50.66666667,2.034789762,52.651191778197436,57.463473857439624,57.107027495810904
4709,sub-37,vision,5,4,4,1,0.5,0.3,0.05,-1,40.33333333,1.5342623,52.68232181673698,46.524963834308956,46.16838153380617
4710,sub-37,vision,5,5,5,2,0.6,0.7,0.125,-1,76.0,1.401382099,64.6556459238036,69.5409523825759,69.18543877105849
4711,sub-37,vision,5,6,6,2,0.6,0.7,0.05,0,56.0,1.451268893,64.68677596234315,68.60589107130095,68.96128884769641
4712,sub-37,vision,5,7,7,2,0.6,0.3,0.125,-1,41.33333333,1.484361199,64.7179060008827,59.77974154943362,60.1403825005223
4713,sub-37,vision,5,8,8,2,0.6,0.3,0.05,-1,55.33333333,1.767996206,64.74903603942225,58.6668771532219,58.31244845377771
4714,sub-37,vision,5,9,9,1,0.5,0.7,0.05,0,48.66666667,1.817922187,52.83797200943472,56.68949953060637,57.047016684258736
4715,sub-37,vision,5,10,10,1,0.5,0.7,0.05,-1,43.33333333,2.201426261,52.869102047974266,56.54391384255792,56.90740988984431
4716,sub-37,vision,5,11,11,2,0.6,0.7,0.05,-1,62.0,1.584502084,64.8424261550409,68.58917497080586,68.95299334272993
4717,sub-37,vision,5,12,12,1,0.5,0.3,0.125,-1,40.66666667,1.818272688,52.93136212505336,47.92778480251572,48.291765981808595
4718,sub-37,pain,5,13,1,2,48.0,0.3,0.05,0,31.33333333,1.551291597,65.70944876228927,59.28643177929973,59.27246057645675
4719,sub-37,pain,5,14,2,2,48.0,0.7,0.05,-1,30.0,2.101497792,64.76146766382122,69.27548028502757,69.28985565521967
4720,sub-37,pain,5,15,3,1,47.0,0.7,0.125,-1,19.33333333,1.984837034,49.253949960973905,54.503397469539316,54.48910639499741
4721,sub-37,pain,5,16,4,2,48.0,0.3,0.05,-1,11.66666667,2.301852025,62.86550546688513,55.298370176702704,55.28414323900453
4722,sub-37,pain,5,17,5,2,48.0,0.3,0.125,-1,13.0,1.501054612,61.91752436841709,55.12346178022925,55.13762994276895
4723,sub-37,pain,5,18,6,1,47.0,0.3,0.05,0,15.66666667,2.601868197,46.41000666556977,39.853878423150775,39.83951710122069
4724,sub-37,pain,5,19,7,1,47.0,0.3,0.05,-1,11.33333333,1.567970081,45.46202556710172,37.799968395407404,37.78543339147595
4725,sub-37,pain,5,20,8,1,47.0,0.3,0.125,-1,7.0,2.351851092,44.51404446863367,37.625059998933956,37.63892009524038
4726,sub-37,pain,5,21,9,2,48.0,0.7,0.125,-1,22.0,1.951457361,58.125599974544905,63.29811716399313,63.28376491784234
4727,sub-37,pain,5,22,10,1,47.0,0.7,0.05,-1,8.333333333,2.568493811,42.61808227169758,46.94169956659812,46.955561738422396
4728,sub-37,pain,5,23,11,1,47.0,0.7,0.05,0,8.333333333,2.168263669,41.67010117322954,47.06145801948783,47.07541182045967
4729,sub-37,pain,5,24,12,2,48.0,0.7,0.05,0,16.66666667,2.018000871,55.28165667914077,60.6915566510758,60.705654412573296
4730,sub-37,pain,6,1,1,2,48.0,0.7,0.05,1,19.33333333,2.318426012,64.80976788033253,71.0729501822889,71.08751824114003
4731,sub-37,pain,6,2,2,1,47.0,0.3,0.125,1,0.0,2.518485725,49.302250177485206,44.25790883332945,44.27216675042944
4732,sub-37,pain,6,3,3,1,47.0,0.7,0.125,0,0.0,1.834642657,48.354269079017165,54.54676083454747,54.532547644741214
4733,sub-37,pain,6,4,4,2,48.0,0.7,0.125,0,1.0,3.218765006,61.96582458492839,68.17685946613544,68.16279023685485
4734,sub-37,pain,6,5,5,1,47.0,0.3,0.05,1,0.0,2.551864154,46.458306882081075,40.56451408009558,40.55021279125006
4735,sub-37,pain,6,6,6,2,48.0,0.3,0.125,1,1.0,2.43502488,60.0698623879923,54.98678010263693,55.00105890098186
4736,sub-37,pain,6,7,7,1,47.0,0.7,0.125,1,0.666666667,2.184937177,44.56234468514498,51.46548842966651,51.45118491164909
4737,sub-37,pain,6,8,8,2,48.0,0.7,0.125,1,1.666666667,3.069025005,58.173900191056205,65.09558706125448,65.08142750376271
4738,sub-37,pain,6,9,9,2,48.0,0.3,0.125,0,1.0,3.202288673,57.225919092588164,51.29852199553008,51.31260393709782
4739,sub-37,pain,6,10,10,1,47.0,0.7,0.05,1,0.0,1.000693848,41.71840138974084,47.77209367643263,47.78610751048903
4740,sub-37,pain,6,11,11,2,48.0,0.3,0.05,1,1.0,3.135731791,55.329956895652074,49.359233774549395,49.344871314095
4741,sub-37,pain,6,12,12,1,47.0,0.3,0.125,0,0.0,1.450928034,39.82243919280475,33.80012021423479,33.813894089569246
4742,sub-37,vision,6,13,1,1,0.5,0.7,0.125,1,34.33333333,1.801143248,53.73651481303611,59.680089527255575,59.319254746814586
4743,sub-37,vision,6,14,2,2,0.6,0.7,0.125,1,57.66666667,1.818008646,65.70983892010273,71.7253506555035,71.36483819970017
4744,sub-37,vision,6,15,3,2,0.6,0.7,0.125,0,54.33333333,2.101550973,65.74096895864228,70.69969207830603,70.33690364988608
4745,sub-37,vision,6,16,4,2,0.6,0.3,0.125,0,46.66666667,2.134958637,65.77209899718183,60.90626384827543,61.25901955698791
4746,sub-37,vision,6,17,5,1,0.5,0.7,0.125,0,42.66666667,2.018081421,53.8610349671943,58.75108314072311,58.389803664086436
4747,sub-37,vision,6,18,6,1,0.5,0.3,0.05,1,42.0,2.201590782,53.892165005733844,48.87044909167826,48.511920074257766
4748,sub-37,vision,6,19,7,2,0.6,0.3,0.125,1,56.33333333,1.817927474,65.86548911280047,62.06079201302625,62.418265396249936
4749,sub-37,vision,6,20,8,1,0.5,0.7,0.05,1,49.33333333,2.351485663,53.95442508281294,58.76052951237387,59.11963714084799
4750,sub-37,vision,6,21,9,2,0.6,0.7,0.05,1,62.0,2.051440567,65.92774918987956,70.80579064062181,71.1652205937336
4751,sub-37,vision,6,22,10,1,0.5,0.3,0.125,1,54.33333333,2.118207066,54.016685159892035,50.14440047233167,50.50399323281226
4752,sub-37,vision,6,23,11,2,0.6,0.3,0.05,1,89.66666667,3.202295826,65.99000926695867,61.044579807479536,60.6888148165913
4753,sub-37,vision,6,24,12,1,0.5,0.3,0.125,0,42.33333333,1.634428687,54.07894523697113,49.150959292022534,49.50888650536015
4754,sub-38,pain,1,1,1,2,48.0,0.3,0.125,-1,56.66666667,1.701079075,69.21440284028708,63.043435345907014,63.129299309787434
4755,sub-38,pain,1,2,2,1,47.0,0.3,0.125,-1,28.66666667,1.834663323,53.657177389867286,47.43664707939025,47.52103328831424
4756,sub-38,pain,1,3,3,1,47.0,0.7,0.05,0,50.66666667,1.550924151,52.69156635120477,58.86897174494817,58.9542254118532
4757,sub-38,pain,1,4,4,1,47.0,0.3,0.05,0,20.33333333,1.517670526,51.72595531254225,45.85884827710199,45.776984604088256
4758,sub-38,pain,1,5,5,2,48.0,0.7,0.05,0,59.33333333,1.651514148,65.35195868563699,71.53678797990223,71.62236554245128
4759,sub-38,pain,1,6,6,2,48.0,0.7,0.05,-1,69.33333333,2.168228662,64.38634764697447,69.47427503225995,69.55871873636548
4760,sub-38,pain,1,7,7,1,47.0,0.7,0.125,-1,59.33333333,1.667789686,48.82912219655468,54.56882648411103,54.48552464004077
4761,sub-38,pain,1,8,8,2,48.0,0.3,0.05,-1,43.33333333,1.584490329,62.455125569649425,55.48449422055954,55.40143596497549
4762,sub-38,pain,1,9,9,1,47.0,0.7,0.05,-1,64.0,1.567824487,46.89790011922963,51.908172078034724,51.99036878764221
4763,sub-38,pain,1,10,10,1,47.0,0.3,0.05,-1,27.0,1.41766894,45.93228908056712,38.898048610188546,38.813127979877265
4764,sub-38,pain,1,11,11,2,48.0,0.3,0.05,0,51.66666667,1.85115625,59.558292453661856,53.62837779278489,53.54491491656114
4765,sub-38,pain,1,12,12,2,48.0,0.7,0.125,-1,66.0,2.268186086,58.59268141499933,64.29767068750239,64.21353887976372
4766,sub-38,vision,1,13,1,2,0.6,0.3,0.05,-1,56.33333333,2.218485563,60.0378519785827,54.53035967519173,54.223465330700144
4767,sub-38,vision,1,14,2,1,0.5,0.3,0.05,0,41.33333333,1.65118822,47.880241174652234,42.31160609947171,42.0005574521568
4768,sub-38,vision,1,15,3,2,0.6,0.3,0.125,-1,49.0,1.784620389,60.086614860567416,55.65680728737539,55.96989193212081
4769,sub-38,vision,1,16,4,2,0.6,0.7,0.05,-1,61.0,1.401036064,60.11099630155978,64.27687767375237,64.58987699068804
4770,sub-38,vision,1,17,5,2,0.6,0.7,0.125,-1,69.66666667,1.300927494,60.13537774255214,65.37669890241719,65.07158099063503
4772,sub-38,vision,1,19,7,1,0.5,0.3,0.05,-1,32.33333333,1.217450246,48.00214837961403,42.43152604029924,42.12605917067538
4773,sub-38,vision,1,20,8,2,0.6,0.3,0.05,0,47.33333333,1.851294644,60.20852206552921,54.72995633659023,54.42089559337119
4774,sub-38,vision,1,21,9,1,0.5,0.3,0.125,-1,48.33333333,1.751284972,48.05091126159875,43.5579736524829,43.872485772096056
4775,sub-38,vision,1,22,10,2,0.6,0.7,0.05,0,61.33333333,2.234912247,60.25728494751393,64.44984795163202,64.76039625492662
4776,sub-38,vision,1,23,11,1,0.5,0.7,0.125,-1,67.33333333,1.784616968,48.099674143583464,53.277865267524696,52.97417483061028
4777,sub-38,vision,1,24,12,1,0.5,0.7,0.05,0,65.0,1.617704457,48.12405558457582,52.24450878266419,52.55534610117198
4778,sub-38,vision,2,1,1,1,0.5,0.3,0.05,1,25.0,1.334471281,48.87338831725266,44.35331401356312,44.043569295681856
4779,sub-38,vision,2,2,2,2,0.6,0.7,0.125,0,64.33333333,1.651224296,61.07976200316784,66.23190087372205,65.92126381014239
4780,sub-38,vision,2,3,3,2,0.6,0.7,0.125,1,38.33333333,1.984661503,61.1041434441602,67.4049924097564,67.09673510937138
4781,sub-38,vision,2,4,4,1,0.5,0.3,0.125,0,37.0,1.601197224,48.946532640229734,44.35992285675009,44.66834659473847
4782,sub-38,vision,2,5,5,1,0.5,0.3,0.125,1,59.0,1.684513996,48.9709140812221,45.53301439278445,45.84381789396746
4783,sub-38,vision,2,6,6,1,0.5,0.7,0.05,1,77.66666667,1.500946838,48.995295522214455,54.153084779161425,54.463802952534685
4784,sub-38,vision,2,7,7,2,0.6,0.7,0.05,1,82.66666667,2.268188263,61.20166920812964,66.43830309868576,66.74958610158673
4785,sub-38,vision,2,8,8,2,0.6,0.3,0.125,0,40.33333333,1.567794009,61.226050649121994,56.725020326830936,57.03486273908793
4786,sub-38,vision,2,9,9,1,0.5,0.7,0.125,1,77.66666667,1.384502396,49.068439845191534,55.30615877486392,54.999328949346626
4787,sub-38,vision,2,10,10,1,0.5,0.7,0.125,0,63.0,1.634500919,49.09282128618389,54.18632000586722,53.87767964698258
4788,sub-38,vision,2,11,11,2,0.6,0.3,0.125,1,63.33333333,1.450892398,61.29919497209907,57.95136462990297,58.264156035181855
4789,sub-38,vision,2,12,12,2,0.6,0.3,0.05,1,39.0,1.684419453,61.32357641309143,56.904796168275816,56.59846242905859
4790,sub-38,pain,2,13,1,1,47.0,0.3,0.125,0,40.0,1.184159923,53.51429212101681,48.259651483995036,48.344852303089375
4791,sub-38,pain,2,14,2,2,48.0,0.3,0.125,0,27.33333333,1.317605776,67.14029549411156,61.90712506280333,61.993034397312485
4792,sub-38,pain,2,15,3,2,48.0,0.7,0.05,1,60.33333333,1.484367142,66.17468445544904,72.84381011429173,72.9302958503958
4793,sub-38,pain,2,16,4,1,47.0,0.7,0.125,1,50.66666667,1.467721515,50.61745900502925,57.93836156614281,57.85710175407109
4794,sub-38,pain,2,17,5,1,47.0,0.7,0.125,0,53.33333333,1.584482865,49.651847966366724,56.371488232570044,56.28938561844094
4795,sub-38,pain,2,18,6,1,47.0,0.3,0.05,1,41.66666667,1.701094314,48.6862369277042,43.24724103607456,43.164747057532615
4796,sub-38,pain,2,19,7,2,48.0,0.3,0.05,1,38.33333333,1.567784368,62.31224030079895,56.89471461488286,56.812929151755725
4797,sub-38,pain,2,20,8,1,47.0,0.7,0.05,1,68.66666667,2.335047563,46.755014850379155,53.31839247235804,53.40186197442245
4798,sub-38,pain,2,21,9,1,47.0,0.3,0.125,1,43.66666667,1.384356226,45.78940381171664,41.009608722879705,41.092190766094184
4799,sub-38,pain,2,22,10,2,48.0,0.3,0.125,1,53.33333333,1.584652049,59.41540718481138,54.657082301688,54.740372860317294
4800,sub-38,pain,2,23,11,2,48.0,0.7,0.125,0,73.33333333,2.101409792,58.449796146148856,65.12067509210718,65.03735789453886
4801,sub-38,pain,2,24,12,2,48.0,0.7,0.125,1,57.33333333,1.701129768,57.48418510748633,64.72823373797148,64.64499010291892
4850,sub-38,vision,5,1,1,1,0.5,0.7,0.05,-1,65.33333333,1.317870437,51.92597406803102,55.625883167569235,55.935722009415066
4851,sub-38,vision,5,2,2,2,0.6,0.3,0.125,-1,35.0,1.48435408,64.13234775394619,59.31765748423543,59.62843109833236
4852,sub-38,vision,5,3,3,1,0.5,0.3,0.05,0,69.0,1.200866196,51.97473695001573,46.025709063369426,45.712918615233285
4853,sub-38,vision,5,4,4,2,0.6,0.3,0.05,-1,61.0,1.83453488,64.18111063593092,58.29771540612712,57.98964849064157
4854,sub-38,vision,5,5,5,1,0.5,0.3,0.05,-1,31.66666667,1.38432326,52.023499832000454,46.06574985364045,45.75768733845447
4855,sub-38,vision,5,6,6,2,0.6,0.7,0.05,-1,62.0,1.784628786,64.22987351791564,68.01760702116891,68.329149152197
4856,sub-38,vision,5,7,7,1,0.5,0.7,0.05,0,73.0,1.250875852,52.07226271398517,55.79885344544889,56.106241273653644
4857,sub-38,vision,5,8,8,1,0.5,0.7,0.125,-1,79.0,1.217423189,52.096644154977525,56.885462697347066,56.578891999956895
4858,sub-38,vision,5,9,9,2,0.6,0.7,0.05,0,81.66666667,2.06799196,64.30301784089271,68.11069814849208,68.41893542113817
4859,sub-38,vision,5,10,10,2,0.6,0.3,0.05,0,49.66666667,1.717896996,64.32739928188506,58.47068568400678,58.16016775488015
4860,sub-38,vision,5,11,11,1,0.5,0.3,0.125,-1,65.33333333,1.200890454,52.169788477954604,47.29870299989945,47.61175793360502
4861,sub-38,vision,5,12,12,2,0.6,0.7,0.125,-1,69.66666667,1.167582405,64.3761621638698,69.25056016742792,68.94540814430634
4862,sub-38,pain,5,13,1,1,47.0,0.3,0.05,-1,77.0,1.000745777,50.18880319847781,42.756930532726635,42.674194487259925
4863,sub-38,pain,5,14,2,1,47.0,0.7,0.05,-1,30.66666667,1.817846957,49.223192159815284,53.80773931286435,53.89135136777479
4864,sub-38,pain,5,15,3,2,48.0,0.7,0.05,0,63.33333333,1.867888335,62.84919553291003,68.53806849546069,68.62313830445868
4865,sub-38,pain,5,16,4,2,48.0,0.3,0.125,-1,64.66666667,1.934595556,61.88358449424751,55.14642914219431,55.22986225366964
4866,sub-38,pain,5,17,5,1,47.0,0.3,0.125,-1,38.66666667,1.38427972,46.32635904382772,39.53964087567754,39.62159623219645
4867,sub-38,pain,5,18,6,2,48.0,0.7,0.125,-1,60.33333333,1.751207844,59.95236241692246,65.21758057847778,65.13447949627127
4868,sub-38,pain,5,19,7,1,47.0,0.7,0.125,-1,56.33333333,2.201672307,44.395136966502676,49.61079231196102,49.52621347479809
4869,sub-38,pain,5,20,8,1,47.0,0.7,0.05,0,29.66666667,1.567844702,43.42952592784016,49.012650853527006,49.09470442848533
4870,sub-38,pain,5,21,9,2,48.0,0.3,0.05,0,66.0,0.767054203,57.0555293009349,50.62965830834336,50.545687678568534
4871,sub-38,pain,5,22,10,2,48.0,0.3,0.05,-1,32.66666667,1.334179563,56.08991826227238,48.56714536070107,48.482040872482735
4872,sub-38,pain,5,23,11,1,47.0,0.3,0.05,0,27.33333333,1.551357373,40.53269281185259,34.04321269797236,33.95737969347031
4873,sub-38,pain,5,24,12,2,48.0,0.7,0.05,-1,36.0,2.384931264,54.15869618494733,58.63829679698455,58.719155789372564
4874,sub-38,pain,6,1,1,1,47.0,0.7,0.125,1,80.66666667,1.184495492,49.080306890964806,55.9192994255555,55.83791647970352
4875,sub-38,pain,6,2,2,2,48.0,0.3,0.125,0,55.66666667,2.385019899,62.70631026405955,56.94909089065332,57.03372323206981
4876,sub-38,pain,6,3,3,2,48.0,0.3,0.125,1,43.33333333,1.451120982,61.74069922539703,56.556649536517625,56.64135544044988
4877,sub-38,pain,6,4,4,1,47.0,0.3,0.05,1,53.0,2.101510245,46.183473774977244,40.24852155163302,40.165519819540016
4878,sub-38,pain,6,5,5,2,48.0,0.3,0.05,1,63.66666667,1.918097031,59.809477148071984,53.89599513044132,53.81370191376313
4879,sub-38,pain,6,6,6,2,48.0,0.7,0.125,1,52.33333333,2.068189445,58.84386610940946,65.64814362894687,65.56593071942648
4880,sub-38,pain,6,7,7,1,47.0,0.3,0.125,0,29.0,1.868009003,43.286640658989676,37.42367324871963,37.505289356096476
4881,sub-38,pain,6,8,8,1,47.0,0.3,0.125,1,47.0,1.167564678,42.32102962032715,37.031231894583925,37.112921564476544
4882,sub-38,pain,6,9,9,2,48.0,0.7,0.125,0,55.66666667,2.068017462,55.9470329934219,62.12195560766563,62.03813065654626
4883,sub-38,pain,6,10,10,1,47.0,0.7,0.125,0,58.33333333,1.350985355,40.389807543002114,46.51516734114887,46.42986463507307
4884,sub-38,pain,6,11,11,1,47.0,0.7,0.05,1,75.0,1.033952129,39.42419650433959,45.421386268645335,45.50242491830466
4885,sub-38,pain,6,12,12,2,48.0,0.7,0.05,1,68.66666667,1.234135059,53.05019987743433,59.06885984745363,59.15060701252777
4886,sub-38,vision,6,13,1,1,0.5,0.7,0.125,1,74.33333333,1.86807027,52.9435026516238,58.78062428709211,58.46949112653089
4887,sub-38,vision,6,14,2,1,0.5,0.3,0.125,0,95.33333333,2.084818589,52.96788409261616,47.9941466700913,48.29997476251756
4888,sub-38,vision,6,15,3,1,0.5,0.7,0.125,0,88.33333333,0.867408463,52.99226553360852,57.687411901614254,57.37475282259931
4889,sub-38,vision,6,16,4,2,0.6,0.7,0.125,1,84.33333333,2.468498703,65.1986392195237,71.11909537365412,70.80909627244787
4890,sub-38,vision,6,17,5,1,0.5,0.7,0.05,1,80.0,1.884566618,53.04102841559324,57.813934976021464,58.12234211874624
4891,sub-38,vision,6,18,6,2,0.6,0.3,0.05,1,85.66666667,1.351116597,65.24740210150841,60.43251444754168,60.1224466031078
4892,sub-38,vision,6,19,7,1,0.5,0.3,0.05,1,81.66666667,0.900686034,53.08979129757795,48.20054889505501,47.89048545092069
4893,sub-38,vision,6,20,8,2,0.6,0.7,0.125,0,91.0,2.25164682,65.29616498349314,70.07913575521394,69.76817996538122
4894,sub-38,vision,6,21,9,2,0.6,0.7,0.05,1,100.0,2.335003401,65.3205464244855,70.17903244610231,70.4888582630957
4895,sub-38,vision,6,22,10,2,0.6,0.3,0.125,1,51.66666667,0.817159959,65.34492786547786,61.612214826763015,61.92269520139341
4896,sub-38,vision,6,23,11,2,0.6,0.3,0.125,0,93.66666667,2.618543844,65.36930930647021,60.49237605776632,60.80104589902936
4897,sub-38,vision,6,24,12,1,0.5,0.3,0.125,1,92.66666667,1.000590277,53.21169850253975,49.406875657795176,49.717645047638776
4898,sub-39,vision,1,1,1,2,0.6,0.3,0.125,-1,67.0,1.717908192,59.13281797397903,54.608629312836705,54.99473433630873
4899,sub-39,vision,1,2,2,2,0.6,0.7,0.125,-1,79.33333333,1.434451097,59.20994242553546,64.5555087261954,64.18164796607866
4900,sub-39,vision,1,3,3,1,0.5,0.3,0.05,0,65.0,2.935475685,47.54387467074416,41.84882388228763,41.46857093021909
4901,sub-39,vision,1,4,4,2,0.6,0.7,0.05,-1,64.33333333,3.202331315,59.36419132864832,63.58865514192932,63.97503769101258
4902,sub-39,vision,1,5,5,2,0.6,0.3,0.05,0,67.33333333,3.018904106,59.44131578020475,53.82996542902383,53.44973997091883
4903,sub-39,vision,1,6,6,2,0.6,0.3,0.05,-1,74.0,1.884852426,59.51844023176117,53.88861184318771,53.513967162489536
4904,sub-39,vision,1,7,7,1,0.5,0.7,0.05,-1,60.33333333,2.30163253,47.85237247696987,52.01890711955494,52.405334744360275
4905,sub-39,vision,1,8,8,2,0.6,0.7,0.05,0,74.0,1.851322323,59.67268913487403,63.941402252127254,64.3222765934893
4906,sub-39,vision,1,9,9,1,0.5,0.7,0.05,0,62.66666667,3.369172608,48.00662138008273,52.20709682000815,52.58798720921802
4907,sub-39,vision,1,10,10,1,0.5,0.3,0.125,-1,42.33333333,2.818667373,48.08374583163915,43.53255351969649,43.91879070251334
4908,sub-39,vision,1,11,11,1,0.5,0.7,0.125,-1,56.66666667,3.352281912,48.16087028319558,53.47943293305519,53.10570433228327
4909,sub-39,vision,1,12,12,1,0.5,0.3,0.05,-1,36.0,2.468447699,48.23799473475201,42.56569993543041,42.19114387226569
4910,sub-39,pain,1,13,1,2,48.0,0.3,0.05,-1,86.0,2.01819596,68.5541729225609,61.58513585568136,61.53500705470389
4911,sub-39,pain,1,14,2,1,47.0,0.3,0.05,0,21.0,2.184763573,53.44110862804565,47.41167899793233,47.361125584901394
4912,sub-39,pain,1,15,3,1,47.0,0.3,0.05,-1,53.0,2.968834427,52.50885663445766,45.45332805586579,45.402090720030536
4913,sub-39,pain,1,16,4,2,48.0,0.7,0.05,-1,79.66666667,1.951373358,65.75741694179693,70.96566980312559,71.01860149789321
4914,sub-39,pain,1,17,5,1,47.0,0.7,0.05,-1,63.66666667,3.352286577,50.644352647281686,55.78968496407538,55.841720712076935
4915,sub-39,pain,1,18,6,2,48.0,0.7,0.05,0,90.0,1.117504639,63.89291295462096,70.05655186289607,70.10952971619285
4916,sub-39,pain,1,19,7,2,48.0,0.3,0.125,-1,52.0,2.952172316,62.96066096103297,56.554678123832055,56.60664738350715
4917,sub-39,pain,1,20,8,2,48.0,0.3,0.05,0,51.0,3.519252581,62.02840896744499,55.89690311162505,55.84575752871815
4918,sub-39,pain,1,21,9,2,48.0,0.7,0.125,-1,70.66666667,2.268277831,61.096156973857,66.89103503204164,66.83949373834312
4919,sub-39,pain,1,22,10,1,47.0,0.7,0.125,-1,46.0,2.785391357,45.98309267934175,51.71505019299143,51.66261295252684
4920,sub-39,pain,1,23,11,1,47.0,0.7,0.05,0,42.33333333,2.635261935,45.05084068575377,51.05727518078443,51.10850673494827
4921,sub-39,pain,1,24,12,1,47.0,0.3,0.125,-1,27.66666667,2.151425979,44.11858869216579,37.55540144172042,37.60562440226258
4922,sub-39,vision,2,1,1,2,0.6,0.7,0.125,1,77.0,3.235763142,60.392338053002334,66.8267336587545,66.44909909166257
4923,sub-39,vision,2,2,2,1,0.5,0.7,0.05,1,72.66666667,1.717823911,48.72627029821103,53.96101723262459,54.343612994706255
4924,sub-39,vision,2,3,3,2,0.6,0.3,0.125,0,71.33333333,3.652552264,60.546586956115185,55.95638866346975,56.336228409432344
4925,sub-39,vision,2,4,4,1,0.5,0.3,0.125,0,60.33333333,2.51837183,48.880519201323885,44.222083231350645,44.601939025161066
4926,sub-39,vision,2,5,5,1,0.5,0.3,0.125,1,44.33333333,3.202198518,48.957643652880314,45.47466363276615,45.85706895285932
4927,sub-39,vision,2,6,6,2,0.6,0.3,0.125,1,72.0,2.568522681,60.777960310784465,57.37352647462998,57.75594477474957
4928,sub-39,vision,2,7,7,1,0.5,0.7,0.125,1,60.66666667,2.751874316,49.111892555993165,55.50382175099721,55.12627580143874
4929,sub-39,vision,2,8,8,2,0.6,0.3,0.05,1,69.33333333,2.234922199,60.93220921389732,56.4066728903639,56.02829794450192
4930,sub-39,vision,2,9,9,1,0.5,0.3,0.05,1,39.66666667,2.802059066,49.266141459106024,44.67236745824479,44.294008560230644
4931,sub-39,vision,2,10,10,2,0.6,0.7,0.05,1,51.0,2.501969404,61.08645811701018,66.43583100859496,66.81854134826291
4932,sub-39,vision,2,11,11,2,0.6,0.7,0.125,0,83.33333333,3.819394801,61.1635825685666,66.47921901093498,66.09919457086868
4933,sub-39,vision,2,12,12,1,0.5,0.7,0.125,0,62.33333333,3.135592994,49.497514813775304,54.744913578815876,54.3649051865974
4934,sub-39,pain,2,13,1,2,48.0,0.3,0.125,1,71.0,2.385168246,67.63552880670514,63.21021896195899,63.264017490991854
4935,sub-39,pain,2,14,2,1,47.0,0.3,0.125,0,37.66666667,2.81872242,52.52246451218989,47.04985966193763,47.10248274179494
4936,sub-39,pain,2,15,3,2,48.0,0.3,0.125,0,61.0,2.485005313,65.77102481952916,60.31419857945713,60.36729242989707
4937,sub-39,pain,2,16,4,1,47.0,0.7,0.125,0,26.66666667,3.552617854,50.65796052501392,57.38621657014722,57.33532909663091
4938,sub-39,pain,2,17,5,2,48.0,0.7,0.05,1,30.66666667,1.917948684,63.906520832353195,70.93044991589503,70.9837227633784
4939,sub-39,pain,2,18,6,1,47.0,0.7,0.05,1,13.66666667,4.102971632,48.79345653783795,55.754465076844824,55.806841977562115
4940,sub-39,pain,2,19,7,1,47.0,0.3,0.05,1,17.33333333,1.601134713,47.86120454424996,42.55063928633916,42.49910533894448
4941,sub-39,pain,2,20,8,1,47.0,0.3,0.125,1,17.0,1.567756378,46.928952550661975,42.29929635831664,42.350923412033126
4942,sub-39,pain,2,21,9,1,47.0,0.7,0.125,1,23.0,3.235652426,45.996700557073986,53.59147622729158,53.53980531572617
4943,sub-39,pain,2,22,10,2,48.0,0.7,0.125,1,71.66666667,2.13500676,59.24526086441326,66.85581514481109,66.8046150038283
4944,sub-39,pain,2,23,11,2,48.0,0.3,0.05,1,71.33333333,2.735313903,58.31300887082527,52.9475093215626,52.89580838047539
4945,sub-39,pain,2,24,12,2,48.0,0.7,0.125,0,68.66666667,3.202290263,57.38075687723729,63.95979476230923,63.90788994273351
4946,sub-39,vision,3,1,1,1,0.5,0.3,0.05,0,38.33333333,2.351725223,49.908665925677894,44.00340577290258,43.62166770913185
4947,sub-39,vision,3,2,2,1,0.5,0.7,0.125,-1,51.0,3.185702481,49.985790377234316,55.05806388956361,54.68274857952962
4948,sub-39,vision,3,3,3,2,0.6,0.7,0.05,0,77.66666667,2.385075257,61.806107035138474,65.84914802812511,66.2284937159736
4949,sub-39,vision,3,4,4,2,0.6,0.3,0.05,0,78.33333333,1.517738013,61.8832314866949,56.066826024511144,55.68512996864107
4950,sub-39,vision,3,5,5,1,0.5,0.7,0.05,-1,52.66666667,2.51833762,50.217163731903604,54.17348901016989,54.558431523273036
4951,sub-39,vision,3,6,6,1,0.5,0.3,0.05,-1,32.33333333,2.484967682,50.294288183460026,44.39116700655592,44.01506777594051
4952,sub-39,vision,3,7,7,2,0.6,0.3,0.125,-1,75.66666667,2.685315442,62.114604841364184,57.421440842430556,57.80617686569738
4953,sub-39,vision,3,8,8,2,0.6,0.3,0.05,-1,75.33333333,2.184975053,62.19172929292061,56.372308553292115,55.99623681664024
4954,sub-39,vision,3,9,9,2,0.6,0.7,0.125,-1,65.66666667,2.385034516,62.26885374447704,67.45059896066162,67.0753837142768
4955,sub-39,vision,3,10,10,2,0.6,0.7,0.05,-1,81.0,2.118203766,62.34597819603347,66.40146667152318,66.78648022040123
4956,sub-39,vision,3,11,11,1,0.5,0.3,0.125,-1,28.0,1.934697875,50.679910441242164,45.93397152492854,46.318767137854564
4957,sub-39,vision,3,12,12,1,0.5,0.7,0.05,0,20.66666667,1.667749256,50.75703489279859,54.7730722349849,55.152550082178216
4958,sub-39,pain,3,13,1,2,48.0,0.3,0.05,0,87.66666667,1.501081812,66.71688469084938,60.455065099507486,60.405013440613345
4959,sub-39,pain,3,14,2,2,48.0,0.3,0.125,-1,60.0,2.067972056,65.7846326972614,59.20119419018378,59.2538321976882
4960,sub-39,pain,3,15,3,2,48.0,0.7,0.05,-1,49.33333333,3.052202203,64.8523807036734,69.78889402641589,69.84164411664597
4961,sub-39,pain,3,16,4,1,47.0,0.7,0.05,0,27.0,2.668885959,49.739316409158164,55.61543716866686,55.66776264684347
4962,sub-39,pain,3,17,5,1,47.0,0.3,0.125,-1,42.0,1.967997527,48.807064415570174,42.11356342960285,42.16488031415777
4963,sub-39,pain,3,18,6,2,48.0,0.7,0.05,0,69.0,2.902048212,62.05562472290945,67.92395312542101,67.97653678608852
4964,sub-39,pain,3,19,7,2,48.0,0.3,0.05,-1,78.33333333,3.152219961,61.12337272932146,53.71759935361417,53.66580083145711
4965,sub-39,pain,3,20,8,1,47.0,0.3,0.05,-1,30.33333333,2.351568479,46.01030843480622,38.54161451456395,38.48892004564083
4966,sub-39,pain,3,21,9,1,47.0,0.3,0.05,0,19.66666667,3.135647419,45.07805644121823,38.588319535099785,38.535883812797536
4967,sub-39,pain,3,22,10,1,47.0,0.7,0.05,-1,24.0,1.767923447,44.14580444763024,48.87797142277354,48.92855003768723
4968,sub-39,pain,3,23,11,2,48.0,0.7,0.125,-1,77.0,1.851187972,57.394364754969516,62.84679037303587,62.79442971052464
4969,sub-39,pain,3,24,12,1,47.0,0.7,0.125,-1,68.66666667,3.052231126,42.281300460454275,47.67080553398566,47.61754892470836
4970,sub-39,vision,4,1,1,1,0.5,0.3,0.125,1,51.33333333,2.301920515,51.168186004701184,47.46468811363637,47.84557929415311
4971,sub-39,vision,4,2,2,2,0.6,0.7,0.125,1,79.66666667,1.551083071,62.98850266260534,69.22815166398655,68.8490755270038
4972,sub-39,vision,4,3,3,1,0.5,0.7,0.125,1,59.66666667,3.419125351,51.32243490781404,57.49384623186744,57.11478614273252
4973,sub-39,vision,4,4,4,2,0.6,0.3,0.05,1,51.33333333,2.184767306,63.1427515657182,58.396697371234126,58.01680828579571
4974,sub-39,vision,4,5,5,1,0.5,0.7,0.05,1,67.33333333,2.60185561,51.4766838109269,56.526992647601354,56.90817586766645
4975,sub-39,vision,4,6,6,2,0.6,0.3,0.125,1,61.0,2.518446781,63.29700046883105,59.692665774989656,60.073627991281306
4976,sub-39,vision,4,7,7,2,0.6,0.7,0.125,0,93.66666667,2.952027701,63.37412492038748,68.46924349180522,68.08770491216247
4977,sub-39,vision,4,8,8,2,0.6,0.3,0.125,0,59.0,2.184997756,63.45124937194391,58.68692148819124,59.06537772001151
4978,sub-39,vision,4,9,9,2,0.6,0.7,0.05,1,37.66666667,2.334918187,63.52837382350034,68.67269160408227,69.05393134598516
4979,sub-39,vision,4,10,10,1,0.5,0.7,0.125,0,52.66666667,2.418640192,51.86230606870903,56.899495469430825,56.51800196551015
4980,sub-39,vision,4,11,11,1,0.5,0.3,0.125,0,32.0,2.818768448,51.93943052026546,47.117173465816855,47.495674773359205
4981,sub-39,vision,4,12,12,1,0.5,0.3,0.05,1,35.0,2.501677376,52.01655497182189,47.238342873221555,46.85857143319084
4982,sub-39,pain,4,13,1,1,47.0,0.7,0.125,0,77.0,2.218371115,51.61742827406637,58.121086714968236,58.07044281309781
4983,sub-39,pain,4,14,2,2,48.0,0.7,0.05,1,80.66666667,3.018876738,64.86598858140565,71.66532006071606,71.7188364798453
4984,sub-39,pain,4,15,3,1,47.0,0.7,0.05,1,60.66666667,2.501770054,49.75292428689039,56.48933522166584,56.541955694029014
4985,sub-39,pain,4,16,4,2,48.0,0.7,0.125,0,73.33333333,2.735328831,63.001484594229666,69.47377971095702,69.4231814034858
4986,sub-39,pain,4,17,5,1,47.0,0.3,0.125,0,42.0,2.034830392,47.88842029971442,42.04979204216651,42.101383165119394
4987,sub-39,pain,4,18,6,1,47.0,0.3,0.05,1,27.0,1.818008365,46.956168306126436,41.37386350962947,41.32214795769724
4988,sub-39,pain,4,19,7,2,48.0,0.3,0.125,0,65.33333333,2.151530786,60.204728613465704,54.35830799892066,54.410157304364446
4989,sub-39,pain,4,20,8,1,47.0,0.7,0.125,1,23.33333333,1.801278768,45.091664318950464,52.41470045058189,52.36284793447892
4990,sub-39,pain,4,21,9,2,48.0,0.7,0.125,1,72.66666667,3.252285302,58.34022462628973,65.67903936810139,65.62765762258105
4991,sub-39,pain,4,22,10,2,48.0,0.3,0.05,1,49.66666667,1.884587765,57.40797263270175,51.7707335448529,51.718850999228145
4992,sub-39,pain,4,23,11,2,48.0,0.3,0.125,1,46.0,2.468374925,56.47572063911376,51.51939061683038,51.57066907231678
4993,sub-39,pain,4,24,12,1,47.0,0.3,0.125,1,31.0,1.801435823,41.36265634459852,36.34340577778016,36.3937882865005
4994,sub-39,pain,5,1,1,1,47.0,0.7,0.05,0,67.33333333,2.251544812,50.698784158210614,56.35030731348788,56.40287636331037
4995,sub-39,pain,5,2,2,2,48.0,0.3,0.125,-1,87.66666667,1.484392955,63.94734446554988,57.06859545270873,57.120839267583875
4996,sub-39,pain,5,3,3,2,48.0,0.7,0.05,0,69.33333333,2.40179397,63.0150924719619,68.65882327024202,68.71165050255543
4997,sub-39,pain,5,4,4,2,48.0,0.3,0.05,-1,54.66666667,2.118148097,62.08284047837391,54.452469498435185,54.40091454792402
4998,sub-39,pain,5,5,5,2,48.0,0.7,0.125,-1,43.0,1.817938079,61.15058848478593,66.44912940015296,66.39765007356277
4999,sub-39,pain,5,6,6,1,47.0,0.3,0.125,-1,11.0,2.451938289,46.03752419027068,39.025141731362446,39.075851835196374
5000,sub-39,pain,5,7,7,1,47.0,0.7,0.125,-1,15.0,2.718504689,45.10527219668269,50.317321600337394,50.26473373888941
5001,sub-39,pain,5,8,8,2,48.0,0.7,0.05,-1,37.0,2.385072769,58.353832504021966,62.87718048511406,62.92847344225627
5002,sub-39,pain,5,9,9,1,47.0,0.3,0.05,-1,14.0,2.535133461,43.24076820950672,35.45319281632355,35.39989156667943
5003,sub-39,pain,5,10,10,1,47.0,0.7,0.05,-1,21.33333333,2.785344707,42.30851621591873,46.74537268529849,46.79555710758291
5004,sub-39,pain,5,11,11,1,47.0,0.3,0.05,0,20.0,2.685215611,41.37626422233075,34.54407487609402,34.49081978497907
5005,sub-39,pain,5,12,12,2,48.0,0.3,0.05,0,60.66666667,2.635251983,54.62482452967002,47.808413793613525,47.7556294730812
5006,sub-39,vision,5,13,1,1,0.5,0.3,0.05,0,70.33333333,1.934512208,52.42770608372447,46.32254507326226,45.93935092566358
5007,sub-39,vision,5,14,2,2,0.6,0.3,0.05,-1,56.66666667,2.501803953,64.24802274162863,58.197775624417616,57.82016072031506
5008,sub-39,vision,5,15,3,1,0.5,0.3,0.125,-1,57.33333333,2.234847559,52.58195498683733,47.594881186309316,47.97810460391041
5009,sub-39,vision,5,16,4,2,0.6,0.7,0.05,0,80.66666667,1.684525192,64.40227164474149,68.25056603335716,68.62847015131483
5010,sub-39,vision,5,17,5,1,0.5,0.7,0.05,-1,38.33333333,2.018162994,52.73620388995019,56.49262831052957,56.87611473980477
5011,sub-39,vision,5,18,6,2,0.6,0.3,0.125,-1,23.0,1.467663047,64.55652054785435,59.65830143791788,60.04156686341963
5012,sub-39,vision,5,19,7,2,0.6,0.3,0.05,0,58.33333333,1.98476009,64.63364499941078,58.632801439487906,58.24969284160127
5013,sub-39,vision,5,20,8,2,0.6,0.7,0.05,-1,70.33333333,2.034812976,64.7107694509672,68.55604856213813,68.939576999314
5014,sub-39,vision,5,21,9,1,0.5,0.7,0.05,0,50.33333333,1.984786525,53.0447016961759,56.8453754207275,57.22335364228149
5015,sub-39,vision,5,22,10,1,0.5,0.7,0.125,-1,20.33333333,2.551812987,53.12182614773232,58.03543282890219,57.658777546537245
5016,sub-39,vision,5,23,11,1,0.5,0.3,0.05,-1,35.66666667,2.652190572,53.19895059928875,47.12169983127741,46.74421708651967
5017,sub-39,vision,5,24,12,2,0.6,0.7,0.125,-1,54.66666667,1.734549155,65.01926725719291,70.01657437563838,69.63994658723698
5018,sub-39,vision,6,1,1,2,0.6,0.3,0.05,1,62.0,2.118313549,65.43041836909549,60.46900055697672,60.087611845898984
5019,sub-39,vision,6,2,2,2,0.6,0.3,0.125,1,53.33333333,2.401732392,65.50754282065192,61.68269025585989,62.062138332575095
5020,sub-39,vision,6,3,3,2,0.6,0.7,0.125,1,55.66666667,2.001352537,65.58466727220835,71.62956966921858,71.24905196234502
5021,sub-39,vision,6,4,4,1,0.5,0.3,0.05,1,21.33333333,2.685365824,53.91859951741705,48.89925253460233,48.51790889924668
5022,sub-39,vision,6,5,5,1,0.5,0.7,0.125,0,19.0,1.717806495,53.99572396897348,58.807241245428685,58.42421908799446
5023,sub-39,vision,6,6,6,2,0.6,0.7,0.05,1,65.0,1.601243252,65.81604062687764,70.74499478982486,71.12473490608843
5024,sub-39,vision,6,7,7,2,0.6,0.3,0.125,0,25.66666667,1.834644041,65.89316507843407,60.92378208367856,61.300767717733756
5025,sub-39,vision,6,8,8,2,0.6,0.7,0.125,0,45.0,2.284940252,65.97028952999048,70.87066149703725,70.48768134750368
5026,sub-39,vision,6,9,9,1,0.5,0.3,0.125,1,47.66666667,2.651985312,54.30422177519919,50.44205705297495,50.82160826116074
5027,sub-39,vision,6,10,10,1,0.5,0.7,0.125,1,50.0,2.234817081,54.38134622675561,60.38893646633365,60.00852189093066
5028,sub-39,vision,6,11,11,1,0.5,0.3,0.125,0,34.33333333,2.568527657,54.45847067831204,49.436312766176535,49.81335798989094
5029,sub-39,vision,6,12,12,1,0.5,0.7,0.05,1,33.66666667,3.18578925,54.53559512986847,59.42208288206756,59.80191161586459
5030,sub-39,pain,6,13,1,1,47.0,0.7,0.125,1,19.33333333,2.251495674,49.78014004235486,56.972862438464325,56.92210384637412
5031,sub-39,pain,6,14,2,2,48.0,0.7,0.125,1,10.0,1.284180169,63.02870034969413,70.23720135598383,70.18691353447626
5032,sub-39,pain,6,15,3,2,48.0,0.3,0.05,1,4.333333333,2.718641529,62.096448356106144,56.32889553273534,56.278106911123345
5033,sub-39,pain,6,16,4,1,47.0,0.7,0.05,1,9.333333333,2.434961136,46.9833840615909,53.40091352342542,53.45292721506762
5034,sub-39,pain,6,17,5,1,47.0,0.3,0.125,1,10.0,0.950497273,46.05113206800291,40.9015677656626,40.9530441983957
5035,sub-39,pain,6,18,6,1,47.0,0.3,0.125,0,9.333333333,0.983990366,45.118880074414925,38.9613703439261,39.01235468615799
5036,sub-39,pain,6,19,7,1,47.0,0.7,0.125,0,5.666666667,2.968826341,44.186628080826935,50.25355021290105,50.201236589851035
5037,sub-39,pain,6,20,8,2,48.0,0.7,0.05,1,7.333333333,2.952153967,57.43518838816621,63.79778355864886,63.84963025659852
5038,sub-39,pain,6,21,9,2,48.0,0.3,0.125,1,14.0,1.217438428,56.50293639457822,51.298437800886035,51.349747239926614
5039,sub-39,pain,6,22,10,1,47.0,0.3,0.05,1,10.0,0.950660547,41.38987210006297,35.41797292909299,35.365012832164616
5040,sub-39,pain,6,23,11,2,48.0,0.7,0.125,0,10.0,0.750552568,54.63843240740225,60.650420248124476,60.59793963138195
5041,sub-39,pain,6,24,12,2,48.0,0.3,0.125,0,8.666666667,2.552070806,53.706180413814266,47.44659445761882,47.49698662997475
5042,sub-40,vision,1,1,1,1,0.5,0.7,0.05,0,76.0,2.535172554,47.8449209763708,52.02782828443814,52.375870488483834
5043,sub-40,vision,1,2,2,2,0.6,0.3,0.05,0,30.33333333,3.469315508,60.01157203772498,54.52324588642521,54.175460120735195
5044,sub-40,vision,1,3,3,1,0.5,0.3,0.125,-1,27.0,3.469298091,47.94030119245712,43.42007232879538,43.773062125375034
5045,sub-40,vision,1,4,4,1,0.5,0.3,0.05,-1,31.33333333,3.452387698,47.987991300500276,42.24506472584562,41.902443547065594
5046,sub-40,vision,1,5,5,2,0.6,0.7,0.05,0,50.66666667,2.918651037,60.15464236185446,64.39590749480679,64.74408043185048
5047,sub-40,vision,1,6,6,1,0.5,0.3,0.05,0,44.0,2.70195424,48.08337151658659,42.50710985247774,42.15946094893987
5048,sub-40,vision,1,7,7,1,0.5,0.7,0.125,-1,63.33333333,2.268437177,48.131061624629744,53.33672683422961,52.9949735254972
5049,sub-40,vision,1,8,8,2,0.6,0.3,0.125,-1,41.33333333,3.469239623,60.297712685983925,55.83214443621668,56.18529841518809
5050,sub-40,vision,1,9,9,1,0.5,0.7,0.05,-1,62.66666667,4.303170442,48.22644184071606,52.2057121283325,52.55911655107371
5051,sub-40,vision,1,10,10,2,0.6,0.7,0.05,-1,70.0,2.718571048,60.39309290207024,64.44181264754322,64.7952474551011
5052,sub-40,vision,1,11,11,2,0.6,0.3,0.05,-1,26.66666667,2.651957645,60.4407830101134,54.745122627372226,54.402732529771484
5053,sub-40,vision,1,12,12,2,0.6,0.7,0.125,-1,36.33333333,3.469122687,60.488473118156556,65.7487989416509,65.40720981531025
5054,sub-40,pain,1,13,1,2,48.0,0.7,0.05,-1,72.0,2.535066192,69.2317336402152,74.68832037660856,74.68018742282212
5055,sub-40,pain,1,14,2,2,48.0,0.7,0.125,-1,77.33333333,1.417686466,68.29500206164262,74.37020256365965,74.37788532474245
5056,sub-40,pain,1,15,3,1,47.0,0.7,0.05,-1,68.33333333,2.068081951,52.77009686788315,58.123947735502284,58.115965576179626
5057,sub-40,pain,1,16,4,1,47.0,0.3,0.125,-1,37.0,1.984701216,51.83336528931057,45.62537495680442,45.617464019440035
5058,sub-40,pain,1,17,5,1,47.0,0.3,0.05,-1,20.0,2.618534008,50.896633710737994,44.005375421477936,44.01327867536184
5059,sub-40,pain,1,18,6,2,48.0,0.3,0.05,-1,36.33333333,2.31830595,64.5480757473523,57.66257204017112,57.670395652375156
5060,sub-40,pain,1,19,7,2,48.0,0.7,0.05,0,63.0,1.984712101,63.61134416877973,69.75611609013507,69.74805298379349
5061,sub-40,pain,1,20,8,2,48.0,0.3,0.05,0,47.66666667,2.118229693,62.674612590207154,56.60660245024842,56.614401039518754
5062,sub-40,pain,1,21,9,1,47.0,0.7,0.05,0,55.66666667,2.318353533,47.14970739644768,53.19174344902879,53.18383113715101
5063,sub-40,pain,1,22,10,2,48.0,0.3,0.125,-1,36.66666667,2.384921841,60.801149433061994,54.437278204809104,54.42940621373807
5064,sub-40,pain,1,23,11,1,47.0,0.3,0.05,0,16.33333333,2.718683008,45.27624423930253,39.07317113500444,39.08114423633322
5065,sub-40,pain,1,24,12,1,47.0,0.7,0.125,-1,50.33333333,2.301549192,44.33951266072995,50.05336052945178,50.06138382575554
5066,sub-40,vision,2,1,1,1,0.5,0.7,0.05,1,60.0,2.285223792,49.00869516737409,54.225180904194765,54.574881909727665
5067,sub-40,vision,2,2,2,2,0.6,0.3,0.125,1,41.33333333,2.201421028,61.17534622872827,57.93959900618424,58.28911646673488
5068,sub-40,vision,2,3,3,2,0.6,0.7,0.125,0,55.0,2.768595943,61.22303633677143,66.58155949291452,66.23390869721933
5069,sub-40,vision,2,4,4,2,0.6,0.7,0.05,1,54.33333333,2.668609285,61.270726444814585,66.54926721751077,66.89906550664789
5070,sub-40,vision,2,5,5,2,0.6,0.7,0.125,1,37.33333333,2.968710765,61.31841655285774,67.81226061456582,67.46700152041063
5071,sub-40,vision,2,6,6,2,0.6,0.3,0.125,0,26.33333333,1.451044172,61.366106660900904,56.97285526684883,57.32018172222207
5072,sub-40,vision,2,7,7,1,0.5,0.7,0.125,0,24.66666667,2.018181767,49.294835815633036,54.565423458967054,54.217909525424005
5073,sub-40,vision,2,8,8,1,0.5,0.3,0.125,0,21.66666667,1.717874405,49.3425259236762,44.86873343879606,45.216129857533915
5074,sub-40,vision,2,9,9,2,0.6,0.3,0.05,1,24.66666667,1.751182039,61.50917698503037,57.02854878555038,56.68265596710393
5075,sub-40,vision,2,10,10,1,0.5,0.3,0.05,1,23.33333333,1.751270052,49.43790613976251,44.88043406044496,44.534577755969366
5076,sub-40,vision,2,11,11,1,0.5,0.3,0.125,1,53.66666667,3.319105535,49.48559624780567,46.14342745750001,46.493249027171636
5077,sub-40,vision,2,12,12,1,0.5,0.7,0.125,1,47.0,3.25241998,49.53328635584882,55.928103271776294,55.58308138795456
5078,sub-40,pain,2,13,1,2,48.0,0.7,0.125,1,72.66666667,2.902100784,68.21077001504206,75.67469149128726,75.68226611733103
5079,sub-40,pain,2,14,2,2,48.0,0.3,0.125,1,39.66666667,2.151573092,67.27403843646948,62.52517785140062,62.51703170212804
5080,sub-40,pain,2,15,3,1,47.0,0.7,0.125,1,45.33333333,2.368440318,51.749133242710016,59.110318850180995,59.11804427068856
5081,sub-40,pain,2,16,4,2,48.0,0.3,0.05,1,28.33333333,2.701894839,65.40057527932433,59.93611964193644,59.943811401506785
5082,sub-40,pain,2,17,5,1,47.0,0.3,0.125,1,15.66666667,1.517638914,49.87567008556486,44.99174653615665,44.9837748989425
5083,sub-40,pain,2,18,6,2,48.0,0.7,0.05,1,52.0,2.035049553,63.527112122179176,70.17845725941,70.17035847615236
5084,sub-40,pain,2,19,7,1,47.0,0.7,0.125,0,14.33333333,1.984760307,48.0022069284197,54.643623561843754,54.651486221611066
5085,sub-40,pain,2,20,8,1,47.0,0.3,0.125,0,13.33333333,2.084842753,47.06547534984713,41.494109921957104,41.48625180640806
5086,sub-40,pain,2,21,9,1,47.0,0.7,0.05,1,40.33333333,2.235001099,46.12874377127455,52.64502594416602,52.63710167296682
5087,sub-40,pain,2,22,10,1,47.0,0.3,0.05,1,30.33333333,2.635268685,45.192012192701974,39.49551230427937,39.50344972869209
5088,sub-40,pain,2,23,11,2,48.0,0.3,0.125,0,26.66666667,2.285070157,58.843454229316286,53.213189192374884,53.20529887033526
5089,sub-40,pain,2,24,12,2,48.0,0.7,0.125,0,51.33333333,2.518631009,57.90672265074371,64.42458548398614,64.43246337245215
5090,sub-40,pain,3,1,1,1,47.0,0.7,0.05,-1,5.333333333,1.434262222,52.60163277468204,57.787708890479244,57.77974011508682
5091,sub-40,pain,3,2,2,2,48.0,0.3,0.125,-1,1.666666667,3.202274105,66.25307481129636,59.91539140461225,59.90739049190359
5092,sub-40,pain,3,3,3,1,47.0,0.3,0.05,0,0.0,2.501682051,50.728169617536885,44.55128433480759,44.559128514498745
5093,sub-40,pain,3,4,4,1,47.0,0.7,0.125,-1,8.0,2.15158802,49.79143803896431,55.53147372925493,55.53936810392106
5094,sub-40,pain,3,5,5,2,48.0,0.7,0.125,-1,9.333333333,2.535074589,63.44288007557862,69.1886703479481,69.19648508093437
5095,sub-40,pain,3,6,6,1,47.0,0.3,0.125,-1,1.333333333,2.034867929,47.91797488181915,41.412901415230586,41.405098732175006
5096,sub-40,pain,3,7,7,2,48.0,0.3,0.05,0,11.0,1.434381336,61.56941691843347,55.30130493108768,55.3091406218829
5097,sub-40,pain,3,8,8,1,47.0,0.3,0.05,-1,13.0,3.235575519,46.044511724673995,38.82384320576641,38.831878431553754
5098,sub-40,pain,3,9,9,2,48.0,0.7,0.05,0,13.0,3.05205418,59.69595376128831,65.54364254856122,65.53568769652847
5099,sub-40,pain,3,10,10,1,47.0,0.7,0.05,0,7.0,2.851981655,44.17104856752884,49.948328581592655,49.940500806429036
5100,sub-40,pain,3,11,11,2,48.0,0.7,0.05,-1,17.33333333,3.052260996,57.822490604143155,62.72337744193314,62.71554248321264
5101,sub-40,pain,3,12,12,2,48.0,0.3,0.05,-1,4.666666667,3.135561493,56.88575902557058,49.57386380204649,49.581890538937905
5102,sub-40,vision,3,13,1,1,0.5,0.3,0.05,-1,42.0,1.734576116,50.172469358377384,44.22236061910894,43.87830708961706
5103,sub-40,vision,3,14,2,2,0.6,0.7,0.05,-1,54.66666667,3.102138788,62.339120419731564,66.19914405554329,66.5509792654205
5104,sub-40,vision,3,15,3,1,0.5,0.7,0.125,-1,48.33333333,2.668560769,50.2678495744637,55.27002983044027,54.92681072160225
5105,sub-40,vision,3,16,4,1,0.5,0.3,0.05,0,38.33333333,2.518500699,50.31553968250686,44.5283986427937,44.179350837937754
5106,sub-40,vision,3,17,5,2,0.6,0.7,0.05,0,54.33333333,2.468466163,62.48219074386104,66.50518207922805,66.85202301374119
5107,sub-40,vision,3,18,6,2,0.6,0.7,0.125,-1,48.66666667,4.036145834,62.529880851904196,67.59411614375628,67.25099431852249
5108,sub-40,vision,3,19,7,1,0.5,0.7,0.05,-1,33.0,2.45170816,50.45861000663633,54.227000918648464,54.57900644007159
5109,sub-40,vision,3,20,8,2,0.6,0.3,0.125,-1,22.33333333,2.118125818,62.62526106799051,57.94141902063794,58.293240997078804
5110,sub-40,vision,3,21,9,1,0.5,0.3,0.125,-1,21.66666667,2.601933061,50.553990222722646,45.79330429553252,46.14516278594424
5111,sub-40,vision,3,22,10,2,0.6,0.3,0.05,0,61.33333333,2.234812944,62.72064128407682,56.98446364726765,56.63561347419723
5112,sub-40,vision,3,23,11,2,0.6,0.3,0.05,-1,50.66666667,2.468443459,62.76833139211998,56.85439721179348,56.510675111662195
5113,sub-40,vision,3,24,12,1,0.5,0.7,0.05,0,49.33333333,2.501782194,50.697060546852114,54.62102473643852,54.96810288128511
5114,sub-40,vision,4,1,1,2,0.6,0.7,0.05,1,57.33333333,2.852073711,63.4552045026917,68.52656311077409,68.87492904919937
5115,sub-40,vision,4,2,2,2,0.6,0.3,0.125,0,32.0,1.684554019,63.502894610734856,58.906158263059496,59.25201891832712
5116,sub-40,vision,4,3,3,2,0.6,0.7,0.125,0,49.66666667,2.551865558,63.55058471877801,68.69083407733578,68.34185127911005
5117,sub-40,vision,4,4,4,1,0.5,0.7,0.125,0,44.33333333,1.551087432,51.47931387351015,56.542719352230364,56.19377306797547
5118,sub-40,vision,4,5,5,2,0.6,0.3,0.05,1,37.0,2.701837303,63.645964934864324,58.96185178176104,58.614493163208984
5119,sub-40,vision,4,6,6,1,0.5,0.7,0.05,1,43.66666667,2.301721486,51.57469408959646,56.55441997387926,56.90295622385045
5120,sub-40,vision,4,7,7,2,0.6,0.3,0.125,1,37.33333333,1.984640882,63.74134515095064,60.268838075868736,60.61719078085767
5121,sub-40,vision,4,8,8,1,0.5,0.3,0.05,1,42.33333333,1.651144999,51.67007430568278,46.90172285076092,46.55446764496725
5122,sub-40,vision,4,9,9,1,0.5,0.3,0.125,0,41.33333333,1.617895833,51.71776441372594,47.02200092026997,47.36809878587104
5123,sub-40,vision,4,10,10,1,0.5,0.7,0.125,1,54.66666667,2.284966283,51.765454521769094,57.94939206209226,57.60297127695244
5124,sub-40,vision,4,11,11,1,0.5,0.3,0.125,1,38.0,3.485848967,51.81314462981225,48.25270204192127,48.60119160906235
5125,sub-40,vision,4,12,12,2,0.6,0.7,0.125,1,59.33333333,2.018021291,63.97979569116643,70.22948547835561,69.88312852742625
5126,sub-40,pain,4,13,1,2,48.0,0.3,0.125,0,72.0,2.685438507,66.1688427646958,60.62941974045343,60.6213530615869
5127,sub-40,pain,4,14,2,2,48.0,0.7,0.125,1,67.33333333,1.501111364,65.23211118612322,72.43127662385113,72.43893578660906
5128,sub-40,pain,4,15,3,2,48.0,0.7,0.05,1,69.0,2.285050564,64.29537960755064,70.81127708852465,70.80316797160262
5129,sub-40,pain,4,16,4,1,47.0,0.7,0.05,1,60.0,1.801294948,48.77047441379117,55.21596312155608,55.207981081503185
5130,sub-40,pain,4,17,5,1,47.0,0.3,0.05,1,48.66666667,2.40173769,47.833742835218594,42.06644948166943,42.07432913722845
5131,sub-40,pain,4,18,6,1,47.0,0.7,0.125,1,27.0,1.951412864,46.89701125664601,53.92878663446946,53.93664402688048
5132,sub-40,pain,4,19,7,2,48.0,0.3,0.125,1,45.0,2.63529823,60.54845329326033,55.40552828741369,55.39756154523385
5133,sub-40,pain,4,20,8,2,48.0,0.7,0.125,0,46.66666667,1.66798946,59.611721714687754,66.0264639872385,66.03430782444546
5134,sub-40,pain,4,21,9,1,47.0,0.7,0.125,0,37.33333333,2.251531449,44.08681652092828,50.43115002026992,50.43912093434604
5135,sub-40,pain,4,22,10,1,47.0,0.3,0.125,1,59.0,2.134707172,43.150084942355704,37.872096972169714,37.86430474204831
5136,sub-40,pain,4,23,11,1,47.0,0.3,0.125,0,36.0,2.318404849,42.21335336378313,36.31257770624557,36.304851562599985
5137,sub-40,pain,4,24,12,2,48.0,0.3,0.05,1,45.66666667,2.151756583,55.86479540039744,49.90929405553642,49.91723637498344
5138,sub-40,pain,5,1,1,1,47.0,0.7,0.05,0,45.33333333,2.118245243,50.55970552433577,56.39550045553351,56.38752004113761
5139,sub-40,pain,5,2,2,1,47.0,0.7,0.125,-1,39.66666667,2.535195569,49.62297394576319,55.195234884231894,55.20314264282826
5140,sub-40,pain,5,3,3,2,48.0,0.7,0.05,0,45.0,2.33505991,63.274415982377505,69.08363840008899,69.07560206160788
5141,sub-40,pain,5,4,4,2,48.0,0.7,0.125,-1,50.0,2.635089859,62.33768440380493,67.88337282878737,67.89122466329852
5142,sub-40,pain,5,5,5,1,47.0,0.3,0.05,-1,33.66666667,2.518476441,46.81277921004546,39.45666303488107,39.464687927004015
5143,sub-40,pain,5,6,6,2,48.0,0.7,0.05,-1,51.0,2.051568707,60.464221246659775,65.2943146193232,65.286421891749
5144,sub-40,pain,5,7,7,1,47.0,0.3,0.05,0,32.0,2.401849961,44.9393160529003,38.400693444958364,38.408693314147605
5145,sub-40,pain,5,8,8,2,48.0,0.3,0.05,-1,26.0,2.585101662,58.59075808951462,51.175742305298854,51.183734990931214
5146,sub-40,pain,5,9,9,1,47.0,0.3,0.125,-1,34.33333333,1.884676927,43.06585289575515,36.23136919951906,36.22369848836693
5147,sub-40,pain,5,10,10,2,48.0,0.3,0.05,0,51.33333333,1.918244558,56.71729493236946,50.11977271537615,50.12774037807481
5148,sub-40,pain,5,11,11,2,48.0,0.3,0.125,-1,17.0,2.23478091,55.780563353796886,48.91950714407454,48.91178050883718
5149,sub-40,pain,5,12,12,1,47.0,0.7,0.05,-1,17.66666667,1.617844206,40.25565816003742,44.85370728166613,44.846060218934305
5150,sub-40,vision,5,13,1,1,0.5,0.7,0.05,0,45.0,2.61878001,52.50001774038397,56.24637745328065,56.591755652265256
5151,sub-40,vision,5,14,2,2,0.6,0.3,0.05,-1,45.0,1.801278465,64.66666880173814,58.567735722740906,58.22238057553517
5152,sub-40,vision,5,15,3,1,0.5,0.3,0.05,-1,31.66666667,2.335002685,52.595397956470286,46.41962099763549,46.0743023644006
5153,sub-40,vision,5,16,4,2,0.6,0.3,0.05,0,22.66666667,1.434357389,64.76204901782447,58.82978084937302,58.47939797740945
5154,sub-40,vision,5,17,5,1,0.5,0.3,0.05,0,73.33333333,0.583643998,52.6907781725566,46.68166612426761,46.33131976627488
5155,sub-40,vision,5,18,6,1,0.5,0.7,0.125,-1,50.33333333,2.00147819,52.738468280599754,57.51128310601948,57.16683234283221
5156,sub-40,vision,5,19,7,2,0.6,0.7,0.125,-1,60.33333333,1.734458868,64.90511934195393,69.74738362523019,69.40296324685961
5157,sub-40,vision,5,20,8,1,0.5,0.7,0.05,-1,33.66666667,1.951384874,52.83384849668607,56.38026840012237,56.730975368408714
5158,sub-40,vision,5,21,9,2,0.6,0.7,0.05,0,32.33333333,1.751283736,65.00049955804025,68.7904282518599,69.13607098141756
5159,sub-40,vision,5,22,10,2,0.6,0.7,0.05,-1,78.0,0.617111798,65.0481896660834,68.66036181638573,69.01113261888253
5160,sub-40,vision,5,23,11,2,0.6,0.3,0.125,-1,51.66666667,2.535362887,65.09587977412656,60.18267229621714,60.53326261830876
5161,sub-40,vision,5,24,12,1,0.5,0.3,0.125,-1,48.0,1.801332579,53.0246089288587,48.034557571111726,48.385184407174194
5162,sub-40,pain,6,1,1,1,47.0,0.7,0.125,1,37.33333333,1.484686133,49.53874189916264,56.499723811859525,56.507523435416836
5163,sub-40,pain,6,2,2,2,48.0,0.7,0.05,1,33.66666667,1.701134129,63.19018393577696,69.50597956936392,69.49790755396675
5164,sub-40,pain,6,3,3,2,48.0,0.7,0.125,0,18.0,2.068180539,62.253452357204374,68.59740116462855,68.60518723298182
5165,sub-40,pain,6,4,4,2,48.0,0.7,0.125,1,11.0,3.068774552,61.3167207786318,68.2188030822773,68.22657049934404
5166,sub-40,pain,6,5,5,2,48.0,0.3,0.125,0,42.66666667,1.951268559,60.37998920005922,54.47882885060421,54.47091786123576
5167,sub-40,pain,6,6,6,2,48.0,0.3,0.05,1,24.66666667,1.984668872,59.443257621486644,53.44928990706418,53.45715074006285
5168,sub-40,pain,6,7,7,1,47.0,0.3,0.125,0,6.0,1.200907875,43.91835242772717,37.914456209497935,37.90669601459329
5169,sub-40,pain,6,8,8,1,47.0,0.3,0.125,1,77.33333333,0.666980882,42.981620849154595,37.53585812714668,37.5280792809555
5170,sub-40,pain,6,9,9,2,48.0,0.3,0.125,1,14.0,2.885473713,56.63306288576891,51.193054745839866,51.18519625796882
5171,sub-40,pain,6,10,10,1,47.0,0.7,0.125,0,26.0,3.819449347,41.10815769200944,47.18773515283379,47.19579060362407
5172,sub-40,pain,6,11,11,1,47.0,0.3,0.05,1,7.0,1.784649839,40.171426113436866,33.97774124354481,33.9858240237912
5173,sub-40,pain,6,12,12,1,47.0,0.7,0.05,1,7.666666667,2.83530389,39.23469453486429,45.189137535156064,45.181406054979824
5174,sub-40,vision,6,13,1,1,0.5,0.7,0.125,0,44.33333333,2.068183338,53.66379193138726,58.52001524549367,58.16963661052695
5175,sub-40,vision,6,14,2,2,0.6,0.7,0.125,1,48.0,2.718520666,65.83044299274144,71.89883109225039,71.55080764485282
5176,sub-40,vision,6,15,3,1,0.5,0.7,0.125,1,48.0,2.31826863,53.75917214747358,59.75071636714497,59.40272943371825
5177,sub-40,vision,6,16,4,2,0.6,0.3,0.125,1,53.33333333,2.685198725,65.92582320882775,62.246133969132046,62.59305432340914
5178,sub-40,vision,6,17,5,1,0.5,0.7,0.05,1,51.33333333,3.002239833,53.85455236355989,58.619701661247866,58.966872459294756
5179,sub-40,vision,6,18,6,1,0.5,0.3,0.125,1,22.0,2.668655625,53.902242471603046,50.142012141079285,50.48900245872099
5180,sub-40,vision,6,19,7,2,0.6,0.7,0.125,0,53.33333333,2.552054336,66.06889353295722,70.97608024996762,70.62589924678642
5181,sub-40,vision,6,20,8,2,0.6,0.3,0.125,0,48.66666667,3.185698971,66.11658364100039,61.27939022979664,61.62411957889633
5182,sub-40,vision,6,21,9,1,0.5,0.3,0.125,0,40.66666667,2.618446305,54.04531279573252,49.131275504691224,49.47604136776176
5183,sub-40,vision,6,22,10,2,0.6,0.7,0.05,1,52.0,2.351591814,66.2119638570867,71.03177376866917,71.37910874910781
5184,sub-40,vision,6,23,11,1,0.5,0.3,0.05,1,48.0,2.468509081,54.14069301181883,49.14297612634012,48.79448926619721
5185,sub-40,vision,6,24,12,2,0.6,0.3,0.05,1,40.66666667,2.935501096,66.30734407317301,61.37907664555083,61.03062017022461
5186,sub-41,pain,1,1,1,1,47.0,0.3,0.05,0,57.66666667,2.50180177,54.64466020818813,48.58992733874143,48.62416553704514
5187,sub-41,pain,1,2,2,1,47.0,0.7,0.05,-1,50.33333333,4.219822177,53.660122356794105,58.681614610740496,58.64583183021547
5188,sub-41,pain,1,3,3,1,47.0,0.7,0.05,0,81.66666667,2.868714447,52.675584505400074,58.64952713784394,58.61362889285357
5189,sub-41,pain,1,4,4,2,48.0,0.7,0.05,0,91.0,3.10247558,66.05939465463476,72.06259478303035,72.02634738252522
5190,sub-41,pain,1,5,5,2,48.0,0.3,0.05,-1,84.33333333,2.568819471,65.07485680324072,58.041837102994194,58.07637553938982
5191,sub-41,pain,1,6,6,2,48.0,0.7,0.125,-1,80.0,3.536040845,64.0903189518467,69.95153062228135,69.98600854395558
5192,sub-41,pain,1,7,7,2,48.0,0.3,0.05,0,74.33333333,2.885648318,63.105781100452674,57.01143829164008,57.04599474585571
5193,sub-41,pain,1,8,8,2,48.0,0.7,0.05,-1,75.66666667,2.968787252,62.12124324905865,67.10312556363915,67.06766103902605
5194,sub-41,pain,1,9,9,2,48.0,0.3,0.125,-1,44.0,4.203055623,61.13670539766462,54.90037413089109,54.86530007147492
5195,sub-41,pain,1,10,10,1,47.0,0.3,0.05,-1,52.33333333,2.13482876,45.78381954564189,38.63890142706248,38.67458991268489
5196,sub-41,pain,1,11,11,1,47.0,0.3,0.125,-1,67.66666667,2.53516103,44.79928169424787,38.49237247033202,38.458048013286636
5198,sub-41,vision,1,13,1,1,0.5,0.3,0.05,-1,23.0,2.668822612,47.71377203843474,42.101814966263284,41.79553095367278
5199,sub-41,vision,1,14,2,2,0.6,0.3,0.05,-1,46.33333333,2.751938532,59.548974531128714,54.00967798955465,53.703522171174065
5200,sub-41,vision,1,15,3,2,0.6,0.3,0.125,-1,54.66666667,4.002914989,59.59799672289905,55.078070063393746,55.39481220138904
5201,sub-41,vision,1,16,4,1,0.5,0.7,0.05,0,74.0,3.40231893,47.86083861374574,52.047449132344774,52.35978720844722
5203,sub-41,vision,1,18,6,2,0.6,0.7,0.125,-1,78.66666667,1.534321645,59.74506329821005,64.95858840180317,64.6528447569229
5204,sub-41,vision,1,19,7,1,0.5,0.7,0.05,-1,76.33333333,3.435779575,48.00790518905674,52.14409835394139,52.45984546755445
5205,sub-41,vision,1,20,8,1,0.5,0.3,0.125,-1,38.0,2.885433729,48.05692738082708,43.49373713863973,43.8097589076023
5206,sub-41,vision,1,21,9,1,0.5,0.7,0.125,-1,68.33333333,2.768700421,48.10594957259741,53.266412110870036,52.96014548856464
5207,sub-41,vision,1,22,10,2,0.6,0.3,0.05,0,36.33333333,3.035379507,59.941152065291384,54.50616728194319,54.19551677221019
5208,sub-41,vision,1,23,11,2,0.6,0.7,0.05,0,68.0,2.56851376,59.99017425706172,64.2788422541735,64.59071634966307
5209,sub-41,vision,1,24,12,2,0.6,0.7,0.05,-1,62.0,2.234829724,60.03919644883205,64.267648109591,64.58312863419877
5210,sub-41,pain,2,1,1,1,47.0,0.3,0.125,0,67.66666667,2.018008682,53.43285968592082,48.082351232150124,48.04657614659914
5211,sub-41,pain,2,2,2,1,47.0,0.3,0.125,1,51.0,4.436557072,52.448321834526794,48.08439725189654,48.048600019936494
5212,sub-41,pain,2,3,3,2,48.0,0.3,0.125,0,75.66666667,4.119669135,65.83213198376147,60.49710753887898,60.46111678009857
5213,sub-41,pain,2,4,4,2,48.0,0.7,0.125,1,68.0,2.501771914,64.84759413236745,72.555376034643,72.58931555739994
5214,sub-41,pain,2,5,5,2,48.0,0.7,0.125,0,65.33333333,4.252953787,63.86305628097342,70.55670733798149,70.59093597171817
5215,sub-41,pain,2,6,6,2,48.0,0.3,0.125,1,62.0,2.668456878,62.87851842957939,58.5025308817103,58.4667849410915
5216,sub-41,pain,2,7,7,2,48.0,0.3,0.05,1,72.66666667,3.335696508,61.893980578185364,56.65243716152565,56.686971128145316
5217,sub-41,pain,2,8,8,1,47.0,0.7,0.125,0,28.33333333,1.517635329,46.54109472616263,53.15039433896487,53.18550605735767
5218,sub-41,pain,2,9,9,1,47.0,0.7,0.05,1,61.0,2.78535004,45.5565568747686,52.3006579769842,52.265538138109896
5219,sub-41,pain,2,10,10,1,47.0,0.7,0.125,1,69.33333333,2.635116278,44.57201902337458,52.15412902025374,52.18935207452281
5220,sub-41,pain,2,11,11,1,47.0,0.3,0.05,1,33.0,2.284899558,43.587481171980556,38.247812824051486,38.28336335761261
5221,sub-41,pain,2,12,12,2,48.0,0.7,0.05,1,100.0,1.367529076,56.97129132121523,63.717102945255505,63.68190091543711
5222,sub-41,vision,2,13,1,1,0.5,0.3,0.05,1,28.66666667,1.684400219,48.81080513120524,44.29072235970271,43.98171342700229
5223,sub-41,vision,2,14,2,1,0.5,0.3,0.125,1,47.0,2.718600108,48.859827322975576,45.359114433541805,45.673003457217256
5224,sub-41,vision,2,15,3,1,0.5,0.3,0.125,0,23.0,1.417685679,48.90884951474591,44.2884432302137,44.600336029284236
5225,sub-41,vision,2,16,4,2,0.6,0.7,0.125,0,80.66666667,1.767925102,60.74405200743988,65.91505954264582,65.6048908404621
5226,sub-41,vision,2,17,5,1,0.5,0.7,0.125,1,64.0,3.085547306,49.00689389828658,55.23963277195123,54.931036012751115
5227,sub-41,vision,2,18,6,2,0.6,0.7,0.125,1,73.0,2.451831144,60.84209639098055,67.1474957952426,66.83902723025241
5228,sub-41,vision,2,19,7,2,0.6,0.7,0.05,1,73.0,3.419115029,60.891118582750885,66.18694708758262,66.50019617109947
5229,sub-41,vision,2,20,8,1,0.5,0.7,0.05,1,53.33333333,3.235704563,49.15396047359758,54.38692743047037,54.69985092816972
5230,sub-41,vision,2,21,9,1,0.5,0.7,0.125,0,73.66666667,2.651921707,49.20298266536791,54.3307266178918,54.01983754667537
5231,sub-41,vision,2,22,10,2,0.6,0.3,0.125,1,83.0,2.968709191,61.038185158061886,57.644429238460084,57.95775558571886
5232,sub-41,vision,2,23,11,2,0.6,0.3,0.125,0,66.0,3.035390081,61.08720734983222,56.57375803513198,56.88508815778584
5233,sub-41,vision,2,24,12,2,0.6,0.3,0.05,1,41.66666667,2.518549975,61.13622954160255,56.737802213889665,56.42793451736117
5234,sub-41,vision,3,1,1,1,0.5,0.7,0.125,-1,70.66666667,2.351881806,49.907838223975745,54.83343600485297,54.52612430099992
5235,sub-41,vision,3,2,2,2,0.6,0.3,0.125,-1,53.0,1.951434465,61.74304071666972,57.02254573900359,57.33755192482462
5236,sub-41,vision,3,3,3,1,0.5,0.7,0.05,-1,68.0,2.718605706,50.00588260751641,53.92680898028255,54.241116229132764
5237,sub-41,vision,3,4,4,2,0.6,0.7,0.05,0,69.0,2.818635282,61.841085100210385,65.89978783124599,66.2105181493841
5238,sub-41,vision,3,5,5,1,0.5,0.3,0.05,-1,35.33333333,2.268311206,50.10392699105708,44.31589905732092,44.00738561353717
5239,sub-41,vision,3,6,6,2,0.6,0.3,0.05,-1,51.66666667,2.51832077,61.93912948375105,56.22376208061229,55.91537683103845
5240,sub-41,vision,3,7,7,1,0.5,0.3,0.05,0,41.66666667,3.235624636,50.20197137459775,44.488858251172104,44.17644229085874
5241,sub-41,vision,3,8,8,2,0.6,0.7,0.05,-1,70.0,2.868623324,62.03717386729172,66.05035873593215,66.36439939577708
5245,sub-41,vision,3,12,12,2,0.6,0.3,0.05,0,55.0,2.351682767,62.233262634373055,56.61240800682171,56.299725457503065
5246,sub-41,pain,3,13,1,1,47.0,0.3,0.05,-1,82.66666667,2.201777108,52.22105916365351,44.90498649654364,44.9397399237949
5247,sub-41,pain,3,14,2,1,47.0,0.3,0.125,-1,23.66666667,2.51851079,51.236521312259484,44.758457539813186,44.723198024396645
5248,sub-41,pain,3,15,3,2,48.0,0.3,0.125,-1,52.33333333,3.452498858,64.62033146149416,58.171525184999595,58.13591651406829
5249,sub-41,pain,3,16,4,1,47.0,0.7,0.05,-1,52.0,3.052135487,49.26744560947143,53.966274957188595,53.93102542343112
5250,sub-41,pain,3,17,5,2,48.0,0.7,0.05,0,90.66666667,1.501043867,62.65125575870611,68.345566467936,68.3097188319131
5251,sub-41,pain,3,18,6,2,48.0,0.3,0.05,-1,93.0,3.719328156,61.666717907312076,54.32480878789985,54.35974698877769
5252,sub-41,pain,3,19,7,1,47.0,0.7,0.125,-1,61.0,3.319000861,46.313832055289346,51.82312332354304,51.858483647499604
5253,sub-41,pain,3,20,8,1,47.0,0.3,0.05,0,39.0,3.285821669,45.32929420389532,38.88303099290177,38.91846984939973
5254,sub-41,pain,3,21,9,2,48.0,0.7,0.05,-1,82.0,2.985498448,58.71310435313,63.3860972485448,63.351032488413914
5255,sub-41,pain,3,22,10,2,48.0,0.3,0.05,0,50.66666667,1.767830558,57.728566501735976,51.297787299630635,51.333010482899155
5256,sub-41,pain,3,23,11,1,47.0,0.7,0.05,0,56.66666667,2.885280407,42.375680649713246,47.944319453546726,47.90975534903595
5257,sub-41,pain,3,24,12,2,48.0,0.7,0.125,-1,71.66666667,2.752033075,55.75949079894792,61.24294561489924,61.27849071248239
5258,sub-41,vision,4,1,1,2,0.6,0.3,0.125,0,74.66666667,1.6177072,62.79105161766989,58.0329385629358,58.343420995649595
5259,sub-41,vision,4,2,2,2,0.6,0.7,0.125,0,62.0,2.034666698,62.84007380944023,67.80561353516612,67.49380757661194
5260,sub-41,vision,4,3,3,1,0.5,0.7,0.05,1,72.33333333,2.501821363,51.10291570028692,56.11571637372198,56.427298702462274
5261,sub-41,vision,4,4,4,1,0.5,0.3,0.05,1,25.66666667,1.951511593,51.151937892057255,46.45088476767079,46.139745099580914
5262,sub-41,vision,4,5,5,2,0.6,0.3,0.125,1,100.0,1.834669746,62.98714038475123,59.3732181817117,59.685203360011414
5263,sub-41,vision,4,6,6,1,0.5,0.3,0.125,0,64.66666667,2.885286316,51.24998227559792,46.44860563818178,46.75836770186286
5264,sub-41,vision,4,7,7,2,0.6,0.3,0.05,1,99.0,0.983936303,63.085184768291896,58.46659115714128,58.15538229165372
5265,sub-41,vision,4,8,8,2,0.6,0.7,0.125,1,87.0,2.118208375,63.13420696006223,69.25373652012112,68.94323591554527
5266,sub-41,vision,4,9,9,2,0.6,0.7,0.05,1,82.0,1.867859201,63.18322915183256,68.29318781246116,68.60440485639235
5267,sub-41,vision,4,10,10,1,0.5,0.7,0.125,0,75.66666667,3.635830952,51.44607104267926,56.38304565968077,56.070223244682474
5268,sub-41,vision,4,11,11,1,0.5,0.7,0.125,1,75.66666667,2.618726032,51.49509323444959,57.56156022918799,57.25053664718702
5269,sub-41,vision,4,12,12,1,0.5,0.3,0.125,1,79.0,2.568642824,51.544115426219925,47.896728623136795,48.2077960407962
5270,sub-41,pain,4,13,1,1,47.0,0.3,0.125,0,0.0,3.335823084,51.0092586413862,45.363634255513325,45.32812545215923
5271,sub-41,pain,4,14,2,1,47.0,0.3,0.05,1,5.0,2.251591924,50.02472078999217,44.51389789353264,44.54851336872262
5272,sub-41,pain,4,15,3,1,47.0,0.7,0.125,1,24.0,3.035683974,49.04018293859814,56.423591412819796,56.45814637328839
5273,sub-41,pain,4,16,4,2,48.0,0.7,0.125,1,49.33333333,2.718516139,62.42399308783282,69.8366590580062,69.87086486296003
5275,sub-41,pain,4,18,6,2,48.0,0.3,0.125,1,59.0,3.002202803,60.454917385044766,55.7838139050735,55.748334246651574
5276,sub-41,pain,4,19,7,1,47.0,0.7,0.05,1,63.33333333,3.035509504,45.102031533022036,51.5785636772625,51.54344315601441
5277,sub-41,pain,4,20,8,2,48.0,0.3,0.125,0,77.33333333,4.486558487,58.48584168225672,52.78683386995443,52.75177680479758
5278,sub-41,pain,4,21,9,2,48.0,0.3,0.05,1,34.0,3.60256126,57.50130383086269,51.937097507973746,51.972164721360976
5279,sub-41,pain,4,22,10,1,47.0,0.7,0.125,0,65.33333333,2.418430832,42.14841797883996,48.43505468541298,48.47069965057332
5280,sub-41,pain,4,23,11,2,48.0,0.7,0.05,1,69.66666667,3.118751378,55.532228128074635,61.99669730707625,61.96162807716941
5281,sub-41,pain,4,24,12,2,48.0,0.7,0.125,0,65.33333333,4.269628907,54.54769027668061,60.84981099214183,60.88524028407275
5282,sub-41,vision,5,1,1,1,0.5,0.7,0.05,0,84.66666667,2.201858279,52.101904409516756,55.88247880047491,56.19144366803265
5285,sub-41,vision,5,4,4,2,0.6,0.3,0.05,-1,100.0,2.885394544,64.0351512857514,58.11431607313257,57.80429356718828
5286,sub-41,vision,5,5,5,2,0.6,0.3,0.125,-1,78.0,1.717756991,64.08417347752173,59.18270814697166,59.495583597403254
5287,sub-41,vision,5,6,6,2,0.6,0.7,0.125,-1,54.0,2.185058759,64.13319566929206,68.95538311920197,68.6459701783656
5288,sub-41,vision,5,7,7,1,0.5,0.7,0.125,-1,74.0,2.835264686,52.39603756013876,57.15536346208972,56.84562493543582
5289,sub-41,vision,5,8,8,1,0.5,0.3,0.05,-1,54.33333333,2.084681486,52.44505975190909,46.47606146528899,46.16541728611579
5290,sub-41,vision,5,9,9,1,0.5,0.3,0.05,0,27.0,1.784476134,52.494081943679426,46.59509897605062,46.280650976151605
5291,sub-41,vision,5,10,10,2,0.6,0.3,0.05,0,95.33333333,3.085581516,64.3292844363734,58.502961999342,58.18864219365289
5292,sub-41,vision,5,11,11,2,0.6,0.7,0.05,0,90.33333333,2.435158822,64.37830662814373,68.27563697157231,68.58384177110577
5293,sub-41,vision,5,12,12,1,0.5,0.3,0.125,-1,36.33333333,1.918099463,52.64114851899043,47.706218588396766,48.01817627818804
5294,sub-41,pain,5,13,1,1,47.0,0.7,0.05,-1,100.0,1.41760482,49.79745811911889,54.24249199592445,54.20710829750786
5295,sub-41,pain,5,14,2,1,47.0,0.3,0.05,-1,49.0,3.068919768,48.81292026772487,41.18795818144929,41.22311137318278
5296,sub-41,pain,5,15,3,2,48.0,0.7,0.05,0,100.0,0.717188797,62.19673041695954,67.62347216821429,67.5876238498176
5297,sub-41,pain,5,16,4,2,48.0,0.3,0.125,-1,100.0,1.334297325,61.212192565565516,54.45449686990524,54.41928796345616
5298,sub-41,pain,5,17,5,2,48.0,0.7,0.125,-1,100.0,1.067391521,60.22765471417149,65.5124080074653,65.54728501124798
5299,sub-41,pain,5,18,6,1,47.0,0.3,0.05,0,77.66666667,1.651236266,44.87476886214876,38.16093669318007,38.196374867304236
5300,sub-41,pain,5,19,7,1,47.0,0.3,0.125,-1,58.33333333,3.302254211,43.89023101075473,37.04818387088863,37.01385804909567
5301,sub-41,pain,5,20,8,2,48.0,0.3,0.05,0,100.0,2.001265142,57.27404115998941,50.57569299990893,50.61091550080367
5302,sub-41,pain,5,21,9,1,47.0,0.7,0.05,0,100.0,1.834842661,41.921155307966686,47.22222515382502,47.18766036694046
5304,sub-41,pain,5,23,11,1,47.0,0.7,0.125,-1,81.33333333,3.502485345,39.952079605178625,45.111160993076034,45.14732152837084
5305,sub-41,pain,5,24,12,2,48.0,0.7,0.05,-1,100.0,1.38420513,53.33588975441331,57.67244625653535,57.63804822545736
5306,sub-41,vision,6,1,1,2,0.6,0.7,0.125,1,90.0,1.284404138,64.9851178032109,70.87468209719361,70.5630377152663
5307,sub-41,vision,6,2,2,2,0.6,0.3,0.125,0,90.0,1.100649085,65.03413999498123,60.08525760472476,60.3938066936567
5308,sub-41,vision,6,3,3,1,0.5,0.3,0.125,0,90.0,1.200924039,53.296981885827925,48.28523794761251,48.593461450726934
5309,sub-41,vision,6,4,4,1,0.5,0.3,0.05,1,57.0,2.218288954,53.34600407759826,48.44928212637019,48.13630781030226
5310,sub-41,vision,6,5,5,2,0.6,0.3,0.05,1,87.0,1.300939309,65.18120657029223,60.35714514966156,60.044299027803554
5312,sub-41,vision,6,7,7,2,0.6,0.7,0.05,1,91.0,2.284890228,65.2792509538329,70.18374180498142,70.49332159254217
5313,sub-41,vision,6,8,8,1,0.5,0.3,0.125,1,35.0,2.518362132,53.542092844679594,49.679439249477966,49.98906680237451
5314,sub-41,vision,6,9,9,1,0.5,0.7,0.125,1,74.33333333,2.068149114,53.59111503644993,59.45211422170827,59.13945338333685
5315,sub-41,vision,6,10,10,2,0.6,0.7,0.125,0,67.0,3.019118325,65.4263175291439,70.23538435858198,69.92095418561937
5316,sub-41,vision,6,11,11,1,0.5,0.7,0.125,0,51.0,2.735184728,53.689159419990595,58.43536470146972,58.120608942689586
5317,sub-41,vision,6,12,12,1,0.5,0.7,0.05,1,40.0,4.386369058,53.73818161176093,58.599408880227415,58.90826829875545
5318,sub-41,pain,6,13,1,2,48.0,0.7,0.125,1,100.0,1.38433917,62.95400559748029,70.11287609674206,70.14694773703675
5319,sub-41,pain,6,14,2,2,48.0,0.7,0.05,1,100.0,0.800552893,61.96946774608626,68.26278237655741,68.22677808827943
5320,sub-41,pain,6,15,3,2,48.0,0.3,0.125,1,100.0,0.717144946,60.98492989469223,56.060030943809345,56.02441712072831
5321,sub-41,pain,6,16,4,1,47.0,0.3,0.05,1,72.33333333,2.218362039,45.632044042669506,39.798558239980736,39.83370696193828
5322,sub-41,pain,6,17,5,2,48.0,0.3,0.125,0,100.0,2.118194691,59.01585419190418,53.06305090869027,53.027859678874314
5323,sub-41,pain,6,18,6,1,47.0,0.7,0.125,1,100.0,1.61791588,43.66296833988145,50.70994042081034,50.74516211033184
5324,sub-41,pain,6,19,7,1,47.0,0.3,0.125,0,100.0,1.134213604,42.67843048848742,36.65504924813121,36.62060762068603
5325,sub-41,pain,6,20,8,2,48.0,0.3,0.05,1,99.0,1.584420714,56.0622406377221,50.216691869794495,50.25189188309328
5326,sub-41,pain,6,21,9,1,47.0,0.3,0.125,1,100.0,0.91727314,40.709354785699375,35.65878392942008,35.62445363785117
5327,sub-41,pain,6,22,10,1,47.0,0.7,0.125,0,100.0,1.934709274,39.724816934305345,45.716337708776166,45.752248956133414
5328,sub-41,pain,6,23,11,1,47.0,0.7,0.05,1,100.0,1.000544247,38.740279082911314,44.86660134679549,44.83228103688564
5329,sub-41,pain,6,24,12,2,48.0,0.7,0.125,0,100.0,0.867140794,52.124089232146,58.13109401550503,58.16678958963284
5330,sub-42,vision,1,1,1,1,0.5,0.7,0.125,-1,73.0,1.634581701,47.577835286055645,52.77261252739837,52.446396060135335
5331,sub-42,vision,1,2,2,2,0.6,0.3,0.125,-1,69.0,3.319093425,59.631369370711546,55.06995491202916,55.40453870385679
5332,sub-42,vision,1,3,3,2,0.6,0.7,0.05,-1,61.0,2.234912297,59.69246637955787,63.85650118793143,64.19195625249627
5333,sub-42,vision,1,4,4,2,0.6,0.3,0.05,0,54.33333333,2.018046899,59.75356338840419,54.276118823034345,53.94591369091864
5335,sub-42,vision,1,6,6,2,0.6,0.7,0.05,0,64.33333333,2.902075636,59.87575740609684,64.24079546202971,64.5722154031207
5336,sub-42,vision,1,7,7,1,0.5,0.3,0.05,0,49.0,2.285131865,47.94441733913358,42.40534868250988,42.07552584921077
5337,sub-42,vision,1,8,8,2,0.6,0.7,0.125,-1,65.33333333,1.367731853,59.99795142378948,65.29546413975896,64.9714559209761
5338,sub-42,vision,1,9,9,1,0.5,0.7,0.05,-1,55.0,2.485099832,48.06661135682623,52.1813554889578,52.51797001652828
5339,sub-42,vision,1,10,10,1,0.5,0.3,0.05,-1,28.66666667,2.201512098,48.127708365672554,42.412303291513275,42.088069910066075
5340,sub-42,vision,1,11,11,1,0.5,0.3,0.125,-1,36.33333333,2.835377247,48.18880537451888,43.590433654606365,43.92695407362866
5341,sub-42,vision,1,12,12,1,0.5,0.7,0.05,0,61.33333333,2.051504012,48.249902383365196,52.56564976305608,52.89822916715271
5342,sub-42,pain,1,13,1,1,47.0,0.7,0.125,-1,64.66666667,3.168978354,54.61366399252601,60.547347044024065,60.51614516114856
5343,sub-42,pain,1,14,2,2,48.0,0.3,0.05,0,35.0,2.384961125,68.12252547822152,62.21364577697798,62.18291746466503
5345,sub-42,pain,1,16,4,1,47.0,0.3,0.125,-1,47.33333333,1.534297755,51.70332667955178,45.46184356956823,45.493589224414144
5346,sub-42,pain,1,17,5,1,47.0,0.3,0.05,-1,20.0,1.467763264,50.733214241893705,43.64828040879523,43.61660809860992
5347,sub-42,pain,1,18,6,2,48.0,0.7,0.125,-1,76.0,1.334140698,64.24207572758922,70.11087687891566,70.07969406806475
5348,sub-42,pain,1,19,7,1,47.0,0.7,0.05,-1,62.0,2.084862226,48.79298936657756,53.77593408572762,53.807617480301445
5349,sub-42,pain,1,20,8,2,48.0,0.7,0.05,0,71.66666667,2.068136157,62.30185085227308,68.37501961589162,68.40731851925239
5350,sub-42,pain,1,21,9,1,47.0,0.3,0.05,0,34.33333333,1.984685576,46.85276449126141,40.751276428030124,40.71954357643634
5351,sub-42,pain,1,22,10,2,48.0,0.7,0.05,-1,63.66666667,3.185478945,60.36162597695693,65.32260383962858,65.35447055076973
5352,sub-42,pain,1,23,11,1,47.0,0.7,0.05,0,67.0,4.002831063,44.91253961594526,50.87893010496252,50.91055295812786
5353,sub-42,pain,1,24,12,2,48.0,0.3,0.125,-1,39.0,2.401669466,58.421401101640775,52.05066352594575,52.08218188600222
5354,sub-42,pain,2,1,1,1,47.0,0.3,0.125,0,30.0,1.934801891,53.53121194346715,48.276099585188675,48.30823114466021
5355,sub-42,pain,2,2,2,1,47.0,0.7,0.125,1,47.33333333,2.785323754,52.561099505809075,60.21467747004149,60.183699562254375
5356,sub-42,pain,2,3,3,1,47.0,0.7,0.05,1,23.0,1.86826709,51.590987068151,58.401114309268486,58.43343229028747
5357,sub-42,pain,2,4,4,2,48.0,0.7,0.05,1,60.0,2.318309697,65.09984855384651,71.93092398217883,71.96358952430784
5358,sub-42,pain,2,5,5,2,48.0,0.3,0.125,0,40.0,2.284953972,64.12973611618844,58.831199379584945,58.863432133352454
5359,sub-42,pain,2,6,6,1,47.0,0.3,0.125,1,25.66666667,1.351015737,48.68064975517677,44.13760403608096,44.169491543743916
5360,sub-42,pain,2,7,7,1,47.0,0.7,0.125,0,43.33333333,1.384310506,47.7105373175187,54.43747342410231,54.40591834541026
5361,sub-42,pain,2,8,8,2,48.0,0.7,0.125,1,60.66666667,1.451124588,61.21939880321422,68.78663734542839,68.75559638739453
5362,sub-42,pain,2,9,9,2,48.0,0.7,0.125,0,71.0,3.36924675,60.249286365556145,66.97571313750797,66.94442349765458
5363,sub-42,pain,2,10,10,2,48.0,0.3,0.125,1,64.66666667,3.135719973,59.27917392789807,54.692703830477235,54.72469253243615
5364,sub-42,pain,2,11,11,2,48.0,0.3,0.05,1,36.66666667,2.768641849,58.30906149023999,52.879140669704235,52.84771140663193
5365,sub-42,pain,2,12,12,1,47.0,0.3,0.05,1,26.0,2.118134291,42.85997512922833,37.366191077784514,37.33425000905949
5366,sub-42,vision,2,13,1,2,0.6,0.3,0.125,1,68.0,2.185315046,60.773722180168996,57.307204998724885,57.63827799293674
5367,sub-42,vision,2,14,2,2,0.6,0.3,0.05,1,47.0,2.368399266,60.83481918901532,56.25949092999902,55.93032823320073
5368,sub-42,vision,2,15,3,1,0.5,0.7,0.125,0,55.33333333,2.685358898,48.90347912205207,54.19496770525014,53.863682808133596
5369,sub-42,vision,2,16,4,2,0.6,0.7,0.05,1,62.66666667,2.701873484,60.95701320670796,66.22416756899437,66.5566299454028
5370,sub-42,vision,2,17,5,1,0.5,0.7,0.125,1,52.33333333,1.867895441,49.02567313974471,55.33590335001216,55.007471358781736
5371,sub-42,vision,2,18,6,2,0.6,0.7,0.125,0,61.0,2.0015376,61.07920722440061,66.45698672887629,66.1268738613212
5372,sub-42,vision,2,19,7,1,0.5,0.3,0.05,1,46.0,1.784579835,49.14786715743736,44.51913708384178,44.19087479531945
5373,sub-42,vision,2,20,8,2,0.6,0.7,0.125,1,65.0,1.967964172,61.201401242093254,67.5979223736383,67.27066241196934
5374,sub-42,vision,2,21,9,2,0.6,0.3,0.125,0,52.66666667,2.885392797,61.26249825093958,56.81835082579899,57.14916146142149
5375,sub-42,vision,2,22,10,1,0.5,0.3,0.125,1,44.66666667,1.918077378,49.33115818397633,45.82768374130209,46.160693362708614
5376,sub-42,vision,2,23,11,1,0.5,0.3,0.125,0,45.33333333,1.817956397,49.392255192822645,44.882372538090905,45.21330641780034
5377,sub-42,vision,2,24,12,1,0.5,0.7,0.05,1,38.0,3.13569447,49.45335220166897,54.679438164387975,55.01357811326139
5378,sub-42,vision,3,1,1,1,0.5,0.7,0.05,0,60.33333333,1.450949493,49.98473492266319,54.05489824591054,54.383079544680776
5379,sub-42,vision,3,2,2,2,0.6,0.3,0.05,-1,47.0,1.717960751,62.038269007319094,56.16357079799388,55.83611134078174
5380,sub-42,vision,3,3,3,1,0.5,0.3,0.05,0,44.0,2.168181875,50.10692894035584,44.35105419564963,44.018646640131855
5381,sub-42,vision,3,4,4,2,0.6,0.3,0.05,0,44.0,1.767999938,62.16046302501174,56.48265692490855,56.15090328949288
5382,sub-42,vision,3,5,5,1,0.5,0.3,0.125,-1,41.0,1.450954158,50.229122958048485,45.405722873378885,45.73914046072317
5383,sub-42,vision,3,6,6,1,0.5,0.3,0.05,-1,48.33333333,1.517640107,50.29021996689481,44.358008804653025,44.03119070098717
5384,sub-42,vision,3,7,7,2,0.6,0.7,0.05,0,67.66666667,1.601129253,62.343754051550704,66.51254171108752,66.84267220360823
5385,sub-42,vision,3,8,8,2,0.6,0.7,0.125,-1,46.33333333,1.451017292,62.40485106039703,67.50200224163316,67.17644551955034
5386,sub-42,vision,3,9,9,2,0.6,0.7,0.05,-1,57.33333333,1.584569882,62.46594806924335,66.4542881729073,66.78974906255024
5387,sub-42,vision,3,10,10,2,0.6,0.3,0.125,-1,45.0,1.684540648,62.52704507808968,57.79815819137225,58.13326591773735
5388,sub-42,vision,3,11,11,1,0.5,0.7,0.125,-1,35.66666667,2.351855757,50.59570501112643,55.631232101108694,55.30605767784247
5389,sub-42,vision,3,12,12,1,0.5,0.7,0.05,-1,50.66666667,1.834592586,50.656802019972744,54.583518032382834,54.91936122084239
5390,sub-42,pain,3,13,1,2,48.0,0.7,0.05,-1,68.66666667,2.952147789,66.92773381776188,71.78727403487625,71.81962302672885
5391,sub-42,pain,3,14,2,1,47.0,0.3,0.05,0,61.66666667,2.75208932,51.47864745675022,45.2328067042684,45.20139188884337
5392,sub-42,pain,3,15,3,2,48.0,0.3,0.05,-1,68.0,2.868879455,64.98750894244573,57.69334051992509,57.66200531793315
5393,sub-42,pain,3,16,4,1,47.0,0.7,0.125,-1,64.33333333,1.784791939,49.53842258143406,55.11317772521546,55.081472655795174
5394,sub-42,pain,3,17,5,2,48.0,0.3,0.05,0,60.66666667,2.585727258,63.04728406712958,56.77947645816936,56.74824495931165
5395,sub-42,pain,3,18,6,2,48.0,0.7,0.05,0,63.0,1.467700442,62.07717162947151,67.89870009460645,67.93090642277922
5396,sub-42,pain,3,19,7,1,47.0,0.3,0.05,-1,53.66666667,2.85220408,46.62808526845984,39.205681049491304,39.17358767503258
5397,sub-42,pain,3,20,8,2,48.0,0.7,0.125,-1,56.66666667,1.584496486,60.13694675415536,65.66827751961173,65.63667364448742
5398,sub-42,pain,3,21,9,1,47.0,0.7,0.05,-1,60.0,2.01803166,44.687860393143694,49.3333347264237,49.36459705672411
5399,sub-42,pain,3,22,10,1,47.0,0.3,0.125,-1,36.0,1.367668097,43.71774795548562,37.052964372245555,37.08396047373263
5400,sub-42,pain,3,23,11,2,48.0,0.3,0.125,-1,46.66666667,1.468002115,57.22660944118113,50.582774045155894,50.614117707752996
5401,sub-42,pain,3,24,12,1,47.0,0.7,0.05,0,71.66666667,1.584393233,41.77752308016947,47.42790070516328,47.45918461632655
5402,sub-42,vision,4,1,1,2,0.6,0.3,0.125,0,53.0,1.467915034,63.180621816776544,58.50322375020429,58.83041344468943
5403,sub-42,vision,4,2,2,1,0.5,0.3,0.05,1,40.0,2.20181346,51.24928174981329,46.399634449797915,46.06852838432725
5404,sub-42,vision,4,3,3,1,0.5,0.7,0.125,0,46.33333333,1.384366175,51.31037875865962,56.401505807124344,56.06867240670784
5405,sub-42,vision,4,4,4,2,0.6,0.3,0.05,1,65.33333333,2.118227903,63.36391284331551,58.59644532624044,58.266252235601556
5406,sub-42,vision,4,5,5,2,0.6,0.3,0.125,1,63.0,1.884588543,63.425009852161836,59.77457568933353,60.10513639916414
5407,sub-42,vision,4,6,6,1,0.5,0.7,0.125,1,66.66666667,1.667934005,51.493669785198584,57.60764959906997,57.277928159269266
5408,sub-42,vision,4,7,7,1,0.5,0.3,0.125,1,49.0,2.185051316,51.55476679404491,47.83859740162545,48.169281355542985
5409,sub-42,vision,4,8,8,2,0.6,0.7,0.05,1,69.66666667,1.667770417,63.6083008787008,68.69153825960304,69.0234883516302
5410,sub-42,vision,4,9,9,1,0.5,0.7,0.05,1,66.0,1.250881383,51.67696081173755,56.690351824711335,57.02216610609577
5411,sub-42,vision,4,10,10,2,0.6,0.7,0.125,0,33.66666667,1.818018287,63.73049489639345,68.92435741948493,68.5937322675486
5412,sub-42,vision,4,11,11,1,0.5,0.3,0.125,0,37.66666667,1.517739317,51.799154829430194,47.08891063996511,47.41829601637458
5413,sub-42,vision,4,12,12,2,0.6,0.7,0.125,1,53.66666667,1.334211918,63.852688914086094,70.06529306424696,69.73752081819674
5414,sub-42,pain,4,13,1,1,47.0,0.3,0.05,1,48.66666667,2.218317783,51.36630784534943,45.814001192041545,45.78270664857069
5415,sub-42,pain,4,14,2,2,48.0,0.3,0.125,1,59.33333333,2.902114822,64.87516933104494,60.165804066220204,60.19819292661923
5416,sub-42,pain,4,15,3,1,47.0,0.7,0.05,1,72.33333333,1.334285936,49.426082970033285,55.94165486897394,55.97371603026221
5417,sub-42,pain,4,16,4,1,47.0,0.3,0.125,0,22.66666667,2.685269018,48.455970532375204,42.84193026638006,42.87355863930683
5418,sub-42,pain,4,17,5,1,47.0,0.7,0.125,0,23.66666667,1.601006718,47.48585809471713,53.961153902817145,53.92950624893708
5419,sub-42,pain,4,18,6,2,48.0,0.7,0.125,1,30.0,1.784718542,60.99471958041265,68.31031782414321,68.27918429092135
5420,sub-42,pain,4,19,7,1,47.0,0.7,0.125,1,45.66666667,1.901429371,45.54563321940098,52.7973682322235,52.7657228933489
5421,sub-42,pain,4,20,8,1,47.0,0.3,0.125,1,38.33333333,2.15143528,44.57552078174291,39.69500467677704,39.72647112016657
5422,sub-42,pain,4,21,9,2,48.0,0.3,0.125,0,70.0,1.217563289,58.08438226743843,52.40546010127164,52.437107546223025
5423,sub-42,pain,4,22,10,2,48.0,0.7,0.05,1,71.33333333,2.435063134,57.114269829780355,63.52204478485615,63.55396077362632
5424,sub-42,pain,4,23,11,2,48.0,0.7,0.125,0,67.33333333,2.301804752,56.144157392122274,62.53311377820404,62.50140307407723
5425,sub-42,pain,4,24,12,2,48.0,0.3,0.05,1,51.66666667,2.251504323,55.1740449544642,49.428111269905,49.39634306483063
5426,sub-42,pain,5,1,1,2,48.0,0.3,0.05,-1,70.0,1.601220066,64.76282971964416,57.21702099863993,57.18559322145998
5427,sub-42,pain,5,2,2,2,48.0,0.7,0.125,-1,77.0,1.300823848,63.792717281986086,69.15823783634534,69.1268698751184
5428,sub-42,pain,5,3,3,1,47.0,0.7,0.05,-1,37.66666667,1.384210363,48.34363092097443,52.823295043157295,52.85479328735509
5429,sub-42,pain,5,4,4,1,47.0,0.3,0.05,-1,57.0,1.400988679,47.373518483316346,39.720931487710835,39.68882766033545
5430,sub-42,pain,5,5,5,2,48.0,0.7,0.05,-1,58.66666667,2.234762082,60.882379969011865,65.36153475656295,65.39329843959942
5431,sub-42,pain,5,6,6,1,47.0,0.3,0.125,-1,35.66666667,1.567849412,45.4332936080002,38.55978476996977,38.59085254081154
5432,sub-42,pain,5,7,7,1,47.0,0.3,0.05,0,36.66666667,1.734632705,44.463181170342125,37.81549746645041,37.78341521993789
5433,sub-42,pain,5,8,8,2,48.0,0.3,0.125,-1,52.0,1.601119923,57.972042656037644,51.098024483375426,51.129357693055866
5434,sub-42,pain,5,9,9,2,48.0,0.3,0.05,0,56.0,2.618621011,57.00193021837957,50.35373717985606,50.32192037218222
5435,sub-42,pain,5,10,10,2,48.0,0.7,0.05,0,70.33333333,1.184187659,56.0318177807215,61.472960816293146,61.50458183564979
5436,sub-42,pain,5,11,11,1,47.0,0.7,0.05,0,59.66666667,1.817912235,40.58273141970983,45.96001122437343,45.99112043807734
5437,sub-42,pain,5,12,12,1,47.0,0.7,0.125,-1,57.0,2.11811532,39.61261898205176,44.72115860888341,44.688539741561584
5438,sub-42,vision,5,13,1,2,0.6,0.7,0.05,-1,71.33333333,1.217636375,64.38407163508032,68.1391610973126,68.47100104581818
5439,sub-42,vision,5,14,2,1,0.5,0.7,0.05,0,43.66666667,2.385083349,52.452731568117066,56.32664449496835,56.653536345168305
5440,sub-42,vision,5,15,3,2,0.6,0.3,0.05,0,46.66666667,1.634598184,64.50626565277297,58.62398687959913,58.29042568615383
5441,sub-42,vision,5,16,4,1,0.5,0.7,0.125,-1,58.33333333,1.117507931,52.57492558580971,57.38131317269761,57.05277686302369
5442,sub-42,vision,5,17,5,2,0.6,0.3,0.125,-1,38.0,1.90135784,64.62845967046562,59.67865555732839,60.01091950674515
5443,sub-42,vision,5,18,6,2,0.6,0.7,0.125,-1,44.66666667,2.768796728,64.68955667931193,69.57812404914014,69.25050071429801
5444,sub-42,vision,5,19,7,1,0.5,0.3,0.05,-1,36.33333333,2.468447783,52.758216612348676,46.62975505371084,46.3016475014747
5445,sub-42,vision,5,20,8,2,0.6,0.3,0.05,-1,62.66666667,1.834726317,64.81175069700458,58.76135778296975,58.433904150835716
5446,sub-42,vision,5,21,9,1,0.5,0.3,0.05,0,37.66666667,3.152227717,52.880410630041325,46.9488411806255,46.61643945018584
5447,sub-42,vision,5,22,10,1,0.5,0.7,0.05,-1,61.33333333,1.951452385,52.94150763888765,56.659639839889806,56.993416415590055
5448,sub-42,vision,5,23,11,2,0.6,0.7,0.05,0,30.33333333,1.884661939,64.99504172354355,68.97991240169617,69.30953060983563
5450,sub-42,pain,6,1,1,1,47.0,0.3,0.125,0,35.0,2.768819431,49.201403747231716,43.357180704599585,43.38879862460969
5451,sub-42,pain,6,2,2,2,48.0,0.7,0.05,1,40.0,2.051478821,62.71026523292723,68.99514502059913,69.02746116780939
5452,sub-42,pain,6,3,3,1,47.0,0.7,0.125,0,55.33333333,2.435038875,47.26117887191557,53.48483438153198,53.453094152463905
5453,sub-42,pain,6,4,4,2,48.0,0.3,0.125,0,61.0,1.901422218,60.77004035761108,54.90385045850055,54.93565169507797
5454,sub-42,pain,6,5,5,2,48.0,0.7,0.125,1,69.66666667,1.300945139,59.79992791995301,66.84242834335336,66.81112011267213
5455,sub-42,pain,6,6,6,1,47.0,0.7,0.05,1,72.0,1.901408223,44.35084155894134,50.507485550165335,50.53904352490882
5456,sub-42,pain,6,7,7,2,48.0,0.7,0.125,0,38.0,3.252401878,57.85970304463686,64.03993417592825,64.00829514115614
5457,sub-42,pain,6,8,8,1,47.0,0.3,0.05,1,46.66666667,3.068973689,42.41061668362519,36.41355203521419,36.381425816113136
5458,sub-42,pain,6,9,9,2,48.0,0.3,0.05,1,67.33333333,2.301701499,55.91947816932071,49.94336170812453,49.9115830501335
5459,sub-42,pain,6,10,10,1,47.0,0.3,0.125,1,32.0,2.168112521,40.470391808309046,35.25240531747312,35.28345069658923
5460,sub-42,pain,6,11,11,1,47.0,0.7,0.125,1,56.66666667,2.101696834,39.50027937065097,46.371628953910204,46.33939830621948
5461,sub-42,pain,6,12,12,2,48.0,0.3,0.125,1,58.66666667,3.636004541,53.009140856346484,47.79064503087878,47.82195584883355
5462,sub-42,vision,6,13,1,1,0.5,0.3,0.05,1,47.0,1.984818063,53.595084377574516,48.5409644044885,48.2080507809882
5463,sub-42,vision,6,14,2,1,0.5,0.7,0.05,1,45.33333333,2.668612614,53.65618138642084,58.44043289630025,58.76888529127699
5464,sub-42,vision,6,15,3,1,0.5,0.7,0.125,1,44.66666667,2.151548174,53.717278395267165,59.61856325939334,59.28651615210364
5465,sub-42,vision,6,16,4,2,0.6,0.3,0.125,1,45.33333333,2.134976675,65.77081247992307,61.915905644024114,62.244658795825096
5466,sub-42,vision,6,17,5,2,0.6,0.7,0.125,1,81.33333333,3.602661566,65.83190948876938,71.81537413583587,71.48424000337796
5467,sub-42,vision,6,18,6,1,0.5,0.3,0.125,0,25.0,1.651035952,53.90056942180613,48.96940800592124,49.29594960538238
5468,sub-42,vision,6,19,7,2,0.6,0.3,0.125,0,62.0,3.385714686,65.95410350646203,61.10101073518016,61.4282062547434
5469,sub-42,vision,6,20,8,2,0.6,0.7,0.125,0,57.0,3.786076382,66.01520051530835,71.00047922699191,70.66778746229626
5470,sub-42,vision,6,21,9,1,0.5,0.3,0.125,1,55.33333333,1.518190272,54.0838604483451,50.17555179786687,50.50520535794381
5471,sub-42,vision,6,22,10,1,0.5,0.7,0.125,0,44.66666667,1.467719102,54.144957457191424,59.06450093928383,58.73193241867511
5472,sub-42,vision,6,23,11,2,0.6,0.3,0.05,1,30.33333333,3.28584935,66.19849154184732,61.25944045839993,60.92951224756882
5473,sub-42,vision,6,24,12,2,0.6,0.7,0.05,1,61.33333333,2.902205946,66.25958855069365,71.15890895021168,71.4903467578576
5474,sub-43,vision,1,1,1,1,0.5,0.7,0.125,-1,57.0,1.701256457,47.51835366044665,52.7613796481116,52.44813055524056
5475,sub-43,vision,1,2,2,2,0.6,0.7,0.05,-1,77.66666667,2.23496652,59.42674723966972,63.65964269040561,63.98333035414433
5476,sub-43,vision,1,3,3,2,0.6,0.7,0.125,-1,69.0,1.200889783,59.476814960606966,64.78952940663552,64.47611095697451
5477,sub-43,vision,1,4,4,1,0.5,0.7,0.05,0,77.0,1.484273758,47.66855682325839,52.0051021125057,52.32440448302442
5478,sub-43,vision,1,5,5,1,0.5,0.7,0.05,-1,64.33333333,1.867931728,47.718624544195634,51.87624476751952,52.200199874405996
5479,sub-43,vision,1,6,6,2,0.6,0.3,0.125,-1,68.66666667,1.851382258,59.62701812341871,55.018996174491804,55.34259576287825
5480,sub-43,vision,1,7,7,1,0.5,0.3,0.05,0,41.66666667,2.06817058,47.818759986070134,42.23456888036199,41.91647926048448
5481,sub-43,vision,1,8,8,1,0.5,0.3,0.125,-1,58.0,2.285062776,47.868827707007384,43.18664788447815,43.510495298740786
5482,sub-43,vision,1,9,9,2,0.6,0.3,0.05,-1,50.33333333,1.817933439,59.77722128623045,54.08491092677216,53.771285069200886
5483,sub-43,vision,1,10,10,2,0.6,0.3,0.05,0,52.66666667,1.601163778,59.8272890071677,54.311669006013474,53.993429646617564
5484,sub-43,vision,1,11,11,1,0.5,0.3,0.05,-1,36.33333333,1.584520074,48.01903086981912,42.252562636758505,41.939184605063424
5485,sub-43,vision,1,12,12,2,0.6,0.7,0.05,0,52.33333333,1.317673128,59.92742444904219,64.32695407379502,64.64620479115315
5486,sub-43,pain,1,13,1,1,47.0,0.7,0.05,-1,69.66666667,1.601175285,54.624325986563754,59.912851664202044,59.958192667619805
5487,sub-43,pain,1,14,2,1,47.0,0.7,0.125,-1,58.0,1.934739176,53.68445802049223,59.61702286885145,59.57288891366502
5488,sub-43,pain,1,15,3,2,48.0,0.7,0.05,0,68.0,1.434291641,67.01191962570516,73.25846483933205,73.30456394127896
5489,sub-43,pain,1,16,4,1,47.0,0.3,0.125,-1,38.33333333,1.868054575,51.80472208834917,45.508450858275346,45.55318196068242
5490,sub-43,pain,1,17,5,1,47.0,0.3,0.05,-1,25.33333333,2.13476188,50.86485412227765,43.87496745632168,43.83022563711973
5491,sub-43,pain,1,18,6,2,48.0,0.3,0.05,-1,46.33333333,1.534309057,64.19231572749057,57.21488216626769,57.1706005700548
5492,sub-43,pain,1,19,7,2,48.0,0.3,0.125,-1,32.66666667,1.96810247,63.25244776141905,56.9190533709171,56.96401127346036
5493,sub-43,pain,1,20,8,1,47.0,0.3,0.05,0,22.66666667,2.1182404,48.04525022406307,41.95135372420139,41.90667635768667
5494,sub-43,pain,1,21,9,1,47.0,0.7,0.05,0,37.33333333,2.735378601,47.105382257991536,53.165957438821096,53.21077933779389
5495,sub-43,pain,1,22,10,2,48.0,0.7,0.05,-1,35.66666667,1.968178355,60.43284386320446,65.535517584931,65.5803851199263
5496,sub-43,pain,1,23,11,2,48.0,0.3,0.05,0,55.33333333,2.051433574,59.492975897132936,53.36195623684314,53.3175056704646
5497,sub-43,pain,1,24,12,2,48.0,0.7,0.125,-1,68.66666667,1.634360373,58.55310793106141,64.27503269092828,64.23030855589295
5498,sub-43,pain,2,1,1,2,48.0,0.7,0.125,1,75.33333333,1.784606533,67.81290416403306,75.41198248394355,75.36901692841283
5499,sub-43,pain,2,2,2,1,47.0,0.7,0.125,0,32.0,2.301672892,52.605706626677076,59.37643850265818,59.33254661881726
5500,sub-43,pain,2,3,3,1,47.0,0.7,0.125,1,32.66666667,1.400908754,51.665838660605544,59.17809947804113,59.13432356524204
5501,sub-43,pain,2,4,4,2,48.0,0.3,0.125,0,51.33333333,2.018143056,64.99330026581848,59.57243730068023,59.617987408848315
5502,sub-43,pain,2,5,5,2,48.0,0.7,0.125,0,65.0,1.334365349,64.05343229974694,70.78704101529993,70.74337593159518
5503,sub-43,pain,2,6,6,2,48.0,0.7,0.05,1,68.66666667,1.684596581,63.11356433367542,69.91987468738134,69.96568382189619
5504,sub-43,pain,2,7,7,2,48.0,0.3,0.125,1,54.0,1.918122218,62.173696367603895,57.44478607875891,57.49021873511595
5505,sub-43,pain,2,8,8,1,47.0,0.7,0.05,1,19.33333333,2.385099786,46.966498830247914,53.68599168147893,53.73099045872541
5506,sub-43,pain,2,9,9,2,48.0,0.3,0.05,1,54.66666667,2.151550201,60.29396043546084,54.846646578153106,54.80248960147469
5507,sub-43,pain,2,10,10,1,47.0,0.3,0.125,0,23.66666667,1.734668889,45.08676289810486,39.47992990016928,39.52420280536324
5508,sub-43,pain,2,11,11,1,47.0,0.3,0.05,1,17.0,1.367723666,44.146894932033334,38.61276357225069,38.567796238303906
5509,sub-43,pain,2,12,12,1,47.0,0.3,0.125,1,51.66666667,2.218249108,43.2070269659618,38.3169347769001,38.361206941709455
5510,sub-43,vision,2,13,1,2,0.6,0.7,0.125,0,68.66666667,1.934793602,60.58368122138461,65.9754267459229,65.65666054808386
5511,sub-43,vision,2,14,2,2,0.6,0.3,0.05,1,60.0,2.118105113,60.63374894232186,56.07890132616816,55.76228752499539
5512,sub-43,vision,2,15,3,2,0.6,0.7,0.05,1,68.33333333,1.651247594,60.6838166632591,66.04523602682214,66.36609268513185
5513,sub-43,vision,2,16,4,1,0.5,0.7,0.125,0,28.0,1.584365505,48.87555852591053,54.19202882303682,53.873530068345545
5514,sub-43,vision,2,17,5,1,0.5,0.3,0.125,1,55.33333333,2.168295292,48.92562624684777,45.376439752384414,45.697377692131795
5515,sub-43,vision,2,18,6,2,0.6,0.3,0.125,0,71.33333333,1.384240792,60.83401982607084,56.302794248034324,56.62108532278585
5517,sub-43,vision,2,20,8,2,0.6,0.7,0.125,1,64.33333333,1.267652136,60.93415526794534,67.37092421156231,67.05475322555853
5518,sub-43,vision,2,21,9,1,0.5,0.3,0.125,0,52.33333333,1.63445865,49.12589713059676,44.519396325148236,44.83795484304752
5519,sub-43,vision,2,22,10,2,0.6,0.3,0.125,1,62.66666667,1.234141115,61.034290709819835,57.551440612291024,57.87226804706314
5520,sub-43,vision,2,23,11,1,0.5,0.7,0.125,1,77.0,2.702020284,49.226032572471254,55.58752628867622,55.27162274582021
5521,sub-43,vision,2,24,12,1,0.5,0.7,0.05,1,72.33333333,1.434280445,49.276100293408504,54.555540306701445,54.876782111788266
5522,sub-43,vision,3,1,1,2,0.6,0.3,0.05,-1,63.0,1.618120663,61.790682924036744,55.90528871260918,55.59015512778798
5523,sub-43,vision,3,2,2,1,0.5,0.7,0.05,0,62.33333333,1.801274806,49.98242478668817,54.11918210110812,54.43709444800627
5524,sub-43,vision,3,3,3,1,0.5,0.3,0.05,0,64.33333333,1.934779607,50.03249250762541,44.250748134709276,43.93122925666807
5525,sub-43,vision,3,4,4,1,0.5,0.7,0.125,-1,58.66666667,1.08402962,50.08256022856266,55.12021147235185,54.805670442218045
5526,sub-43,vision,3,5,5,2,0.6,0.3,0.125,-1,70.66666667,1.868048666,61.99095380778573,57.18202653022178,57.50425571225922
5527,sub-43,vision,3,6,6,1,0.5,0.7,0.05,-1,60.66666667,1.45106379,50.182695670437155,54.13717585750464,54.45979979258522
5528,sub-43,vision,3,7,7,2,0.6,0.3,0.05,0,73.0,1.73461322,62.09108924966023,56.37679862748832,56.05714962720029
5529,sub-43,vision,3,8,8,2,0.6,0.7,0.125,-1,73.33333333,1.534586784,62.14115697059748,67.2462619651309,66.93159081275024
5530,sub-43,vision,3,9,9,1,0.5,0.3,0.05,-1,53.33333333,1.601166577,50.3328988332489,44.366642625360925,44.05187457004528
5531,sub-43,vision,3,10,10,1,0.5,0.3,0.125,-1,60.66666667,1.868051776,50.38296655418615,45.49652934159083,45.81906520131914
5532,sub-43,vision,3,11,11,2,0.6,0.7,0.05,-1,72.66666667,1.918052242,62.29136013340921,66.31217671741125,66.63469014751657
5533,sub-43,vision,3,12,12,2,0.6,0.7,0.05,0,65.0,2.40164739,62.34142785434646,66.53893479665257,66.85683472493325
5534,sub-43,pain,3,13,1,2,48.0,0.7,0.05,0,69.33333333,1.134171904,66.7341527702179,72.76589917657755,72.81188667013528
5535,sub-43,pain,3,14,2,1,47.0,0.3,0.125,-1,33.66666667,1.834731401,51.52695523286193,45.015885195520845,45.06050468953875
5536,sub-43,pain,3,15,3,2,48.0,0.7,0.125,-1,73.66666667,1.384324141,64.85441683807485,70.53505971873871,70.49104095529927
5537,sub-43,pain,3,16,4,1,47.0,0.7,0.125,-1,41.33333333,2.268208522,49.647219300718874,55.26583281148842,55.22112040220705
5538,sub-43,pain,3,17,5,2,48.0,0.3,0.05,-1,58.0,2.151465297,62.9746809059318,55.75766040486106,55.713150488832554
5539,sub-43,pain,3,18,6,1,47.0,0.7,0.05,-1,41.0,1.534662669,47.76748336857582,52.66769331088262,52.71210572592613
5540,sub-43,pain,3,19,7,1,47.0,0.3,0.05,0,59.0,1.551080584,46.82761540250429,40.49413196279477,40.44922627646442
5541,sub-43,pain,3,20,8,1,47.0,0.3,0.05,-1,31.66666667,1.701262366,45.88774743643277,38.559121300306515,38.5136843155832
5542,sub-43,pain,3,21,9,2,48.0,0.3,0.125,-1,53.33333333,2.802235188,59.21520904164569,52.56786331355407,52.612242762002396
5543,sub-43,pain,3,22,10,1,47.0,0.7,0.05,0,62.33333333,1.467753834,44.00801150428971,49.77942348011021,49.8237836364145
5544,sub-43,pain,3,23,11,2,48.0,0.3,0.05,0,66.0,1.984758303,57.33547310950264,50.940078376784385,50.89528277916378
5545,sub-43,pain,3,24,12,2,48.0,0.7,0.05,-1,77.33333333,1.767982733,56.39560514343111,61.18432752756797,61.22861660846834
5546,sub-43,vision,4,1,1,2,0.6,0.7,0.125,1,70.33333333,1.184366438,62.99768462668888,69.2402523645269,68.92259326854474
5547,sub-43,vision,4,2,2,1,0.5,0.7,0.125,0,63.0,1.701307151,51.189426489340306,56.306108811639234,55.98622003332739
5548,sub-43,vision,4,3,3,1,0.5,0.3,0.125,0,37.66666667,1.20089196,51.23949421027755,46.43767484524039,46.75476487043286
5549,sub-43,vision,4,4,4,1,0.5,0.3,0.125,1,58.33333333,1.400876721,51.2895619312148,47.539470108114394,47.85903764151277
5550,sub-43,vision,4,5,5,1,0.5,0.3,0.05,1,54.33333333,1.751479292,51.33962965215204,46.507484126139616,46.18978697903716
5551,sub-43,vision,4,6,6,2,0.6,0.7,0.125,0,82.66666667,1.78463981,63.248023231375115,68.43215930441828,68.1121404038596
5552,sub-43,vision,4,7,7,2,0.6,0.7,0.05,1,82.33333333,2.685299139,63.298090952312364,68.45301821818995,68.77260255650845
5553,sub-43,vision,4,8,8,1,0.5,0.7,0.125,1,66.0,2.351759818,51.48983281496379,57.65265591015107,57.33534272640293
5554,sub-43,vision,4,9,9,2,0.6,0.3,0.125,0,64.0,1.267603308,63.39822639418686,58.661626072274565,58.97862520976333
5555,sub-43,vision,4,10,10,1,0.5,0.7,0.05,1,60.33333333,1.467715269,51.58996825683828,56.66962029530386,56.989472076770106
5556,sub-43,vision,4,11,11,2,0.6,0.3,0.125,1,86.33333333,1.534591138,63.49836183606135,59.81237170227614,60.131867965242364
5557,sub-43,vision,4,12,12,2,0.6,0.3,0.05,1,74.0,1.417749013,63.5484295569986,58.78038572030136,58.46261730276675
5558,sub-43,pain,4,13,1,2,48.0,0.7,0.125,1,83.66666667,1.03426023,65.65540137640275,72.99010462388479,72.946794037112
5559,sub-43,pain,4,14,2,1,47.0,0.3,0.05,1,43.0,1.651228311,50.448203839046776,44.87279060006113,44.82852863771022
5560,sub-43,pain,4,15,3,1,47.0,0.3,0.125,0,26.33333333,2.134789559,49.50833587297525,43.810644730675456,43.85538958461241
5561,sub-43,pain,4,16,4,2,48.0,0.7,0.125,0,83.33333333,1.300970955,62.83579747818817,69.3298192538933,69.28592585037293
5562,sub-43,pain,4,17,5,1,47.0,0.7,0.05,1,17.66666667,1.300824472,47.628599940832196,54.15808211737657,54.203085997660295
5563,sub-43,pain,4,18,6,2,48.0,0.3,0.125,1,67.66666667,1.701333897,60.95606154604512,55.98756431735229,56.0327686538937
5564,sub-43,pain,4,19,7,2,48.0,0.3,0.125,0,72.33333333,1.084034285,60.01619357997359,54.25659114466507,54.301446087311774
5565,sub-43,pain,4,20,8,2,48.0,0.7,0.05,1,72.0,1.401018228,59.076325613902064,65.56868463001832,65.61391531043823
5566,sub-43,pain,4,21,9,2,48.0,0.3,0.05,1,62.0,2.718685758,58.13645764783054,52.42476871809435,52.38026671017386
5567,sub-43,pain,4,22,10,1,47.0,0.7,0.125,0,36.66666667,2.018109778,42.92926011047456,49.237311853382366,49.19214124688786
5568,sub-43,pain,4,23,11,1,47.0,0.3,0.125,1,36.0,1.51776052,41.98939214440303,36.85971301549347,36.9037568604872
5569,sub-43,pain,4,24,12,1,47.0,0.7,0.125,1,18.0,1.601247438,41.0495241783315,48.07431673011318,48.029145383234074
5570,sub-43,vision,5,1,1,2,0.6,0.7,0.05,0,68.66666667,2.051488,64.20468632934103,68.21246148110689,68.52879483032295
5571,sub-43,vision,5,2,2,1,0.5,0.3,0.125,-1,43.0,1.701213228,52.39642819199245,47.31690712742785,47.637935259906236
5572,sub-43,vision,5,3,3,1,0.5,0.7,0.05,-1,61.0,1.951474938,52.44649591292969,56.20230547897949,56.52351977316794
5573,sub-43,vision,5,4,4,1,0.5,0.3,0.05,-1,39.66666667,1.401006099,52.49656363386694,46.333871512580636,46.017654581829746
5574,sub-43,vision,5,5,5,2,0.6,0.3,0.05,0,62.66666667,1.167530222,64.40495721309001,58.49087861609073,58.16983959218213
5575,sub-43,vision,5,6,6,1,0.5,0.3,0.05,0,37.0,1.284253543,52.596699075741434,46.60957995894952,46.288769143645546
5576,sub-43,vision,5,7,7,2,0.6,0.7,0.125,-1,69.33333333,1.084018113,64.5050926549645,69.40929232086087,69.09325076213122
5577,sub-43,vision,5,8,8,1,0.5,0.7,0.05,0,40.33333333,1.61807619,52.696834517615926,56.624865026731065,56.94154428818112
5578,sub-43,vision,5,9,9,2,0.6,0.3,0.05,-1,68.66666667,2.985488541,64.605228096839,58.508872372487254,58.19254493676109
5579,sub-43,vision,5,10,10,2,0.6,0.3,0.125,-1,55.66666667,1.567849312,64.65529581777625,59.63875908871716,59.95973556803495
5580,sub-43,vision,5,11,11,1,0.5,0.7,0.125,-1,47.33333333,1.901429998,52.84703768042767,57.67484476510236,57.35909026679202
5581,sub-43,vision,5,12,12,2,0.6,0.7,0.05,-1,45.33333333,1.684674643,64.75543125965075,68.57310780739637,68.8942900656958
5582,sub-43,pain,5,13,1,1,47.0,0.3,0.05,-1,45.66666667,1.250965513,50.309320411303155,42.88983613081268,42.84487109483238
5583,sub-43,pain,5,14,2,1,47.0,0.3,0.125,-1,45.0,1.684572633,49.36945244523163,42.59400733546209,42.638281798237934
5584,sub-43,pain,5,15,3,1,47.0,0.7,0.125,-1,47.33333333,1.634588028,48.4295844791601,53.8086110500818,53.7636703209848
5585,sub-43,pain,5,16,4,1,47.0,0.3,0.05,0,16.33333333,1.05083147,47.489716513088574,40.9662223986924,40.92132181539931
5586,sub-43,pain,5,17,5,1,47.0,0.7,0.05,-1,48.33333333,1.4344431,46.54984854701705,51.210471549476,51.25465564470388
5587,sub-43,pain,5,18,6,2,48.0,0.3,0.05,0,51.66666667,1.968011034,59.877310152229974,53.34148100998629,53.29692393825581
5588,sub-43,pain,5,19,7,2,48.0,0.3,0.125,-1,54.66666667,1.401064257,58.93744218615845,52.07529765079958,52.11956549085872
5589,sub-43,pain,5,20,8,1,47.0,0.7,0.05,0,46.66666667,1.234235349,43.73024464880247,49.28685781735572,49.33110636527081
5590,sub-43,pain,5,21,9,2,48.0,0.7,0.05,-1,43.33333333,1.617858176,57.05770625401539,61.656417963465614,61.70071214740324
5591,sub-43,pain,5,22,10,2,48.0,0.7,0.05,0,43.66666667,1.768055197,56.11783828794386,61.6621164286496,61.70670848812731
5592,sub-43,pain,5,23,11,2,48.0,0.7,0.125,-1,50.33333333,1.851385991,55.17797032187234,60.39593306946289,60.35063558336988
5593,sub-43,pain,5,24,12,2,48.0,0.3,0.05,-1,50.33333333,1.317714181,54.23810235580081,46.583189854237375,46.537517926981735
5594,sub-43,vision,6,1,1,2,0.6,0.3,0.125,1,66.66666667,1.417662865,65.41168803199315,61.53484875385803,61.85279805503121
5595,sub-43,vision,6,2,2,1,0.5,0.3,0.125,0,62.0,1.734486019,53.603429894644584,48.60070520097037,48.91642481981384
5596,sub-43,vision,6,3,3,2,0.6,0.7,0.05,1,60.33333333,1.450954939,65.51182347386765,70.46919747253723,70.78735255269204
5597,sub-43,vision,6,4,4,1,0.5,0.3,0.125,1,27.0,1.617800951,53.70356533651908,49.75145083097194,50.069667575292875
5598,sub-43,vision,6,5,5,2,0.6,0.3,0.05,1,57.33333333,1.384358663,65.61195891574215,60.649713873265945,60.33045734575297
5599,sub-43,vision,6,6,6,1,0.5,0.7,0.125,1,37.0,1.434230684,53.80370077839357,59.76673589875349,59.448032691384775
5600,sub-43,vision,6,7,7,2,0.6,0.7,0.125,1,76.66666667,1.601193634,65.71209435761664,71.74593529014983,71.4270431087196
5601,sub-43,vision,6,8,8,2,0.6,0.7,0.125,0,45.33333333,1.717889276,65.76216207855389,70.74204076153096,70.42071030643794
5602,sub-43,vision,6,9,9,1,0.5,0.7,0.05,1,38.66666667,1.351000967,53.95390394120531,58.832650651033845,59.15113202615108
5603,sub-43,vision,6,10,10,1,0.5,0.3,0.05,1,48.33333333,1.601311194,54.00397166214256,48.964216684635005,48.645266834812894
5604,sub-43,vision,6,11,11,1,0.5,0.7,0.125,0,41.33333333,1.35095836,54.054039383079804,58.95864283864489,58.63757982669962
5605,sub-43,vision,6,12,12,2,0.6,0.3,0.125,0,72.0,1.701249615,65.96243296230288,61.02045789651481,61.33616509674081
5606,sub-43,pain,6,13,1,1,47.0,0.7,0.125,1,71.66666667,1.601063324,49.230569017488,56.263655955227875,56.21942340279754
5607,sub-43,pain,6,14,2,1,47.0,0.3,0.125,0,45.0,1.284289309,48.29070105141648,42.35342296926882,42.39793950339017
5608,sub-43,pain,6,15,3,2,48.0,0.7,0.125,1,69.66666667,1.567746992,61.6181626566294,68.63891456652176,68.59502552565404
5609,sub-43,pain,6,16,4,1,47.0,0.3,0.05,1,38.0,1.367652758,46.41096511927342,40.521600542698096,40.47676012625226
5610,sub-43,pain,6,17,5,1,47.0,0.3,0.125,1,30.66666667,1.867988642,45.471097153201896,40.22577174734751,40.27017082965781
5611,sub-43,pain,6,18,6,2,48.0,0.7,0.05,1,70.66666667,1.234274536,58.79855875841482,65.07611896726382,65.12123803929455
5612,sub-43,pain,6,19,7,2,48.0,0.3,0.125,0,51.0,1.251098001,57.858690792343296,51.83471328460631,51.879223196010955
5613,sub-43,pain,6,20,8,2,48.0,0.3,0.125,1,50.0,1.83465987,56.918822826271764,51.63637425998925,51.681000142435735
5614,sub-43,pain,6,21,9,2,48.0,0.3,0.05,1,49.66666667,1.751290823,55.97895486020024,50.002890858035585,49.958043818873044
5615,sub-43,pain,6,22,10,2,48.0,0.7,0.125,0,48.0,1.200802391,55.03908689412871,61.12000480192175,61.075066098600686
5616,sub-43,pain,6,23,11,1,47.0,0.7,0.125,0,45.0,2.168273833,39.831889356772734,45.85077789467147,45.805145545508466
5617,sub-43,pain,6,24,12,1,47.0,0.7,0.05,1,34.66666667,1.417748702,38.8920213907012,44.983611566752884,45.02745343580948
5618,sub-44,pain,1,1,1,2,48.0,0.7,0.05,0,89.33333333,2.234963099,68.7906298597157,75.06049673409653,75.0955046750321
5619,sub-44,pain,1,2,2,1,47.0,0.7,0.05,-1,80.66666667,2.985476723,53.29801109275471,58.38942579594067,58.42361033999789
5620,sub-44,pain,1,3,3,1,47.0,0.3,0.05,0,46.0,3.369021176,52.34411367937694,46.47312930287507,46.44012186317679
5621,sub-44,pain,1,4,4,2,48.0,0.3,0.125,-1,31.33333333,3.118929275,65.92893761958237,59.700800149944754,59.734988691919675
5622,sub-44,pain,1,5,5,2,48.0,0.7,0.125,-1,69.66666667,3.052435008,64.9750402062046,70.75613473091215,70.72329416545303
5623,sub-44,pain,1,6,6,2,48.0,0.3,0.05,0,47.33333333,3.419208245,64.02114279282682,58.113138535129046,58.080167431387906
5624,sub-44,pain,1,7,7,1,47.0,0.7,0.05,0,66.0,2.918763509,48.528524025865856,54.582452074842415,54.61619382971154
5625,sub-44,pain,1,8,8,1,47.0,0.7,0.125,-1,71.0,3.619376499,47.57462661248808,53.22410188065808,53.19040507916894
5626,sub-44,pain,1,9,9,2,48.0,0.3,0.05,-1,54.66666667,4.219764943,61.15945055269351,54.064080765560504,54.030459250910305
5627,sub-44,pain,1,10,10,2,48.0,0.7,0.05,-1,74.66666667,3.285715574,60.20555313931574,65.1194153465279,65.15295297648153
5628,sub-44,pain,1,11,11,1,47.0,0.3,0.05,-1,46.0,2.885514976,44.712934372354766,37.51405185163979,37.479710750971726
5629,sub-44,pain,1,12,12,1,47.0,0.3,0.125,-1,31.33333333,3.802781,43.75903695897699,37.258747618023946,37.291396673908125
5630,sub-44,vision,1,13,1,2,0.6,0.3,0.05,-1,48.33333333,2.518674873,59.63256638892167,53.96772611041097,53.58414091564721
5631,sub-44,vision,1,14,2,1,0.5,0.7,0.05,-1,54.0,3.018998317,47.70021085238746,51.785692952293964,52.18080995612089
5632,sub-44,vision,1,15,3,1,0.5,0.7,0.05,0,52.66666667,3.052251204,47.73722056849551,52.00309869334524,52.39256779251745
5633,sub-44,vision,1,16,4,1,0.5,0.3,0.125,-1,48.0,2.885458374,47.77423028460356,43.1437956920911,43.53877799420405
5634,sub-44,vision,1,17,5,1,0.5,0.7,0.125,-1,73.66666667,3.335726615,47.81124000071161,53.00525174285355,52.62274267697155
5635,sub-44,vision,1,18,6,1,0.5,0.3,0.05,-1,45.0,3.485920837,47.84824971681966,42.09660914610743,41.7132968682523
5636,sub-44,vision,1,19,7,1,0.5,0.3,0.05,0,47.66666667,3.035639223,47.88525943292771,42.314014887158706,41.92505470464886
5637,sub-44,vision,1,20,8,2,0.6,0.3,0.125,-1,51.66666667,3.469145889,59.89163440167801,55.3251826966313,55.72037355036906
5638,sub-44,vision,1,21,9,2,0.6,0.7,0.05,0,78.66666667,2.651966635,59.928644117786064,64.2534345957158,64.64321923952026
5639,sub-44,vision,1,22,10,2,0.6,0.7,0.05,-1,53.66666667,3.552530797,59.96565383389411,64.1049777524949,64.50051729396151
5640,sub-44,vision,1,23,11,2,0.6,0.3,0.05,0,59.33333333,2.685191843,60.00266355000216,54.49540189169891,54.10665026081387
5641,sub-44,vision,1,24,12,2,0.6,0.7,0.125,-1,78.33333333,3.569271224,60.03967326611021,65.29006209413932,64.90792206939327
5642,sub-44,vision,2,1,1,2,0.6,0.7,0.125,0,68.66666667,2.051454722,60.840105307784185,66.19567396643102,65.80649863040023
5643,sub-44,vision,2,2,2,1,0.5,0.3,0.125,1,46.0,3.069276822,48.90774977124998,45.48461667780018,45.87564849388436
5644,sub-44,vision,2,3,3,1,0.5,0.7,0.05,1,51.0,2.785420431,48.94475948735803,54.229937284748594,54.62126429205791
5645,sub-44,vision,2,4,4,1,0.5,0.3,0.05,1,49.0,3.102330044,48.98176920346608,44.43743013181651,44.050167367932616
5646,sub-44,vision,2,5,5,1,0.5,0.7,0.125,1,61.66666667,3.369101726,49.018778919574125,55.415021626393006,55.028669067489666
5647,sub-44,vision,2,6,6,2,0.6,0.3,0.125,1,71.0,2.552209219,61.02515388832443,57.66600368234039,58.05724405004938
5648,sub-44,vision,2,7,7,1,0.5,0.3,0.125,0,43.33333333,3.669381941,49.09279835179023,44.53204984919539,44.92074579107562
5649,sub-44,vision,2,8,8,2,0.6,0.3,0.125,0,50.0,3.352350104,61.09917332054053,56.61001350699004,56.99875751098393
5650,sub-44,vision,2,9,9,1,0.5,0.7,0.125,0,51.33333333,3.685943851,49.16681778400633,54.42798034887303,54.03923841926201
5651,sub-44,vision,2,10,10,2,0.6,0.3,0.05,1,68.0,2.985558517,61.17319275275663,56.687766034187085,56.30081881493543
5652,sub-44,vision,2,11,11,2,0.6,0.7,0.125,1,58.66666667,3.102265355,61.21020246886468,67.66535752876358,67.27932051449248
5653,sub-44,vision,2,12,12,2,0.6,0.7,0.05,1,66.33333333,3.852893117,61.24721218497273,66.58369653386472,66.97549957531741
5654,sub-44,pain,2,13,1,2,48.0,0.7,0.05,1,85.0,3.219343532,67.80361310768112,74.75140885913777,74.78650636886877
5655,sub-44,pain,2,14,2,1,47.0,0.3,0.05,1,45.0,3.102258202,52.31099434072015,47.14604536424966,47.113264143358954
5656,sub-44,pain,2,15,3,1,47.0,0.7,0.05,1,44.33333333,3.168994741,51.357096927342376,58.20137994521705,58.235757868930186
5657,sub-44,pain,2,16,4,2,48.0,0.3,0.125,1,47.33333333,2.585069929,64.94192086754781,60.494758235554485,60.52927680719746
5658,sub-44,pain,2,17,5,2,48.0,0.3,0.05,1,51.66666667,3.552678835,63.98802345417003,58.78605459650363,58.753309711570076
5659,sub-44,pain,2,18,6,1,47.0,0.3,0.125,0,37.33333333,3.135715419,48.49540468720906,43.122696737174465,43.15627864542105
5660,sub-44,pain,2,19,7,2,48.0,0.7,0.125,1,75.0,3.285630048,62.08022862741449,69.58608494385518,69.55330110803983
5661,sub-44,pain,2,20,8,1,47.0,0.7,0.125,0,60.66666667,3.585842464,46.58760986045352,53.19602738180851,53.1624435326089
5662,sub-44,pain,2,21,9,2,48.0,0.3,0.125,0,55.66666667,2.701979542,60.17243380065894,54.76270596942844,54.79632421363216
5663,sub-44,pain,2,22,10,2,48.0,0.7,0.125,0,73.66666667,2.017925975,59.218536387281176,65.81804055039584,65.78462968716552
5664,sub-44,pain,2,23,11,1,47.0,0.3,0.125,1,51.33333333,2.718551404,43.7259176203202,39.034709639967026,39.067825375531406
5665,sub-44,pain,2,24,12,1,47.0,0.7,0.125,1,60.33333333,3.118965662,42.77202020694243,50.090044220934416,50.05613084906475
5666,sub-44,vision,3,1,1,2,0.6,0.3,0.05,-1,49.0,3.169060985,62.0476442266467,56.17152514685626,55.78644905492163
5667,sub-44,vision,3,2,2,2,0.6,0.7,0.05,-1,56.33333333,3.235559295,62.084653942754755,66.03298119761871,66.42660186988472
5668,sub-44,vision,3,3,3,2,0.6,0.7,0.125,-1,63.0,2.802045475,62.1216636588628,67.18359109034793,66.79947869989758
5669,sub-44,vision,3,4,4,1,0.5,0.7,0.05,0,49.66666667,3.202427699,50.1893081223286,54.24137217870571,54.62940387721078
5670,sub-44,vision,3,5,5,1,0.5,0.7,0.125,-1,54.33333333,2.81877315,50.22631783843664,55.20905077929884,54.82505081624597
5671,sub-44,vision,3,6,6,2,0.6,0.7,0.05,0,58.66666667,3.068847325,62.23269280718695,66.35381028541555,66.74194354253798
5672,sub-44,vision,3,7,7,2,0.6,0.3,0.05,0,48.33333333,3.219085088,62.269702523295,56.56130313248346,56.1708466184127
5673,sub-44,vision,3,8,8,1,0.5,0.7,0.05,-1,57.0,2.635122956,50.33734698676079,54.19633868223036,54.59028576790871
5674,sub-44,vision,3,9,9,2,0.6,0.3,0.125,-1,45.66666667,3.352524266,62.3437219555111,57.56345618199178,57.957209635062384
5675,sub-44,vision,3,10,10,1,0.5,0.3,0.05,0,48.66666667,3.686097176,50.41136641897689,44.62123727034955,44.23094668017999
5676,sub-44,vision,3,11,11,1,0.5,0.3,0.05,-1,49.0,2.968745315,50.44837613508494,44.47278042712865,44.08824473462123
5677,sub-44,vision,3,12,12,1,0.5,0.3,0.125,-1,48.33333333,2.468495268,50.485385851192994,45.62339031985787,46.01730969682967
5678,sub-44,pain,3,13,1,1,47.0,0.3,0.125,-1,83.66666667,3.936277092,52.27787500206336,45.79854999885466,45.832447187706244
5679,sub-44,pain,3,14,2,2,48.0,0.7,0.125,-1,74.0,3.602687699,65.86269894226879,71.43990562107606,71.4072199884872
5680,sub-44,pain,3,15,3,2,48.0,0.7,0.05,0,72.66666667,3.986320166,64.90880152889102,70.8342479425937,70.86872756633879
5681,sub-44,pain,3,16,4,2,48.0,0.3,0.05,0,50.0,2.335001042,63.954904115513244,57.814905488959624,57.78195266807658
5682,sub-44,pain,3,17,5,1,47.0,0.7,0.05,-1,56.66666667,3.035605012,48.46228534855227,53.1811730681045,53.214692644959094
5683,sub-44,pain,3,18,6,1,47.0,0.3,0.05,0,30.0,2.851997425,47.5083879351745,41.264876575038905,41.23120416813799
5684,sub-44,pain,3,19,7,2,48.0,0.7,0.05,-1,67.0,1.851420512,61.09321187537993,65.80318623669181,65.8368787995157
5685,sub-44,pain,3,20,8,1,47.0,0.3,0.05,-1,36.33333333,2.251809267,45.600593108418956,38.19782274180372,38.163636574005885
5686,sub-44,pain,3,21,9,2,48.0,0.3,0.125,-1,61.66666667,3.018773461,59.18541704862438,52.52853954944189,52.56178982418989
5687,sub-44,pain,3,22,10,2,48.0,0.3,0.05,-1,39.33333333,4.18644208,58.23151963524661,50.819835910391035,50.7858227285625
5690,sub-44,pain,4,1,1,2,48.0,0.7,0.05,1,84.0,2.918833485,65.82957960361199,72.48916794030166,72.52401043286645
5691,sub-44,pain,4,2,2,2,48.0,0.3,0.125,0,43.66666667,3.035595371,64.87568219023422,59.37449260492576,59.4088123820483
5692,sub-44,pain,4,3,3,1,47.0,0.3,0.125,0,39.66666667,2.184953303,49.38306342327325,43.8064676273384,43.84020446845521
5693,sub-44,pain,4,4,4,2,48.0,0.3,0.125,1,61.66666667,2.752058071,62.96788736347868,58.23251731671837,58.266780871195145
5694,sub-44,pain,4,5,5,1,47.0,0.7,0.05,1,68.33333333,2.568320173,47.47526859651771,53.97513115371424,54.00898076023688
5695,sub-44,pain,4,6,6,1,47.0,0.3,0.125,1,40.66666667,3.519247432,46.521371183139934,41.68248840279766,41.71603237125656
5696,sub-44,pain,4,7,7,2,48.0,0.7,0.125,1,75.0,4.386646721,60.106195123345366,67.32384402501907,67.29080517203751
5697,sub-44,pain,4,8,8,2,48.0,0.7,0.125,0,73.66666667,3.018907504,59.15229770996759,65.51980750422642,65.48641492385418
5698,sub-44,pain,4,9,9,2,48.0,0.3,0.05,1,60.33333333,3.986258277,58.19840029658982,52.59579793233412,52.56225143018578
5699,sub-44,pain,4,10,10,1,47.0,0.7,0.125,0,53.66666667,2.785344546,42.70578152962885,48.9697785903057,48.93566642391559
5700,sub-44,pain,4,11,11,1,47.0,0.3,0.05,1,23.33333333,2.051411804,41.75188411625108,36.04576901841341,36.0115029302472
5701,sub-44,pain,4,12,12,1,47.0,0.7,0.125,1,62.66666667,3.335674055,40.7979867028733,47.8278033020983,47.79363491306244
5702,sub-44,vision,4,13,1,2,0.6,0.7,0.125,1,60.0,2.468436488,63.25518314550922,69.52441207605702,69.13634919957791
5703,sub-44,vision,4,14,2,1,0.5,0.3,0.125,1,42.33333333,1.86803436,51.32282760897502,47.68841571424547,48.07795663315879
5704,sub-44,vision,4,15,3,2,0.6,0.3,0.05,1,58.33333333,3.519154442,63.32920257772532,58.65024392822608,58.26143133627756
5705,sub-44,vision,4,16,4,2,0.6,0.7,0.05,1,54.0,3.235628959,63.36621229383337,68.51169997898853,68.90158415124064
5706,sub-44,vision,4,17,5,2,0.6,0.7,0.125,0,57.33333333,3.869645984,63.403222009941416,68.53737079853704,68.14691855135025
5707,sub-44,vision,4,18,6,1,0.5,0.7,0.125,0,56.66666667,3.16904077,51.47086647340721,56.52835603857276,56.137962722279745
5708,sub-44,vision,4,19,7,2,0.6,0.3,0.125,0,53.66666667,2.968847014,63.47724144215752,58.77933809452014,59.166537704839456
5709,sub-44,vision,4,20,8,2,0.6,0.3,0.125,1,48.0,3.55263063,63.514251158265566,59.938751616616045,60.32860808016161
5710,sub-44,vision,4,21,9,1,0.5,0.7,0.125,1,53.66666667,3.202384781,51.58189562173136,57.75671845849903,57.36908898843969
5711,sub-44,vision,4,22,10,1,0.5,0.3,0.05,1,48.0,3.31898992,51.61890533783941,46.84807586175292,46.45964317972045
5712,sub-44,vision,4,23,11,1,0.5,0.3,0.125,0,39.66666667,3.836138073,51.65591505394746,46.87374668130142,47.261165712025644
5713,sub-44,vision,4,24,12,1,0.5,0.7,0.05,1,54.33333333,3.235716352,51.69292477005551,56.74400636143055,57.13432394010243
5714,sub-44,vision,5,1,1,1,0.5,0.3,0.125,-1,44.33333333,3.202395666,52.493356811729484,47.447970418236125,47.839810436496194
5715,sub-44,vision,5,2,2,2,0.6,0.7,0.05,0,53.0,3.068829598,64.49973178047979,68.41971152620009,68.80613990013681
5716,sub-44,vision,5,3,3,2,0.6,0.3,0.125,-1,57.33333333,2.935479055,64.53674149658784,59.56040852494596,59.95235010182341
5717,sub-44,vision,5,4,4,1,0.5,0.3,0.05,-1,44.66666667,3.535942763,52.604385960053634,46.435258321167645,46.048857255963355
5718,sub-44,vision,5,5,5,2,0.6,0.7,0.125,-1,68.33333333,2.918970016,64.61076092880394,69.45633902462359,69.07084273000982
5719,sub-44,vision,5,6,6,1,0.5,0.3,0.05,0,40.66666667,2.752037233,52.67840539226973,46.6871385111341,46.29514303777881
5720,sub-44,vision,5,7,7,1,0.5,0.7,0.05,-1,48.33333333,3.352294123,52.71541510837778,56.36566326976046,56.75806596176424
5721,sub-44,vision,5,8,8,1,0.5,0.7,0.125,-1,53.33333333,3.169015889,52.75242482448583,57.51627316248969,57.1309427917771
5722,sub-44,vision,5,9,9,2,0.6,0.3,0.05,-1,53.66666667,2.968939693,64.75879979323614,58.651119774623034,58.264980757547264
5723,sub-44,vision,5,10,10,1,0.5,0.7,0.05,0,58.0,3.319197671,52.826444256701926,56.65201790864211,57.0388796889986
5724,sub-44,vision,5,11,11,2,0.6,0.3,0.05,0,55.0,3.886447678,64.83281922545223,58.90299996458949,58.51126653936272
5725,sub-44,vision,5,12,12,2,0.6,0.7,0.05,-1,71.66666667,4.036349556,64.86982894156029,68.58152472321585,68.97418946334815
5726,sub-44,pain,5,13,1,2,48.0,0.3,0.05,0,83.66666667,3.41910748,64.84256285157743,58.498676379123545,58.46587849111074
5727,sub-44,pain,5,14,2,1,47.0,0.7,0.125,-1,81.33333333,1.934628459,49.34994408461645,54.59164366098593,54.55825672523727
5728,sub-44,pain,5,15,3,2,48.0,0.7,0.125,-1,67.0,3.235663481,62.93476802482188,68.1956607659066,68.16258346613938
5729,sub-44,pain,5,16,4,1,47.0,0.7,0.05,0,49.66666667,2.418500711,47.44214925786091,53.00398204617022,53.03762371674339
5730,sub-44,pain,5,17,5,1,47.0,0.3,0.125,-1,40.0,3.185741388,46.48825184448314,39.60829333468514,39.64138890632195
5731,sub-44,pain,5,18,6,2,48.0,0.7,0.05,0,49.66666667,3.552565941,60.07307578468856,65.62599521475754,65.6598098713
5732,sub-44,pain,5,19,7,2,48.0,0.7,0.05,-1,70.0,2.818572242,59.119178371310795,63.5409453178557,63.574382863513385
5733,sub-44,pain,5,20,8,1,47.0,0.3,0.05,0,44.0,2.08489981,43.62655960434982,37.038627783536086,37.00442705944469
5734,sub-44,pain,5,21,9,1,47.0,0.3,0.05,-1,48.0,3.452660486,42.67266219097205,34.95357788663425,34.919000051658074
5735,sub-44,pain,5,22,10,2,48.0,0.3,0.05,-1,53.66666667,2.401803825,56.25748613117748,48.557594991554915,48.523326792560184
5736,sub-44,pain,5,23,11,2,48.0,0.3,0.125,-1,49.66666667,3.102336575,55.303588717799705,48.30229075793907,48.33501271549658
5737,sub-44,pain,5,24,12,1,47.0,0.7,0.05,-1,57.33333333,4.069713783,39.81096995083873,44.04490459493494,44.077212604538325
5738,sub-44,pain,6,1,1,2,48.0,0.3,0.125,1,27.33333333,2.585438469,63.85554609954286,58.9162882068823,58.95070669422931
5739,sub-44,pain,6,2,2,2,48.0,0.7,0.125,1,25.66666667,4.052995438,62.90164868616509,69.97162278784968,69.93901216776267
5740,sub-44,pain,6,3,3,1,47.0,0.7,0.125,1,15.0,3.569457826,47.409029919204116,54.40359781026232,54.370404254169564
5741,sub-44,pain,6,4,4,2,48.0,0.3,0.05,1,34.33333333,2.48521579,60.99385385940955,55.24357669516475,55.210458425910936
5742,sub-44,pain,6,5,5,1,47.0,0.7,0.05,1,24.66666667,2.918798964,45.501235092448574,51.71289023487812,51.746484824234564
5743,sub-44,pain,6,6,6,2,48.0,0.7,0.05,1,41.33333333,3.552551634,59.086059032654,65.31690733979879,65.35081156513667
5744,sub-44,pain,6,7,7,2,48.0,0.7,0.125,0,52.66666667,3.836225466,58.13216161927623,64.23957052172365,64.20605957419737
5745,sub-44,pain,6,8,8,1,47.0,0.7,0.125,0,21.33333333,3.402520068,42.63954285231526,48.67154554413628,48.63745166060426
5746,sub-44,pain,6,9,9,1,47.0,0.3,0.125,1,35.66666667,2.835450754,41.685645438937485,36.47423567496149,36.50711467621776
5747,sub-44,pain,6,10,10,1,47.0,0.3,0.125,0,17.0,3.052239075,40.73174802555971,34.67019915416884,34.702724428034436
5748,sub-44,pain,6,11,11,1,47.0,0.3,0.05,1,41.66666667,2.235026855,39.77785061218194,33.78352809957728,33.74900699424488
5749,sub-44,pain,6,12,12,2,48.0,0.3,0.125,0,50.0,2.851969746,53.36267455238737,47.29221232275616,47.32491058259105
5750,sub-44,vision,6,13,1,2,0.6,0.3,0.125,1,48.66666667,2.701989183,65.67026098323424,61.90122951065505,62.289220601503736
5751,sub-44,vision,6,14,2,2,0.6,0.7,0.125,0,48.66666667,2.518393725,65.7072706993423,70.63774648823679,70.24564285436799
5752,sub-44,vision,6,15,3,1,0.5,0.3,0.05,1,46.33333333,2.985418254,53.77491516280809,48.810553755791915,48.42025570106258
5753,sub-44,vision,6,16,4,2,0.6,0.7,0.05,1,53.33333333,2.768671918,65.78129013155839,70.71549901543383,71.10389229051508
5754,sub-44,vision,6,17,5,1,0.5,0.7,0.125,1,42.33333333,3.402524733,53.84893459502419,59.82261969928359,59.433285346038524
5755,sub-44,vision,6,18,6,1,0.5,0.7,0.125,0,49.33333333,3.319137647,53.88594431113224,58.732155075018056,58.340270861554174
5756,sub-44,vision,6,19,7,2,0.6,0.7,0.125,1,71.66666667,2.785415766,65.89231927988254,71.93505780599342,71.54582501136574
5757,sub-44,vision,6,20,8,2,0.6,0.3,0.05,1,52.33333333,3.352496898,65.9293289959906,61.026415209247304,60.63637920264649
5758,sub-44,vision,6,21,9,1,0.5,0.7,0.05,1,50.0,3.636014916,53.99697345945639,58.84438205113029,59.233048243120166
5759,sub-44,vision,6,22,10,1,0.5,0.3,0.125,1,23.33333333,3.185561627,54.03398317556444,50.16801034201225,50.55648833578442
5760,sub-44,vision,6,23,11,2,0.6,0.3,0.125,0,58.33333333,2.535046448,66.04035814431475,61.12103492662618,61.50695762578949
5761,sub-44,vision,6,24,12,1,0.5,0.3,0.125,0,48.0,3.669366702,54.10800260778054,49.1120201666619,49.498001796718974
5762,sub-45,pain,1,1,1,1,47.0,0.7,0.05,0,70.66666667,3.135617874,54.21758069440044,60.442536698119916,60.48264361438822
5763,sub-45,pain,1,2,2,1,47.0,0.3,0.05,0,65.66666667,2.034819196,53.25803539639233,47.28177525203129,47.244033203418134
5764,sub-45,pain,1,3,3,2,48.0,0.7,0.05,-1,84.66666667,1.984649374,66.84482444019407,72.2048497091046,72.24474595920553
5765,sub-45,pain,1,4,4,2,48.0,0.3,0.125,-1,73.33333333,2.91877812,65.88527914218596,59.57674526744243,59.61620856166066
5766,sub-45,pain,1,5,5,2,48.0,0.7,0.05,0,86.66666667,3.352447986,64.92573384417784,71.12627889894927,71.16615726720536
5767,sub-45,pain,1,6,6,1,47.0,0.7,0.05,-1,79.66666667,1.717903216,49.41985420435987,54.69880579747727,54.73762846787474
5768,sub-45,pain,1,7,7,1,47.0,0.3,0.05,-1,79.33333333,1.384350006,48.460308906351756,41.53804435138864,41.49901805690465
5769,sub-45,pain,1,8,8,2,48.0,0.3,0.05,-1,53.66666667,3.318948672,62.04709795015351,55.14563014255998,55.10693335479906
5770,sub-45,pain,1,9,9,2,48.0,0.3,0.05,0,76.33333333,3.118781292,61.08755265214539,55.041673862518635,55.00314521115799
5771,sub-45,pain,1,10,10,1,47.0,0.7,0.125,-1,74.33333333,2.184904767,45.581673012327414,51.33300468144775,51.29362458860886
5772,sub-45,pain,1,11,11,1,47.0,0.3,0.125,-1,64.66666667,2.585217135,44.622127714319305,38.17224323535912,38.209888876893515
5773,sub-45,pain,1,12,12,2,48.0,0.7,0.125,-1,73.66666667,2.51850556,58.20891675812105,63.96597594250509,63.92673933814418
5774,sub-45,vision,1,13,1,2,0.6,0.7,0.05,0,79.33333333,2.902244452,59.416972437878535,63.83822517093278,64.19898964339825
5775,sub-45,vision,1,14,2,2,0.6,0.7,0.05,-1,73.33333333,2.434967356,59.50101047875006,63.67016552444316,64.0351196620453
5776,sub-45,vision,1,15,3,2,0.6,0.3,0.125,-1,53.0,2.835276614,59.585048519621594,54.91823849752024,55.28164842608882
5777,sub-45,vision,1,16,4,2,0.6,0.7,0.125,-1,73.33333333,2.268309864,59.66908656049311,65.00195654608443,64.64961212668528
5778,sub-45,vision,1,17,5,1,0.5,0.7,0.05,0,65.0,3.002216805,47.87589896215506,52.24823920628283,52.60854081034716
5779,sub-45,vision,1,18,6,1,0.5,0.3,0.05,-1,35.33333333,2.568413831,47.95993700302659,42.081974040337364,41.730481309054355
5780,sub-45,vision,1,19,7,1,0.5,0.7,0.05,-1,47.33333333,2.568431869,48.043975043898115,52.16569208890155,52.52989085502072
5781,sub-45,vision,1,20,8,1,0.5,0.3,0.05,0,32.66666667,2.852212404,48.12801308476964,42.50657127415199,42.15001136848684
5782,sub-45,vision,1,21,9,2,0.6,0.3,0.05,0,47.0,2.751982233,60.08927676485075,54.52411988434362,54.166560331670475
5783,sub-45,vision,1,22,10,2,0.6,0.3,0.05,-1,38.66666667,2.618610087,60.17331480572227,54.356060237854,54.00269035031753
5784,sub-45,vision,1,23,11,1,0.5,0.3,0.125,-1,36.0,1.934700052,48.38012720738422,43.67030264930364,44.03207969714377
5785,sub-45,vision,1,24,12,1,0.5,0.7,0.125,-1,40.0,2.801909786,48.464165248255746,53.75402069786783,53.40004339774024
5786,sub-45,pain,2,1,1,1,47.0,0.3,0.125,0,93.33333333,1.684523326,53.20411911517216,47.65376692851851,47.69347994359299
5787,sub-45,pain,2,2,2,2,48.0,0.3,0.125,1,55.0,2.168217466,66.7909081589739,62.01252716387436,62.052783121404936
5788,sub-45,pain,2,3,3,1,47.0,0.3,0.05,1,37.66666667,2.685243601,51.28502851915594,45.92305530804856,45.8851937133671
5789,sub-45,pain,2,4,4,1,47.0,0.7,0.05,1,49.66666667,2.451768794,50.32548322114782,57.1345876939092,57.17420302761901
5790,sub-45,pain,2,5,5,1,47.0,0.3,0.125,1,34.66666667,2.251601725,49.36593792313971,44.50648325224704,44.545665630074154
5791,sub-45,pain,2,6,6,2,48.0,0.7,0.125,1,72.33333333,1.86803917,62.952726966941455,70.300215959393,70.26251609132481
5792,sub-45,pain,2,7,7,1,47.0,0.7,0.125,0,70.33333333,3.152273764,47.44684732712348,53.992226663809156,53.953611816794684
5793,sub-45,pain,2,8,8,2,48.0,0.7,0.05,1,81.33333333,1.550997547,61.03363637092523,67.81832989473854,67.85771668043616
5794,sub-45,pain,2,9,9,2,48.0,0.3,0.05,1,55.0,2.168391626,60.07409107291711,54.65756844864991,54.61910626946605
5795,sub-45,pain,2,10,10,2,48.0,0.7,0.125,0,76.33333333,1.584357222,59.114545774909004,65.6505833947525,65.6119260179709
5796,sub-45,pain,2,11,11,1,47.0,0.7,0.125,1,77.0,1.601006892,43.60866613509103,50.844942987537685,50.80579750327585
5797,sub-45,pain,2,12,12,2,48.0,0.3,0.125,0,53.0,2.401802056,57.19545517889277,51.51520741854987,51.553389757896475
5798,sub-45,vision,2,13,1,1,0.5,0.7,0.125,0,45.66666667,3.569240157,48.726183972802104,54.1435145007479,53.78767351765341
5799,sub-45,vision,2,14,2,2,0.6,0.3,0.05,1,61.0,2.518498407,60.68744765288321,56.120616508312104,55.76490649962253
5800,sub-45,vision,2,15,3,2,0.6,0.7,0.125,1,64.33333333,3.419158939,60.77148569375474,67.36510052030089,67.00836845817587
5801,sub-45,vision,2,16,4,2,0.6,0.7,0.05,1,45.33333333,1.934671751,60.85552373462626,66.28984708598463,66.64953607161542
5803,sub-45,vision,2,18,6,1,0.5,0.7,0.125,1,48.0,2.385325612,49.146374177159736,55.6896020265426,55.33269959909827
5804,sub-45,vision,2,19,7,2,0.6,0.3,0.125,0,45.33333333,2.601868672,61.107637857240846,56.59042023702536,56.947578936399644
5805,sub-45,vision,2,20,8,1,0.5,0.3,0.05,1,43.33333333,1.884584344,49.31445025890279,44.70165560187883,44.344897718624466
5806,sub-45,vision,2,21,9,2,0.6,0.7,0.125,0,48.66666667,2.418447061,61.2757139389839,66.75965081469789,66.40076266302262
5807,sub-45,vision,2,22,10,1,0.5,0.3,0.125,0,41.66666667,2.201463626,49.48252634064584,44.91492174326708,45.27191007732205
5808,sub-45,vision,2,23,11,1,0.5,0.7,0.05,1,27.33333333,3.152114221,49.56656438151737,54.95639870865969,55.31474731664385
5809,sub-45,vision,2,24,12,1,0.5,0.3,0.125,1,31.33333333,2.434967045,49.65060242238889,46.20447168173677,46.56127608068737
5810,sub-45,pain,3,1,1,2,48.0,0.3,0.125,-1,59.33333333,2.501766322,66.73699187775375,60.23002914167793,60.26975656351899
5811,sub-45,pain,3,2,2,1,47.0,0.3,0.05,0,36.33333333,2.768691305,51.231112237935776,45.0112155359248,44.973179560199185
5812,sub-45,pain,3,3,3,2,48.0,0.7,0.05,0,38.33333333,2.935480661,64.81790128173752,70.80494824307077,70.8449047207046
5813,sub-45,pain,3,4,4,2,48.0,0.7,0.05,-1,60.0,2.134899154,63.85835598372941,68.9596754628841,68.99909176762749
5814,sub-45,pain,3,5,5,1,47.0,0.3,0.125,-1,17.33333333,4.236432101,48.352476343911434,41.74937069993661,41.787838523829116
5815,sub-45,pain,3,6,6,1,47.0,0.3,0.05,-1,16.0,3.018815782,47.39293104590332,40.24209916539615,40.202964962044796
5816,sub-45,pain,3,7,7,2,48.0,0.3,0.05,0,33.33333333,2.468377724,60.97972008970507,54.720343206640145,54.68189266465723
5817,sub-45,pain,3,8,8,2,48.0,0.3,0.05,-1,30.66666667,1.934782156,60.02017479169695,52.87507042645349,52.83607971158011
5818,sub-45,pain,3,9,9,1,47.0,0.7,0.05,0,46.66666667,2.902116321,44.514295151878976,50.37506074110145,50.41338558429654
5819,sub-45,pain,3,10,10,2,48.0,0.7,0.125,-1,57.0,2.268263214,58.10108419568073,63.64464528662659,63.605486791643415
5820,sub-45,pain,3,11,11,1,47.0,0.7,0.05,-1,34.33333333,1.851124839,42.59520455586275,47.55517343080079,47.59277208286033
5821,sub-45,pain,3,12,12,1,47.0,0.7,0.125,-1,28.66666667,2.218262265,41.635659257854634,47.113215905113265,47.073169848671725
5822,sub-45,vision,3,13,1,1,0.5,0.7,0.125,-1,69.0,4.236374878,49.912621146935244,54.96650177262377,54.614543909099275
5823,sub-45,vision,3,14,2,2,0.6,0.3,0.05,-1,91.66666667,1.884607047,61.873884827016354,55.82507889993495,55.47285093975609
5824,sub-45,vision,3,15,3,2,0.6,0.7,0.05,-1,32.0,2.702007098,61.95792286788787,65.90879694849914,66.27226048572246
5825,sub-45,vision,3,16,4,1,0.5,0.3,0.125,-1,33.33333333,3.40247848,50.16473526954982,45.22483384049293,45.58746031260885
5827,sub-45,vision,3,18,6,2,0.6,0.3,0.125,-1,96.0,1.400982883,62.21003699050246,57.327894979792895,57.689229301819
5828,sub-45,vision,3,19,7,1,0.5,0.7,0.05,-1,60.66666667,4.002910645,50.4168493921644,54.31881098384919,54.681811652671364
5829,sub-45,vision,3,20,8,2,0.6,0.3,0.05,0,83.66666667,2.118205943,62.37811307224551,56.59172625018292,56.23326110329461
5831,sub-45,vision,3,22,10,2,0.6,0.7,0.125,-1,91.0,1.451026749,62.546189153988564,67.6681506156821,67.31285308049499
5832,sub-45,vision,3,23,11,1,0.5,0.7,0.05,0,48.0,2.518498718,50.753001555650506,54.91443327588049,55.27178176415686
5833,sub-45,vision,3,24,12,2,0.6,0.7,0.05,0,61.0,1.467652162,62.71426523573162,66.93198188607212,67.28833072734051
5834,sub-45,pain,4,1,1,2,48.0,0.3,0.125,1,93.0,1.934909044,65.72353029852547,60.716581977881866,60.75673002654508
5835,sub-45,pain,4,2,2,2,48.0,0.7,0.05,1,70.33333333,1.901321095,64.76398500051735,71.39545735931604,71.43566632737175
5836,sub-45,pain,4,3,3,1,47.0,0.3,0.05,1,60.0,2.268357136,49.25810536069938,43.65249559194207,43.61434007014815
5837,sub-45,pain,4,4,4,2,48.0,0.3,0.125,0,63.33333333,2.251709953,62.84489440450113,57.04156394335536,57.080940501550266
5838,sub-45,pain,4,5,5,1,47.0,0.7,0.05,1,61.33333333,1.884853048,47.33901476468316,53.88941344768871,53.92854883604097
5839,sub-45,pain,4,6,6,1,47.0,0.3,0.125,1,68.66666667,2.635209687,46.37946946667504,41.26130900602655,41.300011438496114
5840,sub-45,pain,4,7,7,1,47.0,0.7,0.125,1,70.66666667,2.618588628,45.419924168666924,52.47284139188719,52.43414605349327
5841,sub-45,pain,4,8,8,1,47.0,0.7,0.125,0,49.33333333,2.585081228,44.460378870658815,50.74705241758867,50.70795762521664
5842,sub-45,pain,4,9,9,2,48.0,0.7,0.125,0,70.66666667,2.151454591,58.04716791446056,64.35463820876001,64.31587292311104
5843,sub-45,pain,4,10,10,2,48.0,0.7,0.125,1,71.0,1.817994992,57.08762261645245,64.13119812283053,64.09246025466949
5844,sub-45,pain,4,11,11,2,48.0,0.3,0.05,1,73.33333333,2.334959239,56.12807731844433,50.43777967231543,50.39865152952892
5845,sub-45,pain,4,12,12,1,47.0,0.3,0.125,0,64.66666667,1.868345504,40.62219767862636,34.662447381158046,34.69982026842403
5846,sub-45,vision,4,13,1,1,0.5,0.7,0.05,1,51.33333333,3.069082635,51.09905832106839,56.25439231252397,56.61446785402939
5847,sub-45,vision,4,14,2,1,0.5,0.3,0.05,1,48.66666667,2.968797418,51.18309636193992,46.34169932217645,45.985498360116054
5848,sub-45,vision,4,15,3,2,0.6,0.3,0.125,1,52.66666667,2.718678227,63.14436004202102,59.52001389579267,59.877545581256555
5850,sub-45,vision,4,17,5,1,0.5,0.3,0.125,0,38.33333333,2.535082457,51.435210484554496,46.640477992673034,46.99773074484014
5851,sub-45,vision,4,18,6,1,0.5,0.7,0.125,0,47.66666667,2.501671156,51.51924852542602,56.72419604123722,56.36569444543661
5852,sub-45,vision,4,19,7,2,0.6,0.3,0.05,1,48.33333333,2.70210133,63.480512205507125,58.701298048801426,58.34292742740573
5853,sub-45,vision,4,20,8,1,0.5,0.7,0.125,1,58.0,3.335700351,51.687324607169074,58.01374597970691,57.65506044880194
5855,sub-45,vision,4,22,10,2,0.6,0.7,0.125,1,54.33333333,3.786057829,63.73262632812171,70.11680711900688,69.75682943801208
5856,sub-45,vision,4,23,11,2,0.6,0.7,0.125,0,66.33333333,2.184924982,63.81666436899323,69.0837947678622,68.72312351272627
5857,sub-45,vision,4,24,12,2,0.6,0.3,0.125,0,57.0,1.98471966,63.90070240986476,59.17110177751468,59.525599864182844
5858,sub-45,vision,5,1,1,2,0.6,0.3,0.125,-1,80.0,1.551099554,64.16272113441111,59.05345122919885,59.41504996933709
5859,sub-45,vision,5,2,2,2,0.6,0.7,0.05,0,82.0,1.217411682,64.24675917528263,68.2299754899364,68.58805126472605
5860,sub-45,vision,5,3,3,1,0.5,0.7,0.05,0,42.0,2.768886612,52.45357157694458,56.38345193796144,56.74194235359543
5861,sub-45,vision,5,4,4,2,0.6,0.7,0.125,-1,44.0,2.668496899,64.41483525702569,69.3081943359797,68.95345372198658
5863,sub-45,vision,5,6,6,1,0.5,0.7,0.125,-1,45.33333333,2.184906011,52.70568569955916,57.54718331311309,57.192564836882475
5864,sub-45,vision,5,7,7,1,0.5,0.3,0.05,-1,60.33333333,1.717792811,52.78972374043069,46.47372435934098,46.11954293038216
5865,sub-45,vision,5,8,8,2,0.6,0.7,0.05,-1,39.33333333,2.168248255,64.75098742051179,68.48947848898845,68.85028141350566
5866,sub-45,vision,5,9,9,2,0.6,0.3,0.05,0,41.0,2.068208727,64.83502546138332,58.8303576742389,58.47040192697177
5867,sub-45,vision,5,10,10,2,0.6,0.3,0.05,-1,36.66666667,1.451149283,64.91906350225484,58.66229802774928,58.30653194561882
5869,sub-45,vision,5,12,12,1,0.5,0.7,0.05,-1,43.33333333,1.73446363,53.20991394478832,56.89949252433851,57.259832580454564
5870,sub-45,pain,5,13,1,2,48.0,0.3,0.05,0,72.0,2.88537957,64.7100687192972,58.29747067121764,58.25984231159283
5871,sub-45,pain,5,14,2,2,48.0,0.3,0.05,-1,60.0,2.685285275,63.75052342128908,56.45219789103098,56.41402935851571
5872,sub-45,pain,5,15,3,2,48.0,0.7,0.05,-1,70.33333333,2.218212194,62.790978123280965,67.66373027689161,67.70303867276762
5873,sub-45,pain,5,16,4,1,47.0,0.3,0.05,0,48.66666667,2.518480369,47.28509848346299,40.79142675959031,40.75272482026205
5874,sub-45,pain,5,17,5,1,47.0,0.7,0.05,0,46.33333333,2.902110412,46.32555318545488,52.002959145450944,52.04173413451396
5875,sub-45,pain,5,18,6,1,47.0,0.7,0.125,-1,42.0,2.184865581,45.36600788744676,50.69034336969076,50.651119495607325
5876,sub-45,pain,5,19,7,2,48.0,0.7,0.05,0,50.66666667,2.618453654,58.952796931248514,64.63593040650828,64.67484888404928
5877,sub-45,pain,5,20,8,1,47.0,0.7,0.05,-1,45.66666667,2.268239267,43.44691729143054,48.2084573050363,48.246320084718654
5878,sub-45,pain,5,21,9,1,47.0,0.3,0.05,-1,27.0,2.45173334,42.48737199342242,35.04769585894767,35.00770967374856
5879,sub-45,pain,5,22,10,1,47.0,0.3,0.125,-1,66.66666667,0.900647159,41.527826695414305,34.605738333260135,34.6429821388147
5880,sub-45,pain,5,23,11,2,48.0,0.3,0.125,-1,60.33333333,2.084714404,55.114615739216056,48.21332412443147,48.25089743670912
5881,sub-45,pain,5,24,12,2,48.0,0.7,0.125,-1,70.0,1.951542542,54.15507044120794,59.42485651029211,59.38503205170627
5882,sub-45,pain,6,1,1,2,48.0,0.7,0.125,0,98.33333333,1.734590207,63.69660714006893,69.88099473356549,69.84342366676483
5883,sub-45,pain,6,2,2,1,47.0,0.3,0.125,1,47.0,2.668639959,48.19072750025095,42.889207410376045,42.92835998871353
5884,sub-45,pain,6,3,3,2,48.0,0.7,0.05,1,51.0,2.151604182,61.7775165440527,68.15028311309555,68.19001213579371
5885,sub-45,pain,6,4,4,2,48.0,0.3,0.125,0,40.33333333,1.818141473,60.817971246044586,54.771004227248866,54.81008685833132
5886,sub-45,pain,6,5,5,1,47.0,0.3,0.125,0,56.0,2.485035169,45.3120916062266,39.214189375849536,39.25257046371872
5887,sub-45,pain,6,6,6,1,47.0,0.3,0.05,1,48.66666667,2.184938355,44.35254630821849,38.45809228549359,38.41908478185193
5888,sub-45,pain,6,7,7,2,48.0,0.3,0.125,1,37.33333333,2.668579936,57.939335352020244,52.59833508109139,52.63707309317157
5889,sub-45,pain,6,8,8,1,47.0,0.7,0.125,1,41.66666667,1.651070352,42.43345571220226,49.2276671456667,49.18849186191523
5890,sub-45,pain,6,9,9,2,48.0,0.3,0.05,1,64.33333333,2.168275001,56.02024475600401,50.11644901643693,50.077398983028154
5891,sub-45,pain,6,10,10,1,47.0,0.7,0.125,0,46.66666667,2.184885174,40.514365116186035,46.52726364125418,46.48750288527951
5892,sub-45,pain,6,11,11,1,47.0,0.7,0.05,1,56.66666667,2.134720018,39.55481981817792,45.771166550898236,45.80889190266746
5893,sub-45,pain,6,12,12,2,48.0,0.7,0.125,1,56.33333333,2.585180748,53.14160886197967,59.91140934649604,59.872005514732365
5894,sub-45,vision,6,13,1,2,0.6,0.3,0.05,1,82.0,2.068161766,65.34915830854425,60.341341769099046,59.98352806889732
5895,sub-45,vision,6,14,2,1,0.5,0.3,0.125,0,43.66666667,2.501617353,53.555970710206196,48.53705930029567,48.89399146441126
5896,sub-45,vision,6,15,3,2,0.6,0.7,0.05,1,55.0,2.685179846,65.5172343902873,70.51057234677158,70.86815764089019
5897,sub-45,vision,6,16,4,1,0.5,0.3,0.125,1,49.0,2.601861208,53.72404679194925,49.82660923876536,50.18335746777658
5898,sub-45,vision,6,17,5,1,0.5,0.3,0.05,1,48.66666667,2.985492805,53.808084832820775,48.7513558044491,48.39307923584623
5899,sub-45,vision,6,18,6,2,0.6,0.3,0.125,1,51.66666667,2.918798957,65.76934851290189,61.929670378065325,62.28512645698674
5900,sub-45,vision,6,19,7,1,0.5,0.7,0.125,1,53.0,2.485092393,53.97616091456383,60.08135234554622,59.721761220426075
5901,sub-45,vision,6,20,8,1,0.5,0.7,0.125,0,26.33333333,2.084845957,54.060198955435354,59.04833999440154,58.68805529514027
5902,sub-45,vision,6,21,9,1,0.5,0.7,0.05,1,50.33333333,2.301640616,54.14423699630688,59.091611440338305,59.44814885989212
5903,sub-45,vision,6,22,10,2,0.6,0.3,0.125,0,51.66666667,2.685092455,66.10550067638799,61.15319561424565,61.507080609780466
5904,sub-45,vision,6,23,11,2,0.6,0.7,0.125,1,48.66666667,3.118943323,66.18953871725951,72.35543854306286,71.99397026168924
5905,sub-45,vision,6,24,12,2,0.6,0.7,0.125,0,24.66666667,2.718533301,66.27357675813104,71.32242619191818,70.96026433640344
5906,sub-46,vision,1,1,1,1,0.5,0.3,0.125,-1,38.0,3.319117664,47.87747207049701,43.34448514643475,43.70407726810398
5907,sub-46,vision,1,2,2,1,0.5,0.3,0.05,-1,41.33333333,2.435353215,47.90087278399194,42.259813081530226,41.91157287848519
5908,sub-46,vision,1,3,3,1,0.5,0.7,0.05,-1,51.66666667,2.53518655,47.92427349748688,51.82545608418114,52.18513020881868
5909,sub-46,vision,1,4,4,2,0.6,0.7,0.05,-1,69.0,1.917927959,59.96394451303744,63.94138401574376,64.30100196728614
5910,sub-46,vision,1,5,5,1,0.5,0.3,0.05,0,30.66666667,2.635141796,47.97107492447675,42.571169272637825,42.2175765905002
5911,sub-46,vision,1,6,6,2,0.6,0.3,0.125,-1,45.66666667,3.068905794,60.01074594002731,55.5749592476138,55.93424285277714
5912,sub-46,vision,1,7,7,2,0.6,0.3,0.05,-1,58.66666667,4.069659351,60.03414665352225,54.49028718270928,54.141738463158354
5913,sub-46,vision,1,8,8,2,0.6,0.7,0.125,-1,61.0,1.867970551,60.057547367017186,65.16923879266882,64.82141644613606
5914,sub-46,vision,1,9,9,2,0.6,0.3,0.05,0,30.33333333,1.717767731,60.08094808051212,54.77300683141277,54.41916871862193
5915,sub-46,vision,1,10,10,2,0.6,0.7,0.05,0,65.33333333,2.3515999,60.10434879400706,64.33864983406369,64.69272604895542
5916,sub-46,vision,1,11,11,1,0.5,0.7,0.125,-1,60.33333333,2.735362017,48.11147920544637,53.167857030722644,52.819838513874295
5917,sub-46,vision,1,12,12,1,0.5,0.7,0.05,0,63.33333333,2.184936085,48.13487991894131,52.308631529713395,52.66257466014223
5918,sub-46,pain,1,13,1,2,48.0,0.7,0.05,-1,81.33333333,2.185142901,68.85190617228892,73.92306583154884,73.98756045625942
5919,sub-46,pain,1,14,2,1,47.0,0.3,0.125,-1,9.666666667,3.168976423,53.395752491716884,47.433874296469384,47.496968750429524
5920,sub-46,pain,1,15,3,1,47.0,0.7,0.05,-1,71.66666667,2.351721502,52.458879930353056,57.451391398975666,57.51464896759436
5921,sub-46,pain,1,16,4,1,47.0,0.3,0.05,-1,32.0,2.318191191,51.52200736898922,44.798815792606,44.73652554008699
5922,sub-46,pain,1,17,5,1,47.0,0.3,0.05,0,28.66666667,3.069066582,50.585134807625394,44.7538029673173,44.691878287728414
5923,sub-46,pain,1,18,6,1,47.0,0.7,0.05,0,79.0,2.78549172,49.64826224626157,55.48944582003379,55.55264284168436
5924,sub-46,pain,1,19,7,2,48.0,0.7,0.05,0,70.0,3.302454828,63.23067080410594,69.0857211221272,69.14951602002226
5925,sub-46,pain,1,20,8,1,47.0,0.7,0.125,-1,63.66666667,1.884520182,47.774517123533904,53.37718526505293,53.31439695081173
5926,sub-46,pain,1,21,9,2,48.0,0.3,0.05,-1,42.66666667,2.034783647,61.356925681378286,54.56122558739306,54.49868097132203
5927,sub-46,pain,1,22,10,2,48.0,0.7,0.125,-1,55.0,3.118938465,60.42005312001445,66.01499419031975,65.95259069237392
5928,sub-46,pain,1,23,11,2,48.0,0.3,0.05,0,48.33333333,2.451851532,59.48318055865062,53.55774638527777,53.49535428218774
5929,sub-46,pain,1,24,12,2,48.0,0.3,0.125,-1,46.33333333,2.935654109,58.54630799728679,52.40395220712351,52.46572699778598
5930,sub-46,vision,2,1,1,1,0.5,0.3,0.05,1,29.33333333,2.452073587,49.02020930240447,44.569101148758676,44.21742183314833
5931,sub-46,vision,2,2,2,2,0.6,0.3,0.125,1,43.33333333,3.319175199,61.05988031795503,57.798337687629925,58.154371437786
5932,sub-46,vision,2,3,3,2,0.6,0.7,0.125,0,46.33333333,2.151780841,61.083281031449964,66.28904652831622,65.9357002374601
5933,sub-46,vision,2,4,4,1,0.5,0.7,0.125,0,43.0,1.834558109,49.09041144288928,54.23039168156182,53.87697539209549
5934,sub-46,vision,2,5,5,1,0.5,0.3,0.125,1,39.33333333,2.101543531,49.11381215638421,45.79695592568375,46.152793505524244
5935,sub-46,vision,2,6,6,1,0.5,0.7,0.125,1,60.0,2.101640875,49.13721286987915,55.362598928334656,55.01139364233173
5936,sub-46,vision,2,7,7,2,0.6,0.3,0.05,1,44.66666667,1.934717684,61.17688388542971,56.82821179234185,56.476160874372916
5937,sub-46,vision,2,8,8,1,0.5,0.3,0.125,0,49.33333333,1.967946324,49.18401429686902,44.80793139093146,45.161242538045116
5938,sub-46,vision,2,9,9,2,0.6,0.7,0.05,1,63.33333333,1.901360289,61.22368531241958,66.42249133739686,66.77829166125782
5939,sub-46,vision,2,10,10,2,0.6,0.7,0.125,1,68.0,2.251513411,61.24708602591452,67.5644364871096,67.21298577045347
5940,sub-46,vision,2,11,11,2,0.6,0.3,0.125,0,33.66666667,2.384934592,61.270486739409456,56.9811324073023,57.33426120961543
5941,sub-46,vision,2,12,12,1,0.5,0.7,0.05,1,51.33333333,2.75205502,49.27761715084877,54.42110957545069,54.77671372899607
5942,sub-46,pain,2,13,1,2,48.0,0.3,0.125,0,70.0,3.435804167,67.7142129762987,62.59272667363149,62.657183968211484
5943,sub-46,pain,2,14,2,2,48.0,0.7,0.125,0,82.0,2.83537822,66.77734041493487,73.32836952634797,73.26800935247226
5944,sub-46,pain,2,15,3,2,48.0,0.7,0.05,1,81.66666667,3.869507831,65.84046785357103,72.42353366963704,72.48827030164102
5945,sub-46,pain,2,16,4,1,47.0,0.7,0.125,1,81.0,3.485862029,50.384314172999,57.62845136410067,57.567183416847634
5946,sub-46,pain,2,17,5,1,47.0,0.3,0.125,1,22.66666667,2.21817592,49.44744161163516,44.975875757731,45.03899915903541
5947,sub-46,pain,2,18,6,1,47.0,0.7,0.125,0,68.66666667,2.6852715,48.510569050271336,54.939762340121625,54.87773899025578
5948,sub-46,pain,2,19,7,2,48.0,0.3,0.125,1,47.66666667,2.485136152,62.09297760811571,57.61368468299783,57.6771929005976
5949,sub-46,pain,2,20,8,1,47.0,0.7,0.05,1,62.0,1.934708665,46.636823927543674,53.07646010658411,53.139320502648815
5950,sub-46,pain,2,21,9,2,48.0,0.7,0.125,1,82.33333333,2.802056901,60.219232485388055,67.39086115888773,67.32933884808267
5951,sub-46,pain,2,22,10,1,47.0,0.3,0.125,0,27.33333333,1.651227414,44.76307880481601,39.4117876032722,39.473516422116404
5952,sub-46,pain,2,23,11,1,47.0,0.3,0.05,1,42.66666667,2.168234062,43.826206243452184,38.50695174656127,38.44383820159001
5953,sub-46,pain,2,24,12,2,48.0,0.3,0.05,1,49.33333333,2.685204012,57.408614801296565,52.10322704865468,52.04071137992791
5954,sub-46,vision,3,1,1,2,0.6,0.7,0.05,0,71.0,1.917960303,62.17921683636756,66.15600871997204,66.50930040343346
5955,sub-46,vision,3,2,2,1,0.5,0.3,0.125,-1,43.33333333,2.318383701,50.18634724780687,45.4482094563842,45.80638618809627
5956,sub-46,vision,3,3,3,1,0.5,0.3,0.05,-1,33.0,2.251523985,50.20974796130181,44.36353739147968,44.013881798477485
5957,sub-46,vision,3,4,4,2,0.6,0.3,0.05,-1,46.33333333,2.718577268,62.24941897685237,56.4794653230423,56.12975355694495
5958,sub-46,vision,3,5,5,2,0.6,0.7,0.125,-1,71.0,2.618403387,62.272819690347305,67.15841693300183,66.80943153992266
5959,sub-46,vision,3,6,6,2,0.6,0.3,0.05,0,39.0,1.834597917,62.29622040384224,56.76218497174579,56.407183812408526
5960,sub-46,vision,3,7,7,1,0.5,0.3,0.05,0,24.33333333,1.501069379,50.303350815281554,44.703530124991396,44.34845896704392
5961,sub-46,vision,3,8,8,1,0.5,0.7,0.125,-1,68.66666667,1.918048006,50.32675152877649,55.157035171055654,54.80785360766089
5962,sub-46,vision,3,9,9,2,0.6,0.3,0.125,-1,61.0,1.734552169,62.36642254432705,57.73595664237147,58.09369868587228
5963,sub-46,vision,3,10,10,2,0.6,0.7,0.05,-1,75.0,2.31835571,62.38982325782199,66.18829103771375,66.54617817003556
5964,sub-46,vision,3,11,11,1,0.5,0.7,0.05,-1,49.33333333,1.701250755,50.3969536692613,54.12963619095936,54.48745332467095
5965,sub-46,vision,3,12,12,1,0.5,0.7,0.05,0,61.33333333,3.002208421,50.42035438275624,54.38371929725875,54.7363101235831
5966,sub-46,pain,3,13,1,2,48.0,0.7,0.125,-1,87.66666667,2.518503498,66.57651978030846,72.1055731215143,72.04460758630631
5967,sub-46,pain,3,14,2,2,48.0,0.3,0.05,0,64.0,3.302235572,65.63964721894463,59.64832531647232,59.58737117612013
5968,sub-46,pain,3,15,3,1,47.0,0.3,0.05,0,47.0,2.401693216,50.18349353837259,44.135117260725735,44.07313912423079
5969,sub-46,pain,3,16,4,1,47.0,0.7,0.125,-1,70.33333333,2.001378047,49.24662097700876,54.67543231211454,54.61301666086554
5970,sub-46,pain,3,17,5,2,48.0,0.3,0.125,-1,76.66666667,2.401597117,62.829029534853134,56.577598384664874,56.64038501816694
5971,sub-46,pain,3,18,6,1,47.0,0.7,0.05,0,69.66666667,2.818878037,47.3728758542811,52.953827359789045,53.0165448046353
5972,sub-46,pain,3,19,7,2,48.0,0.3,0.05,-1,46.33333333,1.36788798,60.95528441212547,53.94253988080149,53.8799418078244
5973,sub-46,pain,3,20,8,1,47.0,0.3,0.05,-1,29.0,1.968099025,45.499130731553436,38.4293318250549,38.365709755935065
5974,sub-46,pain,3,21,9,1,47.0,0.7,0.05,-1,77.0,1.317595001,44.56225817018961,49.16497467777139,49.226474309891
5975,sub-46,pain,3,22,10,2,48.0,0.7,0.05,0,85.0,2.768689555,58.14466672803398,63.67470353140269,63.73737967264606
5976,sub-46,pain,3,23,11,1,47.0,0.3,0.125,-1,33.33333333,2.651824848,42.688513047461946,36.272058444785344,36.33275578239902
5977,sub-46,pain,3,24,12,2,48.0,0.7,0.05,-1,79.66666667,1.534479643,56.27092160530633,60.84431722621162,60.905988614677476
5978,sub-46,pain,4,1,1,1,47.0,0.3,0.125,1,73.0,2.168284133,50.91954546511002,46.27412280479261,46.33761886908922
5979,sub-46,pain,4,2,2,1,47.0,0.3,0.125,0,57.33333333,1.934849548,49.982672903746185,44.54390015764015,44.60685387927308
5980,sub-46,pain,4,3,3,2,48.0,0.7,0.125,1,92.0,1.651065071,63.565081461590566,70.60604095960251,70.54531743168792
5981,sub-46,pain,4,4,4,2,48.0,0.3,0.05,1,56.66666667,2.001466061,62.62820890022674,57.23533960302264,57.17404883708459
5982,sub-46,pain,4,5,5,1,47.0,0.3,0.05,1,37.66666667,2.034861398,47.172055219654695,41.72213154727605,41.65981678519525
5983,sub-46,pain,4,6,6,1,47.0,0.7,0.05,1,33.0,2.1182101,46.23518265829087,52.45777439999254,52.52058133915119
5984,sub-46,pain,4,7,7,1,47.0,0.7,0.125,0,78.0,2.101553172,45.29831009692703,51.44567750305029,51.382961516431
5985,sub-46,pain,4,8,8,2,48.0,0.7,0.05,1,82.66666667,2.234940454,58.880718654771414,65.09558332525935,65.15877508071338
5986,sub-46,pain,4,9,9,2,48.0,0.3,0.125,1,38.66666667,1.30097104,57.943846093407586,53.16113346909991,53.22373598999711
5987,sub-46,pain,4,10,10,1,47.0,0.7,0.125,1,72.66666667,2.668644118,42.48769241283554,49.342034642896394,49.279008759144276
5988,sub-46,pain,4,11,11,2,48.0,0.7,0.125,0,87.33333333,2.218138289,56.070100970679924,62.16655367466394,62.10379638444176
5989,sub-46,pain,4,12,12,2,48.0,0.3,0.125,0,38.66666667,1.751159336,55.13322840931609,49.51397806829428,49.57561212662954
5990,sub-46,vision,4,13,1,2,0.6,0.3,0.125,0,30.0,1.400863775,63.32195406827502,58.76985475080654,59.12226210754205
5991,sub-46,vision,4,14,2,2,0.6,0.3,0.125,1,47.0,2.685176022,63.345354781769956,59.873425455175266,60.228106901226866
5992,sub-46,vision,4,15,3,1,0.5,0.7,0.125,1,68.0,2.585109748,51.35248519320927,57.351777068667666,56.999408736118326
5993,sub-46,vision,4,16,4,2,0.6,0.7,0.125,0,82.33333333,1.651200668,63.39215620875983,68.39277083826566,68.0380091574524
5994,sub-46,vision,4,17,5,2,0.6,0.7,0.05,1,66.0,1.951418151,63.415556922254765,68.38303293532576,68.737733298493
5995,sub-46,vision,4,18,6,2,0.6,0.7,0.125,1,72.33333333,2.635294187,63.4389576357497,69.5249780850385,69.17242740768864
5996,sub-46,vision,4,19,7,1,0.5,0.3,0.125,0,44.33333333,1.467821768,51.446088047189015,46.85438261607269,47.206404544934564
5997,sub-46,vision,4,20,8,1,0.5,0.7,0.05,1,73.33333333,2.034863886,51.46948876068395,56.381651173379595,56.73615536623124
5998,sub-46,vision,4,21,9,2,0.6,0.3,0.05,1,40.0,1.601141251,63.50915977623451,58.960572644695404,58.60704325091663
5999,sub-46,vision,4,22,10,1,0.5,0.7,0.125,0,62.66666667,2.318245616,51.516290187673825,56.47729870353182,56.12215159484491
6000,sub-46,vision,4,23,11,1,0.5,0.3,0.125,1,42.66666667,1.551144967,51.53969090116876,48.04386294765375,48.39796970827366
6001,sub-46,vision,4,24,12,1,0.5,0.3,0.05,1,64.66666667,1.951256741,51.5630916146637,46.95919088274923,46.60546531865488
6002,sub-46,pain,5,1,1,1,47.0,0.7,0.05,0,87.66666667,2.168132365,49.78185226911978,55.21054078367723,55.273843951464826
6003,sub-46,pain,5,2,2,1,47.0,0.7,0.125,-1,84.33333333,2.251686017,48.84497970775595,54.05674660552296,53.99427749736791
6004,sub-46,pain,5,3,3,2,48.0,0.7,0.05,0,87.33333333,1.400974181,62.42738826560033,67.84834970894406,67.91203769302702
6005,sub-46,pain,5,4,4,1,47.0,0.7,0.05,-1,79.33333333,2.135119871,46.971234585028284,51.421688101659576,51.48377345672053
6006,sub-46,pain,5,5,5,1,47.0,0.3,0.05,-1,38.0,2.501940805,46.03436202366446,38.76911249528992,38.70565002921315
6007,sub-46,pain,5,6,6,1,47.0,0.3,0.125,-1,44.33333333,1.417700772,45.09748946230063,38.52877186867354,38.59005492922854
6008,sub-46,pain,5,7,7,2,48.0,0.3,0.05,0,50.33333333,1.784642064,58.679898020145004,52.32037497209463,52.25787595519249
6009,sub-46,pain,5,8,8,2,48.0,0.3,0.05,-1,48.66666667,1.951294373,57.743025458781176,50.44845504373015,50.385164333999626
6010,sub-46,pain,5,9,9,1,47.0,0.3,0.05,0,50.0,1.400868129,42.28687177820914,35.84870053952146,35.784964466527434
6011,sub-46,pain,5,10,10,2,48.0,0.7,0.05,-1,81.33333333,2.618458745,55.869280336053514,60.22563151962005,60.287249451179854
6012,sub-46,pain,5,11,11,2,48.0,0.7,0.125,-1,79.66666667,2.201619136,54.932407774689686,59.98529089300367,59.92171518150008
6013,sub-46,pain,5,12,12,2,48.0,0.3,0.125,-1,29.0,2.251508746,53.99553521332585,47.33271528663401,47.39353092368786
6014,sub-46,vision,5,13,1,1,0.5,0.3,0.125,-1,37.0,1.484514771,52.44842099812686,47.49466068152543,47.85154819498572
6015,sub-46,vision,5,14,2,1,0.5,0.3,0.05,0,46.33333333,2.034805728,52.4718217116218,46.63543518051618,46.279327147727656
6016,sub-46,vision,5,15,3,1,0.5,0.7,0.125,-1,62.33333333,1.701110804,52.49522242511674,57.08894022658045,56.738721788344634
6017,sub-46,vision,5,16,4,2,0.6,0.7,0.05,-1,75.0,1.651222127,64.5348934406673,68.09155955083443,68.44847289416788
6018,sub-46,vision,5,17,5,1,0.5,0.3,0.05,-1,26.33333333,2.45185402,52.54202385210661,46.49589824383324,46.14476417502121
6019,sub-46,vision,5,18,6,1,0.5,0.7,0.05,0,63.0,2.10144992,52.565424565601546,56.28698781037943,56.63860484771542
6020,sub-46,vision,5,19,7,2,0.6,0.7,0.05,0,67.0,1.501060048,64.60509558115211,68.40291574194204,68.75447660618288
6021,sub-46,vision,5,20,8,2,0.6,0.7,0.125,-1,52.66666667,1.684401629,64.62849629464705,69.3194143277595,68.9688873730178
6022,sub-46,vision,5,21,9,2,0.6,0.3,0.125,-1,44.33333333,1.33434585,64.65189700814199,59.81104440991681,60.16743414931315
6023,sub-46,vision,5,22,10,2,0.6,0.3,0.05,-1,50.33333333,2.70191692,64.67529772163692,58.726372345012294,58.37492975969437
6024,sub-46,vision,5,23,11,2,0.6,0.3,0.05,0,56.0,1.93461723,64.69869843513186,58.980455451311684,58.623786558606525
6025,sub-46,vision,5,24,12,1,0.5,0.7,0.05,-1,68.66666667,1.434288657,52.705828846571166,56.233360500908816,56.58976224466324
6026,sub-46,vision,6,1,1,2,0.6,0.3,0.125,0,52.33333333,2.268290696,65.60742853208995,60.84494251835188,61.19599757098292
6027,sub-46,vision,6,2,2,1,0.5,0.7,0.125,1,59.33333333,1.801195427,53.61455894352926,59.3982282938089,59.04457074300777
6028,sub-46,vision,6,3,3,1,0.5,0.7,0.05,1,57.0,1.784649217,53.6379596570242,58.31355622890438,58.667023546914976
6029,sub-46,vision,6,4,4,1,0.5,0.3,0.125,0,32.33333333,1.684551842,53.661360370519134,48.8435607564057,49.19441963872116
6030,sub-46,vision,6,5,5,2,0.6,0.3,0.125,1,59.0,1.501034546,65.7010313860697,62.03442284993293,62.38756273432202
6031,sub-46,vision,6,6,6,2,0.6,0.3,0.05,1,47.0,1.734730062,65.72443209956464,60.949750785028414,60.59505834470323
6032,sub-46,vision,6,7,7,2,0.6,0.7,0.125,0,77.33333333,1.701098675,65.74783281305957,70.55376823302333,70.19746499054753
6033,sub-46,vision,6,8,8,1,0.5,0.7,0.125,0,67.66666667,1.467613397,53.75496322449888,58.49511338626894,58.13874014518292
6034,sub-46,vision,6,9,9,2,0.6,0.7,0.125,1,82.66666667,2.385065834,65.79463424004945,71.68597547979617,71.33188324078378
6035,sub-46,vision,6,10,10,1,0.5,0.3,0.125,1,45.0,2.118186774,53.80176465148875,50.090314172794976,50.443131715163105
6036,sub-46,vision,6,11,11,2,0.6,0.7,0.05,1,60.33333333,1.651242964,65.84143566703932,70.62993995729576,70.98290950124242
6037,sub-46,vision,6,12,12,1,0.5,0.3,0.05,1,46.33333333,1.918111761,53.848566078478626,49.034278650294574,48.67920078209575
6038,sub-46,pain,6,13,1,1,47.0,0.3,0.05,1,81.33333333,2.351731765,48.64415907312954,43.02037859433765,42.95843649524906
6039,sub-46,pain,6,14,2,1,47.0,0.3,0.125,0,50.66666667,3.385785803,47.70728651176571,42.008281697395404,42.070755842224024
6040,sub-46,pain,6,15,3,1,47.0,0.3,0.125,1,41.33333333,1.93480352,46.77041395040188,41.821571590894685,41.884161958488725
6041,sub-46,pain,6,16,4,2,48.0,0.7,0.125,0,78.33333333,2.018148179,60.35282250824626,66.3401998522053,66.27845440482272
6042,sub-46,pain,6,17,5,2,48.0,0.3,0.125,0,50.66666667,1.567639863,59.41594994688243,53.68762424583564,53.7502701470105
6043,sub-46,pain,6,18,6,2,48.0,0.3,0.125,1,77.66666667,1.184193413,58.4790773855186,53.500914139334924,53.5636762632752
6044,sub-46,pain,6,19,7,2,48.0,0.7,0.125,1,90.0,1.100822008,57.542204824154766,64.2365569920514,64.17450164753599
6045,sub-46,pain,6,20,8,2,48.0,0.7,0.05,1,71.66666667,2.184791469,56.60533226279094,62.55996486501461,62.622677043664325
6046,sub-46,pain,6,21,9,1,47.0,0.7,0.125,1,83.33333333,1.8513497,41.1491785822189,47.76488255947823,47.70159015887093
6047,sub-46,pain,6,22,10,1,47.0,0.7,0.125,0,74.0,2.101532024,40.21230602085507,46.03465991232578,45.97082516905479
6048,sub-46,pain,6,23,11,1,47.0,0.7,0.05,1,79.0,2.118155985,39.27543345949124,45.12982405561485,45.19108611822355
6049,sub-46,pain,6,24,12,2,48.0,0.3,0.05,1,70.0,1.918044274,52.857842017335614,47.031990128165184,46.9685153058298
6050,sub-47,pain,1,1,1,2,48.0,0.3,0.05,0,24.0,2.601890453,69.20467166461161,63.44277846894548,63.464893107934586
6051,sub-47,pain,1,2,2,1,47.0,0.7,0.05,-1,79.66666667,1.417712901,53.649215589557045,58.57508250623899,58.55189998364674
6052,sub-47,pain,1,3,3,2,48.0,0.7,0.05,0,75.0,2.351537389,67.29183475703927,73.04864076479197,73.02501548059841
6053,sub-47,pain,1,4,4,1,47.0,0.3,0.125,-1,14.33333333,1.250922508,51.736378681984704,45.84341473171507,45.820501549798976
6054,sub-47,pain,1,5,5,1,47.0,0.7,0.125,-1,70.33333333,1.951280066,50.77996022819853,56.42513139941502,56.4478952081045
6055,sub-47,pain,1,6,6,1,47.0,0.7,0.05,0,67.0,2.101529536,49.823541774412355,55.48634831892679,55.46322127136288
6056,sub-47,pain,1,7,7,2,48.0,0.3,0.05,-1,23.66666667,2.134939179,63.46616094189458,56.77296893772311,56.79569911645817
6057,sub-47,pain,1,8,8,2,48.0,0.7,0.125,-1,79.66666667,2.318344825,62.50974248810841,68.13229761415947,68.15496579508385
6058,sub-47,pain,1,9,9,1,47.0,0.3,0.05,0,16.0,3.836111872,46.95428641305384,41.001214163813,41.02416254681892
6059,sub-47,pain,1,10,10,2,48.0,0.3,0.125,-1,21.33333333,1.567807493,60.59690558053607,54.623017830899144,54.600210325650245
6060,sub-47,pain,1,11,11,1,47.0,0.3,0.05,-1,19.0,2.084776199,45.0414495054815,38.23482212000447,38.25811763684661
6061,sub-47,pain,1,12,12,2,48.0,0.7,0.05,-1,62.33333333,2.568427007,58.684068672963726,63.45126811800923,63.4284596779939
6062,sub-47,vision,1,13,1,2,0.6,0.7,0.05,0,54.33333333,2.401914027,59.99053105397033,64.09159768069404,64.43830081455775
6063,sub-47,vision,1,14,2,1,0.5,0.3,0.05,0,28.66666667,2.952177928,47.95505141737386,42.59680315810256,42.25425979896048
6064,sub-47,vision,1,15,3,2,0.6,0.3,0.05,0,15.33333333,3.035628327,60.072068385238246,54.780935222631136,54.43777941788068
6065,sub-47,vision,1,16,4,2,0.6,0.7,0.125,-1,70.66666667,2.651958267,60.1128370508722,65.16757808862087,64.83004603485482
6066,sub-47,vision,1,17,5,2,0.6,0.3,0.125,-1,44.33333333,3.085428991,60.15360571650616,55.817214876704554,56.16766416490142
6067,sub-47,vision,1,18,6,2,0.6,0.3,0.05,-1,21.66666667,1.817979865,60.19437438214012,54.7871022195367,54.447893680627644
6068,sub-47,vision,1,19,7,1,0.5,0.7,0.05,0,66.0,3.335737271,48.15889474554365,52.18537089313945,52.52958125772394
6069,sub-47,vision,1,20,8,1,0.5,0.3,0.05,-1,47.33333333,2.001453932,48.19966341117761,42.72207241656841,42.38214551688733
6070,sub-47,vision,1,21,9,2,0.6,0.7,0.05,-1,67.0,3.052212791,60.316680379042,64.29626844686675,64.64470083593784
6071,sub-47,vision,1,22,10,1,0.5,0.7,0.05,-1,46.66666667,3.085569874,48.28120074244553,52.19153789004502,52.53969552047091
6072,sub-47,vision,1,23,11,1,0.5,0.7,0.125,-1,43.33333333,1.984635906,48.32196940807948,53.30105205491972,52.960583629747624
6073,sub-47,vision,1,24,12,1,0.5,0.3,0.125,-1,26.66666667,3.419178029,48.362738073713444,43.9506888430034,44.298201759794225
6074,sub-47,pain,2,1,1,2,48.0,0.3,0.125,0,42.0,2.151436562,68.13153655237952,63.01107713743821,62.98754083721805
6075,sub-47,pain,2,2,2,1,47.0,0.3,0.125,1,17.66666667,1.450942163,52.57608047732496,48.35272917637104,48.32943832335404
6076,sub-47,pain,2,3,3,1,47.0,0.7,0.125,0,56.33333333,2.318328031,51.61966202353879,57.98221010297989,58.00471482704011
6077,sub-47,pain,2,4,4,1,47.0,0.7,0.125,1,87.0,3.052111404,50.66324356975261,57.958591472217535,57.98104471128353
6078,sub-47,pain,2,5,5,2,48.0,0.7,0.125,0,78.33333333,3.135489963,64.30586273723483,70.66523068957778,70.68757268439549
6079,sub-47,pain,2,6,6,1,47.0,0.3,0.05,1,26.33333333,1.784684982,48.75040666218027,43.67169968022081,43.69441622152976
6080,sub-47,pain,2,7,7,1,47.0,0.7,0.05,1,64.0,2.101557526,47.7939882083941,54.25341634792076,54.23032586456961
6081,sub-47,pain,2,8,8,2,48.0,0.3,0.05,1,23.33333333,2.234823518,61.43660737587632,56.3547202668187,56.377274078885144
6082,sub-47,pain,2,9,9,2,48.0,0.7,0.05,1,52.33333333,1.834681576,60.48018892209015,66.93643693451865,66.913183721925
6083,sub-47,pain,2,10,10,2,48.0,0.7,0.125,1,77.66666667,1.834653897,59.52377046830398,66.7381945714016,66.7607534871348
6084,sub-47,pain,2,11,11,1,47.0,0.3,0.125,0,17.33333333,3.352562139,43.968314393249415,38.617804088598824,38.59523573535033
6085,sub-47,pain,2,12,12,2,48.0,0.3,0.125,1,17.33333333,2.30154235,57.61093356073164,53.22891478814128,53.20599801770119
6086,sub-47,vision,2,13,1,2,0.6,0.3,0.125,1,39.0,2.768477141,61.11512737059168,57.922977914351364,58.27177604836732
6087,sub-47,vision,2,14,2,1,0.5,0.3,0.05,1,28.66666667,2.985507332,49.07964773399521,44.748433946508364,44.407743096899985
6088,sub-47,vision,2,15,3,2,0.6,0.7,0.05,1,59.0,3.90291934,61.196664701859596,66.3226299768067,66.6702984159505
6089,sub-47,vision,2,16,4,1,0.5,0.3,0.125,0,29.66666667,2.435138935,49.161185065263126,44.770201276574625,45.11534275445536
6090,sub-47,vision,2,17,5,1,0.5,0.7,0.05,1,58.33333333,4.186205903,49.20195373089708,54.257600173838405,54.604550252210196
6091,sub-47,vision,2,18,6,1,0.5,0.7,0.125,0,48.0,2.351749803,49.24272239653104,54.23966675005124,53.89549607958863
6092,sub-47,vision,2,19,7,2,0.6,0.7,0.125,1,71.66666667,3.185634594,61.35973936439543,67.55124640324169,67.2089579804071
6093,sub-47,vision,2,20,8,2,0.6,0.3,0.125,0,33.33333333,4.086312546,61.400508030029386,57.07343560266349,57.416633828555426
6094,sub-47,vision,2,21,9,1,0.5,0.7,0.125,1,62.33333333,2.034807283,49.365028393432915,55.486216600273394,55.14320981666678
6095,sub-47,vision,2,22,10,1,0.5,0.3,0.125,1,30.33333333,2.084876341,49.40579705906688,46.13585338835706,46.48082794671338
6096,sub-47,vision,2,23,11,2,0.6,0.7,0.125,0,68.0,2.251669223,61.522814026931265,66.58260182999352,66.23604430541533
6097,sub-47,vision,2,24,12,2,0.6,0.3,0.05,1,36.66666667,3.50256965,61.56358269256522,57.28987279571779,56.94457708135981
6098,sub-47,vision,3,1,1,2,0.6,0.7,0.05,-1,74.33333333,1.451267782,62.23972368721303,66.02702881552719,66.3777256542073
6099,sub-47,vision,3,2,2,1,0.5,0.7,0.05,-1,37.66666667,1.784739718,50.20424405061656,53.92229825870547,54.27272033874036
6100,sub-47,vision,3,3,3,1,0.5,0.3,0.05,-1,16.66666667,2.752087364,50.245012716250514,44.571935046789136,44.23294179033665
6101,sub-47,vision,3,4,4,1,0.5,0.7,0.05,0,46.0,1.834579568,50.285781381884476,54.11463503106704,54.45889183462652
6102,sub-47,vision,3,5,5,2,0.6,0.7,0.125,-1,40.0,3.169012188,62.40279834974886,67.25564524196217,66.9163852186639
6103,sub-47,vision,3,6,6,2,0.6,0.3,0.05,-1,30.33333333,2.434980013,62.44356701538282,56.83546861902457,56.4949757127101
6104,sub-47,vision,3,7,7,2,0.6,0.3,0.125,-1,27.0,3.585934524,62.48433568101678,57.94498278389928,58.29326050043712
6105,sub-47,vision,3,8,8,1,0.5,0.3,0.125,-1,48.0,1.901395121,50.44885604442031,45.840252227077556,46.18825518497018
6106,sub-47,vision,3,9,9,1,0.5,0.7,0.125,-1,67.0,3.152479972,50.489624710054265,55.270016946700736,54.92915135837683
6108,sub-47,vision,3,11,11,1,0.5,0.3,0.05,0,42.66666667,1.951403845,50.57116204132218,45.00247634227128,44.65465619658257
6109,sub-47,vision,3,12,12,2,0.6,0.3,0.05,0,28.66666667,3.619150101,62.68817900918657,57.186608406799856,56.838175815502765
6110,sub-47,pain,3,13,1,2,48.0,0.7,0.125,-1,67.0,1.784835507,67.05840144014743,72.54465153664633,72.56702610564265
6111,sub-47,pain,3,14,2,1,47.0,0.3,0.05,0,36.0,2.801904822,51.50294536509287,45.413568086299875,45.436222857377714
6112,sub-47,pain,3,15,3,1,47.0,0.3,0.125,-1,24.0,1.550928821,50.5465269113067,44.400642423081194,44.3778382381016
6113,sub-47,pain,3,16,4,1,47.0,0.7,0.05,-1,59.0,1.968160293,49.59010845752053,54.20474708204475,54.18187486082128
6114,sub-47,pain,3,17,5,2,48.0,0.7,0.05,-1,58.0,3.052213724,63.23272762500275,67.8636220404961,67.8405199885527
6115,sub-47,pain,3,18,6,2,48.0,0.7,0.05,0,75.33333333,1.484395657,62.276309171216575,67.70245096874427,67.67920308739691
6116,sub-47,pain,3,19,7,2,48.0,0.3,0.05,0,32.33333333,1.817966803,61.319890717430404,55.169025557337406,55.191718903605015
6117,sub-47,pain,3,20,8,1,47.0,0.7,0.05,0,73.33333333,1.517783841,45.76443464237584,51.11601289473254,51.09319614853742
6118,sub-47,pain,3,21,9,2,48.0,0.3,0.125,-1,15.33333333,2.151606991,59.40705380985806,53.18024552226526,53.15754701395287
6119,sub-47,pain,3,22,10,1,47.0,0.7,0.125,-1,42.66666667,1.567932826,43.8515977348035,49.1272328596604,49.15050827415095
6120,sub-47,pain,3,23,11,1,47.0,0.3,0.05,-1,30.66666667,2.618548936,42.89517928101733,35.81619543951714,35.83966705477321
6121,sub-47,pain,3,24,12,2,48.0,0.3,0.05,-1,33.0,2.201739182,56.53779844849955,49.47507039796849,49.49831218250462
6122,sub-47,vision,4,1,1,2,0.6,0.7,0.05,1,68.33333333,1.984979563,63.36432000383438,68.29159486858771,68.63886614457971
6123,sub-47,vision,4,2,2,1,0.5,0.3,0.125,0,33.66666667,1.951304636,51.32884036723791,46.73916616835564,47.083910483084566
6124,sub-47,vision,4,3,3,1,0.5,0.7,0.125,1,55.66666667,1.30095549,51.369609032871864,57.29637847664069,56.954748938389486
6125,sub-47,vision,4,4,4,2,0.6,0.3,0.125,0,32.66666667,1.601005654,63.48662600073625,58.962998986737645,59.30668725373138
6126,sub-47,vision,4,5,5,2,0.6,0.3,0.05,1,37.0,2.218215107,63.52739466637021,59.06033391823166,58.71685905135588
6127,sub-47,vision,4,6,6,1,0.5,0.3,0.05,1,15.33333333,1.83475093,51.49191502977374,46.95560336140994,46.61185373588894
6128,sub-47,vision,4,7,7,2,0.6,0.3,0.125,1,39.0,2.668736174,63.60893199763813,60.2095488369598,60.55440099080953
6129,sub-47,vision,4,8,8,2,0.6,0.7,0.125,0,70.0,1.734643914,63.649700663272085,68.51186596792111,68.16535488231791
6130,sub-47,vision,4,9,9,1,0.5,0.7,0.05,1,49.0,2.001454243,51.614221026675615,56.46476958873998,56.80866089119915
6131,sub-47,vision,4,10,10,1,0.5,0.3,0.125,1,41.33333333,1.768075016,51.65498969230958,48.18421978784493,48.52790997879584
6132,sub-47,vision,4,11,11,1,0.5,0.7,0.125,0,47.66666667,2.952053216,51.69575835794353,56.486536918806245,56.13886387030422
6133,sub-47,vision,4,12,12,2,0.6,0.7,0.125,1,74.33333333,2.518498522,63.81277532580792,69.7981165719967,69.45232577112269
6134,sub-47,pain,4,13,1,1,47.0,0.3,0.125,0,35.0,2.635334306,51.38622870664695,45.95772112664607,45.93465785703721
6135,sub-47,pain,4,14,2,2,48.0,0.7,0.05,1,67.33333333,2.451813278,65.02884787412917,71.34879085700553,71.32524403248378
6136,sub-47,pain,4,15,3,2,48.0,0.3,0.05,1,36.0,1.86803866,64.072429420343,58.81536544559866,58.837759848691874
6137,sub-47,pain,4,16,4,2,48.0,0.7,0.125,0,79.66666667,1.901445815,63.11601096655683,69.22245838094392,69.24490937269812
6138,sub-47,pain,4,17,5,2,48.0,0.3,0.125,0,18.33333333,1.484478384,62.15959251277066,56.68903296953705,56.66594117364053
6139,sub-47,pain,4,18,6,1,47.0,0.3,0.125,1,19.0,1.701507953,46.60413643771609,42.03068500846988,42.00783865977652
6140,sub-47,pain,4,19,7,2,48.0,0.7,0.125,1,66.33333333,2.034709007,60.24675560519832,67.24713100647465,67.26966471618948
6141,sub-47,pain,4,20,8,1,47.0,0.3,0.05,1,19.66666667,2.218027262,44.69129953014375,39.30136425602657,39.3243910987043
6142,sub-47,pain,4,21,9,1,47.0,0.7,0.125,0,70.0,1.500960217,43.73488107635758,49.70845719137182,49.73154062271053
6143,sub-47,pain,4,22,10,1,47.0,0.7,0.125,1,10.66666667,2.284832863,42.77846262257141,49.684838560609464,49.70787050695396
6144,sub-47,pain,4,23,11,1,47.0,0.7,0.05,1,64.33333333,2.235208848,41.82204416878524,47.93137218001961,47.908726200992085
6145,sub-47,pain,4,24,12,2,48.0,0.3,0.125,1,34.0,2.101458317,55.46466333626746,50.81028810765395,50.787547435627786
6146,sub-47,vision,5,1,1,2,0.6,0.7,0.05,0,75.66666667,1.56786565,64.48891632045573,68.18833047966977,68.53246487872266
6147,sub-47,vision,5,2,2,1,0.5,0.7,0.125,-1,69.33333333,1.317520049,52.45343668385926,57.04047806921461,56.70143332837291
6148,sub-47,vision,5,3,3,1,0.5,0.7,0.05,0,67.33333333,1.951482839,52.494205349493214,56.123300676701476,56.466716714982354
6149,sub-47,vision,5,4,4,2,0.6,0.7,0.125,-1,63.0,2.368260249,64.6112223173576,69.26431088759661,68.92421009901973
6150,sub-47,vision,5,5,5,2,0.6,0.3,0.125,-1,29.33333333,1.317608685,64.65199098299156,59.91394767568029,60.26182822906633
6151,sub-47,vision,5,6,6,2,0.6,0.3,0.05,-1,38.33333333,2.068356566,64.69275964862553,58.883835018512436,58.54205774479256
6152,sub-47,vision,5,7,7,1,0.5,0.7,0.05,-1,68.66666667,1.501064713,52.65728001202905,56.16916842746047,56.516088129455945
6153,sub-47,vision,5,8,8,1,0.5,0.3,0.05,-1,38.0,1.584516046,52.69804867766301,46.818805215544145,46.47630958105224
6154,sub-47,vision,5,9,9,1,0.5,0.3,0.05,0,50.33333333,2.368467686,52.738817343296965,46.97144123405229,46.623223925211775
6155,sub-47,vision,5,10,10,2,0.6,0.7,0.05,-1,65.0,1.617718562,64.85583431116136,68.43270199969591,68.77812205182938
6156,sub-47,vision,5,11,11,1,0.5,0.3,0.125,-1,27.0,2.034845847,52.82035467456488,48.007720888125704,48.353108672232516
6157,sub-47,vision,5,12,12,2,0.6,0.3,0.05,0,39.33333333,1.70114688,64.93737164242927,59.234974806287724,58.88525784758522
6158,sub-47,pain,5,13,1,1,47.0,0.3,0.05,-1,33.33333333,1.334290181,50.313093594414866,43.15611247756437,43.17908917646009
6159,sub-47,pain,5,14,2,2,48.0,0.7,0.05,-1,72.33333333,1.451112281,63.95571276189709,68.37255847556914,68.34943121760737
6160,sub-47,pain,5,15,3,2,48.0,0.3,0.05,-1,37.33333333,1.451013694,62.99929430811092,55.83913306416227,55.86194703381547
6161,sub-47,pain,5,16,4,2,48.0,0.7,0.125,-1,37.33333333,1.384291752,62.04287585432475,67.19846174059862,67.22121371244117
6162,sub-47,pain,5,17,5,1,47.0,0.3,0.05,0,22.0,2.218263934,46.48741977927018,40.06737829025217,40.09041046417623
6163,sub-47,pain,5,18,6,2,48.0,0.3,0.05,0,37.66666667,1.951472887,60.1300389467524,53.72625324870352,53.74905559190764
6164,sub-47,pain,5,19,7,1,47.0,0.3,0.125,-1,43.33333333,2.301934833,44.574582871697835,38.078598255180026,38.05623857452408
6165,sub-47,pain,5,20,8,1,47.0,0.7,0.125,-1,23.0,1.350863138,43.618164417911665,48.660314922879984,48.68363223282961
6166,sub-47,pain,5,21,9,2,48.0,0.3,0.125,-1,29.0,2.234799259,57.26078358539389,50.761618841777924,50.73909643187947
6167,sub-47,pain,5,22,10,1,47.0,0.7,0.05,-1,63.33333333,2.101542909,41.70532751033932,45.93099417043666,45.9087006564917
6168,sub-47,pain,5,23,11,2,48.0,0.7,0.05,0,84.33333333,1.484526278,55.34794667782155,60.404552428989646,60.381816153443374
6169,sub-47,pain,5,24,12,1,47.0,0.7,0.05,0,66.33333333,1.767889348,39.79249060276698,44.79396872683138,44.7715964849599
6170,sub-47,pain,6,1,1,1,47.0,0.3,0.125,0,47.33333333,1.868261026,49.23995848218278,43.539094446158735,43.516207274963804
6171,sub-47,pain,6,2,2,1,47.0,0.7,0.05,1,64.33333333,1.967994218,48.28354002839661,54.29543484621338,54.27236105230294
6172,sub-47,pain,6,3,3,2,48.0,0.3,0.125,1,20.66666667,1.384166729,61.926159195878824,57.17435077384773,57.151182286938635
6173,sub-47,pain,6,4,4,1,47.0,0.7,0.125,1,63.33333333,2.568490141,46.37070312082426,53.12133811124287,53.14414354713672
6174,sub-47,pain,6,5,5,1,47.0,0.3,0.05,1,14.33333333,1.767856071,45.41428466703809,39.8103006910996,39.83330232775898
6175,sub-47,pain,6,6,6,1,47.0,0.3,0.125,1,33.66666667,2.651868077,44.45786621325192,39.612058327982545,39.58938807770311
6176,sub-47,pain,6,7,7,2,48.0,0.7,0.125,0,79.0,1.768083102,58.10048538073414,63.87626858489621,63.899096979496626
6177,sub-47,pain,6,8,8,1,47.0,0.7,0.125,0,36.0,3.669192413,42.54502930567958,48.26568488273794,48.28887731101316
6178,sub-47,pain,6,9,9,2,48.0,0.3,0.05,1,27.33333333,1.651031483,56.1876484731618,50.54161253399059,50.5645856443623
6179,sub-47,pain,6,10,10,2,48.0,0.7,0.05,1,72.0,1.93470711,55.23123001937563,61.12332920169054,61.100495287402154
6180,sub-47,pain,6,11,11,2,48.0,0.7,0.125,1,51.33333333,1.367660016,54.27481156558946,60.92508683857348,60.948065052611966
6181,sub-47,pain,6,12,12,2,48.0,0.3,0.125,0,75.33333333,1.384187255,53.31839311180329,47.439425686075516,47.41697969893493
6182,sub-47,vision,6,13,1,1,0.5,0.3,0.05,1,28.66666667,1.61791667,53.53726433484665,48.80546599163066,48.46265000933827
6183,sub-47,vision,6,14,2,1,0.5,0.7,0.05,1,72.0,1.867906173,53.57803300048061,58.23523071125385,58.58094286119523
6184,sub-47,vision,6,15,3,2,0.6,0.3,0.125,0,35.0,1.734643603,65.69504996834499,60.971664632372075,61.31451213408722
6185,sub-47,vision,6,16,4,1,0.5,0.3,0.125,0,52.66666667,1.48439037,53.659570331748526,48.866934075550354,49.20950681862028
6186,sub-47,vision,6,17,5,2,0.6,0.7,0.125,1,76.0,1.467586339,65.77658729961291,71.56857769451057,71.22460774111877
6187,sub-47,vision,6,18,6,2,0.6,0.3,0.05,1,38.66666667,2.635144595,65.81735596524688,61.148401071572955,60.80319823516497
6188,sub-47,vision,6,19,7,2,0.6,0.7,0.05,1,63.33333333,1.701062288,65.85812463088082,70.57816579119614,70.92149108702192
6189,sub-47,vision,6,20,8,1,0.5,0.7,0.125,0,66.66666667,2.268285409,53.82264499428436,58.41580105673383,58.0681744472068
6190,sub-47,vision,6,21,9,1,0.5,0.7,0.125,1,73.66666667,2.151579312,53.863413659918315,59.582949399249124,59.2373738808317
6191,sub-47,vision,6,22,10,2,0.6,0.7,0.125,0,76.33333333,2.401807665,65.98043062778271,70.63963387511583,70.29095121785363
6192,sub-47,vision,6,23,11,1,0.5,0.3,0.125,1,41.66666667,2.635112562,53.94495099118623,50.27228694118622,50.61424916260492
6193,sub-47,vision,6,24,12,2,0.6,0.3,0.125,1,58.33333333,3.719278887,66.06196795905062,62.4564190057148,62.79776878152512
6194,sub-48,vision,1,1,1,1,0.5,0.7,0.05,-1,57.66666667,2.268342041,47.731581798580486,51.62569070373848,52.02115915866512
6195,sub-48,vision,1,2,2,2,0.6,0.7,0.05,-1,81.33333333,1.450900044,59.85025252300548,63.812200802004675,64.20711076600547
6196,sub-48,vision,1,3,3,2,0.6,0.7,0.05,0,71.33333333,2.468427256,59.88617473448768,64.04714496974124,64.43608878259683
6197,sub-48,vision,1,4,4,2,0.6,0.3,0.125,-1,53.33333333,2.284911675,59.922096945969884,55.49042935195607,55.88441413768132
6198,sub-48,vision,1,5,5,1,0.5,0.3,0.125,-1,31.66666667,1.917967904,47.8752706445093,43.374456238777185,43.76828899323536
6199,sub-48,vision,1,6,6,1,0.5,0.7,0.125,-1,79.33333333,2.602105492,47.9111928559915,52.97089218999154,52.590260822788785
6200,sub-48,vision,1,7,7,2,0.6,0.3,0.05,0,24.66666667,2.318322137,60.029863580416496,54.627051481245175,54.23986076229128
6201,sub-48,vision,1,8,8,2,0.6,0.7,0.125,-1,52.33333333,2.651837407,60.065785791898705,65.1926707808014,64.81112566157634
6202,sub-48,vision,1,9,9,1,0.5,0.7,0.05,0,62.66666667,1.717928718,48.01895949043812,52.10751431928065,52.49452979538686
6203,sub-48,vision,1,10,10,1,0.5,0.3,0.05,0,24.0,2.001523605,48.05488170192032,42.58161535315361,42.193562080739724
6204,sub-48,vision,1,11,11,1,0.5,0.3,0.05,-1,76.66666667,0.850620141,48.090803913402524,42.41720817050437,42.03441052704277
6205,sub-48,vision,1,12,12,2,0.6,0.3,0.05,-1,27.66666667,2.301709896,60.20947463782752,54.603718268770564,54.22036213438312
6206,sub-48,pain,1,13,1,1,47.0,0.7,0.125,-1,64.66666667,1.851323008,54.67637944457759,60.59068033642583,60.569899864981295
6207,sub-48,pain,1,14,2,1,47.0,0.3,0.125,-1,29.0,1.951616284,53.70829109904389,47.581799497158876,47.60279742167321
6208,sub-48,pain,1,15,3,2,48.0,0.3,0.05,0,24.33333333,2.351698078,67.2709011684459,61.45093125092615,61.43043570550588
6209,sub-48,pain,1,16,4,1,47.0,0.7,0.05,-1,46.66666667,1.851389563,51.77211440797649,56.96782287850974,56.98887566321215
6210,sub-48,pain,1,17,5,2,48.0,0.7,0.05,0,69.33333333,2.018063693,65.3347244773785,71.47899018885364,71.5004798834737
6211,sub-48,pain,1,18,6,2,48.0,0.3,0.125,-1,27.66666667,1.717950177,64.3666361318448,58.17467711856349,58.195817911055336
6212,sub-48,pain,1,19,7,1,47.0,0.3,0.05,-1,27.0,1.234063569,48.867849371375385,41.971727438349824,41.95063743825243
6213,sub-48,pain,1,20,8,1,47.0,0.3,0.05,0,25.33333333,1.334207253,47.899761025841684,41.91558792550318,41.89466593153834
6214,sub-48,pain,1,21,9,2,48.0,0.3,0.05,-1,37.66666667,2.251735709,61.46237109524369,54.5518196606474,54.53093554643131
6215,sub-48,pain,1,22,10,1,47.0,0.7,0.05,0,67.0,2.968997947,45.96358433477428,51.94364686343068,51.96471010950617
6216,sub-48,pain,1,23,11,2,48.0,0.7,0.05,-1,55.66666667,1.651100019,59.52619440417629,64.5798785985749,64.60097972439914
6217,sub-48,pain,1,24,12,2,48.0,0.7,0.125,-1,56.33333333,1.951483797,58.558106058642586,64.22830685470504,64.20744868857476
6218,sub-48,vision,2,1,1,1,0.5,0.7,0.05,1,55.33333333,2.168117186,48.90561283992367,54.12492733427237,54.516913057140584
6219,sub-48,vision,2,2,2,2,0.6,0.7,0.125,0,73.33333333,2.568395534,61.024283564348664,66.24041213737364,65.85466014927167
6220,sub-48,vision,2,3,3,1,0.5,0.3,0.125,0,52.66666667,1.601089445,48.97745726288807,44.56327156552407,44.951476406719486
6221,sub-48,vision,2,4,4,2,0.6,0.3,0.125,1,33.33333333,1.83463426,61.09612798731307,57.98966598248996,58.380168036156775
6222,sub-48,vision,2,5,5,2,0.6,0.7,0.05,1,65.33333333,1.751279779,61.13205019879528,66.41724291016955,66.80760435882253
6223,sub-48,vision,2,6,6,1,0.5,0.3,0.05,1,42.66666667,1.851345089,49.085223897334686,44.74010233831997,44.355598268282236
6224,sub-48,vision,2,7,7,2,0.6,0.3,0.125,0,38.66666667,2.068225104,61.20389462175968,56.85558714142124,57.24216770840143
6225,sub-48,vision,2,8,8,1,0.5,0.3,0.125,1,31.66666667,1.867997139,49.157068320299096,45.97949834694205,46.36878258605242
6226,sub-48,vision,2,9,9,1,0.5,0.7,0.125,1,67.66666667,1.684409094,49.192990531781305,55.575934298156405,55.19075441560584
6227,sub-48,vision,2,10,10,2,0.6,0.3,0.05,1,46.33333333,1.684595696,61.31166125620629,57.03241791421714,56.64628956996419
6228,sub-48,vision,2,11,11,1,0.5,0.7,0.125,0,54.33333333,1.617880513,49.26483495474571,54.406586964544026,54.0178408564033
6229,sub-48,vision,2,12,12,2,0.6,0.7,0.125,1,56.66666667,1.551128631,61.3835056791707,67.83298138150992,67.44653248584059
6230,sub-48,pain,2,13,1,1,47.0,0.7,0.125,0,63.66666667,1.884839522,53.56507342859429,60.29701195950054,60.276349372370035
6231,sub-48,pain,2,14,2,2,48.0,0.3,0.05,1,40.0,2.034836101,67.1276834979963,61.814003738850204,61.79356203662414
6232,sub-48,pain,2,15,3,2,48.0,0.7,0.05,1,53.66666667,2.501796355,66.1595951524626,72.83566997722419,72.85724502399034
6233,sub-48,pain,2,16,4,2,48.0,0.7,0.125,1,84.33333333,0.533718666,65.1915068069289,72.48409823335433,72.46371398816596
6234,sub-48,pain,2,17,5,2,48.0,0.3,0.125,0,40.33333333,1.868098526,64.2234184613952,58.87461604208468,58.89590622784246
6235,sub-48,pain,2,18,6,2,48.0,0.7,0.125,0,63.33333333,2.902050134,63.25533011586149,69.89628228045866,69.87573105235379
6236,sub-48,pain,2,19,7,1,47.0,0.7,0.125,1,52.33333333,2.451695279,47.75654335539208,54.93596950882433,54.915221832995186
6237,sub-48,pain,2,20,8,1,47.0,0.3,0.125,0,28.66666667,2.30165205,46.78845500985838,41.32648731755468,41.34741407267168
6238,sub-48,pain,2,21,9,1,47.0,0.3,0.125,1,43.33333333,2.902162717,45.82036666432468,40.93348136911089,40.954480580288724
6239,sub-48,pain,2,22,10,1,47.0,0.3,0.05,1,44.0,1.918113143,44.85227831879098,39.29783851208778,39.27687583446146
6240,sub-48,pain,2,23,11,2,48.0,0.3,0.125,1,42.66666667,2.134787585,58.414888388192985,53.51357359140847,53.53477868846761
6241,sub-48,pain,2,24,12,1,47.0,0.7,0.05,1,53.0,2.351669777,42.91610162772358,49.325897450015276,49.34692001242928
6242,sub-48,pain,3,1,1,1,47.0,0.3,0.05,0,54.33333333,2.301836163,52.45376741261098,46.40856669957831,46.3877020067359
6243,sub-48,pain,3,2,2,1,47.0,0.3,0.05,-1,22.66666667,1.517784413,51.48567906707728,44.47749161153199,44.45639589465322
6244,sub-48,pain,3,3,3,1,47.0,0.7,0.125,-1,45.66666667,1.767804317,50.51759072154358,56.1411934064826,56.120186655593436
6245,sub-48,pain,3,4,4,1,47.0,0.7,0.05,-1,28.66666667,2.118241898,49.549502376009876,54.505550549459485,54.52644007262105
6246,sub-48,pain,3,5,5,2,48.0,0.3,0.05,-1,46.66666667,1.801275736,63.11211244541188,56.063976533383084,56.04305519343373
6247,sub-48,pain,3,6,6,1,47.0,0.7,0.05,0,33.66666667,2.768732662,47.613325684942474,53.45580373616635,53.476829756508586
6248,sub-48,pain,3,7,7,2,48.0,0.7,0.05,0,69.66666667,2.084856316,61.17593575434448,67.02950325891041,67.05076667408585
6249,sub-48,pain,3,8,8,2,48.0,0.7,0.125,-1,72.33333333,2.418398022,60.20784740881078,65.74046372744073,65.71956833557718
6250,sub-48,pain,3,9,9,2,48.0,0.3,0.05,0,55.33333333,3.369155004,59.23975906327708,53.02701511919698,53.006167258524506
6251,sub-48,pain,3,10,10,2,48.0,0.7,0.05,-1,70.33333333,2.785228276,58.271670717743376,63.11121356997113,63.132182943206416
6252,sub-48,pain,3,11,11,2,48.0,0.3,0.125,-1,64.0,2.818582447,57.303582372209675,50.74436828728081,50.76518827347234
6253,sub-48,pain,3,12,12,1,47.0,0.3,0.125,-1,42.33333333,1.767916589,41.80479561174027,35.18345416364377,35.20397373709832
6254,sub-48,vision,3,13,1,2,0.6,0.3,0.05,-1,40.33333333,3.052302668,62.16239239420964,56.335118124072906,55.95421477093269
6255,sub-48,vision,3,14,2,2,0.6,0.7,0.125,-1,63.33333333,2.251576165,62.19831460569185,67.10041309882203,66.71954445536188
6256,sub-48,vision,3,15,3,1,0.5,0.3,0.05,0,35.0,1.651258941,50.15148830423126,44.45408917863059,44.067067643078076
6257,sub-48,vision,3,16,4,2,0.6,0.3,0.125,-1,32.0,1.851496859,62.27015902865625,57.60978262523865,58.002312320150054
6258,sub-48,vision,3,17,5,2,0.6,0.7,0.05,-1,73.33333333,1.451044971,62.30608124013846,66.03735955291823,66.42974864281581
6259,sub-48,vision,3,18,6,1,0.5,0.3,0.05,-1,50.33333333,1.884712633,50.25925493867787,44.360218981068655,43.97774255227552
6260,sub-48,vision,3,19,7,1,0.5,0.7,0.05,-1,55.66666667,2.118160727,50.29517715016008,53.956654932283016,54.348536729817056
6261,sub-48,vision,3,20,8,1,0.5,0.3,0.125,-1,52.0,2.618557567,50.33109936164228,45.59961498969074,45.9909268700457
6262,sub-48,vision,3,21,9,2,0.6,0.7,0.05,0,57.0,2.118241898,62.449770086067275,66.37810919828577,66.76346635374875
6263,sub-48,vision,3,22,10,2,0.6,0.3,0.05,0,58.66666667,1.801476955,62.48569229754948,56.85221023215874,56.46249863910162
6264,sub-48,vision,3,23,11,1,0.5,0.7,0.125,-1,44.66666667,1.801324252,50.43886599608889,55.26658792599241,54.88272516249352
6265,sub-48,vision,3,24,12,1,0.5,0.7,0.05,0,62.66666667,2.268438763,50.474788207571095,54.33267307019421,54.7171676721972
6266,sub-48,pain,4,1,1,2,48.0,0.7,0.125,0,65.33333333,2.752184487,65.87315981156338,72.40204645364082,72.38148950875457
6267,sub-48,pain,4,2,2,2,48.0,0.3,0.125,1,52.33333333,1.751303726,64.90507146602968,59.99376696637657,60.015092382461916
6268,sub-48,pain,4,3,3,1,47.0,0.7,0.125,0,47.0,1.767950177,49.406284705560275,55.8475250295573,55.826636162982176
6269,sub-48,pain,4,4,4,1,47.0,0.7,0.125,1,50.66666667,2.351754059,48.43819636002657,55.45451908111352,55.43370267059922
6270,sub-48,pain,4,5,5,1,47.0,0.7,0.05,1,66.66666667,2.418452448,47.47010801449287,53.8188762240904,53.83995608762683
6271,sub-48,pain,4,6,6,1,47.0,0.3,0.125,1,54.66666667,1.784554643,46.50201966895917,41.45203094140008,41.472961417892755
6272,sub-48,pain,4,7,7,2,48.0,0.3,0.125,0,63.33333333,2.201515519,60.06462973836118,54.42512911214145,54.44619301845459
6273,sub-48,pain,4,8,8,1,47.0,0.3,0.125,0,33.33333333,1.817995584,44.56584297789177,38.864214988504415,38.88497848208058
6274,sub-48,pain,4,9,9,2,48.0,0.7,0.125,1,69.66666667,2.585224544,58.128453047293775,65.05378940207164,65.03308435058297
6275,sub-48,pain,4,10,10,2,48.0,0.7,0.05,1,70.0,2.985545811,57.160364701760074,63.41814654504853,63.43933776761058
6276,sub-48,pain,4,11,11,1,47.0,0.3,0.05,1,34.0,1.817915345,41.661577941290666,35.84195888259103,35.820801434471974
6277,sub-48,pain,4,12,12,2,48.0,0.3,0.05,1,70.66666667,2.535069043,55.22418801069267,49.415658405335094,49.39473835204924
6278,sub-48,vision,4,13,1,2,0.6,0.7,0.125,1,51.66666667,2.451823412,63.336423435552824,69.56438123681227,69.18038512239013
6279,sub-48,vision,4,14,2,2,0.6,0.3,0.05,1,40.66666667,2.034818374,63.37234564703503,58.869623247150464,58.484881900855335
6280,sub-48,vision,4,15,3,2,0.6,0.7,0.05,1,51.66666667,3.202329415,63.408267858517235,68.46605919836482,68.85567607839687
6281,sub-48,vision,4,16,4,1,0.5,0.7,0.125,1,59.0,1.751304659,51.36144155705665,57.5189451087207,57.13408644083859
6282,sub-48,vision,4,17,5,2,0.6,0.7,0.125,0,63.33333333,1.701197985,63.480112281481645,68.4655708882872,68.077298026082
6283,sub-48,vision,4,18,6,2,0.6,0.3,0.125,1,40.66666667,2.101582385,63.51603449296385,60.17955624085986,60.56789268151991
6284,sub-48,vision,4,19,7,1,0.5,0.3,0.125,1,35.0,1.934769236,51.46920819150326,48.06358312768098,48.45176753707395
6285,sub-48,vision,4,20,8,1,0.5,0.7,0.05,1,48.33333333,2.351764322,51.505130402985465,56.49116005536057,56.879203859739704
6287,sub-48,vision,4,22,10,2,0.6,0.3,0.125,0,31.33333333,3.402474653,63.65972333889266,59.0807458923348,59.464805585211764
6288,sub-48,vision,4,23,11,1,0.5,0.3,0.125,0,42.0,2.301664179,51.61289703743208,46.964772779155915,47.34868044076581
6289,sub-48,vision,4,24,12,1,0.5,0.7,0.125,0,72.66666667,1.701296262,51.64881924891428,56.56120873037027,56.17065227031924
6290,sub-48,pain,5,1,1,1,47.0,0.3,0.05,-1,40.0,1.718138334,50.23115538064437,43.00882658292821,42.9875991134605
6291,sub-48,pain,5,2,2,2,48.0,0.7,0.125,-1,70.33333333,2.752026186,63.79376545004638,69.23983520106937,69.21896560137635
6292,sub-48,pain,5,3,3,2,48.0,0.7,0.05,0,58.33333333,1.617701997,62.82567710451268,68.54166013164608,68.56288632108826
6293,sub-48,pain,5,4,4,2,48.0,0.3,0.05,-1,40.0,1.717946756,61.85758875897898,54.5953115047793,54.574258412241
6294,sub-48,pain,5,5,5,2,48.0,0.3,0.125,-1,30.66666667,2.135094545,60.889500413445276,54.24373976090945,54.26458553927151
6295,sub-48,pain,5,6,6,1,47.0,0.3,0.125,-1,56.0,1.150677676,45.39071365297586,38.682825637272416,38.70337100289749
6296,sub-48,pain,5,7,7,1,47.0,0.7,0.05,-1,58.0,1.034043043,44.42262530744216,49.06245631906977,49.0830880538348
6297,sub-48,pain,5,8,8,2,48.0,0.7,0.05,-1,42.66666667,1.50107265,57.985235376844166,62.63615584181383,62.65702497141207
6298,sub-48,pain,5,9,9,1,47.0,0.7,0.125,-1,50.33333333,1.701242458,42.48644861637476,47.71727727475343,47.695918208612056
6299,sub-48,pain,5,10,10,1,47.0,0.3,0.05,0,24.33333333,1.501083535,41.51836027084106,35.00382866650968,34.982517131559376
6300,sub-48,pain,5,11,11,2,48.0,0.3,0.05,0,39.0,1.350992723,55.08097034024306,48.57752818925375,48.55645404913664
6301,sub-48,pain,5,12,12,1,47.0,0.7,0.05,0,66.33333333,1.78466536,39.582183579773655,45.03188760443718,45.052561309527206
6302,sub-48,vision,5,13,1,1,0.5,0.3,0.05,0,23.33333333,2.501675064,52.42770596395322,46.50290546682586,46.115139362652414
6303,sub-48,vision,5,14,2,2,0.6,0.7,0.05,0,70.33333333,2.535215214,64.54637668837822,68.25058302376276,68.6369719160871
6304,sub-48,vision,5,15,3,2,0.6,0.7,0.125,-1,57.0,1.95143217,64.58229889986042,69.25503486464828,68.87235586927783
6305,sub-48,vision,5,16,4,1,0.5,0.7,0.05,-1,60.66666667,1.801346333,52.535472598399835,55.97020272793463,56.361695217944195
6306,sub-48,vision,5,17,5,1,0.5,0.3,0.125,-1,33.0,1.717820489,52.57139480988204,47.61316278534236,48.00408535817284
6307,sub-48,vision,5,18,6,1,0.5,0.7,0.125,-1,63.0,1.784558997,52.60731702136424,57.209598736556714,56.82605718772626
6308,sub-48,vision,5,19,7,1,0.5,0.3,0.05,-1,33.0,2.168249673,52.64323923284645,46.514840746894905,46.13055396619146
6309,sub-48,vision,5,20,8,2,0.6,0.7,0.05,-1,70.33333333,1.517575107,64.76190995727144,68.2625183038318,68.65238651962615
6310,sub-48,vision,5,21,9,2,0.6,0.3,0.125,-1,34.33333333,1.667843503,64.79783216875364,59.90547836123953,60.29477665985478
6311,sub-48,vision,5,22,10,2,0.6,0.3,0.05,0,51.66666667,1.951443988,64.83375438023585,58.971563505441324,58.58039682157035
6312,sub-48,vision,5,23,11,2,0.6,0.3,0.05,-1,83.0,0.55024787,64.86967659171805,58.80715632279208,58.4212452678734
6313,sub-48,vision,5,24,12,1,0.5,0.7,0.05,0,54.0,1.968008646,52.82285029025746,56.452026343476795,56.835065854665935
6314,sub-48,pain,6,1,1,2,48.0,0.7,0.125,0,68.0,1.718121229,63.650547779596764,69.93977412459056,69.91905391816347
6315,sub-48,pain,6,2,2,2,48.0,0.7,0.125,1,72.0,1.484377682,62.68245943406306,69.54676817614677,69.52612042578052
6316,sub-48,pain,6,3,3,1,47.0,0.3,0.05,1,55.66666667,1.734618088,47.183672673593655,41.32854495711265,41.30747631906791
6317,sub-48,pain,6,4,4,2,48.0,0.3,0.125,0,61.0,1.500965354,60.74628274299566,54.943678684430644,54.96467385605864
6318,sub-48,pain,6,5,5,1,47.0,0.7,0.05,1,66.33333333,2.451722025,45.24749598252625,51.356603895040145,51.37752049703573
6319,sub-48,pain,6,6,6,1,47.0,0.7,0.125,0,48.0,1.901427505,44.27940763699255,50.40443079916759,50.38328414419594
6320,sub-48,pain,6,7,7,2,48.0,0.3,0.05,1,65.66666667,1.834630217,57.84201770639456,51.92142257851725,51.90049680845003
6321,sub-48,pain,6,8,8,1,47.0,0.3,0.125,0,31.66666667,2.735176961,42.34323094592515,36.40194265945416,36.42254289148948
6322,sub-48,pain,6,9,9,2,48.0,0.3,0.125,1,68.0,2.001426261,55.905841015327155,50.57624353420091,50.59718512608217
6323,sub-48,pain,6,10,10,2,48.0,0.7,0.05,1,60.33333333,2.168263358,54.937752669793454,60.955874215998264,60.97690217701948
6324,sub-48,pain,6,11,11,1,47.0,0.7,0.125,1,63.33333333,1.30086801,39.43896590932405,46.03699564893787,46.01579541421947
6325,sub-48,pain,6,12,12,1,47.0,0.3,0.125,1,36.0,1.634508926,38.470877563790346,33.02811480967092,33.04869297091138
6326,sub-48,vision,6,13,1,2,0.6,0.3,0.05,1,51.0,1.634748087,65.6844855182392,60.95370802788939,60.56786685187688
6327,sub-48,vision,6,14,2,2,0.6,0.3,0.125,0,48.0,1.951286621,65.7204077297214,60.91795122526812,61.303397916102924
6328,sub-48,vision,6,15,3,2,0.6,0.7,0.05,1,75.0,1.584509237,65.7563299412036,70.5854124716474,70.9735742608656
6329,sub-48,vision,6,16,4,1,0.5,0.3,0.05,1,34.0,1.918078622,53.70950363974302,48.908271899797825,48.521568170325324
6330,sub-48,vision,6,17,5,1,0.5,0.3,0.125,1,41.0,1.934758039,53.74542585122522,50.11239941587625,50.4998392566483
6331,sub-48,vision,6,18,6,2,0.6,0.7,0.125,1,69.0,1.317635753,65.86409657565021,71.86007697281315,71.47284946209487
6332,sub-48,vision,6,19,7,1,0.5,0.7,0.05,1,38.0,2.285116004,53.81727027418963,58.57524483609949,58.96218881076125
6333,sub-48,vision,6,20,8,1,0.5,0.7,0.125,1,53.33333333,1.51776824,53.85319248567183,59.779372352177916,59.39163754909612
6334,sub-48,vision,6,21,9,1,0.5,0.7,0.125,0,78.66666667,2.051468558,53.88911469715404,58.57475652602188,58.183810758446384
6335,sub-48,vision,6,22,10,2,0.6,0.3,0.125,1,42.0,1.534434596,66.00778542157903,62.43998348431708,62.82544378977744
6336,sub-48,vision,6,23,11,1,0.5,0.3,0.125,0,49.66666667,1.801467625,53.960959120118446,49.0841260524385,49.466578623234554
6337,sub-48,vision,6,24,12,2,0.6,0.7,0.125,0,71.33333333,1.434216583,66.07962984454343,70.8318036093754,70.43958882868114
6338,sub-50,vision,1,1,1,1,0.5,0.3,0.125,-1,19.33333333,2.368274031,48.14147724826878,43.4865104597422,43.83177872373735
6339,sub-50,vision,1,2,2,1,0.5,0.7,0.05,0,26.33333333,2.06814083,48.204007842957914,52.52513459999726,52.865690972675964
6341,sub-50,vision,1,4,4,2,0.6,0.7,0.05,-1,36.66666667,2.001449262,60.20473455313282,64.43751155980596,64.78210859723134
6342,sub-50,vision,1,5,5,1,0.5,0.7,0.125,-1,30.33333333,2.018135994,48.391599627025336,53.66657914885572,53.33346094412542
6343,sub-50,vision,1,6,6,1,0.5,0.3,0.05,-1,24.33333333,2.651923585,48.45413022171448,42.65443079918337,42.319356772175716
6344,sub-50,vision,1,7,7,2,0.6,0.7,0.125,-1,32.33333333,2.0681315,60.392326337200245,65.72381063104366,65.39009076459898
6346,sub-50,vision,1,9,9,2,0.6,0.3,0.05,-1,35.66666667,1.884787069,60.517387526578524,54.76843970770617,54.432446974230324
6347,sub-50,vision,1,10,10,2,0.6,0.3,0.05,0,30.0,2.785411216,60.57991812126767,54.970071656420274,54.62911955172956
6348,sub-50,vision,1,11,11,1,0.5,0.7,0.05,-1,36.33333333,2.318251468,48.76678319516018,52.891276914631746,53.23362221098719
6349,sub-50,vision,1,12,12,1,0.5,0.3,0.05,0,23.66666667,2.017985469,48.82931378984932,43.139949879571766,42.79833125758018
6350,sub-50,pain,1,13,1,1,47.0,0.3,0.05,0,51.66666667,2.935431322,54.75575441939366,48.73717187706527,48.700606372303895
6351,sub-50,pain,1,14,2,2,48.0,0.7,0.05,0,47.66666667,2.768706757,68.20416571642907,74.41522295345752,74.45356881519305
6352,sub-50,pain,1,15,3,1,47.0,0.3,0.125,-1,22.33333333,1.734589381,52.91806859891108,46.722124767412076,46.75920301306516
6353,sub-50,pain,1,16,4,1,47.0,0.7,0.125,-1,17.33333333,2.418429392,51.99922568866979,57.99754804930834,57.960779843349094
6354,sub-50,pain,1,17,5,2,48.0,0.3,0.05,0,32.0,2.051575389,65.4476369857052,59.36754678520452,59.33117727763019
6355,sub-50,pain,1,18,6,1,47.0,0.7,0.05,0,22.0,3.602704647,50.16153986818721,56.240342272604806,56.27793353297482
6356,sub-50,pain,1,19,7,2,48.0,0.7,0.05,-1,30.33333333,2.118125451,63.609951165222625,68.8787952905906,68.91643273504917
6357,sub-50,pain,1,20,8,1,47.0,0.7,0.05,-1,16.0,2.334931669,48.32385404770463,53.53310427450545,53.57019659416542
6358,sub-50,pain,1,21,9,1,47.0,0.3,0.05,-1,9.0,1.100693562,47.40501113746334,40.37155454943081,40.33407115082554
6359,sub-50,pain,1,22,10,2,48.0,0.3,0.125,-1,26.66666667,2.451801921,60.85342243449876,54.523310010783774,54.56037477705698
6360,sub-50,pain,1,23,11,2,48.0,0.7,0.125,-1,16.0,2.385245017,59.93457952425747,65.79873329268004,65.76195160734092
6361,sub-50,pain,1,24,12,2,48.0,0.3,0.05,-1,16.33333333,2.134878425,59.01573661401618,51.94499267915924,51.907775103263326
6362,sub-50,vision,2,1,1,1,0.5,0.7,0.05,1,24.66666667,1.818249758,49.333244610850336,54.71956222727469,55.062386673066044
6363,sub-50,vision,2,2,2,2,0.6,0.7,0.125,1,20.66666667,2.218267298,61.2714407263361,67.8359830753609,67.50115713458307
6364,sub-50,vision,2,3,3,1,0.5,0.3,0.125,1,17.0,2.234948742,49.458305800228615,45.99612488840346,46.338067764788754
6365,sub-50,vision,2,4,4,2,0.6,0.3,0.125,1,74.33333333,0.583534266,61.39650191571438,57.99657894425654,58.33823720368127
6366,sub-50,vision,2,5,5,1,0.5,0.7,0.125,1,18.33333333,3.185913606,49.583366989606894,56.06263872484726,55.72682922201473
6367,sub-50,vision,2,6,6,1,0.5,0.7,0.125,0,19.0,2.051378214,49.64589758429604,54.95341719427505,54.614882508154906
6368,sub-50,vision,2,7,7,1,0.5,0.3,0.125,0,26.66666667,2.251644182,49.70842817898517,45.05723563683583,45.395502195672066
6369,sub-50,vision,2,8,8,2,0.6,0.7,0.125,0,28.0,1.501123178,61.64662429447094,67.01064867646299,66.67151232862847
6370,sub-50,vision,2,9,9,2,0.6,0.3,0.125,0,25.0,2.45179539,61.70915488916008,57.11446711902377,57.452132016145626
6371,sub-50,vision,2,10,10,2,0.6,0.3,0.05,1,34.0,2.401741727,61.771685483849225,57.22127671003257,56.88227563370068
6372,sub-50,vision,2,11,11,2,0.6,0.7,0.05,1,30.0,2.701889235,61.83421607853836,67.23101312014151,67.57069954618798
6373,sub-50,vision,2,12,12,1,0.5,0.3,0.05,1,16.0,3.152333328,50.02108115243088,45.39115493318406,45.0514873395513
6374,sub-50,pain,2,13,1,1,47.0,0.3,0.05,1,73.66666667,1.801475635,53.716744007371155,48.269907610499935,48.23337687571691
6380,sub-50,pain,2,19,7,2,48.0,0.7,0.05,1,68.33333333,2.418294728,62.57094075320012,69.23264257894627,69.2706740830486
6381,sub-50,pain,2,20,8,2,48.0,0.3,0.05,1,32.66666667,1.417734305,61.65209784295883,56.07109285387163,56.034548639708724
6382,sub-50,pain,2,21,9,1,47.0,0.3,0.125,0,22.0,1.400979465,46.366000725440834,40.730021384719464,40.76687836791112
6383,sub-50,pain,2,22,10,1,47.0,0.7,0.125,0,11.66666667,1.100733992,45.447157815199546,52.00544466661573,51.96845519819506
6384,sub-50,pain,2,23,11,1,47.0,0.7,0.05,1,31.66666667,2.468465017,44.52831490495825,51.05776189809356,51.09503880083037
6385,sub-50,pain,2,24,12,2,48.0,0.3,0.125,0,61.33333333,1.317622625,57.97672620199367,52.30345951444789,52.34058232034891
6386,sub-50,pain,3,1,1,1,47.0,0.7,0.05,-1,76.0,1.868272943,52.67773359534865,57.8248756094727,57.86213350980284
6387,sub-50,pain,3,2,2,2,48.0,0.7,0.125,-1,64.66666667,2.034798778,66.12614489238406,71.97663107082566,71.94015461720132
6388,sub-50,pain,3,3,3,2,48.0,0.3,0.05,0,20.66666667,1.567641518,65.20730198214278,58.94400201222585,58.90744895771016
6389,sub-50,pain,3,4,4,1,47.0,0.3,0.05,0,9.0,1.450972172,49.92120486462478,43.59831099614069,43.561212816826405
6390,sub-50,pain,3,5,5,2,48.0,0.3,0.05,-1,14.66666667,1.234406358,63.3696161616602,56.23676401412649,56.19971201890075
6391,sub-50,pain,3,6,6,1,47.0,0.3,0.125,-1,2.666666667,2.318405102,48.0835190441422,41.5832638864875,41.619809457587664
6392,sub-50,pain,3,7,7,2,48.0,0.3,0.125,-1,32.0,2.88531888,61.53193034117761,55.04282845939429,55.07977950424843
6393,sub-50,pain,3,8,8,1,47.0,0.3,0.05,-1,9.333333333,2.801907304,46.245833223659616,39.00494655486297,38.96720978379401
6394,sub-50,pain,3,9,9,1,47.0,0.7,0.05,0,24.33333333,1.751308457,45.32699031341833,51.101481391680224,51.13853997749733
6395,sub-50,pain,3,10,10,1,47.0,0.7,0.125,-1,23.33333333,1.784612255,44.40814740317704,50.02949750361622,49.99198714653713
6396,sub-50,pain,3,11,11,2,48.0,0.7,0.05,0,70.33333333,1.317604276,57.85655870021246,63.61798274299784,63.655376977046615
6397,sub-50,pain,3,12,12,2,48.0,0.7,0.05,-1,44.66666667,2.285066161,56.937715789971165,61.853807966487665,61.89077308534869
6398,sub-50,vision,3,13,1,2,0.6,0.3,0.05,0,37.33333333,1.934737169,62.40067749422852,56.629487012817,56.290474090560636
6399,sub-50,vision,3,14,2,1,0.5,0.7,0.125,-1,27.0,1.467740074,50.58754256812103,55.66665906326161,55.33357777244278
6400,sub-50,vision,3,15,3,2,0.6,0.7,0.125,-1,33.33333333,2.7353193,62.5257386836068,67.6671131191147,67.3337472113353
6401,sub-50,vision,3,16,4,2,0.6,0.7,0.05,0,30.33333333,1.90138983,62.58826927829594,66.75277827559566,67.09181876621003
6402,sub-50,vision,3,17,5,1,0.5,0.3,0.05,-1,24.0,1.501024591,50.77513435218845,44.76806556625898,44.43239436365516
6403,sub-50,vision,3,18,6,1,0.5,0.7,0.05,0,23.0,1.467719548,50.837664946877595,54.92265649874716,55.261030472060646
6404,sub-50,vision,3,19,7,1,0.5,0.3,0.05,0,26.0,1.267593531,50.90019554156673,45.02647494130794,44.685527322735446
6405,sub-50,vision,3,20,8,2,0.6,0.3,0.125,-1,25.0,2.451644555,62.8383916570525,57.99804126701491,58.340208425176634
6406,sub-50,vision,3,21,9,1,0.5,0.7,0.05,-1,26.66666667,1.617693316,51.02525673094502,54.9481342553725,55.29019942088559
6407,sub-50,vision,3,22,10,1,0.5,0.3,0.125,-1,37.33333333,1.667888484,51.08778732563415,46.167919490166405,46.509420131027255
6408,sub-50,vision,3,23,11,2,0.6,0.3,0.05,-1,46.0,2.335120757,63.02598344111992,57.052406753786364,56.71486571045291
6409,sub-50,vision,3,24,12,2,0.6,0.7,0.05,-1,51.66666667,2.368486134,63.08851403580906,67.0621431638953,67.4032896229402
6411,sub-50,vision,4,2,2,1,0.5,0.7,0.125,0,45.0,1.918061322,51.77930993070259,56.89671968234608,56.55853895489122
6413,sub-50,vision,4,4,4,2,0.6,0.3,0.125,0,49.66666667,2.518491001,63.7800366408775,59.000992180759944,59.33932808130089
6414,sub-50,vision,4,5,5,1,0.5,0.7,0.125,1,24.0,1.284571048,51.96690171477001,58.23305091825773,57.89632719507522
6415,sub-50,vision,4,6,6,1,0.5,0.3,0.125,1,26.0,1.317561047,52.02943230945915,48.336869360818504,48.67694688259238
6416,sub-50,vision,4,7,7,1,0.5,0.3,0.05,1,22.0,1.768019757,52.09196290414829,47.27767999492024,46.938683404706566
6417,sub-50,vision,4,8,8,2,0.6,0.7,0.05,1,49.0,1.76792739,64.03015901963406,69.2310930345474,69.57081637450533
6418,sub-50,vision,4,9,9,2,0.6,0.3,0.125,1,25.66666667,3.719266387,64.09268961432319,60.45087826934131,60.790037084647
6419,sub-50,vision,4,10,10,1,0.5,0.3,0.125,0,24.0,1.117473594,52.27955468821571,47.397980109250874,47.734381313475694
6420,sub-50,vision,4,11,11,2,0.6,0.3,0.05,1,23.0,1.334336725,64.21775080370148,59.4484663297779,59.10823398834222
6421,sub-50,vision,4,12,12,1,0.5,0.7,0.05,1,29.0,2.234948431,52.404615877594,57.514526110368614,57.85294884351804
6422,sub-50,pain,4,13,1,1,47.0,0.3,0.05,1,75.0,2.235177639,51.63872318332614,45.9602363943429,45.923382461573894
6423,sub-50,pain,4,14,2,1,47.0,0.7,0.125,1,29.0,1.317533679,50.71988027308485,57.92785056468533,57.8912928714285
6424,sub-50,pain,4,15,3,2,48.0,0.3,0.05,1,57.33333333,1.717800331,64.16829157012027,58.47673774566051,58.440219461123164
6425,sub-50,pain,4,16,4,1,47.0,0.7,0.05,1,18.66666667,1.000761018,48.88219445260227,55.3495332330608,55.3869757164678
6426,sub-50,pain,4,17,5,1,47.0,0.3,0.125,1,23.66666667,2.952078867,47.96335154236098,42.88017439643233,42.91718385269859
6427,sub-50,pain,4,18,6,1,47.0,0.7,0.125,0,20.0,1.451038415,47.044508632119694,53.46802633681543,53.43099297249801
6428,sub-50,pain,4,19,7,1,47.0,0.3,0.125,0,4.333333333,3.002231118,46.1256657218784,40.30647661174079,40.34315004799109
6429,sub-50,pain,4,20,8,2,48.0,0.7,0.05,1,28.0,1.601153687,59.57407701891382,65.97990814120004,66.0175466217941
6430,sub-50,pain,4,21,9,2,48.0,0.3,0.125,1,25.0,1.367588897,58.65523410867253,53.510549304571576,53.54775475802489
6431,sub-50,pain,4,22,10,2,48.0,0.7,0.125,0,50.33333333,1.967928385,57.73639119843124,64.09840124495467,64.0615638778243
6432,sub-50,pain,4,23,11,2,48.0,0.3,0.125,0,39.33333333,1.684596052,56.817548288189954,50.93685151988004,50.97372095331738
6433,sub-50,pain,4,24,12,2,48.0,0.7,0.125,1,24.0,1.367778296,55.89870537794866,62.89984614328948,62.863065494085845
6434,sub-50,vision,5,1,1,1,0.5,0.3,0.125,-1,27.66666667,1.317840948,52.908546698595,47.82733484656313,48.17077466985834
6435,sub-50,vision,5,2,2,1,0.5,0.7,0.05,-1,24.33333333,1.951410527,52.97107729328414,56.72110446443895,57.06447472287877
6436,sub-50,vision,5,3,3,2,0.6,0.7,0.05,0,34.33333333,1.667904967,64.9092734087699,68.86641304267127,69.20485635768948
6437,sub-50,vision,5,4,4,1,0.5,0.7,0.125,-1,28.66666667,1.701298645,53.096138482662425,57.9506261093418,57.61599650866536
6438,sub-50,vision,5,5,5,1,0.5,0.7,0.05,0,23.66666667,2.485095768,53.15866907735156,57.03629126582276,57.3740680635401
6439,sub-50,vision,5,6,6,2,0.6,0.7,0.125,-1,39.66666667,1.867969095,65.09686519283733,70.00785759152974,69.67262632913892
6440,sub-50,vision,5,7,7,2,0.6,0.3,0.05,0,27.33333333,1.501119757,65.15939578752646,59.140563764236624,58.79873435310742
6441,sub-50,vision,5,8,8,2,0.6,0.3,0.05,-1,33.0,1.868066127,65.22192638221561,59.052486668192245,58.714982538770265
6442,sub-50,vision,5,9,9,2,0.6,0.3,0.125,-1,29.0,1.917856995,65.28445697690475,60.22523088676023,60.566166779818175
6443,sub-50,vision,5,10,10,1,0.5,0.3,0.05,-1,21.33333333,1.951458732,53.47132205079726,47.222364891343744,46.884194244620886
6444,sub-50,vision,5,11,11,2,0.6,0.7,0.05,-1,42.0,2.134921654,65.40951816628304,69.17577793097091,69.51632721441965
6445,sub-50,vision,5,12,12,1,0.5,0.3,0.05,0,25.66666667,1.434250609,53.59638324017554,47.48077426639269,47.137327203701176
6446,sub-50,pain,5,13,1,2,48.0,0.7,0.05,-1,65.33333333,2.668699884,64.96696697858034,69.91783218781164,69.95524218943208
6447,sub-50,pain,5,14,2,2,48.0,0.3,0.05,0,39.0,2.268288928,64.04812406833905,57.57739401765801,57.540587590678626
6448,sub-50,pain,5,15,3,2,48.0,0.3,0.125,-1,26.33333333,2.001478185,63.12928115809776,56.50541012959399,56.54231727855138
6449,sub-50,pain,5,16,4,1,47.0,0.7,0.05,-1,16.33333333,1.150813468,47.843184040579764,52.686014728548116,52.72273995432535
6450,sub-50,pain,5,17,5,1,47.0,0.7,0.125,-1,16.33333333,1.150736029,46.924341130338476,52.435142395405094,52.397657967951574
6451,sub-50,pain,5,18,6,1,47.0,0.3,0.05,0,23.0,2.134896152,46.00549822009719,39.4025133368053,39.3649523084604
6452,sub-50,pain,5,19,7,1,47.0,0.7,0.05,0,25.66666667,1.784586442,45.08665530985589,50.677936618701565,50.7148116575773
6453,sub-50,pain,5,20,8,2,48.0,0.3,0.05,-1,40.66666667,1.934731882,58.53506660689131,51.09790313320191,51.06031846342326
6454,sub-50,pain,5,21,9,1,47.0,0.3,0.05,-1,23.33333333,1.867865221,43.248969489373316,35.75221211711675,35.71408232253951
6455,sub-50,pain,5,22,10,2,48.0,0.7,0.125,-1,60.66666667,1.467777395,56.697380786408736,62.12245408195516,62.08509582616637
6456,sub-50,pain,5,23,11,1,47.0,0.3,0.125,-1,22.0,2.184891969,41.41128366889073,34.55827656238455,34.59414980788719
6457,sub-50,pain,5,24,12,2,48.0,0.7,0.05,0,35.66666667,1.901419686,54.85969496592615,60.365248305251626,60.4022495157921
6458,sub-50,vision,6,1,1,1,0.5,0.3,0.125,0,25.33333333,2.685437309,54.10031406117656,49.0573954656476,49.39573585230678
6459,sub-50,vision,6,2,2,2,0.6,0.3,0.05,1,53.0,1.63452093,66.03851017666233,61.10788168617463,60.7695885271733
6460,sub-50,vision,6,3,3,2,0.6,0.7,0.05,1,42.0,2.201648676,66.10104077135146,71.11761809628358,71.45801243966059
6461,sub-50,vision,6,4,4,1,0.5,0.7,0.125,0,32.0,1.417543973,54.28790584524398,59.18068672842627,58.8409576911138
6462,sub-50,vision,6,5,5,2,0.6,0.3,0.125,1,25.66666667,2.151573243,66.22610196072975,62.394180757412336,62.7336935313833
6463,sub-50,vision,6,6,6,2,0.6,0.3,0.125,0,26.33333333,1.284122585,66.28863255541889,61.28495922684012,61.62174681752348
6464,sub-50,vision,6,7,7,1,0.5,0.7,0.05,1,26.33333333,1.751264295,54.475497629311405,59.40105117210479,59.74014490867331
6465,sub-50,vision,6,8,8,2,0.6,0.7,0.125,0,28.66666667,2.001442731,66.41369374479717,71.35147306328393,71.01050827474945
6466,sub-50,vision,6,9,9,2,0.6,0.7,0.125,1,25.66666667,2.701789715,66.47622433948631,72.57424944652585,72.23537575177137
6467,sub-50,vision,6,10,10,1,0.5,0.3,0.125,1,25.33333333,1.601223663,54.66308941337882,50.734391259568405,51.072286381977065
6468,sub-50,vision,6,11,11,1,0.5,0.3,0.05,1,24.33333333,1.117458977,54.72562000806796,49.67520189367014,49.33402290409124
6469,sub-50,vision,6,12,12,1,0.5,0.7,0.125,1,22.33333333,2.234966469,54.7881506027571,60.800905096012215,60.46104783920304
6470,sub-50,pain,6,13,1,2,48.0,0.7,0.125,0,68.33333333,2.435015981,63.92795656655784,70.2762990231003,70.23976688768471
6471,sub-50,pain,6,14,2,1,47.0,0.7,0.05,1,26.33333333,1.484399749,48.641859449039835,54.92598846008214,54.96324739654777
6472,sub-50,pain,6,15,3,1,47.0,0.7,0.125,1,27.66666667,1.167454172,47.72301653879855,54.67511612693912,54.63816541017399
6473,sub-50,pain,6,16,4,1,47.0,0.7,0.125,0,22.33333333,2.268210245,46.80417362855726,53.04448156383676,53.00726465257798
6474,sub-50,pain,6,17,5,2,48.0,0.7,0.05,1,23.66666667,2.284984679,60.25258492559268,66.49942658981057,66.53695134898555
6475,sub-50,pain,6,18,6,2,48.0,0.7,0.125,1,25.0,1.534401164,59.33374201535139,66.24855425666755,66.21186936261178
6476,sub-50,pain,6,19,7,1,47.0,0.3,0.05,1,9.333333333,1.050748127,44.047644897833386,37.99218584865077,37.95458976476193
6477,sub-50,pain,6,20,8,1,47.0,0.3,0.125,1,0.0,0.817275082,43.1288019875921,37.741313515507755,37.77779029722111
6478,sub-50,pain,6,21,9,1,47.0,0.3,0.125,0,15.66666667,1.300848503,42.20995907735081,36.110678952405394,36.14688953962509
6479,sub-50,pain,6,22,10,2,48.0,0.3,0.05,1,26.33333333,2.268316918,55.65837037438623,49.5656239783792,49.528293717199716
6480,sub-50,pain,6,23,11,2,48.0,0.3,0.125,1,38.33333333,1.751412953,54.73952746414494,49.314751645236186,49.35149424965889
