source_row,participant,modality,block,trial_num,trial_within_modality,stim_level,stim_value,cue_mean,cue_std,cue_sk,rating,RT
2,sub-01,pain,1,1,1,2,48.0,0.3,0.05,-1,77.33333333,3.4024956
3,sub-01,pain,1,2,2,1,47.0,0.3,0.05,-1,56.33333333,3.53582006
5,sub-01,pain,1,4,4,1,47.0,0.7,0.125,-1,37.33333333,2.368392735
6,sub-01,pain,1,5,5,1,47.0,0.3,0.125,-1,62.66666667,2.251553219
7,sub-01,pain,1,6,6,2,48.0,0.7,0.05,0,79.33333333,2.418417942
8,sub-01,pain,1,7,7,1,47.0,0.7,0.05,0,85.0,2.201597366
9,sub-01,pain,1,8,8,1,47.0,0.3,0.05,0,68.66666667,2.768586302
10,sub-01,pain,1,9,9,2,48.0,0.3,0.125,-1,84.0,2.134868582
11,sub-01,pain,1,10,10,1,47.0,0.7,0.05,-1,69.66666667,2.485161654
12,sub-01,pain,1,11,11,2,48.0,0.3,0.05,0,66.0,2.00139422
13,sub-01,pain,1,12,12,2,48.0,0.7,0.125,-1,76.33333333,2.018108371
14,sub-01,vision,1,13,1,2,0.6,0.3,0.05,0,79.66666667,1.934667302
15,sub-01,vision,1,14,2,1,0.5,0.3,0.05,-1,73.33333333,2.218297211
16,sub-01,vision,1,15,3,2,0.6,0.7,0.125,-1,60.33333333,2.818661269
17,sub-01,vision,1,16,4,2,0.6,0.3,0.125,-1,73.0,2.718647554
18,sub-01,vision,1,17,5,1,0.5,0.3,0.125,-1,53.33333333,2.301547637
19,sub-01,vision,1,18,6,2,0.6,0.7,0.05,-1,61.66666667,2.685322815
20,sub-01,vision,1,19,7,1,0.5,0.7,0.125,-1,60.66666667,2.685268079
21,sub-01,vision,1,20,8,2,0.6,0.7,0.05,0,88.33333333,1.817884699
22,sub-01,vision,1,21,9,1,0.5,0.3,0.05,0,51.33333333,3.068801609
23,sub-01,vision,1,22,10,1,0.5,0.7,0.05,0,63.33333333,2.418313756
24,sub-01,vision,1,23,11,2,0.6,0.3,0.05,-1,73.66666667,3.218994165
25,sub-01,vision,1,24,12,1,0.5,0.7,0.05,-1,61.0,3.569259869
26,sub-01,vision,2,1,1,2,0.6,0.3,0.05,1,82.66666667,1.434535903
27,sub-01,vision,2,2,2,2,0.6,0.7,0.125,0,82.33333333,2.067993938
28,sub-01,vision,2,3,3,1,0.5,0.3,0.125,0,54.0,2.051505263
29,sub-01,vision,2,4,4,1,0.5,0.7,0.125,1,53.66666667,2.768698885
30,sub-01,vision,2,5,5,2,0.6,0.7,0.125,1,73.66666667,3.319151252
31,sub-01,vision,2,6,6,1,0.5,0.3,0.125,1,46.0,2.685233868
32,sub-01,vision,2,7,7,1,0.5,0.3,0.05,1,39.66666667,2.251605156
33,sub-01,vision,2,8,8,2,0.6,0.3,0.125,1,63.33333333,3.052210614
34,sub-01,vision,2,9,9,1,0.5,0.7,0.125,0,37.0,2.768698263
35,sub-01,vision,2,10,10,1,0.5,0.7,0.05,1,57.33333333,3.952889499
36,sub-01,vision,2,11,11,2,0.6,0.3,0.125,0,67.33333333,2.035159959
37,sub-01,vision,2,12,12,2,0.6,0.7,0.05,1,73.33333333,3.052083725
38,sub-01,pain,2,13,1,1,47.0,0.3,0.05,1,78.0,2.585214866
39,sub-01,pain,2,14,2,1,47.0,0.3,0.125,0,64.0,2.86882736
40,sub-01,pain,2,15,3,1,47.0,0.7,0.125,0,65.33333333,2.334924313
41,sub-01,pain,2,16,4,2,48.0,0.3,0.125,0,71.0,2.418552605
42,sub-01,pain,2,17,5,2,48.0,0.3,0.125,1,73.66666667,2.885469981
43,sub-01,pain,2,18,6,2,48.0,0.7,0.125,0,43.33333333,2.785356123
44,sub-01,pain,2,19,7,1,47.0,0.3,0.125,1,43.66666667,2.9855658
45,sub-01,pain,2,20,8,2,48.0,0.3,0.05,1,67.33333333,2.81860871
46,sub-01,pain,2,21,9,2,48.0,0.7,0.05,1,79.33333333,2.468493531
47,sub-01,pain,2,22,10,1,47.0,0.7,0.05,1,47.0,2.818952056
48,sub-01,pain,2,23,11,2,48.0,0.7,0.125,1,72.0,2.668627946
49,sub-01,pain,2,24,12,1,47.0,0.7,0.125,1,62.0,1.968141011
52,sub-01,vision,3,3,3,2,0.6,0.7,0.05,-1,70.33333333,1.951403223
53,sub-01,vision,3,4,4,2,0.6,0.3,0.125,-1,82.66666667,2.652002119
54,sub-01,vision,3,5,5,1,0.5,0.3,0.125,-1,54.0,1.901375528
55,sub-01,vision,3,6,6,2,0.6,0.7,0.125,-1,43.33333333,2.284923987
56,sub-01,vision,3,7,7,1,0.5,0.3,0.05,0,53.66666667,1.534501102
57,sub-01,vision,3,8,8,2,0.6,0.7,0.05,0,76.33333333,2.485011129
58,sub-01,vision,3,9,9,1,0.5,0.7,0.05,0,79.0,2.318378414
59,sub-01,vision,3,10,10,1,0.5,0.7,0.05,-1,19.66666667,1.717955887
60,sub-01,vision,3,11,11,2,0.6,0.3,0.05,-1,54.66666667,2.201647126
61,sub-01,vision,3,12,12,1,0.5,0.7,0.125,-1,72.33333333,1.834648921
62,sub-01,pain,3,13,1,2,48.0,0.7,0.05,0,66.33333333,2.301865169
63,sub-01,pain,3,14,2,2,48.0,0.3,0.125,-1,35.66666667,2.101565923
64,sub-01,pain,3,15,3,1,47.0,0.7,0.05,0,59.33333333,2.101506211
65,sub-01,pain,3,16,4,2,48.0,0.7,0.05,-1,79.66666667,2.318195545
66,sub-01,pain,3,17,5,1,47.0,0.3,0.05,-1,69.33333333,2.068155659
67,sub-01,pain,3,18,6,1,47.0,0.7,0.125,-1,67.66666667,2.601875525
68,sub-01,pain,3,19,7,1,47.0,0.7,0.05,-1,56.33333333,3.869715269
69,sub-01,pain,3,20,8,1,47.0,0.3,0.125,-1,54.33333333,2.368421347
70,sub-01,pain,3,21,9,1,47.0,0.3,0.05,0,69.0,2.351927696
71,sub-01,pain,3,22,10,2,48.0,0.3,0.05,0,84.33333333,2.518523713
72,sub-01,pain,3,23,11,2,48.0,0.3,0.05,-1,61.0,2.001476946
73,sub-01,pain,3,24,12,2,48.0,0.7,0.125,-1,84.0,1.501022728
74,sub-01,vision,4,1,1,2,0.6,0.3,0.125,0,72.66666667,2.335046537
75,sub-01,vision,4,2,2,2,0.6,0.7,0.05,1,82.0,2.485154501
76,sub-01,vision,4,3,3,1,0.5,0.3,0.125,1,65.0,2.351543609
77,sub-01,vision,4,4,4,1,0.5,0.7,0.125,1,67.0,2.535204588
78,sub-01,vision,4,5,5,2,0.6,0.3,0.125,1,67.0,2.10165176
79,sub-01,vision,4,6,6,2,0.6,0.7,0.125,1,59.66666667,1.634535344
80,sub-01,vision,4,7,7,1,0.5,0.7,0.125,0,58.33333333,2.752073369
81,sub-01,vision,4,8,8,1,0.5,0.3,0.05,1,72.33333333,2.635325287
82,sub-01,vision,4,9,9,2,0.6,0.3,0.05,1,61.66666667,1.701268793
83,sub-01,vision,4,10,10,2,0.6,0.7,0.125,0,71.66666667,1.80131423
84,sub-01,vision,4,11,11,1,0.5,0.3,0.125,0,74.66666667,1.951286908
85,sub-01,vision,4,12,12,1,0.5,0.7,0.05,1,23.0,1.951461691
86,sub-01,pain,4,13,1,2,48.0,0.3,0.125,1,35.33333333,1.768100518
87,sub-01,pain,4,14,2,2,48.0,0.3,0.05,1,45.66666667,1.951400113
88,sub-01,pain,4,15,3,1,47.0,0.7,0.125,0,65.66666667,1.484480561
89,sub-01,pain,4,16,4,2,48.0,0.7,0.125,1,69.0,3.202261354
90,sub-01,pain,4,17,5,1,47.0,0.3,0.125,0,33.33333333,3.135668477
91,sub-01,pain,4,18,6,1,47.0,0.3,0.125,1,66.66666667,2.351615761
92,sub-01,pain,4,19,7,2,48.0,0.7,0.125,0,77.0,2.335012327
93,sub-01,pain,4,20,8,1,47.0,0.3,0.05,1,42.0,2.351753846
94,sub-01,pain,4,21,9,2,48.0,0.7,0.05,1,71.66666667,2.285014488
95,sub-01,pain,4,22,10,1,47.0,0.7,0.125,1,38.66666667,2.184799866
96,sub-01,pain,4,23,11,1,47.0,0.7,0.05,1,76.0,2.701823619
97,sub-01,pain,4,24,12,2,48.0,0.3,0.125,0,75.66666667,3.202363362
98,sub-01,vision,5,1,1,1,0.5,0.3,0.05,-1,91.66666667,1.284121292
99,sub-01,vision,5,2,2,2,0.6,0.7,0.125,-1,100.0,1.184205542
100,sub-01,vision,5,3,3,2,0.6,0.7,0.05,0,95.0,2.368282019
101,sub-01,vision,5,4,4,2,0.6,0.3,0.05,0,73.66666667,1.884728864
102,sub-01,vision,5,5,5,1,0.5,0.3,0.05,0,38.66666667,2.251691304
103,sub-01,vision,5,6,6,2,0.6,0.3,0.05,-1,77.33333333,1.534474356
104,sub-01,vision,5,7,7,2,0.6,0.7,0.05,-1,80.0,2.385063035
105,sub-01,vision,5,8,8,1,0.5,0.7,0.05,0,51.66666667,2.218301876
106,sub-01,vision,5,9,9,1,0.5,0.7,0.125,-1,60.66666667,2.151822204
107,sub-01,vision,5,10,10,1,0.5,0.3,0.125,-1,72.33333333,2.285006091
108,sub-01,vision,5,11,11,2,0.6,0.3,0.125,-1,82.0,1.217455019
109,sub-01,vision,5,12,12,1,0.5,0.7,0.05,-1,66.0,2.885511344
110,sub-01,pain,5,13,1,2,48.0,0.3,0.05,-1,91.0,2.134891907
111,sub-01,pain,5,14,2,1,47.0,0.7,0.05,0,50.66666667,3.168999126
112,sub-01,pain,5,15,3,2,48.0,0.3,0.05,0,68.33333333,2.401761637
113,sub-01,pain,5,16,4,2,48.0,0.3,0.125,-1,71.0,2.351767841
114,sub-01,pain,5,17,5,1,47.0,0.3,0.05,-1,58.66666667,3.152497699
115,sub-01,pain,5,18,6,2,48.0,0.7,0.125,-1,59.66666667,3.235703963
116,sub-01,pain,5,19,7,1,47.0,0.3,0.125,-1,48.0,1.968146609
117,sub-01,pain,5,20,8,1,47.0,0.7,0.05,-1,41.0,2.90200033
118,sub-01,pain,5,21,9,1,47.0,0.3,0.05,0,72.33333333,2.318393653
119,sub-01,pain,5,22,10,2,48.0,0.7,0.05,-1,78.33333333,2.034953765
120,sub-01,pain,5,23,11,2,48.0,0.7,0.05,0,76.0,4.469951506
121,sub-01,pain,5,24,12,1,47.0,0.7,0.125,-1,72.0,2.551811444
122,sub-01,pain,6,1,1,1,47.0,0.3,0.125,0,82.66666667,2.468336786
123,sub-01,pain,6,2,2,1,47.0,0.3,0.05,1,33.66666667,2.568586862
124,sub-01,pain,6,3,3,2,48.0,0.3,0.125,0,72.0,3.268921096
125,sub-01,pain,6,4,4,1,47.0,0.7,0.125,0,70.66666667,2.835495467
126,sub-01,pain,6,5,5,2,48.0,0.3,0.125,1,35.33333333,2.034705275
127,sub-01,pain,6,6,6,2,48.0,0.3,0.05,1,85.66666667,2.768685823
128,sub-01,pain,6,7,7,2,48.0,0.7,0.125,1,92.0,1.434395642
129,sub-01,pain,6,8,8,2,48.0,0.7,0.05,1,83.66666667,1.434388489
130,sub-01,pain,6,9,9,1,47.0,0.3,0.125,1,49.0,1.90117742
131,sub-01,pain,6,10,10,2,48.0,0.7,0.125,0,72.66666667,1.934833998
132,sub-01,pain,6,11,11,1,47.0,0.7,0.125,1,58.33333333,2.435216686
133,sub-01,pain,6,12,12,1,47.0,0.7,0.05,1,58.66666667,2.435112189
134,sub-01,vision,6,13,1,2,0.6,0.3,0.05,1,79.66666667,2.451779379
135,sub-01,vision,6,14,2,1,0.5,0.7,0.05,1,76.0,2.234817609
136,sub-01,vision,6,15,3,2,0.6,0.7,0.05,1,78.66666667,2.768586924
137,sub-01,vision,6,16,4,2,0.6,0.7,0.125,0,79.33333333,2.134887242
138,sub-01,vision,6,17,5,1,0.5,0.7,0.125,1,78.0,2.95213532
139,sub-01,vision,6,18,6,1,0.5,0.3,0.125,0,79.33333333,1.868075047
140,sub-01,vision,6,19,7,2,0.6,0.3,0.125,0,92.33333333,2.168226287
141,sub-01,vision,6,20,8,1,0.5,0.7,0.125,0,33.33333333,1.851355298
142,sub-01,vision,6,21,9,2,0.6,0.7,0.125,1,77.33333333,2.101560947
143,sub-01,vision,6,22,10,1,0.5,0.3,0.05,1,89.0,3.002056031
144,sub-01,vision,6,23,11,2,0.6,0.3,0.125,1,37.33333333,2.585165728
145,sub-01,vision,6,24,12,1,0.5,0.3,0.125,1,62.0,1.500977322
146,sub-02,vision,1,1,1,2,0.6,0.7,0.05,-1,81.33333333,1.984646575
147,sub-02,vision,1,2,2,1,0.5,0.7,0.125,-1,73.33333333,1.901256718
148,sub-02,vision,1,3,3,2,0.6,0.3,0.05,0,51.0,2.735322922
149,sub-02,vision,1,4,4,2,0.6,0.3,0.05,-1,54.33333333,2.885373972
150,sub-02,vision,1,5,5,1,0.5,0.7,0.05,-1,39.66666667,3.836162341
151,sub-02,vision,1,6,6,1,0.5,0.3,0.05,0,40.0,2.551867412
152,sub-02,vision,1,7,7,1,0.5,0.3,0.05,-1,64.33333333,2.501789958
153,sub-02,vision,1,8,8,2,0.6,0.3,0.125,-1,56.33333333,2.485196267
154,sub-02,vision,1,9,9,1,0.5,0.3,0.125,-1,32.66666667,2.768473294
155,sub-02,vision,1,10,10,2,0.6,0.7,0.05,0,65.66666667,3.168808987
156,sub-02,vision,1,11,11,1,0.5,0.7,0.05,0,73.66666667,3.119092914
157,sub-02,vision,1,12,12,2,0.6,0.7,0.125,-1,82.33333333,2.56849749
158,sub-02,pain,1,13,1,2,48.0,0.7,0.05,-1,52.66666667,3.118876458
159,sub-02,pain,1,14,2,1,47.0,0.7,0.05,-1,31.0,2.368347215
160,sub-02,pain,1,15,3,2,48.0,0.7,0.05,0,61.66666667,2.668657686
161,sub-02,pain,1,16,4,1,47.0,0.7,0.125,-1,34.33333333,2.268245487
162,sub-02,pain,1,17,5,2,48.0,0.7,0.125,-1,51.0,2.518470106
170,sub-02,pain,2,1,1,2,48.0,0.7,0.125,0,82.33333333,3.402814981
171,sub-02,pain,2,2,2,1,47.0,0.7,0.125,0,0.0,2.218312336
172,sub-02,pain,2,3,3,2,48.0,0.7,0.05,1,57.66666667,2.901958955
173,sub-02,pain,2,4,4,2,48.0,0.7,0.125,1,69.33333333,2.551891359
174,sub-02,pain,2,5,5,2,48.0,0.3,0.05,1,44.33333333,2.935500565
175,sub-02,pain,2,6,6,2,48.0,0.3,0.125,1,26.33333333,2.868765354
176,sub-02,pain,2,7,7,1,47.0,0.3,0.125,0,15.0,3.71923616
177,sub-02,pain,2,8,8,1,47.0,0.3,0.125,1,8.666666667,3.068906921
178,sub-02,pain,2,9,9,1,47.0,0.7,0.05,1,13.66666667,2.601866184
179,sub-02,pain,2,10,10,1,47.0,0.7,0.125,1,26.66666667,3.585797149
180,sub-02,pain,2,11,11,2,48.0,0.3,0.125,0,51.33333333,3.252345947
181,sub-02,pain,2,12,12,1,47.0,0.3,0.05,1,31.66666667,3.219098543
182,sub-02,vision,2,13,1,1,0.5,0.3,0.05,1,55.0,3.018756692
183,sub-02,vision,2,14,2,1,0.5,0.7,0.125,1,77.66666667,2.585143739
184,sub-02,vision,2,15,3,2,0.6,0.7,0.125,1,89.66666667,2.268182976
185,sub-02,vision,2,16,4,2,0.6,0.3,0.125,0,53.66666667,2.518365921
186,sub-02,vision,2,17,5,2,0.6,0.3,0.125,1,47.33333333,2.768673889
187,sub-02,vision,2,18,6,1,0.5,0.7,0.05,1,60.66666667,3.085588935
188,sub-02,vision,2,19,7,1,0.5,0.3,0.125,0,63.33333333,2.718644328
189,sub-02,vision,2,20,8,1,0.5,0.7,0.125,0,74.0,2.71847079
190,sub-02,vision,2,21,9,2,0.6,0.7,0.05,1,88.0,2.66845678
191,sub-02,vision,2,22,10,2,0.6,0.3,0.05,1,82.66666667,2.118236421
192,sub-02,vision,2,23,11,1,0.5,0.3,0.125,1,37.66666667,2.368426831
193,sub-02,vision,2,24,12,2,0.6,0.7,0.125,0,93.66666667,2.585415553
194,sub-02,vision,3,1,1,1,0.5,0.7,0.05,-1,63.0,2.618841782
195,sub-02,vision,3,2,2,2,0.6,0.7,0.05,-1,89.0,3.302384216
196,sub-02,vision,3,3,3,2,0.6,0.3,0.05,-1,78.33333333,2.768672334
197,sub-02,vision,3,4,4,1,0.5,0.3,0.125,-1,30.33333333,2.518384581
198,sub-02,vision,3,5,5,2,0.6,0.3,0.125,-1,43.66666667,3.002185705
199,sub-02,vision,3,6,6,1,0.5,0.7,0.125,-1,58.33333333,2.918879817
200,sub-02,vision,3,7,7,2,0.6,0.7,0.125,-1,84.66666667,4.036215584
201,sub-02,vision,3,8,8,1,0.5,0.3,0.05,-1,43.33333333,3.335742336
202,sub-02,vision,3,9,9,1,0.5,0.7,0.05,0,63.66666667,2.78530521
203,sub-02,vision,3,10,10,1,0.5,0.3,0.05,0,31.0,3.252430228
204,sub-02,vision,3,11,11,2,0.6,0.7,0.05,0,67.0,2.78560066
205,sub-02,vision,3,12,12,2,0.6,0.3,0.05,0,82.0,2.351723357
206,sub-02,pain,3,13,1,2,48.0,0.7,0.05,-1,93.0,3.352264807
207,sub-02,pain,3,14,2,1,47.0,0.7,0.05,-1,24.0,2.335007755
208,sub-02,pain,3,15,3,2,48.0,0.7,0.125,-1,63.66666667,3.252385755
209,sub-02,pain,3,16,4,1,47.0,0.3,0.05,-1,27.66666667,2.551730883
210,sub-02,pain,3,17,5,2,48.0,0.3,0.05,-1,59.0,2.718662988
211,sub-02,pain,3,18,6,1,47.0,0.7,0.05,0,0.333333333,3.869500246
212,sub-02,pain,3,19,7,2,48.0,0.3,0.05,0,55.0,3.652671688
213,sub-02,pain,3,20,8,1,47.0,0.3,0.125,-1,21.0,3.719254198
214,sub-02,pain,3,21,9,1,47.0,0.7,0.125,-1,34.33333333,3.969492813
217,sub-02,pain,3,24,12,2,48.0,0.3,0.125,-1,38.33333333,2.402003894
218,sub-02,pain,4,1,1,1,47.0,0.7,0.125,1,64.0,3.369462148
219,sub-02,pain,4,2,2,2,48.0,0.7,0.125,1,78.33333333,2.935335424
220,sub-02,pain,4,3,3,1,47.0,0.7,0.125,0,0.0,2.034814531
221,sub-02,pain,4,4,4,2,48.0,0.3,0.05,1,43.66666667,3.052222107
222,sub-02,pain,4,5,5,2,48.0,0.3,0.125,0,29.0,3.13584397
223,sub-02,pain,4,6,6,1,47.0,0.3,0.125,0,16.66666667,3.018779706
224,sub-02,pain,4,7,7,2,48.0,0.7,0.05,1,0.0,2.134847217
225,sub-02,pain,4,8,8,1,47.0,0.3,0.125,1,15.0,2.651952657
226,sub-02,pain,4,9,9,2,48.0,0.3,0.125,1,48.0,3.068922782
227,sub-02,pain,4,10,10,1,47.0,0.7,0.05,1,16.0,3.669403773
228,sub-02,pain,4,11,11,2,48.0,0.7,0.125,0,57.0,2.66867448
229,sub-02,pain,4,12,12,1,47.0,0.3,0.05,1,23.66666667,3.502456741
230,sub-02,vision,4,13,1,1,0.5,0.7,0.125,1,75.66666667,2.235002748
231,sub-02,vision,4,14,2,1,0.5,0.3,0.05,1,84.66666667,2.701961381
232,sub-02,vision,4,15,3,2,0.6,0.3,0.125,1,94.0,2.768639679
233,sub-02,vision,4,16,4,2,0.6,0.3,0.125,0,97.66666667,2.401759449
234,sub-02,vision,4,17,5,1,0.5,0.7,0.125,0,51.0,3.035474472
235,sub-02,vision,4,18,6,2,0.6,0.3,0.05,1,96.66666667,2.935409131
236,sub-02,vision,4,19,7,1,0.5,0.3,0.125,0,57.66666667,3.469149003
238,sub-02,vision,4,21,9,2,0.6,0.7,0.05,1,96.0,2.58511606
239,sub-02,vision,4,22,10,2,0.6,0.7,0.125,0,97.0,2.418273523
240,sub-02,vision,4,23,11,2,0.6,0.7,0.125,1,97.66666667,2.368248317
241,sub-02,vision,4,24,12,1,0.5,0.3,0.125,1,40.0,2.935585156
254,sub-02,vision,5,13,1,2,0.6,0.3,0.125,-1,89.66666667,2.701952362
255,sub-02,vision,5,14,2,2,0.6,0.3,0.05,0,58.0,2.435075895
256,sub-02,vision,5,15,3,1,0.5,0.7,0.05,0,44.66666667,3.252307694
257,sub-02,vision,5,16,4,2,0.6,0.3,0.05,-1,56.66666667,2.718919563
258,sub-02,vision,5,17,5,2,0.6,0.7,0.05,-1,67.66666667,4.002761987
259,sub-02,vision,5,18,6,1,0.5,0.7,0.125,-1,36.33333333,3.035539782
260,sub-02,vision,5,19,7,2,0.6,0.7,0.05,0,93.66666667,2.952221765
261,sub-02,vision,5,20,8,1,0.5,0.3,0.125,-1,47.66666667,3.569078437
264,sub-02,vision,5,23,11,1,0.5,0.3,0.05,-1,91.66666667,3.168944583
265,sub-02,vision,5,24,12,1,0.5,0.3,0.05,0,85.0,3.118865262
266,sub-02,pain,6,1,1,1,47.0,0.3,0.125,1,36.0,3.285606724
269,sub-02,pain,6,4,4,2,48.0,0.3,0.125,1,64.33333333,2.635204089
270,sub-02,pain,6,5,5,1,47.0,0.3,0.125,0,0.666666667,1.784571251
271,sub-02,pain,6,6,6,2,48.0,0.7,0.125,0,34.0,3.168845374
272,sub-02,pain,6,7,7,1,47.0,0.3,0.05,1,15.33333333,3.619280602
273,sub-02,pain,6,8,8,2,48.0,0.3,0.05,1,68.0,3.502742238
274,sub-02,pain,6,9,9,2,48.0,0.7,0.05,1,71.0,3.102250424
275,sub-02,pain,6,10,10,1,47.0,0.7,0.125,0,30.66666667,3.185529254
276,sub-02,pain,6,11,11,1,47.0,0.7,0.05,1,14.33333333,3.335620735
277,sub-02,pain,6,12,12,2,48.0,0.7,0.125,1,0.0,2.852045708
278,sub-02,vision,6,13,1,1,0.5,0.7,0.125,1,66.66666667,3.168986568
279,sub-02,vision,6,14,2,1,0.5,0.7,0.125,0,75.33333333,2.151436864
280,sub-02,vision,6,15,3,2,0.6,0.3,0.05,1,94.0,3.068882663
281,sub-02,vision,6,16,4,2,0.6,0.7,0.125,0,97.0,2.918753551
282,sub-02,vision,6,17,5,1,0.5,0.7,0.05,1,55.0,3.135552253
283,sub-02,vision,6,18,6,2,0.6,0.3,0.125,0,93.33333333,2.118098959
284,sub-02,vision,6,19,7,1,0.5,0.3,0.125,0,82.33333333,3.202334425
285,sub-02,vision,6,20,8,1,0.5,0.3,0.05,1,30.0,3.452701482
286,sub-02,vision,6,21,9,2,0.6,0.7,0.05,1,78.0,3.268872462
287,sub-02,vision,6,22,10,2,0.6,0.7,0.125,1,97.0,3.419157073
288,sub-02,vision,6,23,11,2,0.6,0.3,0.125,1,67.0,3.202356506
289,sub-02,vision,6,24,12,1,0.5,0.3,0.125,1,44.66666667,3.402486566
290,sub-03,pain,1,1,1,2,48.0,0.3,0.05,-1,62.0,4.152898087
291,sub-03,pain,1,2,2,2,48.0,0.7,0.125,-1,70.0,3.619299202
292,sub-03,pain,1,3,3,1,47.0,0.3,0.05,0,65.0,1.984783774
296,sub-03,pain,1,7,7,1,47.0,0.3,0.05,-1,58.0,2.701947691
298,sub-03,pain,1,9,9,1,47.0,0.7,0.125,-1,72.33333333,4.16983258
299,sub-03,pain,1,10,10,2,48.0,0.3,0.125,-1,42.66666667,4.3198757
301,sub-03,pain,1,12,12,2,48.0,0.7,0.05,-1,75.0,2.185010243
302,sub-03,vision,1,13,1,1,0.5,0.3,0.05,0,42.0,3.335805357
303,sub-03,vision,1,14,2,2,0.6,0.7,0.125,-1,58.33333333,4.286394217
304,sub-03,vision,1,15,3,2,0.6,0.3,0.05,0,45.66666667,3.352120342
305,sub-03,vision,1,16,4,2,0.6,0.3,0.125,-1,51.66666667,3.585980683
306,sub-03,vision,1,17,5,2,0.6,0.7,0.05,0,48.0,3.485843812
308,sub-03,vision,1,19,7,2,0.6,0.7,0.05,-1,37.33333333,3.585856283
309,sub-03,vision,1,20,8,1,0.5,0.7,0.125,-1,36.66666667,4.303169791
310,sub-03,vision,1,21,9,1,0.5,0.7,0.05,-1,40.0,3.669334827
311,sub-03,vision,1,22,10,2,0.6,0.3,0.05,-1,43.33333333,4.102916887
313,sub-03,vision,1,24,12,1,0.5,0.7,0.05,0,46.66666667,3.786116029
314,sub-03,vision,2,1,1,2,0.6,0.3,0.125,1,46.66666667,3.602577121
315,sub-03,vision,2,2,2,2,0.6,0.7,0.125,0,61.66666667,4.486611668
318,sub-03,vision,2,5,5,2,0.6,0.7,0.05,1,60.0,4.102994947
319,sub-03,vision,2,6,6,2,0.6,0.3,0.125,0,55.0,3.135522286
322,sub-03,vision,2,9,9,1,0.5,0.7,0.125,0,44.66666667,2.935538396
323,sub-03,vision,2,10,10,2,0.6,0.3,0.05,1,54.0,3.285580334
324,sub-03,vision,2,11,11,2,0.6,0.7,0.125,1,61.0,3.886121658
326,sub-03,pain,2,13,1,1,47.0,0.7,0.05,1,55.66666667,3.936467349
329,sub-03,pain,2,16,4,1,47.0,0.3,0.05,1,67.33333333,3.052050274
330,sub-03,pain,2,17,5,2,48.0,0.3,0.05,1,70.33333333,3.45235611
332,sub-03,pain,2,19,7,2,48.0,0.3,0.125,1,50.0,3.369347796
333,sub-03,pain,2,20,8,1,47.0,0.3,0.125,1,44.66666667,3.936212641
335,sub-03,pain,2,22,10,1,47.0,0.3,0.125,0,59.66666667,4.136364781
337,sub-03,pain,2,24,12,2,48.0,0.7,0.125,1,48.33333333,4.436546187
341,sub-03,pain,3,4,4,1,47.0,0.3,0.05,0,45.0,3.736014784
342,sub-03,pain,3,5,5,2,48.0,0.7,0.05,0,68.0,3.902807042
343,sub-03,pain,3,6,6,2,48.0,0.3,0.05,0,57.33333333,4.453242766
346,sub-03,pain,3,9,9,2,48.0,0.7,0.05,-1,77.33333333,3.335779544
347,sub-03,pain,3,10,10,1,47.0,0.7,0.05,0,38.66666667,3.285635381
350,sub-03,vision,3,13,1,1,0.5,0.7,0.125,-1,41.0,3.269001934
351,sub-03,vision,3,14,2,1,0.5,0.7,0.05,-1,57.66666667,3.385651584
352,sub-03,vision,3,15,3,2,0.6,0.3,0.125,-1,51.0,2.701978791
354,sub-03,vision,3,17,5,1,0.5,0.3,0.125,-1,49.33333333,2.852082555
355,sub-03,vision,3,18,6,2,0.6,0.7,0.125,-1,49.66666667,3.735880121
356,sub-03,vision,3,19,7,1,0.5,0.7,0.05,0,47.33333333,3.302443609
357,sub-03,vision,3,20,8,2,0.6,0.7,0.05,0,56.66666667,3.719377294
358,sub-03,vision,3,21,9,1,0.5,0.3,0.05,0,44.33333333,3.302423705
359,sub-03,vision,3,22,10,2,0.6,0.3,0.05,-1,46.0,4.319608552
360,sub-03,vision,3,23,11,2,0.6,0.3,0.05,0,52.66666667,3.252365066
361,sub-03,vision,3,24,12,1,0.5,0.3,0.05,-1,55.33333333,3.102258814
362,sub-03,pain,4,1,1,1,47.0,0.7,0.125,1,47.0,4.402987577
364,sub-03,pain,4,3,3,2,48.0,0.7,0.125,0,21.66666667,2.918857366
366,sub-03,pain,4,5,5,2,48.0,0.7,0.125,1,45.33333333,4.269772589
367,sub-03,pain,4,6,6,2,48.0,0.7,0.05,1,46.0,4.236262183
368,sub-03,pain,4,7,7,1,47.0,0.3,0.125,1,54.0,3.535778363
369,sub-03,pain,4,8,8,2,48.0,0.3,0.125,1,66.0,3.352290458
371,sub-03,pain,4,10,10,1,47.0,0.7,0.05,1,28.66666667,3.902863955
372,sub-03,pain,4,11,11,1,47.0,0.3,0.125,0,26.33333333,3.45255235
374,sub-03,vision,4,13,1,2,0.6,0.7,0.125,0,57.66666667,3.652517269
375,sub-03,vision,4,14,2,1,0.5,0.3,0.05,1,44.66666667,3.569151307
376,sub-03,vision,4,15,3,2,0.6,0.3,0.125,0,46.0,3.502475082
377,sub-03,vision,4,16,4,2,0.6,0.3,0.05,1,45.0,3.452380989
378,sub-03,vision,4,17,5,2,0.6,0.3,0.125,1,57.66666667,3.50241537
379,sub-03,vision,4,18,6,1,0.5,0.7,0.05,1,58.0,3.53572767
382,sub-03,vision,4,21,9,2,0.6,0.7,0.05,1,55.33333333,3.702554449
383,sub-03,vision,4,22,10,1,0.5,0.7,0.125,0,49.66666667,3.919486517
384,sub-03,vision,4,23,11,2,0.6,0.7,0.125,1,70.66666667,4.253121415
385,sub-03,vision,4,24,12,1,0.5,0.3,0.125,0,37.33333333,3.719360811
386,sub-03,vision,5,1,1,2,0.6,0.7,0.05,-1,70.33333333,3.719242942
387,sub-03,vision,5,2,2,1,0.5,0.7,0.125,-1,49.0,3.93629008
389,sub-03,vision,5,4,4,2,0.6,0.3,0.125,-1,61.33333333,4.053149342
390,sub-03,vision,5,5,5,1,0.5,0.7,0.05,-1,45.33333333,3.619166406
391,sub-03,vision,5,6,6,1,0.5,0.3,0.125,-1,40.0,3.385719071
392,sub-03,vision,5,7,7,1,0.5,0.7,0.05,0,53.33333333,3.802796126
393,sub-03,vision,5,8,8,1,0.5,0.3,0.05,-1,42.33333333,3.569048366
394,sub-03,vision,5,9,9,2,0.6,0.3,0.05,-1,52.0,4.469759589
396,sub-03,vision,5,11,11,2,0.6,0.7,0.125,-1,51.0,3.435706491
397,sub-03,vision,5,12,12,2,0.6,0.7,0.05,0,47.66666667,4.102937723
400,sub-03,pain,5,15,3,1,47.0,0.7,0.05,-1,54.66666667,3.569121762
402,sub-03,pain,5,17,5,1,47.0,0.3,0.125,-1,52.0,4.319757832
403,sub-03,pain,5,18,6,2,48.0,0.3,0.05,-1,50.33333333,3.585873077
404,sub-03,pain,5,19,7,2,48.0,0.3,0.125,-1,24.0,3.585903244
405,sub-03,pain,5,20,8,1,47.0,0.3,0.05,-1,14.0,2.48518916
406,sub-03,pain,5,21,9,2,48.0,0.7,0.05,0,50.0,3.168949033
407,sub-03,pain,5,22,10,1,47.0,0.7,0.125,-1,54.0,3.635909013
409,sub-03,pain,5,24,12,2,48.0,0.3,0.05,0,67.0,2.551825888
410,sub-03,pain,6,1,1,2,48.0,0.7,0.125,1,83.33333333,2.968836079
411,sub-03,pain,6,2,2,1,47.0,0.7,0.125,0,51.33333333,4.052993221
412,sub-03,pain,6,3,3,1,47.0,0.7,0.125,1,78.33333333,2.718603218
415,sub-03,pain,6,6,6,1,47.0,0.3,0.125,0,61.33333333,4.002900373
416,sub-03,pain,6,7,7,2,48.0,0.3,0.05,1,78.33333333,2.735183484
417,sub-03,pain,6,8,8,2,48.0,0.7,0.125,0,74.0,3.43577491
419,sub-03,pain,6,10,10,1,47.0,0.7,0.05,1,53.33333333,2.835374158
421,sub-03,pain,6,12,12,2,48.0,0.3,0.125,0,45.33333333,4.152989831
423,sub-03,vision,6,14,2,2,0.6,0.3,0.125,0,52.0,3.33570335
424,sub-03,vision,6,15,3,1,0.5,0.7,0.125,0,54.66666667,3.802602685
425,sub-03,vision,6,16,4,1,0.5,0.3,0.05,1,53.0,3.836117133
426,sub-03,vision,6,17,5,1,0.5,0.7,0.05,1,55.33333333,3.685932198
427,sub-03,vision,6,18,6,2,0.6,0.3,0.05,1,54.66666667,2.801967937
428,sub-03,vision,6,19,7,1,0.5,0.3,0.125,0,50.66666667,3.952888384
431,sub-03,vision,6,22,10,2,0.6,0.7,0.125,0,73.33333333,4.002764466
433,sub-03,vision,6,24,12,2,0.6,0.3,0.125,1,74.0,3.919364294
434,sub-04,pain,1,1,1,1,47.0,0.3,0.125,-1,40.66666667,1.667846288
435,sub-04,pain,1,2,2,1,47.0,0.3,0.05,-1,17.33333333,1.968041067
436,sub-04,pain,1,3,3,2,48.0,0.7,0.05,0,65.33333333,1.451062203
437,sub-04,pain,1,4,4,2,48.0,0.7,0.125,-1,77.33333333,1.517770046
438,sub-04,pain,1,5,5,1,47.0,0.7,0.125,-1,45.0,1.717879891
439,sub-04,pain,1,6,6,2,48.0,0.3,0.05,0,43.0,1.718037568
440,sub-04,pain,1,7,7,2,48.0,0.3,0.05,-1,36.33333333,1.817971978
441,sub-04,pain,1,8,8,2,48.0,0.7,0.05,-1,65.66666667,1.817957361
442,sub-04,pain,1,9,9,1,47.0,0.7,0.05,0,22.66666667,1.76793993
443,sub-04,pain,1,10,10,2,48.0,0.3,0.125,-1,46.66666667,1.53442065
444,sub-04,pain,1,11,11,1,47.0,0.7,0.05,-1,40.33333333,1.38437613
445,sub-04,pain,1,12,12,1,47.0,0.3,0.05,0,27.33333333,1.651354916
446,sub-04,vision,1,13,1,1,0.5,0.3,0.05,-1,33.0,1.484245542
447,sub-04,vision,1,14,2,1,0.5,0.7,0.05,0,59.0,1.500938441
448,sub-04,vision,1,15,3,2,0.6,0.7,0.125,-1,69.33333333,1.68452146
449,sub-04,vision,1,16,4,1,0.5,0.3,0.05,0,36.66666667,1.734580877
450,sub-04,vision,1,17,5,1,0.5,0.7,0.125,-1,65.66666667,1.534393593
451,sub-04,vision,1,18,6,1,0.5,0.7,0.05,-1,76.0,2.168375454
452,sub-04,vision,1,19,7,2,0.6,0.7,0.05,-1,78.33333333,1.184165521
453,sub-04,vision,1,20,8,2,0.6,0.3,0.05,0,41.66666667,1.584391742
454,sub-04,vision,1,21,9,1,0.5,0.3,0.125,-1,46.33333333,1.801289031
455,sub-04,vision,1,22,10,2,0.6,0.3,0.125,-1,64.33333333,1.634397978
456,sub-04,vision,1,23,11,2,0.6,0.3,0.05,-1,76.66666667,1.784603284
457,sub-04,vision,1,24,12,2,0.6,0.7,0.05,0,75.33333333,1.851300553
458,sub-04,pain,2,1,1,2,48.0,0.7,0.125,0,85.0,1.5178677
459,sub-04,pain,2,2,2,1,47.0,0.3,0.125,0,41.0,1.801277524
460,sub-04,pain,2,3,3,1,47.0,0.3,0.05,1,18.0,1.20089854
461,sub-04,pain,2,4,4,1,47.0,0.7,0.125,0,38.0,1.367691628
462,sub-04,pain,2,5,5,2,48.0,0.3,0.125,1,46.33333333,1.534497467
463,sub-04,pain,2,6,6,2,48.0,0.7,0.125,1,63.66666667,1.6681209
464,sub-04,pain,2,7,7,2,48.0,0.3,0.05,1,47.66666667,2.15159112
465,sub-04,pain,2,8,8,2,48.0,0.3,0.125,0,49.66666667,2.401777176
466,sub-04,pain,2,9,9,1,47.0,0.7,0.05,1,36.66666667,1.851215028
467,sub-04,pain,2,10,10,1,47.0,0.7,0.125,1,57.0,2.084786556
468,sub-04,pain,2,11,11,1,47.0,0.3,0.125,1,39.66666667,1.834593659
469,sub-04,pain,2,12,12,2,48.0,0.7,0.05,1,65.66666667,1.701031492
470,sub-04,vision,2,13,1,1,0.5,0.3,0.125,1,41.0,1.501063774
471,sub-04,vision,2,14,2,2,0.6,0.3,0.125,0,66.33333333,1.884728648
472,sub-04,vision,2,15,3,2,0.6,0.7,0.125,0,74.33333333,1.867930631
473,sub-04,vision,2,16,4,1,0.5,0.3,0.05,1,53.66666667,1.567630423
474,sub-04,vision,2,17,5,2,0.6,0.7,0.05,1,74.66666667,1.401143359
475,sub-04,vision,2,18,6,1,0.5,0.3,0.125,0,48.0,1.984745473
476,sub-04,vision,2,19,7,2,0.6,0.3,0.125,1,69.33333333,1.784668905
477,sub-04,vision,2,20,8,1,0.5,0.7,0.125,0,46.33333333,1.784616346
478,sub-04,vision,2,21,9,2,0.6,0.3,0.05,1,66.33333333,2.134987167
479,sub-04,vision,2,22,10,1,0.5,0.7,0.125,1,47.66666667,2.051519248
480,sub-04,vision,2,23,11,1,0.5,0.7,0.05,1,52.66666667,1.834723657
481,sub-04,vision,2,24,12,2,0.6,0.7,0.125,1,74.66666667,1.401043528
506,sub-04,vision,4,1,1,2,0.6,0.7,0.05,1,54.33333333,1.134120411
507,sub-04,vision,4,2,2,1,0.5,0.3,0.05,1,40.0,1.317629101
508,sub-04,vision,4,3,3,1,0.5,0.7,0.125,1,45.66666667,1.350964518
509,sub-04,vision,4,4,4,2,0.6,0.7,0.125,0,60.33333333,1.601059451
510,sub-04,vision,4,5,5,2,0.6,0.7,0.125,1,77.33333333,1.400924415
511,sub-04,vision,4,6,6,2,0.6,0.3,0.125,1,59.0,2.685288385
512,sub-04,vision,4,7,7,1,0.5,0.3,0.125,0,48.33333333,1.651228961
513,sub-04,vision,4,8,8,2,0.6,0.3,0.125,0,74.33333333,1.500908274
514,sub-04,vision,4,9,9,1,0.5,0.7,0.125,0,78.33333333,1.417630376
515,sub-04,vision,4,10,10,1,0.5,0.3,0.125,1,62.0,1.534414119
516,sub-04,vision,4,11,11,2,0.6,0.3,0.05,1,71.33333333,1.234139413
517,sub-04,vision,4,12,12,1,0.5,0.7,0.05,1,38.0,2.30156722
518,sub-04,pain,4,13,1,1,47.0,0.7,0.125,1,19.33333333,1.150907232
519,sub-04,pain,4,14,2,2,48.0,0.7,0.125,0,54.0,1.817851
520,sub-04,pain,4,15,3,2,48.0,0.3,0.125,0,54.33333333,1.751242054
521,sub-04,pain,4,16,4,2,48.0,0.3,0.125,1,50.66666667,2.018125985
522,sub-04,pain,4,17,5,1,47.0,0.3,0.05,1,21.0,1.067298431
523,sub-04,pain,4,18,6,1,47.0,0.3,0.125,0,28.66666667,1.767795626
524,sub-04,pain,4,19,7,1,47.0,0.7,0.125,0,66.33333333,1.350982556
525,sub-04,pain,4,20,8,2,48.0,0.7,0.125,1,84.33333333,1.300897949
526,sub-04,pain,4,21,9,2,48.0,0.7,0.05,1,72.33333333,2.034730872
527,sub-04,pain,4,22,10,1,47.0,0.7,0.05,1,41.33333333,1.918046027
528,sub-04,pain,4,23,11,1,47.0,0.3,0.125,1,36.66666667,1.451016797
529,sub-04,pain,4,24,12,2,48.0,0.3,0.05,1,77.0,1.667831049
554,sub-04,pain,6,1,1,1,47.0,0.3,0.125,1,16.0,2.451658078
555,sub-04,pain,6,2,2,2,48.0,0.3,0.125,1,25.33333333,1.851335696
556,sub-04,pain,6,3,3,2,48.0,0.3,0.125,0,34.33333333,1.88465463
557,sub-04,pain,6,4,4,2,48.0,0.3,0.05,1,26.66666667,1.617851559
558,sub-04,pain,6,5,5,2,48.0,0.7,0.125,0,26.66666667,2.084882966
559,sub-04,pain,6,6,6,1,47.0,0.7,0.125,0,39.66666667,1.901392314
560,sub-04,pain,6,7,7,1,47.0,0.3,0.05,1,44.33333333,1.701123859
561,sub-04,pain,6,8,8,1,47.0,0.7,0.125,1,58.33333333,1.701128835
562,sub-04,pain,6,9,9,1,47.0,0.3,0.125,0,51.33333333,2.451895371
563,sub-04,pain,6,10,10,1,47.0,0.7,0.05,1,57.0,2.118221182
564,sub-04,pain,6,11,11,2,48.0,0.7,0.125,1,62.0,2.251475148
565,sub-04,pain,6,12,12,2,48.0,0.7,0.05,1,86.66666667,2.101505891
566,sub-04,vision,6,13,1,2,0.6,0.7,0.05,1,71.66666667,1.63433329
567,sub-04,vision,6,14,2,2,0.6,0.3,0.125,1,77.33333333,1.968215849
568,sub-04,vision,6,15,3,1,0.5,0.7,0.125,0,39.33333333,1.601132847
569,sub-04,vision,6,16,4,1,0.5,0.3,0.125,1,37.33333333,1.901393558
570,sub-04,vision,6,17,5,2,0.6,0.3,0.125,0,46.33333333,1.984734588
571,sub-04,vision,6,18,6,2,0.6,0.3,0.05,1,58.66666667,1.884697548
572,sub-04,vision,6,19,7,1,0.5,0.3,0.05,1,45.66666667,2.251871673
573,sub-04,vision,6,20,8,1,0.5,0.3,0.125,0,42.0,2.418415028
574,sub-04,vision,6,21,9,2,0.6,0.7,0.125,0,64.66666667,1.567754201
575,sub-04,vision,6,22,10,2,0.6,0.7,0.125,1,59.0,1.684618492
576,sub-04,vision,6,23,11,1,0.5,0.7,0.05,1,64.66666667,2.351619794
577,sub-04,vision,6,24,12,1,0.5,0.7,0.125,1,53.33333333,2.084866172
578,sub-05,pain,1,1,1,2,48.0,0.7,0.125,-1,80.0,3.152283094
579,sub-05,pain,1,2,2,1,47.0,0.3,0.05,-1,30.0,3.018894465
580,sub-05,pain,1,3,3,1,47.0,0.7,0.125,-1,73.0,3.902824467
581,sub-05,pain,1,4,4,2,48.0,0.3,0.125,-1,65.0,3.35229062
582,sub-05,pain,1,5,5,1,47.0,0.3,0.05,0,35.33333333,2.668602017
583,sub-05,pain,1,6,6,2,48.0,0.7,0.05,0,80.33333333,1.717846614
584,sub-05,pain,1,7,7,2,48.0,0.3,0.05,0,43.0,2.985504623
585,sub-05,pain,1,8,8,1,47.0,0.3,0.125,-1,31.33333333,2.034794938
586,sub-05,pain,1,9,9,1,47.0,0.7,0.05,0,52.33333333,2.634966485
587,sub-05,pain,1,10,10,1,47.0,0.7,0.05,-1,32.66666667,3.569006907
588,sub-05,pain,1,11,11,2,48.0,0.7,0.05,-1,74.33333333,2.885332298
589,sub-05,pain,1,12,12,2,48.0,0.3,0.05,-1,35.66666667,2.501831632
590,sub-05,vision,1,13,1,1,0.5,0.3,0.125,-1,49.33333333,2.635115454
591,sub-05,vision,1,14,2,2,0.6,0.3,0.05,-1,65.66666667,2.034804268
592,sub-05,vision,1,15,3,2,0.6,0.3,0.05,0,69.33333333,2.935564631
593,sub-05,vision,1,16,4,2,0.6,0.3,0.125,-1,75.66666667,2.968738017
594,sub-05,vision,1,17,5,2,0.6,0.7,0.05,0,72.0,2.718566578
595,sub-05,vision,1,18,6,2,0.6,0.7,0.125,-1,78.66666667,3.018957598
596,sub-05,vision,1,19,7,2,0.6,0.7,0.05,-1,59.0,3.602635908
597,sub-05,vision,1,20,8,1,0.5,0.3,0.05,0,49.0,2.468464493
598,sub-05,vision,1,21,9,1,0.5,0.3,0.05,-1,56.0,2.752038524
599,sub-05,vision,1,22,10,1,0.5,0.7,0.05,0,50.33333333,2.151753151
600,sub-05,vision,1,23,11,1,0.5,0.7,0.05,-1,72.0,1.767895457
601,sub-05,vision,1,24,12,1,0.5,0.7,0.125,-1,72.33333333,2.10147137
602,sub-05,pain,2,1,1,1,47.0,0.7,0.125,0,100.0,2.168315431
603,sub-05,pain,2,2,2,2,48.0,0.7,0.05,1,94.33333333,3.63600087
604,sub-05,pain,2,3,3,1,47.0,0.3,0.125,0,56.66666667,2.968853087
605,sub-05,pain,2,4,4,2,48.0,0.7,0.125,1,90.0,1.251138958
606,sub-05,pain,2,5,5,1,47.0,0.3,0.125,1,48.33333333,2.018145889
607,sub-05,pain,2,6,6,2,48.0,0.7,0.125,0,72.33333333,2.201503745
608,sub-05,pain,2,7,7,2,48.0,0.3,0.125,1,62.33333333,2.318227775
609,sub-05,pain,2,8,8,2,48.0,0.3,0.125,0,75.66666667,2.201721134
610,sub-05,pain,2,9,9,1,47.0,0.3,0.05,1,47.33333333,3.819224684
611,sub-05,pain,2,10,10,2,48.0,0.3,0.05,1,39.66666667,2.485155215
612,sub-05,pain,2,11,11,1,47.0,0.7,0.05,1,58.0,3.969515827
613,sub-05,pain,2,12,12,1,47.0,0.7,0.125,1,67.33333333,2.068135331
614,sub-05,vision,2,13,1,2,0.6,0.3,0.05,1,54.0,1.934874834
615,sub-05,vision,2,14,2,1,0.5,0.3,0.125,1,42.66666667,1.868026419
616,sub-05,vision,2,15,3,2,0.6,0.7,0.05,1,80.0,1.968107621
617,sub-05,vision,2,16,4,1,0.5,0.3,0.05,1,37.33333333,1.884756949
618,sub-05,vision,2,17,5,2,0.6,0.7,0.125,1,66.0,1.851408781
619,sub-05,vision,2,18,6,2,0.6,0.3,0.125,0,58.66666667,2.76859956
620,sub-05,vision,2,19,7,1,0.5,0.7,0.05,1,66.0,2.535035807
621,sub-05,vision,2,20,8,2,0.6,0.3,0.125,1,82.0,1.951437424
622,sub-05,vision,2,21,9,1,0.5,0.7,0.125,0,40.33333333,1.868256558
623,sub-05,vision,2,22,10,1,0.5,0.7,0.125,1,68.66666667,2.218342814
624,sub-05,vision,2,23,11,1,0.5,0.3,0.125,0,36.0,1.984663058
625,sub-05,vision,2,24,12,2,0.6,0.7,0.125,0,92.0,1.28413352
626,sub-05,pain,3,1,1,1,47.0,0.7,0.05,0,96.33333333,2.634985145
627,sub-05,pain,3,2,2,1,47.0,0.3,0.125,-1,39.33333333,1.984749827
628,sub-05,pain,3,3,3,1,47.0,0.7,0.05,-1,37.33333333,3.068745201
629,sub-05,pain,3,4,4,2,48.0,0.7,0.05,0,75.33333333,2.084742394
630,sub-05,pain,3,5,5,2,48.0,0.3,0.05,-1,35.0,2.335044142
631,sub-05,pain,3,6,6,2,48.0,0.7,0.05,-1,75.66666667,2.118194125
632,sub-05,pain,3,7,7,1,47.0,0.3,0.05,-1,15.0,3.068962279
633,sub-05,pain,3,8,8,1,47.0,0.3,0.05,0,20.66666667,1.48414851
634,sub-05,pain,3,9,9,2,48.0,0.3,0.05,0,26.33333333,1.834621027
635,sub-05,pain,3,10,10,1,47.0,0.7,0.125,-1,28.33333333,3.485873002
636,sub-05,pain,3,11,11,2,48.0,0.7,0.125,-1,64.0,2.134735879
637,sub-05,pain,3,12,12,2,48.0,0.3,0.125,-1,48.0,2.902007471
638,sub-05,vision,3,13,1,2,0.6,0.7,0.05,-1,69.66666667,1.851374571
639,sub-05,vision,3,14,2,2,0.6,0.7,0.05,0,76.33333333,1.734489132
640,sub-05,vision,3,15,3,2,0.6,0.7,0.125,-1,78.66666667,2.418302446
641,sub-05,vision,3,16,4,1,0.5,0.3,0.125,-1,17.66666667,1.617703213
642,sub-05,vision,3,17,5,1,0.5,0.3,0.05,0,32.66666667,1.667870235
643,sub-05,vision,3,18,6,2,0.6,0.3,0.05,0,51.0,2.334934981
644,sub-05,vision,3,19,7,1,0.5,0.3,0.05,-1,22.0,4.236385141
645,sub-05,vision,3,20,8,1,0.5,0.7,0.125,-1,60.33333333,1.23435929
646,sub-05,vision,3,21,9,2,0.6,0.3,0.05,-1,61.66666667,3.102225855
647,sub-05,vision,3,22,10,1,0.5,0.7,0.05,-1,69.0,3.419036094
648,sub-05,vision,3,23,11,1,0.5,0.7,0.05,0,61.33333333,1.73449784
649,sub-05,vision,3,24,12,2,0.6,0.3,0.125,-1,40.0,2.234823301
650,sub-05,vision,4,1,1,1,0.5,0.3,0.125,1,35.0,2.651786583
651,sub-05,vision,4,2,2,2,0.6,0.3,0.05,1,46.66666667,2.585221178
652,sub-05,vision,4,3,3,1,0.5,0.7,0.05,1,42.0,3.652786136
653,sub-05,vision,4,4,4,1,0.5,0.7,0.125,1,53.0,1.93467455
654,sub-05,vision,4,5,5,2,0.6,0.3,0.125,0,64.33333333,2.301757552
655,sub-05,vision,4,6,6,2,0.6,0.7,0.125,1,79.33333333,2.401761004
656,sub-05,vision,4,7,7,1,0.5,0.7,0.125,0,71.0,1.484258604
657,sub-05,vision,4,8,8,2,0.6,0.7,0.125,0,83.66666667,2.118073457
658,sub-05,vision,4,9,9,1,0.5,0.3,0.125,0,50.0,3.185647745
659,sub-05,vision,4,10,10,2,0.6,0.3,0.125,1,74.66666667,1.667767916
660,sub-05,vision,4,11,11,2,0.6,0.7,0.05,1,68.33333333,2.852273049
661,sub-05,vision,4,12,12,1,0.5,0.3,0.05,1,50.66666667,2.802093898
662,sub-05,pain,4,13,1,2,48.0,0.3,0.125,1,100.0,1.050762275
663,sub-05,pain,4,14,2,1,47.0,0.7,0.05,1,54.0,2.635117631
664,sub-05,pain,4,15,3,2,48.0,0.7,0.125,0,73.66666667,2.268148144
665,sub-05,pain,4,16,4,1,47.0,0.3,0.125,1,33.66666667,2.901967663
666,sub-05,pain,4,17,5,1,47.0,0.3,0.125,0,38.0,2.785257627
667,sub-05,pain,4,18,6,1,47.0,0.3,0.05,1,30.66666667,2.818740147
668,sub-05,pain,4,19,7,2,48.0,0.3,0.05,1,48.66666667,1.884579368
669,sub-05,pain,4,20,8,1,47.0,0.7,0.125,0,36.33333333,3.269016144
670,sub-05,pain,4,21,9,2,48.0,0.3,0.125,0,56.0,2.418186133
671,sub-05,pain,4,22,10,2,48.0,0.7,0.05,1,48.66666667,1.701186681
672,sub-05,pain,4,23,11,1,47.0,0.7,0.125,1,71.66666667,2.268420891
673,sub-05,pain,4,24,12,2,48.0,0.7,0.125,1,71.0,2.134729037
674,sub-05,pain,5,1,1,2,48.0,0.3,0.05,0,100.0,1.467769098
675,sub-05,pain,5,2,2,1,47.0,0.7,0.05,-1,53.33333333,2.351771562
676,sub-05,pain,5,3,3,2,48.0,0.3,0.125,-1,70.0,3.569168627
677,sub-05,pain,5,4,4,1,47.0,0.7,0.05,0,39.33333333,3.202323851
678,sub-05,pain,5,5,5,2,48.0,0.7,0.05,0,68.66666667,1.684428161
679,sub-05,pain,5,6,6,1,47.0,0.7,0.125,-1,70.0,1.951437113
680,sub-05,pain,5,7,7,2,48.0,0.7,0.05,-1,66.66666667,2.368382358
681,sub-05,pain,5,8,8,1,47.0,0.3,0.05,0,35.66666667,1.734791424
682,sub-05,pain,5,9,9,2,48.0,0.3,0.05,-1,63.66666667,1.96806066
683,sub-05,pain,5,10,10,1,47.0,0.3,0.05,-1,29.33333333,1.234307042
684,sub-05,pain,5,11,11,1,47.0,0.3,0.125,-1,51.0,2.201617571
685,sub-05,pain,5,12,12,2,48.0,0.7,0.125,-1,76.66666667,2.068060069
686,sub-05,vision,5,13,1,2,0.6,0.3,0.05,-1,66.33333333,1.334302719
687,sub-05,vision,5,14,2,2,0.6,0.7,0.125,-1,80.66666667,2.134839131
688,sub-05,vision,5,15,3,1,0.5,0.7,0.05,0,70.33333333,2.66865271
689,sub-05,vision,5,16,4,2,0.6,0.3,0.05,0,73.33333333,1.951512064
690,sub-05,vision,5,17,5,1,0.5,0.7,0.05,-1,40.0,2.35190467
691,sub-05,vision,5,18,6,2,0.6,0.7,0.05,-1,80.0,2.101650817
692,sub-05,vision,5,19,7,1,0.5,0.3,0.05,-1,21.66666667,1.400859416
693,sub-05,vision,5,20,8,1,0.5,0.7,0.125,-1,36.33333333,1.5011465
694,sub-05,vision,5,21,9,2,0.6,0.3,0.125,-1,68.33333333,2.218314202
695,sub-05,vision,5,22,10,2,0.6,0.7,0.05,0,60.33333333,1.634564052
696,sub-05,vision,5,23,11,1,0.5,0.3,0.05,0,42.0,2.251474215
697,sub-05,vision,5,24,12,1,0.5,0.3,0.125,-1,44.33333333,2.201706206
698,sub-05,vision,6,1,1,2,0.6,0.7,0.125,0,68.0,2.485111053
699,sub-05,vision,6,2,2,2,0.6,0.7,0.05,1,76.0,1.601103924
700,sub-05,vision,6,3,3,2,0.6,0.3,0.125,1,63.33333333,1.86805472
701,sub-05,vision,6,4,4,2,0.6,0.3,0.125,0,48.33333333,1.95157924
702,sub-05,vision,6,5,5,1,0.5,0.7,0.05,1,72.33333333,1.584498104
703,sub-05,vision,6,6,6,1,0.5,0.7,0.125,0,43.33333333,1.984818247
704,sub-05,vision,6,7,7,2,0.6,0.7,0.125,1,79.66666667,1.400895492
705,sub-05,vision,6,8,8,1,0.5,0.3,0.125,1,44.66666667,1.717985631
706,sub-05,vision,6,9,9,1,0.5,0.3,0.125,0,47.33333333,1.41755978
707,sub-05,vision,6,10,10,2,0.6,0.3,0.05,1,74.66666667,1.367757871
708,sub-05,vision,6,11,11,1,0.5,0.3,0.05,1,24.0,1.400881186
709,sub-05,vision,6,12,12,1,0.5,0.7,0.125,1,67.33333333,2.234971648
710,sub-05,pain,6,13,1,2,48.0,0.3,0.125,0,100.0,1.718107854
711,sub-05,pain,6,14,2,2,48.0,0.3,0.125,1,76.66666667,1.801211281
712,sub-05,pain,6,15,3,1,47.0,0.7,0.125,0,54.66666667,1.46765154
713,sub-05,pain,6,16,4,1,47.0,0.3,0.125,0,35.33333333,1.934773759
714,sub-05,pain,6,17,5,1,47.0,0.3,0.05,1,33.33333333,2.001395144
715,sub-05,pain,6,18,6,2,48.0,0.7,0.125,0,60.33333333,2.401835644
716,sub-05,pain,6,19,7,2,48.0,0.7,0.125,1,68.66666667,2.218229299
717,sub-05,pain,6,20,8,1,47.0,0.7,0.05,1,33.66666667,3.919694014
718,sub-05,pain,6,21,9,2,48.0,0.3,0.05,1,44.66666667,2.11812726
719,sub-05,pain,6,22,10,1,47.0,0.3,0.125,1,52.0,3.018717195
720,sub-05,pain,6,23,11,2,48.0,0.7,0.05,1,77.33333333,1.317587116
721,sub-05,pain,6,24,12,1,47.0,0.7,0.125,1,36.33333333,1.25098408
722,sub-06,pain,1,1,1,2,48.0,0.3,0.05,0,66.0,3.302354989
723,sub-06,pain,1,2,2,2,48.0,0.7,0.05,-1,89.33333333,4.403231109
724,sub-06,pain,1,3,3,2,48.0,0.3,0.125,-1,48.66666667,3.785958577
725,sub-06,pain,1,4,4,1,47.0,0.7,0.05,0,60.66666667,3.352466498
727,sub-06,pain,1,6,6,1,47.0,0.3,0.125,-1,47.0,2.952429365
728,sub-06,pain,1,7,7,2,48.0,0.7,0.125,-1,79.33333333,3.102254785
732,sub-06,pain,1,11,11,2,48.0,0.3,0.05,-1,83.66666667,3.535877172
733,sub-06,pain,1,12,12,1,47.0,0.3,0.05,-1,9.333333333,4.23641511
734,sub-06,vision,1,13,1,2,0.6,0.3,0.05,0,47.33333333,4.019662695
735,sub-06,vision,1,14,2,1,0.5,0.3,0.125,-1,56.0,4.403092402
737,sub-06,vision,1,16,4,1,0.5,0.7,0.05,0,54.33333333,4.436620743
738,sub-06,vision,1,17,5,2,0.6,0.7,0.125,-1,75.66666667,4.2364431
739,sub-06,vision,1,18,6,1,0.5,0.3,0.05,0,38.66666667,4.236336116
741,sub-06,vision,1,20,8,2,0.6,0.3,0.05,-1,33.0,4.119512202
742,sub-06,vision,1,21,9,2,0.6,0.7,0.05,0,61.33333333,3.753017094
746,sub-06,vision,2,1,1,1,0.5,0.7,0.05,1,53.0,4.119643444
749,sub-06,vision,2,4,4,1,0.5,0.3,0.05,1,23.0,3.035507548
750,sub-06,vision,2,5,5,2,0.6,0.3,0.125,1,78.0,2.751978352
751,sub-06,vision,2,6,6,2,0.6,0.7,0.125,0,62.33333333,4.369975826
752,sub-06,vision,2,7,7,2,0.6,0.7,0.05,1,53.0,4.136326755
753,sub-06,vision,2,8,8,2,0.6,0.3,0.05,1,27.66666667,4.48661656
754,sub-06,vision,2,9,9,1,0.5,0.7,0.125,1,61.33333333,3.919400491
757,sub-06,vision,2,12,12,2,0.6,0.3,0.125,0,62.0,4.219747038
758,sub-06,pain,2,13,1,2,48.0,0.7,0.125,1,100.0,1.66788413
759,sub-06,pain,2,14,2,2,48.0,0.3,0.05,1,66.66666667,3.135425786
760,sub-06,pain,2,15,3,1,47.0,0.7,0.125,0,59.0,3.652680249
761,sub-06,pain,2,16,4,1,47.0,0.7,0.125,1,59.33333333,2.768585156
762,sub-06,pain,2,17,5,1,47.0,0.7,0.05,1,43.66666667,3.202375795
763,sub-06,pain,2,18,6,1,47.0,0.3,0.125,1,28.33333333,4.386553396
764,sub-06,pain,2,19,7,2,48.0,0.7,0.125,0,77.0,2.301753514
765,sub-06,pain,2,20,8,1,47.0,0.3,0.05,1,26.33333333,3.535760236
866,sub-08,pain,1,1,1,1,47.0,0.7,0.05,-1,59.33333333,1.968126318
867,sub-08,pain,1,2,2,2,48.0,0.3,0.05,-1,58.66666667,2.001639931
868,sub-08,pain,1,3,3,2,48.0,0.3,0.125,-1,72.33333333,2.134876127
869,sub-08,pain,1,4,4,2,48.0,0.7,0.05,-1,83.66666667,2.068039858
870,sub-08,pain,1,5,5,1,47.0,0.7,0.125,-1,64.33333333,2.134800241
871,sub-08,pain,1,6,6,2,48.0,0.7,0.125,-1,50.33333333,2.134920289
872,sub-08,pain,1,7,7,1,47.0,0.3,0.05,-1,55.0,1.684641629
873,sub-08,pain,1,8,8,2,48.0,0.7,0.05,0,61.0,2.201682849
874,sub-08,pain,1,9,9,1,47.0,0.3,0.125,-1,48.0,2.151615361
875,sub-08,pain,1,10,10,2,48.0,0.3,0.05,0,81.66666667,2.134902873
876,sub-08,pain,1,11,11,1,47.0,0.3,0.05,0,47.33333333,2.985481032
877,sub-08,pain,1,12,12,1,47.0,0.7,0.05,0,49.0,2.051414763
878,sub-08,vision,1,13,1,1,0.5,0.3,0.05,-1,37.0,2.802139094
879,sub-08,vision,1,14,2,2,0.6,0.7,0.05,-1,63.0,1.81783926
880,sub-08,vision,1,15,3,2,0.6,0.3,0.05,-1,43.66666667,1.984813304
881,sub-08,vision,1,16,4,1,0.5,0.3,0.125,-1,39.66666667,3.052146869
882,sub-08,vision,1,17,5,2,0.6,0.7,0.125,-1,58.33333333,2.11825383
883,sub-08,vision,1,18,6,1,0.5,0.7,0.05,-1,57.0,2.234879237
884,sub-08,vision,1,19,7,2,0.6,0.7,0.05,0,60.33333333,1.968114811
885,sub-08,vision,1,20,8,2,0.6,0.3,0.125,-1,62.33333333,1.984596533
886,sub-08,vision,1,21,9,1,0.5,0.7,0.05,0,53.66666667,2.585399237
887,sub-08,vision,1,22,10,1,0.5,0.3,0.05,0,48.0,2.768469357
888,sub-08,vision,1,23,11,1,0.5,0.7,0.125,-1,37.66666667,3.085502802
889,sub-08,vision,1,24,12,2,0.6,0.3,0.05,0,44.66666667,2.26822273
890,sub-08,vision,2,1,1,2,0.6,0.3,0.125,1,51.0,3.21907053
891,sub-08,vision,2,2,2,1,0.5,0.7,0.125,1,47.0,2.4518595
892,sub-08,vision,2,3,3,1,0.5,0.7,0.125,0,44.0,3.369169118
893,sub-08,vision,2,4,4,2,0.6,0.7,0.05,1,64.66666667,2.835378089
894,sub-08,vision,2,5,5,1,0.5,0.3,0.125,0,39.0,2.401863543
895,sub-08,vision,2,6,6,1,0.5,0.3,0.125,1,47.0,1.984797753
896,sub-08,vision,2,7,7,2,0.6,0.7,0.125,1,52.66666667,2.584967562
897,sub-08,vision,2,8,8,1,0.5,0.3,0.05,1,41.66666667,2.618424572
898,sub-08,vision,2,9,9,2,0.6,0.3,0.125,0,58.66666667,2.668643831
899,sub-08,vision,2,10,10,2,0.6,0.3,0.05,1,47.0,3.052117946
900,sub-08,vision,2,11,11,2,0.6,0.7,0.125,0,48.66666667,2.368463137
901,sub-08,vision,2,12,12,1,0.5,0.7,0.05,1,41.66666667,2.435119022
902,sub-08,pain,2,13,1,2,48.0,0.3,0.125,0,76.33333333,1.484571341
903,sub-08,pain,2,14,2,2,48.0,0.7,0.05,1,57.66666667,2.068197538
904,sub-08,pain,2,15,3,1,47.0,0.7,0.125,0,43.0,2.451805385
905,sub-08,pain,2,16,4,1,47.0,0.3,0.125,1,50.0,2.351776773
906,sub-08,pain,2,17,5,2,48.0,0.7,0.125,0,61.33333333,3.902760482
907,sub-08,pain,2,18,6,2,48.0,0.3,0.05,1,48.0,3.369210482
908,sub-08,pain,2,19,7,1,47.0,0.3,0.125,0,44.66666667,3.318997755
909,sub-08,pain,2,20,8,2,48.0,0.3,0.125,1,47.33333333,3.135618185
910,sub-08,pain,2,21,9,1,47.0,0.7,0.125,1,42.66666667,2.701850481
911,sub-08,pain,2,22,10,1,47.0,0.7,0.05,1,44.66666667,3.002222132
912,sub-08,pain,2,23,11,2,48.0,0.7,0.125,1,50.0,2.968831367
913,sub-08,pain,2,24,12,1,47.0,0.3,0.05,1,40.33333333,4.219649311
914,sub-08,vision,3,1,1,1,0.5,0.3,0.125,-1,48.66666667,2.868839142
915,sub-08,vision,3,2,2,2,0.6,0.3,0.125,-1,50.33333333,2.652014692
916,sub-08,vision,3,3,3,2,0.6,0.7,0.05,0,52.33333333,2.201752514
917,sub-08,vision,3,4,4,1,0.5,0.3,0.05,0,47.66666667,2.184853734
918,sub-08,vision,3,5,5,1,0.5,0.7,0.05,-1,45.66666667,2.68552986
919,sub-08,vision,3,6,6,2,0.6,0.3,0.05,0,50.0,2.852139405
920,sub-08,vision,3,7,7,2,0.6,0.7,0.125,-1,55.0,2.75201407
921,sub-08,vision,3,8,8,1,0.5,0.3,0.05,-1,46.0,2.53522663
922,sub-08,vision,3,9,9,2,0.6,0.7,0.05,-1,53.0,2.084753591
923,sub-08,vision,3,10,10,1,0.5,0.7,0.125,-1,51.66666667,2.918738376
924,sub-08,vision,3,11,11,1,0.5,0.7,0.05,0,46.0,2.268362993
925,sub-08,vision,3,12,12,2,0.6,0.3,0.05,-1,42.0,2.101475098
926,sub-08,pain,3,13,1,1,47.0,0.7,0.125,-1,54.33333333,3.169081415
927,sub-08,pain,3,14,2,2,48.0,0.3,0.05,-1,51.33333333,2.268190074
928,sub-08,pain,3,15,3,1,47.0,0.7,0.05,-1,43.33333333,3.752785363
929,sub-08,pain,3,16,4,1,47.0,0.3,0.05,-1,34.0,1.801163782
930,sub-08,pain,3,17,5,2,48.0,0.7,0.125,-1,43.33333333,1.984759811
931,sub-08,pain,3,18,6,1,47.0,0.7,0.05,0,40.33333333,2.968819549
932,sub-08,pain,3,19,7,1,47.0,0.3,0.05,0,32.33333333,2.43509694
933,sub-08,pain,3,20,8,2,48.0,0.3,0.05,0,50.33333333,3.352493018
934,sub-08,pain,3,21,9,2,48.0,0.3,0.125,-1,33.66666667,2.084867107
935,sub-08,pain,3,22,10,2,48.0,0.7,0.05,0,48.66666667,2.218695768
936,sub-08,pain,3,23,11,1,47.0,0.3,0.125,-1,39.33333333,3.335744453
937,sub-08,pain,3,24,12,2,48.0,0.7,0.05,-1,53.66666667,1.868019643
938,sub-08,pain,4,1,1,2,48.0,0.3,0.05,1,35.66666667,2.668890147
939,sub-08,pain,4,2,2,2,48.0,0.7,0.125,1,37.33333333,2.101402323
940,sub-08,pain,4,3,3,1,47.0,0.7,0.125,0,26.0,0.91739359
941,sub-08,pain,4,4,4,2,48.0,0.3,0.125,0,42.0,2.301672586
942,sub-08,pain,4,5,5,1,47.0,0.7,0.05,1,50.0,2.368534979
943,sub-08,pain,4,6,6,2,48.0,0.7,0.125,0,57.0,3.052377013
944,sub-08,pain,4,7,7,1,47.0,0.3,0.125,0,48.66666667,2.018143112
945,sub-08,pain,4,8,8,1,47.0,0.3,0.125,1,39.33333333,1.767936916
946,sub-08,pain,4,9,9,2,48.0,0.7,0.05,1,55.33333333,2.585332371
947,sub-08,pain,4,10,10,2,48.0,0.3,0.125,1,40.33333333,3.052303927
948,sub-08,pain,4,11,11,1,47.0,0.7,0.125,1,48.0,4.453307852
949,sub-08,pain,4,12,12,1,47.0,0.3,0.05,1,25.33333333,2.902262252
950,sub-08,vision,4,13,1,1,0.5,0.7,0.125,0,60.66666667,2.301879716
951,sub-08,vision,4,14,2,2,0.6,0.3,0.125,1,57.66666667,1.801401701
952,sub-08,vision,4,15,3,2,0.6,0.7,0.125,1,48.0,2.301669476
953,sub-08,vision,4,16,4,1,0.5,0.7,0.05,1,54.66666667,3.219089501
954,sub-08,vision,4,17,5,2,0.6,0.7,0.125,0,43.66666667,1.985074237
955,sub-08,vision,4,18,6,2,0.6,0.3,0.05,1,49.66666667,2.335054333
956,sub-08,vision,4,19,7,1,0.5,0.3,0.125,1,46.33333333,3.335834334
957,sub-08,vision,4,20,8,2,0.6,0.7,0.05,1,65.0,2.151604787
958,sub-08,vision,4,21,9,1,0.5,0.7,0.125,1,52.66666667,3.369215147
959,sub-08,vision,4,22,10,1,0.5,0.3,0.05,1,44.33333333,2.518403113
960,sub-08,vision,4,23,11,1,0.5,0.3,0.125,0,54.0,2.018090863
961,sub-08,vision,4,24,12,2,0.6,0.3,0.125,0,50.0,1.884550815
962,sub-08,pain,5,1,1,1,47.0,0.7,0.05,0,63.33333333,3.319088257
963,sub-08,pain,5,2,2,2,48.0,0.3,0.125,-1,53.33333333,2.301658591
964,sub-08,pain,5,3,3,1,47.0,0.3,0.05,-1,45.66666667,2.618453495
965,sub-08,pain,5,4,4,2,48.0,0.3,0.05,-1,56.0,2.435108137
966,sub-08,pain,5,5,5,1,47.0,0.7,0.125,-1,40.0,2.485408568
967,sub-08,pain,5,6,6,2,48.0,0.7,0.05,0,60.0,2.068353663
968,sub-08,pain,5,7,7,2,48.0,0.7,0.05,-1,52.0,2.601894644
969,sub-08,pain,5,8,8,2,48.0,0.7,0.125,-1,67.33333333,2.201669476
970,sub-08,pain,5,9,9,1,47.0,0.3,0.05,0,34.66666667,3.719427564
971,sub-08,pain,5,10,10,2,48.0,0.3,0.05,0,42.66666667,2.168356773
972,sub-08,pain,5,11,11,1,47.0,0.3,0.125,-1,35.66666667,2.351583017
973,sub-08,pain,5,12,12,1,47.0,0.7,0.05,-1,31.33333333,2.468346199
974,sub-08,vision,5,13,1,1,0.5,0.3,0.125,-1,47.66666667,2.58528541
975,sub-08,vision,5,14,2,2,0.6,0.3,0.05,-1,46.66666667,3.302432372
976,sub-08,vision,5,15,3,2,0.6,0.7,0.05,0,62.33333333,2.718695457
977,sub-08,vision,5,16,4,2,0.6,0.7,0.125,-1,62.33333333,2.101545696
978,sub-08,vision,5,17,5,1,0.5,0.7,0.05,-1,43.33333333,2.268074069
979,sub-08,vision,5,18,6,1,0.5,0.3,0.05,-1,37.66666667,1.984790911
980,sub-08,vision,5,19,7,1,0.5,0.7,0.125,-1,54.33333333,2.485215744
981,sub-08,vision,5,20,8,1,0.5,0.7,0.05,0,52.33333333,2.451834309
982,sub-08,vision,5,21,9,2,0.6,0.3,0.05,0,53.66666667,2.184862753
983,sub-08,vision,5,22,10,2,0.6,0.3,0.125,-1,62.0,3.636144406
984,sub-08,vision,5,23,11,2,0.6,0.7,0.05,-1,56.33333333,2.702090577
985,sub-08,vision,5,24,12,1,0.5,0.3,0.05,0,54.0,2.151440576
986,sub-08,pain,6,1,1,1,47.0,0.7,0.05,1,49.33333333,2.185028519
987,sub-08,pain,6,2,2,2,48.0,0.7,0.125,1,65.0,2.218194428
988,sub-08,pain,6,3,3,2,48.0,0.3,0.125,0,51.66666667,2.968864333
989,sub-08,pain,6,4,4,1,47.0,0.7,0.125,0,58.0,2.284928375
990,sub-08,pain,6,5,5,1,47.0,0.3,0.125,1,39.66666667,1.851263303
991,sub-08,pain,6,6,6,2,48.0,0.7,0.125,0,54.66666667,2.618499524
992,sub-08,pain,6,7,7,2,48.0,0.7,0.05,1,69.33333333,3.385741343
993,sub-08,pain,6,8,8,1,47.0,0.7,0.125,1,46.33333333,2.268447897
994,sub-08,pain,6,9,9,2,48.0,0.3,0.05,1,42.33333333,2.351697156
995,sub-08,pain,6,10,10,2,48.0,0.3,0.125,1,38.66666667,2.134770696
996,sub-08,pain,6,11,11,1,47.0,0.3,0.05,1,31.0,2.368375122
997,sub-08,pain,6,12,12,1,47.0,0.3,0.125,0,52.0,3.102066319
998,sub-08,vision,6,13,1,2,0.6,0.7,0.05,1,60.0,1.968075624
999,sub-08,vision,6,14,2,1,0.5,0.3,0.05,1,60.66666667,1.734586892
1001,sub-08,vision,6,16,4,1,0.5,0.3,0.125,1,45.66666667,2.351730744
1002,sub-08,vision,6,17,5,1,0.5,0.3,0.125,0,43.0,2.451690313
1003,sub-08,vision,6,18,6,1,0.5,0.7,0.125,0,43.33333333,4.253213306
1004,sub-08,vision,6,19,7,2,0.6,0.3,0.125,0,47.33333333,2.685471391
1005,sub-08,vision,6,20,8,2,0.6,0.7,0.125,0,56.33333333,2.084907538
1006,sub-08,vision,6,21,9,1,0.5,0.7,0.05,1,52.0,4.353385292
1007,sub-08,vision,6,22,10,2,0.6,0.3,0.05,1,51.0,2.75193072
1008,sub-08,vision,6,23,11,2,0.6,0.7,0.125,1,66.66666667,2.535337658
1010,sub-09,vision,1,1,1,2,0.6,0.3,0.05,0,61.66666667,2.735201943
1011,sub-09,vision,1,2,2,1,0.5,0.7,0.05,-1,70.66666667,2.952102652
1012,sub-09,vision,1,3,3,2,0.6,0.7,0.125,-1,72.33333333,2.818823806
1013,sub-09,vision,1,4,4,2,0.6,0.3,0.125,-1,46.33333333,2.001293447
1014,sub-09,vision,1,5,5,1,0.5,0.3,0.125,-1,42.66666667,2.184785032
1015,sub-09,vision,1,6,6,1,0.5,0.7,0.125,-1,53.66666667,2.351585584
1016,sub-09,vision,1,7,7,2,0.6,0.7,0.05,-1,72.66666667,3.035515213
1017,sub-09,vision,1,8,8,1,0.5,0.3,0.05,0,40.0,2.501773786
1018,sub-09,vision,1,9,9,2,0.6,0.7,0.05,0,79.33333333,2.501817637
1019,sub-09,vision,1,10,10,1,0.5,0.3,0.05,-1,45.66666667,2.768857378
1020,sub-09,vision,1,11,11,1,0.5,0.7,0.05,0,67.0,3.018988387
1021,sub-09,vision,1,12,12,2,0.6,0.3,0.05,-1,58.0,2.752162613
1022,sub-09,pain,1,13,1,2,48.0,0.3,0.05,0,47.66666667,3.285715574
1023,sub-09,pain,1,14,2,1,47.0,0.7,0.05,0,34.33333333,3.219020171
1024,sub-09,pain,1,15,3,2,48.0,0.7,0.125,-1,59.33333333,2.551819207
1025,sub-09,pain,1,16,4,2,48.0,0.7,0.05,-1,53.33333333,3.052215265
1026,sub-09,pain,1,17,5,1,47.0,0.3,0.05,0,39.0,2.901977304
1027,sub-09,pain,1,18,6,1,47.0,0.7,0.05,-1,50.66666667,3.085598576
1028,sub-09,pain,1,19,7,2,48.0,0.3,0.05,-1,46.0,2.702040375
1029,sub-09,pain,1,20,8,1,47.0,0.7,0.125,-1,53.33333333,2.885561816
1030,sub-09,pain,1,21,9,2,48.0,0.7,0.05,0,76.66666667,3.018754515
1031,sub-09,pain,1,22,10,1,47.0,0.3,0.05,-1,32.0,2.735305195
1032,sub-09,pain,1,23,11,2,48.0,0.3,0.125,-1,36.33333333,2.718456795
1033,sub-09,pain,1,24,12,1,47.0,0.3,0.125,-1,19.0,2.601743028
1034,sub-09,vision,2,1,1,1,0.5,0.3,0.125,1,48.33333333,2.61868566
1035,sub-09,vision,2,2,2,2,0.6,0.7,0.125,0,80.33333333,2.351709984
1036,sub-09,vision,2,3,3,2,0.6,0.3,0.125,0,58.33333333,2.735175819
1037,sub-09,vision,2,4,4,1,0.5,0.3,0.05,1,50.33333333,3.102114517
1038,sub-09,vision,2,5,5,2,0.6,0.7,0.05,1,74.66666667,2.885427153
1039,sub-09,vision,2,6,6,2,0.6,0.3,0.125,1,55.33333333,2.752102901
1040,sub-09,vision,2,7,7,1,0.5,0.7,0.05,1,71.66666667,2.40176598
1041,sub-09,vision,2,8,8,1,0.5,0.3,0.125,0,47.66666667,2.885340384
1042,sub-09,vision,2,9,9,2,0.6,0.3,0.05,1,56.0,2.735292755
1043,sub-09,vision,2,10,10,1,0.5,0.7,0.125,0,48.0,3.068871156
1044,sub-09,vision,2,11,11,2,0.6,0.7,0.125,1,82.66666667,2.418661029
1045,sub-09,vision,2,12,12,1,0.5,0.7,0.125,1,59.66666667,2.435006853
1046,sub-09,pain,2,13,1,1,47.0,0.3,0.125,0,56.0,3.619163044
1047,sub-09,pain,2,14,2,2,48.0,0.7,0.125,0,76.0,2.568400458
1048,sub-09,pain,2,15,3,1,47.0,0.7,0.125,0,66.66666667,2.75205594
1049,sub-09,pain,2,16,4,1,47.0,0.7,0.05,1,62.33333333,3.052223662
1050,sub-09,pain,2,17,5,2,48.0,0.7,0.05,1,70.33333333,3.185685376
1051,sub-09,pain,2,18,6,2,48.0,0.7,0.125,1,75.33333333,2.601832596
1052,sub-09,pain,2,19,7,1,47.0,0.7,0.125,1,41.66666667,2.501856823
1053,sub-09,pain,2,20,8,2,48.0,0.3,0.125,1,38.66666667,2.635183252
1054,sub-09,pain,2,21,9,1,47.0,0.3,0.05,1,38.0,2.118067548
1055,sub-09,pain,2,22,10,1,47.0,0.3,0.125,1,26.66666667,3.118907558
1056,sub-09,pain,2,23,11,2,48.0,0.3,0.125,0,49.66666667,2.568451151
1057,sub-09,pain,2,24,12,2,48.0,0.3,0.05,1,30.0,2.118168001
1058,sub-09,vision,3,1,1,1,0.5,0.7,0.05,-1,58.66666667,2.701910999
1059,sub-09,vision,3,2,2,1,0.5,0.3,0.05,-1,55.0,2.852039177
1060,sub-09,vision,3,3,3,2,0.6,0.3,0.125,-1,80.33333333,1.93455015
1061,sub-09,vision,3,4,4,1,0.5,0.7,0.05,0,64.66666667,2.501971581
1062,sub-09,vision,3,5,5,2,0.6,0.7,0.05,-1,79.0,2.835520748
1063,sub-09,vision,3,6,6,2,0.6,0.3,0.05,-1,66.33333333,2.818732372
1064,sub-09,vision,3,7,7,2,0.6,0.3,0.05,0,56.66666667,3.102373579
1065,sub-09,vision,3,8,8,2,0.6,0.7,0.05,0,81.33333333,3.102213415
1066,sub-09,vision,3,9,9,1,0.5,0.7,0.125,-1,53.33333333,2.334994071
1067,sub-09,vision,3,10,10,1,0.5,0.3,0.125,-1,49.66666667,3.102261309
1068,sub-09,vision,3,11,11,2,0.6,0.7,0.125,-1,86.0,2.918778742
1069,sub-09,vision,3,12,12,1,0.5,0.3,0.05,0,47.0,3.085575251
1070,sub-09,pain,3,13,1,2,48.0,0.3,0.125,-1,73.0,3.11901081
1071,sub-09,pain,3,14,2,1,47.0,0.3,0.05,0,23.33333333,2.151424113
1072,sub-09,pain,3,15,3,1,47.0,0.3,0.05,-1,45.33333333,3.368958329
1073,sub-09,pain,3,16,4,2,48.0,0.7,0.05,-1,73.66666667,2.818612326
1074,sub-09,pain,3,17,5,2,48.0,0.3,0.05,-1,21.66666667,2.251658949
1075,sub-09,pain,3,18,6,1,47.0,0.7,0.05,-1,34.33333333,2.752059672
1076,sub-09,pain,3,19,7,2,48.0,0.7,0.125,-1,61.66666667,3.035494687
1077,sub-09,pain,3,20,8,1,47.0,0.7,0.125,-1,36.33333333,3.202076606
1078,sub-09,pain,3,21,9,1,47.0,0.3,0.125,-1,17.33333333,2.051586735
1079,sub-09,pain,3,22,10,2,48.0,0.3,0.05,0,31.0,3.469206538
1080,sub-09,pain,3,23,11,2,48.0,0.7,0.05,0,49.66666667,2.618443702
1081,sub-09,pain,3,24,12,1,47.0,0.7,0.05,0,35.66666667,2.968673018
1082,sub-09,vision,4,1,1,1,0.5,0.3,0.125,0,55.0,2.952146503
1083,sub-09,vision,4,2,2,1,0.5,0.3,0.05,1,65.0,2.951952128
1084,sub-09,vision,4,3,3,2,0.6,0.7,0.05,1,89.0,2.084750169
1085,sub-09,vision,4,4,4,2,0.6,0.3,0.05,1,86.66666667,3.68593402
1086,sub-09,vision,4,5,5,1,0.5,0.3,0.125,1,45.0,3.285687584
1087,sub-09,vision,4,6,6,1,0.5,0.7,0.125,0,64.33333333,2.952188488
1088,sub-09,vision,4,7,7,1,0.5,0.7,0.125,1,74.0,2.835388574
1089,sub-09,vision,4,8,8,1,0.5,0.7,0.05,1,78.33333333,2.53515803
1090,sub-09,vision,4,9,9,2,0.6,0.3,0.125,1,77.0,4.052887957
1091,sub-09,vision,4,10,10,2,0.6,0.7,0.125,0,93.66666667,3.96939547
1092,sub-09,vision,4,11,11,2,0.6,0.3,0.125,0,88.33333333,3.102236118
1093,sub-09,vision,4,12,12,2,0.6,0.7,0.125,1,80.66666667,3.619179838
1094,sub-09,pain,4,13,1,1,47.0,0.3,0.05,1,42.0,2.485155526
1095,sub-09,pain,4,14,2,2,48.0,0.3,0.05,1,32.0,3.152267233
1096,sub-09,pain,4,15,3,2,48.0,0.3,0.125,0,30.66666667,3.702599241
1097,sub-09,pain,4,16,4,1,47.0,0.7,0.125,0,16.0,2.618605111
1098,sub-09,pain,4,17,5,2,48.0,0.7,0.125,0,48.66666667,2.801984426
1099,sub-09,pain,4,18,6,1,47.0,0.3,0.125,1,21.33333333,4.00290909
1100,sub-09,pain,4,19,7,1,47.0,0.7,0.05,1,52.33333333,2.735328831
1101,sub-09,pain,4,20,8,1,47.0,0.7,0.125,1,55.33333333,2.701955783
1102,sub-09,pain,4,21,9,2,48.0,0.7,0.125,1,66.0,2.885469138
1103,sub-09,pain,4,22,10,2,48.0,0.3,0.125,1,54.66666667,4.019618161
1104,sub-09,pain,4,23,11,2,48.0,0.7,0.05,1,57.33333333,2.768913358
1105,sub-09,pain,4,24,12,1,47.0,0.3,0.125,0,18.0,3.052242322
1106,sub-09,pain,5,1,1,2,48.0,0.3,0.125,-1,37.0,3.035693104
1107,sub-09,pain,5,2,2,1,47.0,0.3,0.125,-1,48.0,2.4683205
1108,sub-09,pain,5,3,3,1,47.0,0.3,0.05,-1,24.0,2.501814838
1109,sub-09,pain,5,4,4,2,48.0,0.3,0.05,-1,17.0,3.202341889
1110,sub-09,pain,5,5,5,1,47.0,0.7,0.05,0,31.0,2.885427775
1111,sub-09,pain,5,6,6,2,48.0,0.7,0.05,0,61.33333333,2.902128139
1112,sub-09,pain,5,7,7,1,47.0,0.7,0.125,-1,35.33333333,2.98567474
1113,sub-09,pain,5,8,8,2,48.0,0.7,0.125,-1,58.0,2.851864395
1114,sub-09,pain,5,9,9,1,47.0,0.7,0.05,-1,33.33333333,3.018956043
1115,sub-09,pain,5,10,10,1,47.0,0.3,0.05,0,29.33333333,3.052184787
1116,sub-09,pain,5,11,11,2,48.0,0.7,0.05,-1,40.66666667,2.885415646
1117,sub-09,pain,5,12,12,2,48.0,0.3,0.05,0,52.0,2.918727427
1118,sub-09,vision,5,13,1,1,0.5,0.7,0.05,0,87.66666667,2.851972312
1119,sub-09,vision,5,14,2,2,0.6,0.7,0.125,-1,88.0,2.65191938
1120,sub-09,vision,5,15,3,2,0.6,0.7,0.05,-1,85.66666667,2.751857211
1121,sub-09,vision,5,16,4,1,0.5,0.7,0.05,-1,72.0,2.201542309
1122,sub-09,vision,5,17,5,1,0.5,0.3,0.125,-1,51.0,2.785328224
1123,sub-09,vision,5,18,6,1,0.5,0.3,0.05,-1,48.33333333,2.752126537
1124,sub-09,vision,5,19,7,2,0.6,0.3,0.125,-1,61.66666667,2.268161517
1125,sub-09,vision,5,20,8,1,0.5,0.3,0.05,0,47.33333333,2.918802378
1126,sub-09,vision,5,21,9,1,0.5,0.7,0.125,-1,55.66666667,2.702039442
1127,sub-09,vision,5,22,10,2,0.6,0.7,0.05,0,74.33333333,3.218856896
1128,sub-09,vision,5,23,11,2,0.6,0.3,0.05,0,61.0,2.718619448
1129,sub-09,vision,5,24,12,2,0.6,0.3,0.05,-1,56.66666667,2.435066876
1130,sub-09,vision,6,1,1,2,0.6,0.3,0.125,1,45.33333333,2.635194137
1131,sub-09,vision,6,2,2,2,0.6,0.7,0.125,0,71.66666667,2.418391703
1132,sub-09,vision,6,3,3,2,0.6,0.3,0.05,1,49.66666667,2.53506162
1133,sub-09,vision,6,4,4,1,0.5,0.7,0.125,1,36.0,1.984776884
1134,sub-09,vision,6,5,5,2,0.6,0.7,0.05,1,74.66666667,2.735512942
1135,sub-09,vision,6,6,6,1,0.5,0.3,0.125,0,48.0,2.902098594
1136,sub-09,vision,6,7,7,1,0.5,0.3,0.125,1,57.0,2.935435255
1137,sub-09,vision,6,8,8,1,0.5,0.7,0.125,0,41.66666667,2.551762916
1138,sub-09,vision,6,9,9,2,0.6,0.3,0.125,0,59.33333333,2.134874896
1139,sub-09,vision,6,10,10,1,0.5,0.3,0.05,1,48.66666667,3.80275726
1140,sub-09,vision,6,11,11,1,0.5,0.7,0.05,1,41.0,3.369104499
1141,sub-09,vision,6,12,12,2,0.6,0.7,0.125,1,68.66666667,3.669322603
1142,sub-09,pain,6,13,1,2,48.0,0.7,0.05,1,79.0,3.252233365
1143,sub-09,pain,6,14,2,2,48.0,0.7,0.125,0,59.0,2.668471397
1144,sub-09,pain,6,15,3,1,47.0,0.7,0.125,0,40.33333333,3.102389129
1145,sub-09,pain,6,16,4,1,47.0,0.3,0.125,1,42.0,2.118072524
1146,sub-09,pain,6,17,5,2,48.0,0.3,0.125,0,51.0,2.285034174
1147,sub-09,pain,6,18,6,1,47.0,0.3,0.05,1,49.66666667,3.552575558
1148,sub-09,pain,6,19,7,1,47.0,0.7,0.125,1,32.0,2.23497849
1149,sub-09,pain,6,20,8,2,48.0,0.3,0.125,1,56.0,2.752009601
1150,sub-09,pain,6,21,9,2,48.0,0.7,0.125,1,47.66666667,2.935439609
1151,sub-09,pain,6,22,10,1,47.0,0.3,0.125,0,31.0,2.702152023
1152,sub-09,pain,6,23,11,1,47.0,0.7,0.05,1,41.0,2.685326638
1153,sub-09,pain,6,24,12,2,48.0,0.3,0.05,1,37.33333333,2.551818585
1154,sub-10,pain,1,1,1,2,48.0,0.3,0.05,0,58.33333333,4.336242112
1155,sub-10,pain,1,2,2,2,48.0,0.3,0.05,-1,47.33333333,3.56911047
1156,sub-10,pain,1,3,3,1,47.0,0.7,0.125,-1,56.33333333,3.13555443
1157,sub-10,pain,1,4,4,2,48.0,0.7,0.125,-1,68.0,3.285850859
1158,sub-10,pain,1,5,5,1,47.0,0.3,0.05,-1,32.0,3.502620326
1159,sub-10,pain,1,6,6,1,47.0,0.7,0.05,-1,53.66666667,2.985468858
1160,sub-10,pain,1,7,7,1,47.0,0.3,0.05,0,30.0,3.352339447
1161,sub-10,pain,1,8,8,1,47.0,0.3,0.125,-1,23.66666667,3.619308592
1162,sub-10,pain,1,9,9,2,48.0,0.3,0.125,-1,43.0,3.419157384
1163,sub-10,pain,1,10,10,2,48.0,0.7,0.05,-1,65.0,4.119621924
1164,sub-10,pain,1,11,11,1,47.0,0.7,0.05,0,68.0,3.986259108
1165,sub-10,pain,1,12,12,2,48.0,0.7,0.05,0,77.0,3.552430321
1166,sub-10,vision,1,13,1,1,0.5,0.3,0.05,-1,48.33333333,3.219057491
1167,sub-10,vision,1,14,2,2,0.6,0.7,0.125,-1,65.0,3.085546639
1168,sub-10,vision,1,15,3,2,0.6,0.7,0.05,0,66.0,4.236503631
1169,sub-10,vision,1,16,4,2,0.6,0.3,0.05,0,46.66666667,3.586010495
1170,sub-10,vision,1,17,5,1,0.5,0.7,0.05,0,60.0,4.453241377
1171,sub-10,vision,1,18,6,1,0.5,0.3,0.05,0,46.33333333,3.769330409
1172,sub-10,vision,1,19,7,1,0.5,0.7,0.125,-1,62.0,3.902861476
1173,sub-10,vision,1,20,8,1,0.5,0.3,0.125,-1,48.0,3.1023176
1175,sub-10,vision,1,22,10,2,0.6,0.3,0.05,-1,58.0,3.519450688
1176,sub-10,vision,1,23,11,1,0.5,0.7,0.05,-1,65.66666667,4.136195711
1177,sub-10,vision,1,24,12,2,0.6,0.3,0.125,-1,90.66666667,2.71845213
1178,sub-10,pain,2,1,1,2,48.0,0.3,0.125,0,83.66666667,2.885467583
1179,sub-10,pain,2,2,2,1,47.0,0.7,0.125,0,55.0,3.419205278
1180,sub-10,pain,2,3,3,2,48.0,0.3,0.125,1,78.0,2.951997534
1181,sub-10,pain,2,4,4,1,47.0,0.3,0.125,0,44.33333333,4.103052491
1182,sub-10,pain,2,5,5,1,47.0,0.7,0.05,1,61.66666667,4.269878856
1183,sub-10,pain,2,6,6,2,48.0,0.7,0.125,1,83.33333333,3.95282075
1184,sub-10,pain,2,7,7,1,47.0,0.3,0.05,1,48.0,4.103007397
1185,sub-10,pain,2,8,8,2,48.0,0.3,0.05,1,53.0,3.335793651
1187,sub-10,pain,2,10,10,1,47.0,0.3,0.125,1,43.66666667,2.918517814
1188,sub-10,pain,2,11,11,1,47.0,0.7,0.125,1,64.66666667,3.86958577
1189,sub-10,pain,2,12,12,2,48.0,0.7,0.125,0,89.0,1.717939914
1191,sub-10,vision,2,14,2,1,0.5,0.3,0.05,1,48.0,4.002932104
1192,sub-10,vision,2,15,3,1,0.5,0.7,0.125,0,59.33333333,4.052875206
1193,sub-10,vision,2,16,4,2,0.6,0.7,0.125,1,79.33333333,4.203030131
1194,sub-10,vision,2,17,5,1,0.5,0.3,0.125,0,24.0,3.202292129
1195,sub-10,vision,2,18,6,2,0.6,0.7,0.05,1,66.0,4.253023304
1196,sub-10,vision,2,19,7,1,0.5,0.7,0.125,1,73.66666667,2.71859208
1197,sub-10,vision,2,20,8,1,0.5,0.7,0.05,1,77.33333333,4.453361734
1198,sub-10,vision,2,21,9,2,0.6,0.7,0.125,0,79.33333333,3.619288377
1199,sub-10,vision,2,22,10,2,0.6,0.3,0.05,1,50.0,4.33647785
1201,sub-10,vision,2,24,12,2,0.6,0.3,0.125,0,92.0,2.801883973
1202,sub-10,vision,3,1,1,1,0.5,0.3,0.05,-1,30.0,2.968888541
1203,sub-10,vision,3,2,2,1,0.5,0.7,0.05,-1,66.0,1.667883608
1204,sub-10,vision,3,3,3,1,0.5,0.7,0.125,-1,61.33333333,3.669099616
1205,sub-10,vision,3,4,4,2,0.6,0.7,0.125,-1,88.0,2.401615145
1206,sub-10,vision,3,5,5,1,0.5,0.3,0.05,0,34.66666667,4.252975721
1207,sub-10,vision,3,6,6,1,0.5,0.7,0.05,0,57.33333333,3.352687767
1208,sub-10,vision,3,7,7,2,0.6,0.3,0.05,-1,71.33333333,3.619266296
1210,sub-10,vision,3,9,9,2,0.6,0.3,0.125,-1,62.66666667,2.885417823
1211,sub-10,vision,3,10,10,2,0.6,0.7,0.05,0,50.0,3.869709548
1212,sub-10,vision,3,11,11,2,0.6,0.7,0.05,-1,56.66666667,3.302314552
1213,sub-10,vision,3,12,12,2,0.6,0.3,0.05,0,60.66666667,2.985544742
1214,sub-10,pain,3,13,1,1,47.0,0.7,0.05,-1,88.0,4.003165664
1215,sub-10,pain,3,14,2,2,48.0,0.3,0.125,-1,54.66666667,3.569232071
1216,sub-10,pain,3,15,3,1,47.0,0.7,0.05,0,55.33333333,4.386486573
1217,sub-10,pain,3,16,4,2,48.0,0.7,0.05,0,79.33333333,3.419132815
1218,sub-10,pain,3,17,5,1,47.0,0.7,0.125,-1,64.33333333,3.402355946
1219,sub-10,pain,3,18,6,2,48.0,0.3,0.05,0,60.66666667,3.502631522
1220,sub-10,pain,3,19,7,2,48.0,0.7,0.125,-1,68.33333333,3.919504615
1221,sub-10,pain,3,20,8,2,48.0,0.7,0.05,-1,65.0,2.785224972
1222,sub-10,pain,3,21,9,1,47.0,0.3,0.125,-1,30.33333333,2.785327602
1223,sub-10,pain,3,22,10,1,47.0,0.3,0.05,-1,37.66666667,3.435780309
1224,sub-10,pain,3,23,11,2,48.0,0.3,0.05,-1,43.33333333,2.285005873
1225,sub-10,pain,3,24,12,1,47.0,0.3,0.05,0,36.0,3.085634652
1226,sub-10,pain,4,1,1,1,47.0,0.3,0.125,0,89.33333333,1.467680774
1227,sub-10,pain,4,2,2,1,47.0,0.7,0.125,0,83.0,1.834652127
1228,sub-10,pain,4,3,3,1,47.0,0.3,0.05,1,46.0,2.685213123
1230,sub-10,pain,4,5,5,1,47.0,0.3,0.125,1,23.33333333,2.418391392
1231,sub-10,pain,4,6,6,2,48.0,0.3,0.05,1,39.0,2.802006818
1232,sub-10,pain,4,7,7,2,48.0,0.3,0.125,1,30.66666667,2.184843189
1233,sub-10,pain,4,8,8,2,48.0,0.7,0.05,1,69.0,3.335637529
1234,sub-10,pain,4,9,9,1,47.0,0.7,0.05,1,51.33333333,2.384955211
1235,sub-10,pain,4,10,10,2,48.0,0.3,0.125,0,30.33333333,3.002265943
1236,sub-10,pain,4,11,11,1,47.0,0.7,0.125,1,64.0,3.819532885
1237,sub-10,pain,4,12,12,2,48.0,0.7,0.125,0,82.0,3.886188169
1238,sub-10,vision,4,13,1,1,0.5,0.3,0.125,0,32.33333333,2.76873018
1239,sub-10,vision,4,14,2,2,0.6,0.3,0.05,1,43.0,2.835327618
1240,sub-10,vision,4,15,3,1,0.5,0.7,0.125,1,66.66666667,3.986282433
1241,sub-10,vision,4,16,4,2,0.6,0.7,0.05,1,85.33333333,3.719325417
1242,sub-10,vision,4,17,5,1,0.5,0.3,0.05,1,47.0,3.202385429
1243,sub-10,vision,4,18,6,1,0.5,0.7,0.05,1,48.0,3.402582353
1244,sub-10,vision,4,19,7,1,0.5,0.7,0.125,0,39.66666667,3.552444005
1245,sub-10,vision,4,20,8,2,0.6,0.3,0.125,1,55.66666667,4.319835021
1246,sub-10,vision,4,21,9,2,0.6,0.3,0.125,0,36.0,3.752741072
1247,sub-10,vision,4,22,10,2,0.6,0.7,0.125,0,69.66666667,2.068061002
1248,sub-10,vision,4,23,11,2,0.6,0.7,0.125,1,77.0,2.068244492
1249,sub-10,vision,4,24,12,1,0.5,0.3,0.125,1,28.0,2.61854571
1250,sub-10,pain,5,1,1,2,48.0,0.7,0.05,0,95.66666667,1.984729612
1251,sub-10,pain,5,2,2,1,47.0,0.3,0.05,-1,28.33333333,2.551808011
1252,sub-10,pain,5,3,3,2,48.0,0.3,0.05,0,44.0,2.334851633
1254,sub-10,pain,5,5,5,2,48.0,0.3,0.05,-1,29.33333333,4.219679179
1255,sub-10,pain,5,6,6,1,47.0,0.7,0.05,0,51.0,3.235730798
1256,sub-10,pain,5,7,7,2,48.0,0.7,0.05,-1,49.66666667,2.835401325
1257,sub-10,pain,5,8,8,1,47.0,0.7,0.05,-1,62.33333333,3.569177957
1258,sub-10,pain,5,9,9,2,48.0,0.7,0.125,-1,71.66666667,2.084735241
1259,sub-10,pain,5,10,10,1,47.0,0.3,0.05,0,32.33333333,4.153065258
1260,sub-10,pain,5,11,11,1,47.0,0.3,0.125,-1,25.66666667,3.051990413
1261,sub-10,pain,5,12,12,2,48.0,0.3,0.125,-1,27.33333333,2.852017407
1262,sub-10,vision,5,13,1,2,0.6,0.7,0.05,0,71.0,2.585401869
1263,sub-10,vision,5,14,2,1,0.5,0.3,0.05,-1,38.66666667,2.885417201
1264,sub-10,vision,5,15,3,2,0.6,0.3,0.05,-1,51.66666667,3.535889812
1265,sub-10,vision,5,16,4,1,0.5,0.7,0.05,0,57.33333333,3.002017143
1266,sub-10,vision,5,17,5,2,0.6,0.3,0.05,0,59.0,2.602096634
1267,sub-10,vision,5,18,6,1,0.5,0.7,0.125,-1,56.66666667,2.885251127
1268,sub-10,vision,5,19,7,1,0.5,0.7,0.05,-1,62.33333333,3.752727699
1269,sub-10,vision,5,20,8,1,0.5,0.3,0.05,0,27.66666667,3.285607657
1270,sub-10,vision,5,21,9,2,0.6,0.3,0.125,-1,67.33333333,3.018997717
1271,sub-10,vision,5,22,10,2,0.6,0.7,0.125,-1,79.0,2.718783034
1272,sub-10,vision,5,23,11,2,0.6,0.7,0.05,-1,85.33333333,3.652662358
1273,sub-10,vision,5,24,12,1,0.5,0.3,0.125,-1,35.33333333,3.252400994
1274,sub-10,pain,6,1,1,1,47.0,0.3,0.125,0,83.66666667,1.751302699
1275,sub-10,pain,6,2,2,2,48.0,0.3,0.125,0,86.33333333,3.219049405
1276,sub-10,pain,6,3,3,2,48.0,0.7,0.125,1,82.0,1.801469722
1277,sub-10,pain,6,4,4,2,48.0,0.7,0.125,0,75.66666667,1.917861916
1278,sub-10,pain,6,5,5,1,47.0,0.3,0.05,1,33.33333333,3.735879922
1279,sub-10,pain,6,6,6,2,48.0,0.3,0.125,1,54.33333333,3.135649285
1280,sub-10,pain,6,7,7,1,47.0,0.7,0.125,1,62.66666667,2.201733885
1281,sub-10,pain,6,8,8,1,47.0,0.3,0.125,1,26.0,3.369223611
1282,sub-10,pain,6,9,9,1,47.0,0.7,0.05,1,46.33333333,2.818752898
1283,sub-10,pain,6,10,10,2,48.0,0.3,0.05,1,57.33333333,2.451685757
1284,sub-10,pain,6,11,11,2,48.0,0.7,0.05,1,82.33333333,3.569214033
1285,sub-10,pain,6,12,12,1,47.0,0.7,0.125,0,72.66666667,2.251706843
1286,sub-10,vision,6,13,1,2,0.6,0.7,0.125,0,82.0,1.267611359
1287,sub-10,vision,6,14,2,2,0.6,0.7,0.05,1,68.66666667,2.518491254
1288,sub-10,vision,6,15,3,1,0.5,0.3,0.05,1,47.66666667,2.13470198
1289,sub-10,vision,6,16,4,1,0.5,0.7,0.125,1,47.66666667,3.185619133
1290,sub-10,vision,6,17,5,2,0.6,0.3,0.125,1,40.66666667,2.068079662
1291,sub-10,vision,6,18,6,1,0.5,0.3,0.125,1,30.33333333,2.635433917
1292,sub-10,vision,6,19,7,2,0.6,0.7,0.125,1,76.0,3.936191917
1293,sub-10,vision,6,20,8,1,0.5,0.7,0.125,0,71.66666667,2.935491546
1294,sub-10,vision,6,21,9,1,0.5,0.3,0.125,0,41.33333333,2.552041572
1295,sub-10,vision,6,22,10,2,0.6,0.3,0.05,1,55.0,2.768534872
1297,sub-10,vision,6,24,12,1,0.5,0.7,0.05,1,12.33333333,3.902847481
1298,sub-11,vision,1,1,1,1,0.5,0.3,0.125,-1,30.0,2.851939578
1299,sub-11,vision,1,2,2,1,0.5,0.7,0.125,-1,70.66666667,2.95212587
1300,sub-11,vision,1,3,3,2,0.6,0.7,0.05,0,65.0,2.251718454
1301,sub-11,vision,1,4,4,1,0.5,0.7,0.05,0,48.66666667,2.635279391
1302,sub-11,vision,1,5,5,2,0.6,0.3,0.125,-1,53.33333333,3.10240002
1303,sub-11,vision,1,6,6,1,0.5,0.7,0.05,-1,47.0,3.202469063
1304,sub-11,vision,1,7,7,1,0.5,0.3,0.05,0,31.0,3.235580754
1305,sub-11,vision,1,8,8,2,0.6,0.7,0.05,-1,65.66666667,3.052356013
1306,sub-11,vision,1,9,9,2,0.6,0.7,0.125,-1,71.0,3.052257113
1307,sub-11,vision,1,10,10,1,0.5,0.3,0.05,-1,21.33333333,1.984886748
1308,sub-11,vision,1,11,11,2,0.6,0.3,0.05,-1,47.66666667,3.185649952
1309,sub-11,vision,1,12,12,2,0.6,0.3,0.05,0,52.66666667,3.285821627
1310,sub-11,pain,1,13,1,2,48.0,0.3,0.05,0,81.33333333,1.984652562
1311,sub-11,pain,1,14,2,2,48.0,0.3,0.05,-1,61.33333333,2.501841767
1312,sub-11,pain,1,15,3,1,47.0,0.7,0.05,-1,49.33333333,4.236361997
1313,sub-11,pain,1,16,4,2,48.0,0.3,0.125,-1,65.0,2.218165759
1314,sub-11,pain,1,17,5,2,48.0,0.7,0.125,-1,77.66666667,1.617798774
1315,sub-11,pain,1,18,6,1,47.0,0.3,0.125,-1,42.33333333,1.78454371
1316,sub-11,pain,1,19,7,1,47.0,0.3,0.05,-1,38.66666667,2.785338637
1317,sub-11,pain,1,20,8,1,47.0,0.3,0.05,0,35.33333333,2.468456082
1318,sub-11,pain,1,21,9,2,48.0,0.7,0.05,-1,70.0,2.118069348
1319,sub-11,pain,1,22,10,1,47.0,0.7,0.05,0,67.66666667,1.784621772
1320,sub-11,pain,1,23,11,1,47.0,0.7,0.125,-1,71.66666667,2.235005396
1321,sub-11,pain,1,24,12,2,48.0,0.7,0.05,0,89.0,2.235038984
1322,sub-11,pain,2,1,1,1,47.0,0.3,0.125,1,48.33333333,1.567836872
1323,sub-11,pain,2,2,2,1,47.0,0.7,0.125,1,55.66666667,2.284817394
1324,sub-11,pain,2,3,3,2,48.0,0.3,0.125,1,80.66666667,1.701149161
1325,sub-11,pain,2,4,4,2,48.0,0.3,0.05,1,89.33333333,2.034764679
1326,sub-11,pain,2,5,5,2,48.0,0.7,0.05,1,65.66666667,2.218261237
1327,sub-11,pain,2,6,6,1,47.0,0.7,0.125,0,44.33333333,2.418454682
1328,sub-11,pain,2,7,7,1,47.0,0.3,0.125,0,32.33333333,1.834905253
1329,sub-11,pain,2,8,8,2,48.0,0.7,0.125,1,83.0,1.651002833
1330,sub-11,pain,2,9,9,2,48.0,0.7,0.125,0,74.33333333,1.451054149
1331,sub-11,pain,2,10,10,1,47.0,0.7,0.05,1,31.33333333,2.752151372
1332,sub-11,pain,2,11,11,2,48.0,0.3,0.125,0,80.66666667,1.76793857
1333,sub-11,pain,2,12,12,1,47.0,0.3,0.05,1,38.66666667,1.951397187
1334,sub-11,vision,2,13,1,1,0.5,0.3,0.125,1,57.0,2.285269594
1335,sub-11,vision,2,14,2,2,0.6,0.7,0.125,1,71.66666667,2.702048896
1336,sub-11,vision,2,15,3,1,0.5,0.7,0.125,0,47.66666667,2.368320795
1337,sub-11,vision,2,16,4,2,0.6,0.3,0.05,1,43.0,3.769475865
1338,sub-11,vision,2,17,5,1,0.5,0.7,0.05,1,39.66666667,3.369161439
1339,sub-11,vision,2,18,6,1,0.5,0.3,0.05,1,44.66666667,2.018064994
1340,sub-11,vision,2,19,7,1,0.5,0.3,0.125,0,26.66666667,2.101419423
1341,sub-11,vision,2,20,8,2,0.6,0.3,0.125,1,49.33333333,2.651984363
1342,sub-11,vision,2,21,9,2,0.6,0.3,0.125,0,47.33333333,2.60193258
1343,sub-11,vision,2,22,10,2,0.6,0.7,0.05,1,71.66666667,2.452143286
1344,sub-11,vision,2,23,11,1,0.5,0.7,0.125,1,38.66666667,2.885447799
1345,sub-11,vision,2,24,12,2,0.6,0.7,0.125,0,61.66666667,2.401572438
1346,sub-11,pain,3,1,1,2,48.0,0.3,0.125,-1,94.33333333,2.118219252
1347,sub-11,pain,3,2,2,1,47.0,0.7,0.05,-1,43.66666667,1.851339029
1348,sub-11,pain,3,3,3,2,48.0,0.3,0.05,0,71.33333333,2.468410986
1349,sub-11,pain,3,4,4,1,47.0,0.7,0.125,-1,25.66666667,1.834608243
1350,sub-11,pain,3,5,5,1,47.0,0.3,0.05,0,32.33333333,2.401809734
1351,sub-11,pain,3,6,6,2,48.0,0.3,0.05,-1,65.33333333,1.734685995
1352,sub-11,pain,3,7,7,2,48.0,0.7,0.05,0,35.33333333,1.851406206
1353,sub-11,pain,3,8,8,2,48.0,0.7,0.05,-1,20.66666667,2.585091389
1354,sub-11,pain,3,9,9,1,47.0,0.3,0.125,-1,25.66666667,2.551743956
1355,sub-11,pain,3,10,10,2,48.0,0.7,0.125,-1,66.66666667,1.901513036
1356,sub-11,pain,3,11,11,1,47.0,0.3,0.05,-1,41.33333333,2.401871313
1357,sub-11,pain,3,12,12,1,47.0,0.7,0.05,0,47.66666667,2.418508797
1358,sub-11,vision,3,13,1,1,0.5,0.3,0.05,0,51.0,2.235200085
1359,sub-11,vision,3,14,2,1,0.5,0.3,0.05,-1,48.0,2.918801141
1360,sub-11,vision,3,15,3,2,0.6,0.3,0.125,-1,53.33333333,2.568564622
1361,sub-11,vision,3,16,4,2,0.6,0.7,0.05,0,55.0,2.251647856
1362,sub-11,vision,3,17,5,1,0.5,0.7,0.05,-1,45.0,2.785577799
1363,sub-11,vision,3,18,6,2,0.6,0.3,0.05,0,66.66666667,2.351716899
1364,sub-11,vision,3,19,7,2,0.6,0.7,0.05,-1,27.66666667,1.817978845
1365,sub-11,vision,3,20,8,1,0.5,0.7,0.05,0,28.66666667,1.684722538
1366,sub-11,vision,3,21,9,2,0.6,0.7,0.125,-1,57.66666667,2.134769655
1367,sub-11,vision,3,22,10,2,0.6,0.3,0.05,-1,51.0,2.635250778
1368,sub-11,vision,3,23,11,1,0.5,0.3,0.125,-1,24.0,2.852010176
1369,sub-11,vision,3,24,12,1,0.5,0.7,0.125,-1,25.33333333,3.252360056
1370,sub-11,vision,4,1,1,2,0.6,0.3,0.05,1,67.0,3.035561783
1371,sub-11,vision,4,2,2,1,0.5,0.7,0.125,1,41.33333333,2.56843711
1372,sub-11,vision,4,3,3,1,0.5,0.7,0.125,0,62.66666667,2.284929355
1373,sub-11,vision,4,4,4,2,0.6,0.7,0.125,0,75.0,2.76872199
1374,sub-11,vision,4,5,5,2,0.6,0.3,0.125,0,54.66666667,2.535134463
1375,sub-11,vision,4,6,6,2,0.6,0.7,0.125,1,68.0,2.385110982
1376,sub-11,vision,4,7,7,1,0.5,0.3,0.125,1,42.0,2.568549072
1377,sub-11,vision,4,8,8,2,0.6,0.3,0.125,1,50.66666667,2.618571931
1378,sub-11,vision,4,9,9,1,0.5,0.7,0.05,1,36.0,2.418452816
1379,sub-11,vision,4,10,10,1,0.5,0.3,0.05,1,29.0,2.234821592
1380,sub-11,vision,4,11,11,2,0.6,0.7,0.05,1,74.33333333,1.801315548
1381,sub-11,vision,4,12,12,1,0.5,0.3,0.125,0,27.0,2.001369352
1382,sub-11,pain,4,13,1,1,47.0,0.3,0.125,1,62.33333333,2.468488737
1383,sub-11,pain,4,14,2,2,48.0,0.3,0.05,1,83.0,2.284947394
1384,sub-11,pain,4,15,3,2,48.0,0.7,0.125,0,47.0,2.285130264
1385,sub-11,pain,4,16,4,2,48.0,0.7,0.05,1,46.66666667,3.002182006
1386,sub-11,pain,4,17,5,1,47.0,0.7,0.05,1,19.0,2.952372185
1387,sub-11,pain,4,18,6,2,48.0,0.7,0.125,1,47.0,2.368439287
1388,sub-11,pain,4,19,7,1,47.0,0.7,0.125,1,9.0,2.952196779
1389,sub-11,pain,4,20,8,1,47.0,0.3,0.05,1,21.0,2.434990779
1390,sub-11,pain,4,21,9,1,47.0,0.3,0.125,0,20.33333333,1.918047266
1391,sub-11,pain,4,22,10,2,48.0,0.3,0.125,0,66.0,2.301921695
1392,sub-11,pain,4,23,11,2,48.0,0.3,0.125,1,81.66666667,2.485055934
1393,sub-11,pain,4,24,12,1,47.0,0.7,0.125,0,46.33333333,1.867963451
1394,sub-11,vision,5,1,1,1,0.5,0.7,0.125,-1,48.66666667,2.068325149
1395,sub-11,vision,5,2,2,1,0.5,0.7,0.05,-1,65.66666667,2.0014866
1396,sub-11,vision,5,3,3,2,0.6,0.3,0.05,0,72.33333333,3.168898019
1397,sub-11,vision,5,4,4,2,0.6,0.3,0.05,-1,62.66666667,2.318438199
1398,sub-11,vision,5,5,5,2,0.6,0.7,0.05,0,52.66666667,2.752010798
1399,sub-11,vision,5,6,6,1,0.5,0.3,0.05,-1,44.66666667,2.53523274
1400,sub-11,vision,5,7,7,1,0.5,0.3,0.05,0,70.66666667,1.984772609
1401,sub-11,vision,5,8,8,1,0.5,0.7,0.05,0,57.66666667,1.951318503
1402,sub-11,vision,5,9,9,1,0.5,0.3,0.125,-1,38.0,2.485341747
1403,sub-11,vision,5,10,10,2,0.6,0.7,0.05,-1,74.0,2.551821396
1404,sub-11,vision,5,11,11,2,0.6,0.3,0.125,-1,78.66666667,2.051526253
1405,sub-11,vision,5,12,12,2,0.6,0.7,0.125,-1,73.0,1.968030317
1406,sub-11,pain,5,13,1,1,47.0,0.3,0.125,-1,40.33333333,2.218557002
1407,sub-11,pain,5,14,2,2,48.0,0.3,0.05,-1,30.66666667,2.435064798
1408,sub-11,pain,5,15,3,2,48.0,0.7,0.05,-1,39.0,2.11802052
1409,sub-11,pain,5,16,4,2,48.0,0.7,0.05,0,34.33333333,2.235001353
1410,sub-11,pain,5,17,5,2,48.0,0.3,0.05,0,59.33333333,2.2849928
1411,sub-11,pain,5,18,6,1,47.0,0.7,0.05,-1,19.0,2.184968231
1412,sub-11,pain,5,19,7,1,47.0,0.7,0.125,-1,4.666666667,1.868020054
1413,sub-11,pain,5,20,8,2,48.0,0.7,0.125,-1,40.0,3.26913998
1414,sub-11,pain,5,21,9,1,47.0,0.7,0.05,0,10.0,1.751318814
1415,sub-11,pain,5,22,10,1,47.0,0.3,0.05,-1,7.0,3.385852416
1416,sub-11,pain,5,23,11,2,48.0,0.3,0.125,-1,46.33333333,3.419377432
1417,sub-11,pain,5,24,12,1,47.0,0.3,0.05,0,11.33333333,1.784702944
1418,sub-11,vision,6,1,1,2,0.6,0.7,0.125,1,78.0,2.15147245
1419,sub-11,vision,6,2,2,2,0.6,0.3,0.05,1,84.0,1.951280249
1420,sub-11,vision,6,3,3,1,0.5,0.3,0.125,1,63.66666667,2.234883171
1421,sub-11,vision,6,4,4,2,0.6,0.3,0.125,0,76.66666667,2.485218589
1422,sub-11,vision,6,5,5,1,0.5,0.3,0.05,1,50.66666667,1.90124806
1423,sub-11,vision,6,6,6,1,0.5,0.7,0.125,1,62.0,2.351793406
1424,sub-11,vision,6,7,7,2,0.6,0.3,0.125,1,68.66666667,2.368356871
1425,sub-11,vision,6,8,8,1,0.5,0.7,0.125,0,67.66666667,2.035163386
1426,sub-11,vision,6,9,9,2,0.6,0.7,0.125,0,74.0,2.718662122
1427,sub-11,vision,6,10,10,1,0.5,0.7,0.05,1,46.66666667,2.918679227
1428,sub-11,vision,6,11,11,1,0.5,0.3,0.125,0,75.66666667,2.201611313
1429,sub-11,vision,6,12,12,2,0.6,0.7,0.05,1,62.33333333,2.151463742
1430,sub-11,pain,6,13,1,2,48.0,0.7,0.125,0,61.33333333,2.435021568
1431,sub-11,pain,6,14,2,2,48.0,0.3,0.05,1,23.33333333,2.368407876
1432,sub-11,pain,6,15,3,1,47.0,0.3,0.125,0,13.33333333,3.035517931
1433,sub-11,pain,6,16,4,1,47.0,0.7,0.125,1,12.0,2.035157166
1434,sub-11,pain,6,17,5,2,48.0,0.3,0.125,1,9.333333333,2.184940863
1435,sub-11,pain,6,18,6,1,47.0,0.3,0.05,1,10.0,1.4176582
1436,sub-11,pain,6,19,7,2,48.0,0.7,0.125,1,8.333333333,2.568692756
1437,sub-11,pain,6,20,8,2,48.0,0.3,0.125,0,33.0,2.952064602
1438,sub-11,pain,6,21,9,2,48.0,0.7,0.05,1,31.66666667,2.518498845
1439,sub-11,pain,6,22,10,1,47.0,0.7,0.05,1,1.666666667,2.718579084
1440,sub-11,pain,6,23,11,1,47.0,0.3,0.125,1,4.666666667,2.318391548
1441,sub-11,pain,6,24,12,1,47.0,0.7,0.125,0,3.0,3.71932114
1442,sub-12,pain,1,1,1,2,48.0,0.3,0.05,0,28.66666667,2.635088123
1443,sub-12,pain,1,2,2,1,47.0,0.3,0.05,0,19.33333333,3.519170925
1444,sub-12,pain,1,3,3,1,47.0,0.7,0.125,-1,61.0,2.852087305
1445,sub-12,pain,1,4,4,2,48.0,0.7,0.125,-1,62.66666667,2.46837833
1446,sub-12,pain,1,5,5,2,48.0,0.7,0.05,0,59.66666667,2.601912054
1447,sub-12,pain,1,6,6,2,48.0,0.7,0.05,-1,61.66666667,2.018148032
1448,sub-12,pain,1,7,7,2,48.0,0.3,0.125,-1,29.0,2.385133374
1449,sub-12,pain,1,8,8,2,48.0,0.3,0.05,-1,20.33333333,2.818755112
1450,sub-12,pain,1,9,9,1,47.0,0.7,0.05,0,58.33333333,2.451780344
1451,sub-12,pain,1,10,10,1,47.0,0.7,0.05,-1,53.33333333,3.119032217
1452,sub-12,pain,1,11,11,1,47.0,0.3,0.125,-1,21.0,2.618850279
1453,sub-12,pain,1,12,12,1,47.0,0.3,0.05,-1,15.33333333,2.151607115
1454,sub-12,vision,1,13,1,2,0.6,0.7,0.05,-1,62.0,2.718596811
1455,sub-12,vision,1,14,2,1,0.5,0.3,0.05,-1,41.66666667,2.385042872
1456,sub-12,vision,1,15,3,1,0.5,0.3,0.05,0,28.0,2.351710368
1457,sub-12,vision,1,16,4,2,0.6,0.3,0.125,-1,39.33333333,2.451865248
1458,sub-12,vision,1,17,5,1,0.5,0.7,0.125,-1,53.0,2.218267146
1459,sub-12,vision,1,18,6,2,0.6,0.7,0.125,-1,56.66666667,2.918796165
1460,sub-12,vision,1,19,7,1,0.5,0.7,0.05,0,60.33333333,3.535714175
1461,sub-12,vision,1,20,8,1,0.5,0.7,0.05,-1,49.66666667,3.452512137
1462,sub-12,vision,1,21,9,2,0.6,0.3,0.05,0,43.33333333,4.420056354
1463,sub-12,vision,1,22,10,2,0.6,0.7,0.05,0,54.66666667,2.551934602
1464,sub-12,vision,1,23,11,1,0.5,0.3,0.125,-1,31.33333333,3.886161554
1465,sub-12,vision,1,24,12,2,0.6,0.3,0.05,-1,46.0,2.335088123
1466,sub-12,pain,2,1,1,1,47.0,0.3,0.125,1,71.33333333,2.685610144
1467,sub-12,pain,2,2,2,1,47.0,0.7,0.125,0,64.66666667,2.451890128
1468,sub-12,pain,2,3,3,1,47.0,0.3,0.05,1,22.0,2.451982186
1469,sub-12,pain,2,4,4,2,48.0,0.7,0.05,1,61.0,3.002098346
1470,sub-12,pain,2,5,5,2,48.0,0.7,0.125,0,56.0,3.33570049
1471,sub-12,pain,2,6,6,2,48.0,0.3,0.05,1,26.66666667,2.635193865
1472,sub-12,pain,2,7,7,2,48.0,0.3,0.125,1,28.0,2.118289539
1473,sub-12,pain,2,8,8,1,47.0,0.7,0.125,1,34.66666667,2.351802736
1474,sub-12,pain,2,9,9,1,47.0,0.3,0.125,0,21.66666667,3.552675103
1475,sub-12,pain,2,10,10,2,48.0,0.7,0.125,1,55.66666667,2.318449395
1476,sub-12,pain,2,11,11,1,47.0,0.7,0.05,1,53.0,2.652054339
1477,sub-12,pain,2,12,12,2,48.0,0.3,0.125,0,20.66666667,2.018030472
1478,sub-12,vision,2,13,1,2,0.6,0.3,0.125,1,43.66666667,2.785560383
1479,sub-12,vision,2,14,2,1,0.5,0.7,0.05,1,46.33333333,2.351716899
1480,sub-12,vision,2,15,3,2,0.6,0.7,0.125,1,52.66666667,3.385764402
1481,sub-12,vision,2,16,4,1,0.5,0.7,0.125,1,56.0,2.968854167
1482,sub-12,vision,2,17,5,2,0.6,0.3,0.05,1,50.66666667,3.835965466
1483,sub-12,vision,2,18,6,1,0.5,0.3,0.125,0,44.66666667,3.185693493
1484,sub-12,vision,2,19,7,1,0.5,0.3,0.05,1,44.33333333,2.201654232
1485,sub-12,vision,2,20,8,2,0.6,0.3,0.125,0,50.0,3.802800593
1486,sub-12,vision,2,21,9,1,0.5,0.3,0.125,1,46.66666667,4.286417822
1487,sub-12,vision,2,22,10,2,0.6,0.7,0.05,1,56.66666667,2.018006214
1488,sub-12,vision,2,23,11,2,0.6,0.7,0.125,0,64.66666667,2.718682959
1489,sub-12,vision,2,24,12,1,0.5,0.7,0.125,0,57.0,2.251789052
1490,sub-12,pain,3,1,1,1,47.0,0.3,0.05,-1,45.66666667,3.152295056
1491,sub-12,pain,3,2,2,2,48.0,0.3,0.05,-1,52.33333333,4.269869285
1492,sub-12,pain,3,3,3,1,47.0,0.3,0.125,-1,23.66666667,2.501931025
1493,sub-12,pain,3,4,4,2,48.0,0.3,0.125,-1,34.33333333,2.651983741
1494,sub-12,pain,3,5,5,1,47.0,0.3,0.05,0,22.33333333,2.268313642
1495,sub-12,pain,3,6,6,1,47.0,0.7,0.05,-1,36.66666667,1.951278694
1496,sub-12,pain,3,7,7,1,47.0,0.7,0.05,0,36.33333333,3.702735905
1497,sub-12,pain,3,8,8,2,48.0,0.7,0.125,-1,45.0,2.401778322
1498,sub-12,pain,3,9,9,1,47.0,0.7,0.125,-1,29.66666667,2.618791189
1499,sub-12,pain,3,10,10,2,48.0,0.7,0.05,0,39.66666667,2.151461876
1500,sub-12,pain,3,11,11,2,48.0,0.7,0.05,-1,29.33333333,2.551982186
1501,sub-12,pain,3,12,12,2,48.0,0.3,0.05,0,25.66666667,2.835294941
1502,sub-12,vision,3,13,1,1,0.5,0.3,0.125,-1,45.0,2.151435751
1503,sub-12,vision,3,14,2,1,0.5,0.3,0.05,-1,50.0,2.835190754
1504,sub-12,vision,3,15,3,2,0.6,0.3,0.05,0,49.33333333,1.868043379
1505,sub-12,vision,3,16,4,2,0.6,0.7,0.05,-1,53.0,2.284970719
1506,sub-12,vision,3,17,5,1,0.5,0.7,0.125,-1,53.33333333,2.785301316
1507,sub-12,vision,3,18,6,2,0.6,0.7,0.125,-1,58.66666667,2.25160867
1509,sub-12,vision,3,20,8,2,0.6,0.7,0.05,0,54.66666667,2.25185343
1510,sub-12,vision,3,21,9,2,0.6,0.3,0.05,-1,58.66666667,2.285242537
1511,sub-12,vision,3,22,10,2,0.6,0.3,0.125,-1,50.33333333,2.001786097
1512,sub-12,vision,3,23,11,1,0.5,0.3,0.05,0,50.0,1.801362199
1513,sub-12,vision,3,24,12,1,0.5,0.7,0.05,0,49.0,3.235841064
1514,sub-12,vision,4,1,1,2,0.6,0.3,0.05,1,48.0,3.335752117
1515,sub-12,vision,4,2,2,2,0.6,0.3,0.125,1,45.0,2.518574108
1516,sub-12,vision,4,3,3,1,0.5,0.7,0.05,1,47.0,3.035751806
1517,sub-12,vision,4,4,4,2,0.6,0.3,0.125,0,49.0,3.119022576
1518,sub-12,vision,4,5,5,1,0.5,0.7,0.125,1,50.0,1.901438084
1519,sub-12,vision,4,6,6,1,0.5,0.7,0.125,0,52.33333333,2.034672621
1520,sub-12,vision,4,7,7,2,0.6,0.7,0.125,0,58.33333333,2.018276166
1521,sub-12,vision,4,8,8,1,0.5,0.3,0.125,0,48.0,3.285762536
1522,sub-12,vision,4,9,9,2,0.6,0.7,0.05,1,61.0,3.052301898
1523,sub-12,vision,4,10,10,1,0.5,0.3,0.125,1,50.33333333,2.368322039
1524,sub-12,vision,4,11,11,2,0.6,0.7,0.125,1,61.0,1.751536206
1525,sub-12,vision,4,12,12,1,0.5,0.3,0.05,1,47.0,1.751329699
1526,sub-12,pain,4,13,1,2,48.0,0.7,0.125,0,73.66666667,1.734557239
1527,sub-12,pain,4,14,2,2,48.0,0.7,0.05,1,75.33333333,2.168146943
1528,sub-12,pain,4,15,3,1,47.0,0.7,0.125,0,54.0,1.834672621
1529,sub-12,pain,4,16,4,2,48.0,0.3,0.125,0,41.33333333,2.568536943
1530,sub-12,pain,4,17,5,1,47.0,0.3,0.05,1,32.33333333,2.03487975
1531,sub-12,pain,4,18,6,1,47.0,0.7,0.125,1,24.33333333,1.701564973
1532,sub-12,pain,4,19,7,1,47.0,0.3,0.125,1,19.0,3.686368372
1533,sub-12,pain,4,20,8,2,48.0,0.3,0.125,1,35.0,2.735422764
1534,sub-12,pain,4,21,9,1,47.0,0.3,0.125,0,18.66666667,2.485078948
1535,sub-12,pain,4,22,10,2,48.0,0.7,0.125,1,20.66666667,2.301718921
1536,sub-12,pain,4,23,11,2,48.0,0.3,0.05,1,25.66666667,3.319109657
1537,sub-12,pain,4,24,12,1,47.0,0.7,0.05,1,25.33333333,2.134767478
1538,sub-12,pain,5,1,1,2,48.0,0.3,0.125,-1,75.33333333,2.952047497
1539,sub-12,pain,5,2,2,2,48.0,0.7,0.125,-1,54.66666667,2.71866772
1540,sub-12,pain,5,3,3,2,48.0,0.3,0.05,0,27.66666667,2.151433885
1541,sub-12,pain,5,4,4,1,47.0,0.3,0.05,0,34.33333333,1.868067326
1542,sub-12,pain,5,5,5,1,47.0,0.7,0.05,0,61.33333333,1.768163427
1543,sub-12,pain,5,6,6,1,47.0,0.3,0.125,-1,31.0,3.58588165
1544,sub-12,pain,5,7,7,2,48.0,0.3,0.05,-1,48.33333333,3.202191025
1545,sub-12,pain,5,8,8,2,48.0,0.7,0.05,0,58.33333333,2.585246891
1546,sub-12,pain,5,9,9,1,47.0,0.7,0.125,-1,44.33333333,2.918826954
1547,sub-12,pain,5,10,10,1,47.0,0.7,0.05,-1,32.0,2.134978961
1548,sub-12,pain,5,11,11,2,48.0,0.7,0.05,-1,46.66666667,2.201645835
1549,sub-12,pain,5,12,12,1,47.0,0.3,0.05,-1,21.0,1.78462115
1550,sub-12,vision,5,13,1,1,0.5,0.7,0.125,-1,52.33333333,2.835412501
1551,sub-12,vision,5,14,2,1,0.5,0.7,0.05,0,56.66666667,1.517777626
1552,sub-12,vision,5,15,3,1,0.5,0.3,0.125,-1,45.66666667,2.06818613
1553,sub-12,vision,5,16,4,2,0.6,0.3,0.05,-1,52.0,2.318414251
1554,sub-12,vision,5,17,5,2,0.6,0.7,0.05,-1,56.33333333,2.101673825
1555,sub-12,vision,5,18,6,1,0.5,0.3,0.05,-1,50.33333333,2.051572593
1556,sub-12,vision,5,19,7,1,0.5,0.3,0.05,0,39.33333333,2.868733808
1557,sub-12,vision,5,20,8,2,0.6,0.3,0.125,-1,55.0,2.385062154
1558,sub-12,vision,5,21,9,2,0.6,0.7,0.05,0,64.66666667,1.951413981
1559,sub-12,vision,5,22,10,2,0.6,0.3,0.05,0,58.33333333,1.984968853
1560,sub-12,vision,5,23,11,1,0.5,0.7,0.05,-1,50.0,3.902911622
1561,sub-12,vision,5,24,12,2,0.6,0.7,0.125,-1,57.0,1.717982889
1562,sub-12,pain,6,1,1,2,48.0,0.7,0.05,1,77.33333333,3.76972218
1563,sub-12,pain,6,2,2,1,47.0,0.3,0.05,1,26.66666667,2.985582464
1564,sub-12,pain,6,3,3,1,47.0,0.3,0.125,1,26.66666667,1.801383347
1565,sub-12,pain,6,4,4,1,47.0,0.3,0.125,0,26.0,2.06809314
1566,sub-12,pain,6,5,5,2,48.0,0.3,0.125,0,29.66666667,1.551116039
1567,sub-12,pain,6,6,6,1,47.0,0.7,0.05,1,45.66666667,1.968215675
1568,sub-12,pain,6,7,7,1,47.0,0.7,0.125,0,50.66666667,1.93483932
1569,sub-12,pain,6,8,8,2,48.0,0.3,0.05,1,30.33333333,2.351717832
1570,sub-12,pain,6,9,9,2,48.0,0.7,0.125,1,42.33333333,2.268367756
1571,sub-12,pain,6,10,10,2,48.0,0.7,0.125,0,40.0,1.901501218
1572,sub-12,pain,6,11,11,2,48.0,0.3,0.125,1,26.66666667,2.201618777
1573,sub-12,pain,6,12,12,1,47.0,0.7,0.125,1,35.66666667,1.817973247
1574,sub-12,vision,6,13,1,1,0.5,0.3,0.05,1,54.66666667,2.735684007
1575,sub-12,vision,6,14,2,1,0.5,0.7,0.05,1,49.0,2.368401967
1576,sub-12,vision,6,15,3,1,0.5,0.7,0.125,1,56.0,2.685391508
1577,sub-12,vision,6,16,4,1,0.5,0.7,0.125,0,50.33333333,2.618570687
1578,sub-12,vision,6,17,5,2,0.6,0.3,0.125,0,58.0,2.284979738
1579,sub-12,vision,6,18,6,1,0.5,0.3,0.125,1,42.66666667,3.135684007
1580,sub-12,vision,6,19,7,2,0.6,0.7,0.05,1,68.33333333,2.435191687
1581,sub-12,vision,6,20,8,2,0.6,0.3,0.125,1,55.0,2.635131042
1582,sub-12,vision,6,21,9,2,0.6,0.7,0.125,1,60.33333333,2.718557624
1583,sub-12,vision,6,22,10,1,0.5,0.3,0.125,0,50.0,2.752042209
1584,sub-12,vision,6,23,11,2,0.6,0.3,0.05,1,54.66666667,2.585124355
1585,sub-12,vision,6,24,12,2,0.6,0.7,0.125,0,57.66666667,3.669470888
1586,sub-13,pain,1,1,1,1,47.0,0.3,0.125,-1,61.33333333,2.08477536
1587,sub-13,pain,1,2,2,2,48.0,0.7,0.05,0,78.33333333,1.834643419
1588,sub-13,pain,1,3,3,1,47.0,0.7,0.05,0,73.66666667,2.051480062
1589,sub-13,pain,1,4,4,1,47.0,0.7,0.05,-1,77.66666667,3.068862448
1590,sub-13,pain,1,5,5,2,48.0,0.7,0.125,-1,56.66666667,2.101516776
1591,sub-13,pain,1,6,6,2,48.0,0.7,0.05,-1,78.66666667,1.784505941
1592,sub-13,pain,1,7,7,2,48.0,0.3,0.05,0,46.33333333,1.951379578
1593,sub-13,pain,1,8,8,2,48.0,0.3,0.125,-1,43.0,2.201658934
1594,sub-13,pain,1,9,9,2,48.0,0.3,0.05,-1,65.33333333,2.952075906
1595,sub-13,pain,1,10,10,1,47.0,0.7,0.125,-1,72.33333333,2.168244834
1596,sub-13,pain,1,11,11,1,47.0,0.3,0.05,0,37.33333333,1.901313942
1597,sub-13,pain,1,12,12,1,47.0,0.3,0.05,-1,49.0,2.201824696
1598,sub-13,vision,1,13,1,1,0.5,0.7,0.125,-1,70.0,2.601714727
1599,sub-13,vision,1,14,2,1,0.5,0.3,0.05,-1,52.66666667,2.535194728
1600,sub-13,vision,1,15,3,2,0.6,0.3,0.05,0,59.33333333,2.251652418
1601,sub-13,vision,1,16,4,1,0.5,0.7,0.05,0,80.66666667,1.451083351
1602,sub-13,vision,1,17,5,2,0.6,0.7,0.125,-1,77.66666667,2.301480451
1603,sub-13,vision,1,18,6,2,0.6,0.7,0.05,-1,77.66666667,2.735292755
1604,sub-13,vision,1,19,7,2,0.6,0.3,0.125,-1,59.33333333,2.385078056
1605,sub-13,vision,1,20,8,1,0.5,0.7,0.05,-1,67.66666667,2.284863435
1606,sub-13,vision,1,21,9,2,0.6,0.3,0.05,-1,71.0,1.601168923
1607,sub-13,vision,1,22,10,1,0.5,0.3,0.125,-1,68.66666667,1.934691344
1608,sub-13,vision,1,23,11,2,0.6,0.7,0.05,0,72.0,2.9353715
1609,sub-13,vision,1,24,12,1,0.5,0.3,0.05,0,39.0,2.034831014
1610,sub-13,pain,2,1,1,2,48.0,0.3,0.125,1,90.0,0.950781837
1611,sub-13,pain,2,2,2,2,48.0,0.7,0.125,0,95.33333333,2.284962644
1612,sub-13,pain,2,3,3,2,48.0,0.7,0.05,1,90.33333333,1.51783971
1613,sub-13,pain,2,4,4,1,47.0,0.3,0.125,0,67.33333333,1.584588916
1614,sub-13,pain,2,5,5,1,47.0,0.7,0.125,1,83.66666667,2.451615471
1615,sub-13,pain,2,6,6,2,48.0,0.7,0.125,1,93.33333333,2.301760662
1616,sub-13,pain,2,7,7,1,47.0,0.7,0.125,0,82.33333333,1.501098917
1617,sub-13,pain,2,8,8,1,47.0,0.3,0.125,1,62.0,1.834645285
1618,sub-13,pain,2,9,9,2,48.0,0.3,0.05,1,83.66666667,2.134655641
1619,sub-13,pain,2,10,10,1,47.0,0.7,0.05,1,87.66666667,2.251731101
1620,sub-13,pain,2,11,11,2,48.0,0.3,0.125,0,84.33333333,2.368428386
1621,sub-13,pain,2,12,12,1,47.0,0.3,0.05,1,91.33333333,0.95072057
1622,sub-13,vision,2,13,1,1,0.5,0.3,0.125,0,72.0,1.851152207
1623,sub-13,vision,2,14,2,1,0.5,0.7,0.05,1,78.0,1.767952059
1624,sub-13,vision,2,15,3,1,0.5,0.7,0.125,0,80.33333333,1.867872785
1625,sub-13,vision,2,16,4,2,0.6,0.7,0.125,1,83.33333333,1.901541594
1626,sub-13,vision,2,17,5,1,0.5,0.3,0.05,1,69.66666667,1.734935416
1627,sub-13,vision,2,18,6,2,0.6,0.3,0.125,0,71.66666667,2.168174237
1628,sub-13,vision,2,19,7,2,0.6,0.7,0.125,0,89.66666667,2.134674612
1629,sub-13,vision,2,20,8,2,0.6,0.7,0.05,1,84.33333333,1.317672952
1630,sub-13,vision,2,21,9,1,0.5,0.7,0.125,1,66.0,1.918041984
1631,sub-13,vision,2,22,10,2,0.6,0.3,0.125,1,78.0,1.48427913
1632,sub-13,vision,2,23,11,1,0.5,0.3,0.125,1,42.0,1.951692444
1633,sub-13,vision,2,24,12,2,0.6,0.3,0.05,1,69.33333333,2.368288747
1634,sub-13,pain,3,1,1,2,48.0,0.7,0.125,-1,97.33333333,1.284110506
1635,sub-13,pain,3,2,2,1,47.0,0.3,0.125,-1,61.0,1.651083724
1636,sub-13,pain,3,3,3,1,47.0,0.3,0.05,0,55.33333333,2.051336692
1637,sub-13,pain,3,4,4,1,47.0,0.7,0.05,0,84.33333333,1.267583369
1638,sub-13,pain,3,5,5,2,48.0,0.3,0.05,0,75.66666667,1.484348482
1639,sub-13,pain,3,6,6,1,47.0,0.3,0.05,-1,70.33333333,1.868018022
1640,sub-13,pain,3,7,7,2,48.0,0.3,0.05,-1,56.33333333,2.318414686
1641,sub-13,pain,3,8,8,1,47.0,0.7,0.125,-1,79.0,2.118150585
1642,sub-13,pain,3,9,9,2,48.0,0.7,0.05,-1,90.0,1.234186996
1643,sub-13,pain,3,10,10,2,48.0,0.3,0.125,-1,81.66666667,2.518494364
1644,sub-13,pain,3,11,11,2,48.0,0.7,0.05,0,90.0,0.850436597
1645,sub-13,pain,3,12,12,1,47.0,0.7,0.05,-1,87.0,1.250866522
1646,sub-13,vision,3,13,1,1,0.5,0.3,0.05,0,63.66666667,1.917898303
1647,sub-13,vision,3,14,2,2,0.6,0.3,0.05,-1,71.66666667,1.867928143
1648,sub-13,vision,3,15,3,2,0.6,0.7,0.05,0,88.0,1.984798654
1649,sub-13,vision,3,16,4,2,0.6,0.7,0.05,-1,79.0,2.568546317
1650,sub-13,vision,3,17,5,2,0.6,0.7,0.125,-1,88.0,1.217550387
1651,sub-13,vision,3,18,6,1,0.5,0.7,0.05,0,74.0,2.251737321
1652,sub-13,vision,3,19,7,1,0.5,0.7,0.05,-1,69.66666667,2.034869889
1653,sub-13,vision,3,20,8,1,0.5,0.3,0.125,-1,47.0,2.151561886
1654,sub-13,vision,3,21,9,1,0.5,0.7,0.125,-1,58.33333333,2.201652092
1655,sub-13,vision,3,22,10,2,0.6,0.3,0.05,0,76.66666667,1.684594234
1656,sub-13,vision,3,23,11,2,0.6,0.3,0.125,-1,86.66666667,2.468452675
1657,sub-13,vision,3,24,12,1,0.5,0.3,0.05,-1,66.66666667,2.501789336
1658,sub-13,vision,4,1,1,1,0.5,0.3,0.125,0,44.33333333,1.517686076
1659,sub-13,vision,4,2,2,2,0.6,0.7,0.05,1,82.0,1.968117884
1660,sub-13,vision,4,3,3,2,0.6,0.7,0.125,1,79.0,2.268434575
1661,sub-13,vision,4,4,4,1,0.5,0.7,0.125,1,69.33333333,1.501162361
1662,sub-13,vision,4,5,5,1,0.5,0.3,0.125,1,51.66666667,2.018054766
1663,sub-13,vision,4,6,6,1,0.5,0.3,0.05,1,65.66666667,1.534415674
1664,sub-13,vision,4,7,7,2,0.6,0.3,0.05,1,89.0,2.051427814
1665,sub-13,vision,4,8,8,2,0.6,0.7,0.125,0,81.33333333,1.534534787
1666,sub-13,vision,4,9,9,1,0.5,0.7,0.125,0,62.66666667,1.918089256
1667,sub-13,vision,4,10,10,1,0.5,0.7,0.05,1,76.66666667,1.434409112
1668,sub-13,vision,4,11,11,2,0.6,0.3,0.125,0,90.0,0.950720259
1669,sub-13,vision,4,12,12,2,0.6,0.3,0.125,1,92.0,2.685396924
1670,sub-13,pain,4,13,1,1,47.0,0.3,0.125,0,97.66666667,1.334547786
1671,sub-13,pain,4,14,2,2,48.0,0.7,0.05,1,96.66666667,1.801325418
1672,sub-13,pain,4,15,3,1,47.0,0.3,0.125,1,66.0,1.634566229
1673,sub-13,pain,4,16,4,2,48.0,0.3,0.125,1,73.0,2.001496219
1674,sub-13,pain,4,17,5,2,48.0,0.7,0.125,1,96.0,2.034854339
1675,sub-13,pain,4,18,6,1,47.0,0.7,0.125,0,80.33333333,2.801975407
1676,sub-13,pain,4,19,7,2,48.0,0.3,0.05,1,77.66666667,2.485102656
1677,sub-13,pain,4,20,8,1,47.0,0.3,0.05,1,62.0,2.318277535
1678,sub-13,pain,4,21,9,1,47.0,0.7,0.05,1,84.66666667,2.568380865
1679,sub-13,pain,4,22,10,2,48.0,0.7,0.125,0,90.0,1.017347864
1680,sub-13,pain,4,23,11,2,48.0,0.3,0.125,0,66.0,2.785340975
1681,sub-13,pain,4,24,12,1,47.0,0.7,0.125,1,82.66666667,1.934725554
1682,sub-13,vision,5,1,1,2,0.6,0.3,0.05,0,81.33333333,1.884821015
1683,sub-13,vision,5,2,2,1,0.5,0.7,0.125,-1,67.66666667,1.35098069
1684,sub-13,vision,5,3,3,2,0.6,0.7,0.05,0,97.66666667,2.418377397
1685,sub-13,vision,5,4,4,1,0.5,0.3,0.05,0,64.66666667,1.501055688
1686,sub-13,vision,5,5,5,2,0.6,0.3,0.125,-1,83.33333333,1.26751215
1687,sub-13,vision,5,6,6,1,0.5,0.7,0.05,-1,54.66666667,1.718067424
1688,sub-13,vision,5,7,7,1,0.5,0.3,0.125,-1,81.66666667,1.984655905
1689,sub-13,vision,5,8,8,2,0.6,0.7,0.125,-1,86.33333333,2.385069037
1690,sub-13,vision,5,9,9,1,0.5,0.3,0.05,-1,61.66666667,2.034726829
1691,sub-13,vision,5,10,10,2,0.6,0.7,0.05,-1,86.66666667,2.234826722
1692,sub-13,vision,5,11,11,2,0.6,0.3,0.05,-1,92.0,1.400997811
1693,sub-13,vision,5,12,12,1,0.5,0.7,0.05,0,80.0,1.551103908
1694,sub-13,pain,5,13,1,2,48.0,0.7,0.05,0,77.66666667,1.451168254
1695,sub-13,pain,5,14,2,1,47.0,0.7,0.05,-1,54.0,2.168086846
1696,sub-13,pain,5,15,3,1,47.0,0.3,0.125,-1,27.66666667,2.134920613
1697,sub-13,pain,5,16,4,2,48.0,0.3,0.125,-1,45.66666667,1.834625381
1698,sub-13,pain,5,17,5,2,48.0,0.3,0.05,-1,49.66666667,1.717911302
1699,sub-13,pain,5,18,6,1,47.0,0.7,0.125,-1,10.0,1.150803047
1700,sub-13,pain,5,19,7,2,48.0,0.7,0.05,-1,51.66666667,1.701302684
1701,sub-13,pain,5,20,8,1,47.0,0.7,0.05,0,11.66666667,2.251671389
1702,sub-13,pain,5,21,9,1,47.0,0.3,0.05,0,15.33333333,2.768669846
1703,sub-13,pain,5,22,10,2,48.0,0.3,0.05,0,55.33333333,2.218253868
1704,sub-13,pain,5,23,11,1,47.0,0.3,0.05,-1,16.0,2.168368612
1705,sub-13,pain,5,24,12,2,48.0,0.7,0.125,-1,26.33333333,2.234970093
1706,sub-13,vision,6,1,1,2,0.6,0.3,0.125,1,81.33333333,1.801317643
1707,sub-13,vision,6,2,2,2,0.6,0.7,0.05,1,90.0,0.800543876
1708,sub-13,vision,6,3,3,1,0.5,0.3,0.125,1,56.66666667,1.701126036
1709,sub-13,vision,6,4,4,2,0.6,0.3,0.125,0,90.0,0.750590199
1710,sub-13,vision,6,5,5,1,0.5,0.3,0.05,1,44.0,1.701182327
1711,sub-13,vision,6,6,6,1,0.5,0.7,0.05,1,78.0,1.184089327
1712,sub-13,vision,6,7,7,1,0.5,0.7,0.125,0,73.66666667,2.451691044
1713,sub-13,vision,6,8,8,2,0.6,0.3,0.05,1,97.33333333,2.151396746
1714,sub-13,vision,6,9,9,1,0.5,0.3,0.125,0,57.0,1.634584267
1715,sub-13,vision,6,10,10,2,0.6,0.7,0.125,0,88.33333333,2.06816923
1716,sub-13,vision,6,11,11,1,0.5,0.7,0.125,1,78.66666667,2.184736828
1717,sub-13,vision,6,12,12,2,0.6,0.7,0.125,1,97.0,1.551159577
1718,sub-13,pain,6,13,1,2,48.0,0.7,0.125,1,92.33333333,1.768201791
1719,sub-13,pain,6,14,2,1,47.0,0.7,0.125,0,84.66666667,1.284188255
1720,sub-13,pain,6,15,3,1,47.0,0.7,0.05,1,61.0,1.350893921
1721,sub-13,pain,6,16,4,2,48.0,0.3,0.05,1,48.33333333,1.834701887
1722,sub-13,pain,6,17,5,2,48.0,0.7,0.05,1,84.0,1.351010546
1723,sub-13,pain,6,18,6,1,47.0,0.7,0.125,1,48.66666667,1.634420059
1724,sub-13,pain,6,19,7,2,48.0,0.3,0.125,0,85.0,2.218274705
1725,sub-13,pain,6,20,8,1,47.0,0.3,0.125,1,40.33333333,1.400957692
1726,sub-13,pain,6,21,9,1,47.0,0.3,0.05,1,79.33333333,1.867876828
1727,sub-13,pain,6,22,10,2,48.0,0.3,0.125,1,81.0,1.28404955
1728,sub-13,pain,6,23,11,2,48.0,0.7,0.125,0,66.0,2.051470732
1729,sub-13,pain,6,24,12,1,47.0,0.3,0.125,0,54.66666667,1.734565016
1730,sub-14,pain,1,1,1,1,47.0,0.7,0.05,-1,87.0,1.934811018
1731,sub-14,pain,1,2,2,2,48.0,0.7,0.05,-1,92.33333333,2.468501799
1732,sub-14,pain,1,3,3,1,47.0,0.3,0.125,-1,75.0,3.952855486
1733,sub-14,pain,1,4,4,2,48.0,0.3,0.05,-1,64.66666667,3.369129095
1734,sub-14,pain,1,5,5,1,47.0,0.3,0.05,0,55.66666667,2.685221077
1735,sub-14,pain,1,6,6,1,47.0,0.3,0.05,-1,70.66666667,3.302311073
1736,sub-14,pain,1,7,7,2,48.0,0.7,0.05,0,66.66666667,3.90317131
1737,sub-14,pain,1,8,8,1,47.0,0.7,0.125,-1,36.0,2.918516883
1738,sub-14,pain,1,9,9,2,48.0,0.3,0.05,0,75.66666667,1.951278383
1739,sub-14,pain,1,10,10,1,47.0,0.7,0.05,0,62.66666667,3.952926084
1740,sub-14,pain,1,11,11,2,48.0,0.3,0.125,-1,83.33333333,3.385854282
1741,sub-14,pain,1,12,12,2,48.0,0.7,0.125,-1,88.33333333,2.935347812
1742,sub-14,vision,1,13,1,2,0.6,0.3,0.05,0,65.66666667,2.168395436
1743,sub-14,vision,1,14,2,1,0.5,0.7,0.05,0,32.33333333,2.301581768
1744,sub-14,vision,1,15,3,1,0.5,0.7,0.125,-1,67.66666667,2.401616911
1745,sub-14,vision,1,16,4,2,0.6,0.7,0.05,-1,78.33333333,2.118104802
1746,sub-14,vision,1,17,5,1,0.5,0.3,0.05,0,18.0,1.817997817
1747,sub-14,vision,1,18,6,2,0.6,0.3,0.125,-1,87.33333333,2.96915864
1748,sub-14,vision,1,19,7,1,0.5,0.3,0.125,-1,35.0,3.018618581
1749,sub-14,vision,1,20,8,2,0.6,0.7,0.05,0,77.33333333,2.485334905
1750,sub-14,vision,1,21,9,1,0.5,0.7,0.05,-1,45.0,3.35258118
1751,sub-14,vision,1,22,10,2,0.6,0.3,0.05,-1,80.66666667,3.102318226
1752,sub-14,vision,1,23,11,2,0.6,0.7,0.125,-1,68.0,2.935472524
1753,sub-14,vision,1,24,12,1,0.5,0.3,0.05,-1,90.0,1.200857128
1754,sub-14,vision,2,1,1,1,0.5,0.3,0.05,1,62.66666667,2.401614734
1755,sub-14,vision,2,2,2,2,0.6,0.3,0.125,0,83.33333333,2.468569598
1756,sub-14,vision,2,3,3,2,0.6,0.3,0.125,1,38.0,2.718523725
1757,sub-14,vision,2,4,4,1,0.5,0.3,0.125,1,15.66666667,1.617809659
1758,sub-14,vision,2,5,5,1,0.5,0.7,0.125,1,30.0,2.184845073
1759,sub-14,vision,2,6,6,2,0.6,0.7,0.125,0,67.0,2.401981408
1760,sub-14,vision,2,7,7,1,0.5,0.3,0.125,0,78.33333333,2.351597162
1761,sub-14,vision,2,8,8,2,0.6,0.7,0.05,1,85.33333333,2.21834272
1762,sub-14,vision,2,9,9,1,0.5,0.7,0.05,1,63.0,2.868883712
1763,sub-14,vision,2,10,10,2,0.6,0.3,0.05,1,88.0,1.751249771
1764,sub-14,vision,2,11,11,2,0.6,0.7,0.125,1,91.66666667,3.08565555
1765,sub-14,vision,2,12,12,1,0.5,0.7,0.125,0,77.66666667,4.11977334
1766,sub-14,pain,2,13,1,2,48.0,0.7,0.125,1,98.33333333,4.236243815
1767,sub-14,pain,2,14,2,2,48.0,0.7,0.05,1,92.33333333,3.285587751
1768,sub-14,pain,2,15,3,2,48.0,0.7,0.125,0,65.0,2.835240515
1769,sub-14,pain,2,16,4,2,48.0,0.3,0.125,0,71.66666667,3.269126607
1770,sub-14,pain,2,17,5,1,47.0,0.7,0.125,1,93.0,2.284743997
1771,sub-14,pain,2,18,6,2,48.0,0.3,0.05,1,64.66666667,3.285632225
1772,sub-14,pain,2,19,7,1,47.0,0.7,0.05,1,43.0,2.718929275
1773,sub-14,pain,2,20,8,1,47.0,0.3,0.125,0,47.0,2.852124937
1774,sub-14,pain,2,21,9,2,48.0,0.3,0.125,1,90.0,3.31911992
1775,sub-14,pain,2,22,10,1,47.0,0.7,0.125,0,69.33333333,2.868819646
1776,sub-14,pain,2,23,11,1,47.0,0.3,0.05,1,61.33333333,3.218955399
1777,sub-14,pain,2,24,12,1,47.0,0.3,0.125,1,67.66666667,3.886072918
1778,sub-14,pain,3,1,1,1,47.0,0.3,0.125,-1,90.0,1.401193012
1779,sub-14,pain,3,2,2,1,47.0,0.7,0.05,0,90.0,1.934737932
1780,sub-14,pain,3,3,3,1,47.0,0.7,0.125,-1,88.0,2.251686421
1781,sub-14,pain,3,4,4,2,48.0,0.7,0.05,-1,94.33333333,2.485193087
1782,sub-14,pain,3,5,5,1,47.0,0.3,0.05,-1,90.0,2.234867932
1783,sub-14,pain,3,6,6,2,48.0,0.7,0.125,-1,92.66666667,1.91804229
1784,sub-14,pain,3,7,7,2,48.0,0.3,0.05,0,89.0,2.485187178
1785,sub-14,pain,3,8,8,1,47.0,0.3,0.05,0,58.66666667,3.23558262
1786,sub-14,pain,3,9,9,2,48.0,0.3,0.125,-1,87.66666667,2.084579165
1787,sub-14,pain,3,10,10,2,48.0,0.3,0.05,-1,92.0,2.63516463
1788,sub-14,pain,3,11,11,2,48.0,0.7,0.05,0,66.0,3.102355857
1789,sub-14,pain,3,12,12,1,47.0,0.7,0.05,-1,67.33333333,3.235503003
1790,sub-14,vision,3,13,1,2,0.6,0.3,0.05,-1,85.0,1.451111063
1791,sub-14,vision,3,14,2,1,0.5,0.3,0.05,-1,33.0,2.385090767
1792,sub-14,vision,3,15,3,2,0.6,0.7,0.125,-1,53.33333333,2.935499582
1793,sub-14,vision,3,16,4,1,0.5,0.3,0.125,-1,27.0,2.285026078
1794,sub-14,vision,3,17,5,2,0.6,0.7,0.05,-1,41.66666667,2.485200551
1795,sub-14,vision,3,18,6,1,0.5,0.3,0.05,0,50.33333333,3.302823919
1796,sub-14,vision,3,19,7,2,0.6,0.3,0.125,-1,60.0,2.301814399
1797,sub-14,vision,3,20,8,2,0.6,0.3,0.05,0,35.66666667,2.635281568
1798,sub-14,vision,3,21,9,1,0.5,0.7,0.05,0,30.0,2.268621847
1799,sub-14,vision,3,22,10,1,0.5,0.7,0.125,-1,33.66666667,3.469192851
1800,sub-14,vision,3,23,11,2,0.6,0.7,0.05,0,44.33333333,2.60190459
1801,sub-14,vision,3,24,12,1,0.5,0.7,0.05,-1,48.0,2.318645328
1802,sub-14,vision,4,1,1,1,0.5,0.3,0.125,1,58.66666667,2.918826643
1803,sub-14,vision,4,2,2,2,0.6,0.7,0.125,1,85.33333333,1.517832362
1804,sub-14,vision,4,3,3,1,0.5,0.7,0.05,1,65.0,2.635344702
1805,sub-14,vision,4,4,4,1,0.5,0.7,0.125,1,64.33333333,2.068237135
1806,sub-14,vision,4,5,5,2,0.6,0.3,0.05,1,83.33333333,1.867927063
1807,sub-14,vision,4,6,6,2,0.6,0.7,0.05,1,63.0,2.885508445
1808,sub-14,vision,4,7,7,1,0.5,0.3,0.05,1,55.66666667,2.618661189
1809,sub-14,vision,4,8,8,2,0.6,0.7,0.125,0,74.0,2.018228582
1810,sub-14,vision,4,9,9,1,0.5,0.7,0.125,0,35.66666667,2.218341476
1811,sub-14,vision,4,10,10,1,0.5,0.3,0.125,0,58.33333333,2.185146125
1812,sub-14,vision,4,11,11,2,0.6,0.3,0.125,1,60.66666667,2.802069111
1813,sub-14,vision,4,12,12,2,0.6,0.3,0.125,0,71.0,3.118844992
1814,sub-14,pain,4,13,1,1,47.0,0.7,0.125,1,92.0,2.151637593
1815,sub-14,pain,4,14,2,1,47.0,0.3,0.125,1,63.33333333,3.80284289
1816,sub-14,pain,4,15,3,1,47.0,0.7,0.05,1,59.0,2.551793095
1817,sub-14,pain,4,16,4,1,47.0,0.7,0.125,0,65.66666667,2.885336149
1818,sub-14,pain,4,17,5,2,48.0,0.3,0.05,1,86.0,2.168433378
1819,sub-14,pain,4,18,6,2,48.0,0.3,0.125,1,67.33333333,3.219081356
1820,sub-14,pain,4,19,7,1,47.0,0.3,0.125,0,86.33333333,3.335778553
1821,sub-14,pain,4,20,8,2,48.0,0.3,0.125,0,91.0,2.301587055
1822,sub-14,pain,4,21,9,2,48.0,0.7,0.125,1,82.66666667,3.685989258
1823,sub-14,pain,4,22,10,2,48.0,0.7,0.05,1,65.0,3.368958353
1824,sub-14,pain,4,23,11,2,48.0,0.7,0.125,0,53.0,2.618696332
1825,sub-14,pain,4,24,12,1,47.0,0.3,0.05,1,76.33333333,3.769495147
1826,sub-14,pain,5,1,1,2,48.0,0.3,0.05,-1,95.66666667,2.068438043
1827,sub-14,pain,5,2,2,1,47.0,0.7,0.05,-1,57.0,3.469138736
1828,sub-14,pain,5,3,3,1,47.0,0.7,0.125,-1,57.66666667,3.002197556
1829,sub-14,pain,5,4,4,1,47.0,0.3,0.05,0,52.33333333,3.135692715
1830,sub-14,pain,5,5,5,1,47.0,0.3,0.125,-1,90.0,1.050702092
1831,sub-14,pain,5,6,6,2,48.0,0.3,0.125,-1,59.33333333,3.252284482
1832,sub-14,pain,5,7,7,2,48.0,0.7,0.05,0,89.0,2.702042365
1833,sub-14,pain,5,8,8,2,48.0,0.7,0.125,-1,87.33333333,2.284827657
1834,sub-14,pain,5,9,9,2,48.0,0.3,0.05,0,88.33333333,2.435146592
1835,sub-14,pain,5,10,10,2,48.0,0.7,0.05,-1,71.0,3.235712309
1836,sub-14,pain,5,11,11,1,47.0,0.3,0.05,-1,51.33333333,2.935459773
1837,sub-14,pain,5,12,12,1,47.0,0.7,0.05,0,19.66666667,2.435114247
1838,sub-14,vision,5,13,1,1,0.5,0.3,0.05,-1,70.66666667,2.668800985
1839,sub-14,vision,5,14,2,2,0.6,0.7,0.05,0,93.33333333,2.551908167
1840,sub-14,vision,5,15,3,1,0.5,0.3,0.125,-1,58.0,2.618470232
1841,sub-14,vision,5,16,4,1,0.5,0.7,0.05,-1,53.66666667,3.018927408
1842,sub-14,vision,5,17,5,2,0.6,0.7,0.05,-1,70.33333333,1.868034671
1843,sub-14,vision,5,18,6,1,0.5,0.3,0.05,0,63.0,4.35315094
1844,sub-14,vision,5,19,7,2,0.6,0.3,0.05,-1,71.33333333,2.301682533
1845,sub-14,vision,5,20,8,2,0.6,0.7,0.125,-1,89.33333333,2.101510237
1846,sub-14,vision,5,21,9,2,0.6,0.3,0.125,-1,93.0,1.968014455
1847,sub-14,vision,5,22,10,2,0.6,0.3,0.05,0,52.33333333,2.618455615
1848,sub-14,vision,5,23,11,1,0.5,0.7,0.125,-1,72.33333333,3.352587089
1849,sub-14,vision,5,24,12,1,0.5,0.7,0.05,0,57.33333333,3.402460977
1850,sub-14,pain,6,1,1,2,48.0,0.3,0.125,0,95.0,2.385206771
1851,sub-14,pain,6,2,2,1,47.0,0.3,0.05,1,88.33333333,3.219035327
1852,sub-14,pain,6,3,3,1,47.0,0.3,0.125,1,62.33333333,2.968868473
1853,sub-14,pain,6,4,4,1,47.0,0.7,0.05,1,73.66666667,3.302482436
1854,sub-14,pain,6,5,5,2,48.0,0.7,0.125,1,81.0,3.235706089
1855,sub-14,pain,6,6,6,1,47.0,0.3,0.125,0,48.66666667,2.535061377
1856,sub-14,pain,6,7,7,2,48.0,0.7,0.05,1,78.66666667,3.435884916
1857,sub-14,pain,6,8,8,2,48.0,0.3,0.05,1,57.0,3.96965407
1858,sub-14,pain,6,9,9,2,48.0,0.3,0.125,1,85.33333333,2.351604626
1859,sub-14,pain,6,10,10,1,47.0,0.7,0.125,1,83.33333333,3.652594864
1861,sub-14,pain,6,12,12,1,47.0,0.7,0.125,0,17.66666667,2.468591057
1862,sub-14,vision,6,13,1,1,0.5,0.3,0.05,1,38.66666667,2.118214898
1863,sub-14,vision,6,14,2,1,0.5,0.7,0.05,1,64.33333333,4.069557659
1864,sub-14,vision,6,15,3,2,0.6,0.3,0.125,1,65.66666667,1.634403603
1865,sub-14,vision,6,16,4,2,0.6,0.3,0.05,1,88.0,1.71797729
1866,sub-14,vision,6,17,5,2,0.6,0.7,0.125,1,70.33333333,3.052150128
1867,sub-14,vision,6,18,6,2,0.6,0.7,0.125,0,87.33333333,2.351627641
1868,sub-14,vision,6,19,7,2,0.6,0.7,0.05,1,74.0,4.336568192
1869,sub-14,vision,6,20,8,2,0.6,0.3,0.125,0,71.0,2.118249419
1870,sub-14,vision,6,21,9,1,0.5,0.7,0.125,1,71.0,2.818732098
1871,sub-14,vision,6,22,10,1,0.5,0.7,0.125,0,69.33333333,2.451852497
1872,sub-14,vision,6,23,11,1,0.5,0.3,0.125,1,77.0,2.668605675
1873,sub-14,vision,6,24,12,1,0.5,0.3,0.125,0,70.66666667,3.185695048
1874,sub-15,vision,1,1,1,1,0.5,0.3,0.05,-1,35.0,2.385099521
1875,sub-15,vision,1,2,2,1,0.5,0.7,0.05,0,55.0,2.651768365
1876,sub-15,vision,1,3,3,1,0.5,0.7,0.05,-1,63.0,2.218294147
1877,sub-15,vision,1,4,4,2,0.6,0.3,0.05,0,46.66666667,2.218188095
1878,sub-15,vision,1,5,5,2,0.6,0.7,0.05,-1,69.66666667,3.018881943
1879,sub-15,vision,1,6,6,1,0.5,0.3,0.05,0,30.0,3.002181066
1880,sub-15,vision,1,7,7,2,0.6,0.3,0.125,-1,30.66666667,2.201578031
1881,sub-15,vision,1,8,8,2,0.6,0.3,0.05,-1,32.33333333,3.452487093
1882,sub-15,vision,1,9,9,2,0.6,0.7,0.05,0,58.33333333,2.685291721
1883,sub-15,vision,1,10,10,2,0.6,0.7,0.125,-1,74.0,2.018153884
1884,sub-15,vision,1,11,11,1,0.5,0.7,0.125,-1,60.0,2.851901785
1885,sub-15,vision,1,12,12,1,0.5,0.3,0.125,-1,46.33333333,2.651918579
1886,sub-15,pain,1,13,1,1,47.0,0.7,0.05,-1,51.66666667,2.518757231
1887,sub-15,pain,1,14,2,1,47.0,0.3,0.05,-1,36.33333333,1.834679045
1888,sub-15,pain,1,15,3,2,48.0,0.3,0.05,-1,34.66666667,2.084903589
1889,sub-15,pain,1,16,4,1,47.0,0.3,0.125,-1,41.66666667,2.134844809
1890,sub-15,pain,1,17,5,1,47.0,0.7,0.125,-1,66.66666667,2.618508428
1891,sub-15,pain,1,18,6,2,48.0,0.7,0.05,0,77.33333333,1.701529514
1892,sub-15,pain,1,19,7,1,47.0,0.3,0.05,0,32.33333333,3.135644399
1893,sub-15,pain,1,20,8,2,48.0,0.3,0.05,0,32.0,1.901390807
1894,sub-15,pain,1,21,9,2,48.0,0.7,0.05,-1,68.0,2.118225415
1895,sub-15,pain,1,22,10,2,48.0,0.7,0.125,-1,61.66666667,2.184939665
1896,sub-15,pain,1,23,11,1,47.0,0.7,0.05,0,56.0,2.885470548
1897,sub-15,pain,1,24,12,2,48.0,0.3,0.125,-1,27.33333333,1.701380233
1898,sub-15,vision,2,1,1,2,0.6,0.7,0.125,1,62.66666667,2.368666107
1899,sub-15,vision,2,2,2,1,0.5,0.3,0.125,0,45.33333333,2.184821795
1900,sub-15,vision,2,3,3,1,0.5,0.3,0.05,1,32.0,1.717783791
1901,sub-15,vision,2,4,4,1,0.5,0.7,0.05,1,54.33333333,1.61790757
1902,sub-15,vision,2,5,5,1,0.5,0.7,0.125,0,76.33333333,2.218206444
1903,sub-15,vision,2,6,6,2,0.6,0.3,0.125,0,29.33333333,1.951331405
1904,sub-15,vision,2,7,7,2,0.6,0.7,0.05,1,83.0,1.551118368
1905,sub-15,vision,2,8,8,1,0.5,0.3,0.125,1,24.0,1.451041239
1906,sub-15,vision,2,9,9,2,0.6,0.3,0.125,1,45.33333333,2.385148971
1907,sub-15,vision,2,10,10,2,0.6,0.3,0.05,1,46.33333333,2.218333955
1908,sub-15,vision,2,11,11,1,0.5,0.7,0.125,1,68.66666667,2.235125956
1909,sub-15,vision,2,12,12,2,0.6,0.7,0.125,0,81.66666667,2.368411084
1910,sub-15,pain,2,13,1,2,48.0,0.7,0.125,1,73.33333333,2.235190956
1911,sub-15,pain,2,14,2,1,47.0,0.3,0.125,1,25.66666667,2.985582509
1912,sub-15,pain,2,15,3,2,48.0,0.3,0.05,1,30.66666667,2.568584935
1913,sub-15,pain,2,16,4,1,47.0,0.7,0.125,0,57.33333333,2.068252472
1914,sub-15,pain,2,17,5,2,48.0,0.3,0.125,1,47.33333333,3.06885302
1915,sub-15,pain,2,18,6,2,48.0,0.3,0.125,0,34.66666667,3.202395347
1916,sub-15,pain,2,19,7,1,47.0,0.7,0.05,1,53.33333333,2.185102631
1917,sub-15,pain,2,20,8,2,48.0,0.7,0.125,0,63.0,2.768758786
1918,sub-15,pain,2,21,9,1,47.0,0.3,0.125,0,31.0,2.535119736
1919,sub-15,pain,2,22,10,2,48.0,0.7,0.05,1,72.66666667,2.535263731
1920,sub-15,pain,2,23,11,1,47.0,0.7,0.125,1,31.0,1.901205138
1921,sub-15,pain,2,24,12,1,47.0,0.3,0.05,1,9.0,1.901431237
1922,sub-15,pain,3,1,1,1,47.0,0.3,0.05,-1,34.33333333,1.984793183
1923,sub-15,pain,3,2,2,1,47.0,0.7,0.125,-1,51.33333333,1.901397338
1924,sub-15,pain,3,3,3,2,48.0,0.3,0.05,-1,30.0,1.617877714
1925,sub-15,pain,3,4,4,1,47.0,0.7,0.05,-1,62.66666667,2.184815886
1926,sub-15,pain,3,5,5,2,48.0,0.7,0.05,-1,59.66666667,2.285030478
1927,sub-15,pain,3,6,6,1,47.0,0.3,0.05,0,15.0,2.468491012
1928,sub-15,pain,3,7,7,2,48.0,0.3,0.125,-1,22.0,2.835485476
1929,sub-15,pain,3,8,8,1,47.0,0.3,0.125,-1,12.66666667,2.184986627
1930,sub-15,pain,3,9,9,2,48.0,0.7,0.05,0,66.33333333,2.218179698
1931,sub-15,pain,3,10,10,2,48.0,0.7,0.125,-1,61.33333333,2.56858027
1932,sub-15,pain,3,11,11,2,48.0,0.3,0.05,0,27.33333333,1.801176836
1933,sub-15,pain,3,12,12,1,47.0,0.7,0.05,0,41.0,2.168529887
1934,sub-15,vision,3,13,1,2,0.6,0.7,0.05,0,70.0,1.951564347
1935,sub-15,vision,3,14,2,1,0.5,0.3,0.05,-1,31.0,1.584310506
1936,sub-15,vision,3,15,3,2,0.6,0.3,0.125,-1,26.66666667,1.717938981
1937,sub-15,vision,3,16,4,1,0.5,0.7,0.125,-1,39.66666667,1.70121509
1938,sub-15,vision,3,17,5,2,0.6,0.3,0.05,-1,44.66666667,2.001350687
1939,sub-15,vision,3,18,6,2,0.6,0.7,0.125,-1,57.66666667,2.201609753
1940,sub-15,vision,3,19,7,2,0.6,0.3,0.05,0,58.33333333,2.268336754
1941,sub-15,vision,3,20,8,1,0.5,0.3,0.05,0,24.0,2.468460223
1942,sub-15,vision,3,21,9,1,0.5,0.3,0.125,-1,35.66666667,2.618845867
1943,sub-15,vision,3,22,10,1,0.5,0.7,0.05,0,65.0,1.66789824
1944,sub-15,vision,3,23,11,1,0.5,0.7,0.05,-1,57.33333333,1.868073957
1945,sub-15,vision,3,24,12,2,0.6,0.7,0.05,-1,70.66666667,2.201499036
1946,sub-15,pain,4,1,1,1,47.0,0.7,0.125,1,55.0,3.33579057
1947,sub-15,pain,4,2,2,1,47.0,0.7,0.125,0,44.0,2.952182621
1948,sub-15,pain,4,3,3,1,47.0,0.3,0.125,1,32.66666667,1.667838216
1949,sub-15,pain,4,4,4,2,48.0,0.3,0.05,1,42.0,2.251632456
1950,sub-15,pain,4,5,5,1,47.0,0.7,0.05,1,43.0,2.201672265
1951,sub-15,pain,4,6,6,2,48.0,0.3,0.125,0,41.0,1.76797568
1952,sub-15,pain,4,7,7,2,48.0,0.7,0.125,1,72.33333333,1.80133607
1953,sub-15,pain,4,8,8,1,47.0,0.3,0.05,1,24.33333333,2.468328668
1954,sub-15,pain,4,9,9,2,48.0,0.7,0.125,0,74.0,1.968023263
1955,sub-15,pain,4,10,10,2,48.0,0.7,0.05,1,76.33333333,2.435124401
1956,sub-15,pain,4,11,11,1,47.0,0.3,0.125,0,6.0,3.00219475
1957,sub-15,pain,4,12,12,2,48.0,0.3,0.125,1,8.666666667,3.469121416
1958,sub-15,vision,4,13,1,1,0.5,0.7,0.05,1,64.0,2.618894383
1959,sub-15,vision,4,14,2,2,0.6,0.7,0.125,0,79.0,1.534465696
1960,sub-15,vision,4,15,3,1,0.5,0.7,0.125,1,40.66666667,1.967999005
1961,sub-15,vision,4,16,4,2,0.6,0.7,0.05,1,75.66666667,1.467626734
1962,sub-15,vision,4,17,5,1,0.5,0.7,0.125,0,47.33333333,2.618526466
1963,sub-15,vision,4,18,6,2,0.6,0.3,0.125,1,73.0,1.784655719
1964,sub-15,vision,4,19,7,2,0.6,0.3,0.05,1,57.33333333,2.285246626
1965,sub-15,vision,4,20,8,2,0.6,0.3,0.125,0,51.66666667,1.918135535
1966,sub-15,vision,4,21,9,1,0.5,0.3,0.125,1,32.0,1.534437706
1967,sub-15,vision,4,22,10,1,0.5,0.3,0.05,1,23.0,1.617920321
1968,sub-15,vision,4,23,11,1,0.5,0.3,0.125,0,19.66666667,2.885349257
1969,sub-15,vision,4,24,12,2,0.6,0.7,0.125,1,66.66666667,2.168201779
1970,sub-15,vision,5,1,1,2,0.6,0.3,0.05,0,36.33333333,1.918137401
1971,sub-15,vision,5,2,2,1,0.5,0.7,0.05,-1,35.33333333,2.368266468
1972,sub-15,vision,5,3,3,1,0.5,0.7,0.05,0,66.66666667,1.567692356
1973,sub-15,vision,5,4,4,1,0.5,0.3,0.125,-1,61.33333333,2.05158705
1974,sub-15,vision,5,5,5,2,0.6,0.7,0.05,-1,67.0,1.951456739
1975,sub-15,vision,5,6,6,2,0.6,0.7,0.125,-1,70.66666667,1.801290664
1976,sub-15,vision,5,7,7,1,0.5,0.7,0.125,-1,33.33333333,2.551954345
1977,sub-15,vision,5,8,8,1,0.5,0.3,0.05,-1,28.0,2.0346806
1978,sub-15,vision,5,9,9,1,0.5,0.3,0.05,0,39.66666667,1.751225353
1979,sub-15,vision,5,10,10,2,0.6,0.3,0.125,-1,49.0,2.818786154
1980,sub-15,vision,5,11,11,2,0.6,0.7,0.05,0,72.66666667,2.268178765
1981,sub-15,vision,5,12,12,2,0.6,0.3,0.05,-1,46.33333333,2.184799092
1982,sub-15,pain,5,13,1,1,47.0,0.3,0.125,-1,38.33333333,2.585533993
1983,sub-15,pain,5,14,2,1,47.0,0.7,0.125,-1,58.33333333,1.917949555
1984,sub-15,pain,5,15,3,2,48.0,0.7,0.05,-1,62.33333333,2.80208621
1985,sub-15,pain,5,16,4,2,48.0,0.7,0.05,0,72.33333333,2.78538751
1986,sub-15,pain,5,17,5,1,47.0,0.3,0.05,0,29.0,2.134739379
1987,sub-15,pain,5,18,6,1,47.0,0.7,0.05,0,43.0,2.435058158
1988,sub-15,pain,5,19,7,1,47.0,0.7,0.05,-1,56.0,1.951416931
1989,sub-15,pain,5,20,8,2,48.0,0.3,0.05,-1,36.0,2.218457735
1990,sub-15,pain,5,21,9,1,47.0,0.3,0.05,-1,29.66666667,2.251534801
1991,sub-15,pain,5,22,10,2,48.0,0.3,0.125,-1,44.33333333,3.035553897
1992,sub-15,pain,5,23,11,2,48.0,0.7,0.125,-1,63.33333333,2.301555638
1993,sub-15,pain,5,24,12,2,48.0,0.3,0.05,0,40.66666667,2.685582509
1994,sub-15,vision,6,1,1,1,0.5,0.7,0.125,0,57.66666667,2.084847919
1995,sub-15,vision,6,2,2,2,0.6,0.7,0.125,1,69.33333333,1.834702059
1996,sub-15,vision,6,3,3,2,0.6,0.7,0.05,1,58.66666667,1.918278908
1997,sub-15,vision,6,4,4,2,0.6,0.3,0.125,1,50.0,2.768628475
1998,sub-15,vision,6,5,5,2,0.6,0.7,0.125,0,64.33333333,1.818034148
1999,sub-15,vision,6,6,6,1,0.5,0.3,0.05,1,30.33333333,1.984672825
2000,sub-15,vision,6,7,7,1,0.5,0.7,0.05,1,67.0,1.651106239
2001,sub-15,vision,6,8,8,1,0.5,0.7,0.125,1,60.66666667,1.817829197
2002,sub-15,vision,6,9,9,1,0.5,0.3,0.125,0,25.0,1.701238104
2003,sub-15,vision,6,10,10,2,0.6,0.3,0.125,0,52.0,2.234950861
2004,sub-15,vision,6,11,11,2,0.6,0.3,0.05,1,53.0,1.951506189
2005,sub-15,vision,6,12,12,1,0.5,0.3,0.125,1,31.33333333,2.218265846
2006,sub-15,pain,6,13,1,2,48.0,0.3,0.125,1,38.33333333,2.235003732
2007,sub-15,pain,6,14,2,1,47.0,0.3,0.05,1,30.33333333,1.884552155
2008,sub-15,pain,6,15,3,2,48.0,0.7,0.125,0,68.0,2.86864527
2009,sub-15,pain,6,16,4,1,47.0,0.7,0.125,1,40.66666667,1.801213535
2010,sub-15,pain,6,17,5,2,48.0,0.3,0.05,1,35.0,1.90133918
2011,sub-15,pain,6,18,6,1,47.0,0.7,0.125,0,50.66666667,2.752052622
2012,sub-15,pain,6,19,7,1,47.0,0.3,0.125,1,24.66666667,2.335156435
2013,sub-15,pain,6,20,8,2,48.0,0.7,0.05,1,69.66666667,1.7011221
2014,sub-15,pain,6,21,9,2,48.0,0.7,0.125,1,63.33333333,1.834668781
2015,sub-15,pain,6,22,10,1,47.0,0.3,0.125,0,33.0,2.234854139
2016,sub-15,pain,6,23,11,1,47.0,0.7,0.05,1,58.0,2.468354482
2017,sub-15,pain,6,24,12,2,48.0,0.3,0.125,0,40.33333333,1.817994029
2018,sub-16,pain,1,1,1,2,48.0,0.3,0.05,0,50.33333333,2.184943086
2019,sub-16,pain,1,2,2,1,47.0,0.3,0.125,-1,31.33333333,2.101557816
2020,sub-16,pain,1,3,3,1,47.0,0.7,0.05,-1,79.33333333,2.051513964
2021,sub-16,pain,1,4,4,1,47.0,0.7,0.05,0,79.33333333,2.26831996
2022,sub-16,pain,1,5,5,2,48.0,0.3,0.05,-1,52.66666667,2.234943708
2023,sub-16,pain,1,6,6,1,47.0,0.3,0.05,0,49.33333333,2.835427319
2024,sub-16,pain,1,7,7,2,48.0,0.7,0.05,-1,84.0,1.55114076
2025,sub-16,pain,1,8,8,2,48.0,0.7,0.125,-1,78.66666667,2.334948373
2026,sub-16,pain,1,9,9,2,48.0,0.3,0.125,-1,38.33333333,1.717993407
2027,sub-16,pain,1,10,10,2,48.0,0.7,0.05,0,83.33333333,2.36829197
2028,sub-16,pain,1,11,11,1,47.0,0.3,0.05,-1,50.0,1.734572059
2029,sub-16,pain,1,12,12,1,47.0,0.7,0.125,-1,77.66666667,1.367644772
2030,sub-16,vision,1,13,1,1,0.5,0.7,0.05,0,69.66666667,3.069006344
2031,sub-16,vision,1,14,2,2,0.6,0.3,0.05,-1,46.0,2.518478261
2032,sub-16,vision,1,15,3,2,0.6,0.7,0.05,0,56.0,2.318328046
2033,sub-16,vision,1,16,4,1,0.5,0.7,0.125,-1,54.33333333,1.968103813
2034,sub-16,vision,1,17,5,2,0.6,0.7,0.125,-1,61.33333333,1.784726628
2035,sub-16,vision,1,18,6,1,0.5,0.3,0.125,-1,42.33333333,2.535081483
2036,sub-16,vision,1,19,7,1,0.5,0.3,0.05,0,30.66666667,2.334928158
2037,sub-16,vision,1,20,8,2,0.6,0.3,0.125,-1,44.66666667,2.101602289
2038,sub-16,vision,1,21,9,2,0.6,0.7,0.05,-1,63.0,1.884725695
2039,sub-16,vision,1,22,10,1,0.5,0.7,0.05,-1,62.0,2.184801891
2040,sub-16,vision,1,23,11,1,0.5,0.3,0.05,-1,48.0,2.384941531
2041,sub-16,vision,1,24,12,2,0.6,0.3,0.05,0,53.0,1.817986876
2042,sub-16,vision,2,1,1,1,0.5,0.7,0.125,0,49.33333333,1.834732848
2043,sub-16,vision,2,2,2,2,0.6,0.3,0.125,0,62.66666667,1.818006469
2044,sub-16,vision,2,3,3,1,0.5,0.7,0.125,1,51.0,2.251684705
2045,sub-16,vision,2,4,4,1,0.5,0.3,0.05,1,49.66666667,1.867994651
2046,sub-16,vision,2,5,5,1,0.5,0.7,0.05,1,58.33333333,1.601258941
2047,sub-16,vision,2,6,6,1,0.5,0.3,0.125,0,39.33333333,2.035146172
2048,sub-16,vision,2,7,7,2,0.6,0.7,0.125,1,72.33333333,3.335738011
2049,sub-16,vision,2,8,8,2,0.6,0.7,0.125,0,74.0,2.251689059
2050,sub-16,vision,2,9,9,2,0.6,0.7,0.05,1,71.0,2.235110406
2051,sub-16,vision,2,10,10,2,0.6,0.3,0.125,1,42.66666667,1.9514415
2052,sub-16,vision,2,11,11,2,0.6,0.3,0.05,1,49.33333333,2.701969895
2053,sub-16,vision,2,12,12,1,0.5,0.3,0.125,1,45.66666667,2.535169808
2054,sub-16,pain,2,13,1,1,47.0,0.3,0.125,0,80.33333333,2.33508988
2055,sub-16,pain,2,14,2,2,48.0,0.7,0.125,1,81.66666667,1.317599988
2056,sub-16,pain,2,15,3,1,47.0,0.3,0.05,1,77.0,1.71777446
2057,sub-16,pain,2,16,4,1,47.0,0.3,0.125,1,82.0,1.801307147
2058,sub-16,pain,2,17,5,2,48.0,0.3,0.05,1,86.33333333,2.618488213
2059,sub-16,pain,2,18,6,1,47.0,0.7,0.05,1,91.33333333,2.684990981
2060,sub-16,pain,2,19,7,1,47.0,0.7,0.125,1,90.33333333,3.118980842
2061,sub-16,pain,2,20,8,2,48.0,0.3,0.125,1,86.66666667,2.451783293
2062,sub-16,pain,2,21,9,2,48.0,0.3,0.125,0,82.33333333,2.084842321
2063,sub-16,pain,2,22,10,2,48.0,0.7,0.125,0,83.66666667,1.801318032
2064,sub-16,pain,2,23,11,2,48.0,0.7,0.05,1,94.66666667,1.901382721
2065,sub-16,pain,2,24,12,1,47.0,0.7,0.125,0,91.0,2.335052871
2066,sub-16,vision,3,1,1,1,0.5,0.7,0.125,-1,59.33333333,2.852083411
2067,sub-16,vision,3,2,2,1,0.5,0.3,0.05,-1,48.66666667,2.118309386
2068,sub-16,vision,3,3,3,2,0.6,0.7,0.05,0,75.33333333,3.235485787
2069,sub-16,vision,3,4,4,2,0.6,0.7,0.05,-1,75.66666667,2.835361697
2070,sub-16,vision,3,5,5,1,0.5,0.7,0.05,0,64.66666667,1.951455184
2071,sub-16,vision,3,6,6,2,0.6,0.7,0.125,-1,63.0,1.984858805
2072,sub-16,vision,3,7,7,2,0.6,0.3,0.125,-1,57.33333333,2.184912608
2073,sub-16,vision,3,8,8,1,0.5,0.7,0.05,-1,58.66666667,1.701211047
2074,sub-16,vision,3,9,9,1,0.5,0.3,0.125,-1,42.33333333,2.601881259
2075,sub-16,vision,3,10,10,2,0.6,0.3,0.05,-1,58.66666667,1.834701437
2076,sub-16,vision,3,11,11,2,0.6,0.3,0.05,0,50.33333333,1.5511532
2077,sub-16,vision,3,12,12,1,0.5,0.3,0.05,0,43.0,1.834535983
2078,sub-16,pain,3,13,1,2,48.0,0.7,0.125,-1,98.0,1.667746159
2079,sub-16,pain,3,14,2,1,47.0,0.3,0.05,0,86.0,1.100784661
2080,sub-16,pain,3,15,3,1,47.0,0.3,0.05,-1,48.66666667,1.884740934
2081,sub-16,pain,3,16,4,2,48.0,0.3,0.05,0,90.66666667,2.468709958
2082,sub-16,pain,3,17,5,2,48.0,0.3,0.05,-1,85.33333333,2.65180102
2083,sub-16,pain,3,18,6,1,47.0,0.7,0.05,0,84.33333333,1.46773714
2084,sub-16,pain,3,19,7,2,48.0,0.7,0.05,-1,87.0,1.784671892
2085,sub-16,pain,3,20,8,1,47.0,0.3,0.125,-1,50.66666667,1.651235305
2086,sub-16,pain,3,21,9,2,48.0,0.3,0.125,-1,76.66666667,2.01805032
2087,sub-16,pain,3,22,10,1,47.0,0.7,0.05,-1,81.0,2.418316539
2088,sub-16,pain,3,23,11,2,48.0,0.7,0.05,0,86.33333333,2.451814082
2089,sub-16,pain,3,24,12,1,47.0,0.7,0.125,-1,79.33333333,1.784699571
2090,sub-16,vision,4,1,1,2,0.6,0.7,0.125,0,73.66666667,2.45182279
2091,sub-16,vision,4,2,2,1,0.5,0.7,0.125,0,68.33333333,2.05156217
2092,sub-16,vision,4,3,3,2,0.6,0.7,0.125,1,83.0,1.751378678
2093,sub-16,vision,4,4,4,2,0.6,0.7,0.05,1,80.33333333,1.80120887
2094,sub-16,vision,4,5,5,1,0.5,0.3,0.05,1,49.66666667,3.052214965
2095,sub-16,vision,4,6,6,1,0.5,0.7,0.05,1,52.66666667,2.201505256
2096,sub-16,vision,4,7,7,1,0.5,0.7,0.125,1,57.66666667,2.952249487
2097,sub-16,vision,4,8,8,2,0.6,0.3,0.05,1,61.0,2.285011196
2098,sub-16,vision,4,9,9,2,0.6,0.3,0.125,1,67.33333333,2.368409218
2099,sub-16,vision,4,10,10,2,0.6,0.3,0.125,0,56.66666667,2.785614232
2100,sub-16,vision,4,11,11,1,0.5,0.3,0.125,1,54.0,1.534438639
2101,sub-16,vision,4,12,12,1,0.5,0.3,0.125,0,49.66666667,1.584540337
2102,sub-16,pain,4,13,1,2,48.0,0.7,0.05,1,89.0,1.501041239
2103,sub-16,pain,4,14,2,2,48.0,0.7,0.125,1,84.0,2.551857312
2104,sub-16,pain,4,15,3,1,47.0,0.3,0.05,1,39.0,2.234818374
2105,sub-16,pain,4,16,4,1,47.0,0.7,0.125,1,78.66666667,2.701992287
2106,sub-16,pain,4,17,5,1,47.0,0.3,0.125,1,40.33333333,2.618759097
2107,sub-16,pain,4,18,6,1,47.0,0.7,0.125,0,79.66666667,2.41831996
2108,sub-16,pain,4,19,7,2,48.0,0.3,0.125,1,59.66666667,1.46777135
2109,sub-16,pain,4,20,8,2,48.0,0.3,0.05,1,50.66666667,2.018161971
2110,sub-16,pain,4,21,9,2,48.0,0.7,0.125,0,79.0,1.450969086
2111,sub-16,pain,4,22,10,2,48.0,0.3,0.125,0,46.0,2.201678485
2112,sub-16,pain,4,23,11,1,47.0,0.3,0.125,0,38.33333333,2.368273932
2113,sub-16,pain,4,24,12,1,47.0,0.7,0.05,1,73.33333333,3.219034957
2114,sub-16,vision,5,1,1,2,0.6,0.7,0.125,-1,64.66666667,1.684583567
2115,sub-16,vision,5,2,2,1,0.5,0.7,0.05,0,57.0,2.685301051
2116,sub-16,vision,5,3,3,1,0.5,0.3,0.125,-1,46.33333333,2.618640916
2117,sub-16,vision,5,4,4,2,0.6,0.3,0.05,-1,55.66666667,2.118283884
2118,sub-16,vision,5,5,5,2,0.6,0.3,0.125,-1,52.0,1.917990297
2119,sub-16,vision,5,6,6,1,0.5,0.7,0.05,-1,62.33333333,2.034918828
2120,sub-16,vision,5,7,7,1,0.5,0.7,0.125,-1,55.66666667,1.634476581
2121,sub-16,vision,5,8,8,1,0.5,0.3,0.05,-1,49.0,2.618440318
2122,sub-16,vision,5,9,9,2,0.6,0.3,0.05,0,65.66666667,1.734553399
2123,sub-16,vision,5,10,10,1,0.5,0.3,0.05,0,48.0,2.551924488
2124,sub-16,vision,5,11,11,2,0.6,0.7,0.05,-1,80.66666667,2.384933445
2125,sub-16,vision,5,12,12,2,0.6,0.7,0.05,0,68.66666667,1.734598806
2126,sub-16,pain,5,13,1,1,47.0,0.7,0.05,-1,90.66666667,1.918377807
2127,sub-16,pain,5,14,2,1,47.0,0.7,0.05,0,68.0,2.051375568
2128,sub-16,pain,5,15,3,1,47.0,0.7,0.125,-1,65.0,1.651247123
2129,sub-16,pain,5,16,4,1,47.0,0.3,0.05,-1,58.66666667,1.584526031
2130,sub-16,pain,5,17,5,2,48.0,0.3,0.05,0,56.0,1.90140729
2131,sub-16,pain,5,18,6,1,47.0,0.3,0.125,-1,59.66666667,1.651041861
2132,sub-16,pain,5,19,7,2,48.0,0.3,0.125,-1,62.66666667,2.418262425
2133,sub-16,pain,5,20,8,2,48.0,0.7,0.05,-1,90.0,0.967335946
2134,sub-16,pain,5,21,9,2,48.0,0.7,0.125,-1,80.0,1.834719475
2135,sub-16,pain,5,22,10,1,47.0,0.3,0.05,0,56.33333333,1.951265472
2136,sub-16,pain,5,23,11,2,48.0,0.3,0.05,-1,62.33333333,2.43516732
2137,sub-16,pain,5,24,12,2,48.0,0.7,0.05,0,84.66666667,1.717973192
2138,sub-16,vision,6,1,1,1,0.5,0.7,0.125,1,56.0,2.71893979
2139,sub-16,vision,6,2,2,2,0.6,0.3,0.125,1,52.66666667,1.551150401
2140,sub-16,vision,6,3,3,2,0.6,0.3,0.125,0,54.33333333,3.602651925
2141,sub-16,vision,6,4,4,1,0.5,0.3,0.05,1,51.66666667,1.250814518
2142,sub-16,vision,6,5,5,2,0.6,0.3,0.05,1,58.66666667,1.667869316
2143,sub-16,vision,6,6,6,2,0.6,0.7,0.125,0,59.33333333,1.267487404
2144,sub-16,vision,6,7,7,1,0.5,0.3,0.125,0,53.33333333,1.717934627
2145,sub-16,vision,6,8,8,1,0.5,0.7,0.05,1,59.33333333,1.784817752
2146,sub-16,vision,6,9,9,1,0.5,0.7,0.125,0,77.66666667,1.684581079
2147,sub-16,vision,6,10,10,1,0.5,0.3,0.125,1,50.33333333,1.934605648
2148,sub-16,vision,6,11,11,2,0.6,0.7,0.05,1,84.66666667,1.901352864
2149,sub-16,vision,6,12,12,2,0.6,0.7,0.125,1,60.0,2.118163526
2150,sub-16,pain,6,13,1,2,48.0,0.3,0.125,0,92.0,1.501103751
2151,sub-16,pain,6,14,2,1,47.0,0.3,0.125,0,75.33333333,1.968160727
2152,sub-16,pain,6,15,3,2,48.0,0.7,0.05,1,88.66666667,1.6845845
2153,sub-16,pain,6,16,4,2,48.0,0.3,0.125,1,62.33333333,2.818768738
2154,sub-16,pain,6,17,5,2,48.0,0.7,0.125,1,71.66666667,1.86793245
2155,sub-16,pain,6,18,6,1,47.0,0.3,0.125,1,69.0,2.668593954
2156,sub-16,pain,6,19,7,1,47.0,0.7,0.125,1,58.33333333,2.818786154
2157,sub-16,pain,6,20,8,1,47.0,0.7,0.125,0,77.0,2.001532002
2158,sub-16,pain,6,21,9,2,48.0,0.7,0.125,0,67.0,2.434966723
2159,sub-16,pain,6,22,10,2,48.0,0.3,0.05,1,56.0,1.717926541
2160,sub-16,pain,6,23,11,1,47.0,0.7,0.05,1,79.66666667,1.551115258
2161,sub-16,pain,6,24,12,1,47.0,0.3,0.05,1,31.66666667,2.485263731
2162,sub-17,vision,1,1,1,2,0.6,0.3,0.125,-1,31.0,2.21826844
2163,sub-17,vision,1,2,2,2,0.6,0.7,0.125,-1,62.66666667,2.752014799
2164,sub-17,vision,1,3,3,1,0.5,0.7,0.05,0,61.33333333,2.752023817
2165,sub-17,vision,1,4,4,1,0.5,0.7,0.05,-1,72.0,1.901294621
2166,sub-17,vision,1,5,5,2,0.6,0.3,0.05,0,30.33333333,2.768722527
2167,sub-17,vision,1,6,6,2,0.6,0.7,0.05,0,53.0,2.98542416
2168,sub-17,vision,1,7,7,2,0.6,0.7,0.05,-1,58.66666667,2.4184732
2169,sub-17,vision,1,8,8,1,0.5,0.7,0.125,-1,43.66666667,2.968858247
2170,sub-17,vision,1,9,9,1,0.5,0.3,0.125,-1,22.66666667,3.235666894
2171,sub-17,vision,1,10,10,1,0.5,0.3,0.05,0,26.66666667,1.851330977
2172,sub-17,vision,1,11,11,1,0.5,0.3,0.05,-1,30.33333333,3.118868292
2173,sub-17,vision,1,12,12,2,0.6,0.3,0.05,-1,46.0,2.535182546
2174,sub-17,pain,1,13,1,1,47.0,0.3,0.125,-1,24.33333333,2.435345447
2175,sub-17,pain,1,14,2,2,48.0,0.3,0.05,0,37.66666667,3.035731768
2176,sub-17,pain,1,15,3,1,47.0,0.7,0.05,-1,54.66666667,2.418285047
2177,sub-17,pain,1,16,4,2,48.0,0.7,0.05,0,54.0,2.61859026
2178,sub-17,pain,1,17,5,1,47.0,0.3,0.05,-1,9.0,3.268983454
2179,sub-17,pain,1,18,6,1,47.0,0.3,0.05,0,31.0,2.218146839
2180,sub-17,pain,1,19,7,1,47.0,0.7,0.05,0,45.33333333,2.601894349
2181,sub-17,pain,1,20,8,2,48.0,0.3,0.125,-1,19.0,1.601147022
2182,sub-17,pain,1,21,9,2,48.0,0.3,0.05,-1,20.33333333,1.417532432
2183,sub-17,pain,1,22,10,1,47.0,0.7,0.125,-1,62.0,2.334860228
2184,sub-17,pain,1,23,11,2,48.0,0.7,0.125,-1,65.0,3.085359535
2185,sub-17,pain,1,24,12,2,48.0,0.7,0.05,-1,61.33333333,2.718574772
2186,sub-17,vision,2,1,1,2,0.6,0.7,0.125,0,69.33333333,2.285036222
2187,sub-17,vision,2,2,2,1,0.5,0.3,0.125,1,31.0,2.885391443
2188,sub-17,vision,2,3,3,2,0.6,0.7,0.125,1,60.33333333,2.134715801
2189,sub-17,vision,2,4,4,2,0.6,0.3,0.125,1,34.0,2.901922525
2190,sub-17,vision,2,5,5,1,0.5,0.7,0.125,1,48.33333333,2.71845566
2191,sub-17,vision,2,6,6,1,0.5,0.3,0.05,1,28.66666667,1.901370505
2192,sub-17,vision,2,7,7,2,0.6,0.3,0.05,1,42.0,2.651966221
2193,sub-17,vision,2,8,8,2,0.6,0.3,0.125,0,52.33333333,2.168241663
2194,sub-17,vision,2,9,9,1,0.5,0.3,0.125,0,33.66666667,2.018097266
2195,sub-17,vision,2,10,10,1,0.5,0.7,0.125,0,74.33333333,2.601703086
2196,sub-17,vision,2,11,11,1,0.5,0.7,0.05,1,55.66666667,2.618603944
2197,sub-17,vision,2,12,12,2,0.6,0.7,0.05,1,72.33333333,1.851439515
2198,sub-17,pain,2,13,1,2,48.0,0.3,0.05,1,52.0,2.468434668
2199,sub-17,pain,2,14,2,1,47.0,0.3,0.125,1,24.33333333,1.717848282
2200,sub-17,pain,2,15,3,2,48.0,0.3,0.125,0,40.0,3.402508445
2201,sub-17,pain,2,16,4,1,47.0,0.3,0.05,1,28.33333333,3.202319234
2202,sub-17,pain,2,17,5,1,47.0,0.7,0.125,0,32.33333333,2.551923552
2203,sub-17,pain,2,18,6,1,47.0,0.7,0.05,1,54.33333333,2.16818164
2204,sub-17,pain,2,19,7,1,47.0,0.7,0.125,1,45.66666667,2.184757817
2205,sub-17,pain,2,20,8,2,48.0,0.7,0.125,0,67.66666667,2.334875778
2206,sub-17,pain,2,21,9,2,48.0,0.7,0.125,1,69.0,2.735332883
2207,sub-17,pain,2,22,10,1,47.0,0.3,0.125,0,19.0,1.601142668
2208,sub-17,pain,2,23,11,2,48.0,0.7,0.05,1,68.66666667,1.817808847
2209,sub-17,pain,2,24,12,2,48.0,0.3,0.125,1,30.0,1.80113906
2210,sub-17,pain,3,1,1,1,47.0,0.7,0.125,-1,64.33333333,2.51874974
2211,sub-17,pain,3,2,2,2,48.0,0.7,0.125,-1,76.0,3.385665743
2212,sub-17,pain,3,3,3,1,47.0,0.7,0.05,0,47.0,2.251618898
2213,sub-17,pain,3,4,4,2,48.0,0.3,0.05,0,45.66666667,2.518476373
2214,sub-17,pain,3,5,5,2,48.0,0.7,0.05,-1,48.0,2.801915932
2215,sub-17,pain,3,6,6,2,48.0,0.7,0.05,0,60.33333333,2.46843529
2216,sub-17,pain,3,7,7,1,47.0,0.3,0.125,-1,15.66666667,1.367718067
2217,sub-17,pain,3,8,8,2,48.0,0.3,0.125,-1,23.33333333,2.835533227
2218,sub-17,pain,3,9,9,1,47.0,0.3,0.05,-1,26.66666667,1.667855092
2219,sub-17,pain,3,10,10,1,47.0,0.7,0.05,-1,65.66666667,2.118153619
2220,sub-17,pain,3,11,11,2,48.0,0.3,0.05,-1,35.0,2.434937107
2221,sub-17,pain,3,12,12,1,47.0,0.3,0.05,0,25.66666667,1.400888147
2222,sub-17,vision,3,13,1,1,0.5,0.3,0.05,-1,20.66666667,1.401004771
2223,sub-17,vision,3,14,2,2,0.6,0.7,0.125,-1,59.33333333,2.535055037
2224,sub-17,vision,3,15,3,1,0.5,0.7,0.05,0,56.66666667,2.284969357
2225,sub-17,vision,3,16,4,2,0.6,0.3,0.05,-1,47.66666667,2.218275592
2226,sub-17,vision,3,17,5,2,0.6,0.3,0.05,0,45.0,1.701418274
2227,sub-17,vision,3,18,6,1,0.5,0.3,0.05,0,24.66666667,2.184829657
2228,sub-17,vision,3,19,7,2,0.6,0.3,0.125,-1,38.66666667,2.501647666
2229,sub-17,vision,3,20,8,2,0.6,0.7,0.05,-1,72.0,2.201540807
2230,sub-17,vision,3,21,9,1,0.5,0.7,0.05,-1,50.0,2.068362579
2231,sub-17,vision,3,22,10,2,0.6,0.7,0.05,0,64.0,1.517743662
2232,sub-17,vision,3,23,11,1,0.5,0.7,0.125,-1,38.66666667,1.901345003
2233,sub-17,vision,3,24,12,1,0.5,0.3,0.125,-1,24.66666667,2.384898201
2234,sub-17,vision,4,1,1,2,0.6,0.3,0.05,1,52.0,2.101494406
2235,sub-17,vision,4,2,2,1,0.5,0.3,0.125,0,43.66666667,2.051500595
2236,sub-17,vision,4,3,3,2,0.6,0.3,0.125,1,62.33333333,1.801361734
2237,sub-17,vision,4,4,4,1,0.5,0.7,0.125,0,62.66666667,1.91809907
2238,sub-17,vision,4,5,5,1,0.5,0.3,0.05,1,23.0,3.002164544
2239,sub-17,vision,4,6,6,1,0.5,0.7,0.05,1,53.0,2.234943824
2240,sub-17,vision,4,7,7,2,0.6,0.7,0.05,1,54.0,2.03479411
2241,sub-17,vision,4,8,8,1,0.5,0.7,0.125,1,67.33333333,2.234957508
2242,sub-17,vision,4,9,9,1,0.5,0.3,0.125,1,31.0,2.051317728
2243,sub-17,vision,4,10,10,2,0.6,0.7,0.125,1,71.33333333,1.517762944
2244,sub-17,vision,4,11,11,2,0.6,0.7,0.125,0,52.66666667,1.818114558
2245,sub-17,vision,4,12,12,2,0.6,0.3,0.125,0,38.66666667,1.767918598
2246,sub-17,pain,4,13,1,1,47.0,0.3,0.05,1,40.66666667,1.968123981
2247,sub-17,pain,4,14,2,1,47.0,0.3,0.125,0,18.66666667,2.651771847
2248,sub-17,pain,4,15,3,2,48.0,0.7,0.05,1,56.66666667,1.968073599
2249,sub-17,pain,4,16,4,2,48.0,0.3,0.125,0,28.66666667,1.367641872
2250,sub-17,pain,4,17,5,1,47.0,0.7,0.125,1,46.33333333,2.068180023
2251,sub-17,pain,4,18,6,1,47.0,0.7,0.05,1,62.33333333,1.767891541
2252,sub-17,pain,4,19,7,2,48.0,0.3,0.125,1,34.66666667,2.401668751
2253,sub-17,pain,4,20,8,2,48.0,0.7,0.125,0,36.0,1.534714495
2254,sub-17,pain,4,21,9,1,47.0,0.3,0.125,1,20.0,1.267376529
2255,sub-17,pain,4,22,10,2,48.0,0.3,0.05,1,56.0,2.018009876
2256,sub-17,pain,4,23,11,2,48.0,0.7,0.125,1,55.0,2.101800428
2257,sub-17,pain,4,24,12,1,47.0,0.7,0.125,0,46.66666667,2.10148321
2258,sub-17,pain,5,1,1,1,47.0,0.3,0.125,-1,22.33333333,1.634489706
2259,sub-17,pain,5,2,2,2,48.0,0.7,0.125,-1,60.0,2.234844305
2260,sub-17,pain,5,3,3,1,47.0,0.3,0.05,0,15.33333333,1.350991678
2261,sub-17,pain,5,4,4,1,47.0,0.7,0.125,-1,20.66666667,2.768642601
2262,sub-17,pain,5,5,5,1,47.0,0.7,0.05,-1,14.66666667,1.267502172
2263,sub-17,pain,5,6,6,2,48.0,0.7,0.05,-1,51.0,2.134778001
2264,sub-17,pain,5,7,7,1,47.0,0.7,0.05,0,52.0,2.335012617
2265,sub-17,pain,5,8,8,1,47.0,0.3,0.05,-1,23.33333333,1.417733648
2266,sub-17,pain,5,9,9,2,48.0,0.3,0.05,-1,28.33333333,2.018368456
2267,sub-17,pain,5,10,10,2,48.0,0.3,0.05,0,36.0,1.967924943
2268,sub-17,pain,5,11,11,2,48.0,0.7,0.05,0,43.0,2.084873446
2269,sub-17,pain,5,12,12,2,48.0,0.3,0.125,-1,39.66666667,2.435078922
2270,sub-17,vision,5,13,1,2,0.6,0.3,0.05,0,39.0,1.734611368
2271,sub-17,vision,5,14,2,1,0.5,0.3,0.05,0,30.0,2.067893905
2272,sub-17,vision,5,15,3,1,0.5,0.3,0.05,-1,27.33333333,1.851327867
2273,sub-17,vision,5,16,4,2,0.6,0.3,0.125,-1,47.66666667,1.801217743
2274,sub-17,vision,5,17,5,2,0.6,0.3,0.05,-1,29.33333333,1.534401009
2275,sub-17,vision,5,18,6,1,0.5,0.7,0.05,0,42.33333333,1.884590002
2276,sub-17,vision,5,19,7,2,0.6,0.7,0.05,-1,65.33333333,1.734459601
2277,sub-17,vision,5,20,8,1,0.5,0.3,0.125,-1,24.66666667,2.635214019
2278,sub-17,vision,5,21,9,2,0.6,0.7,0.05,0,63.0,1.901408135
2279,sub-17,vision,5,22,10,1,0.5,0.7,0.05,-1,55.0,1.868096551
2280,sub-17,vision,5,23,11,1,0.5,0.7,0.125,-1,59.0,1.901399116
2281,sub-17,vision,5,24,12,2,0.6,0.7,0.125,-1,74.0,2.835345385
2282,sub-17,pain,6,1,1,2,48.0,0.7,0.05,1,65.66666667,1.834504136
2283,sub-17,pain,6,2,2,1,47.0,0.3,0.125,0,27.0,2.401600954
2284,sub-17,pain,6,3,3,2,48.0,0.3,0.05,1,32.0,2.301657493
2285,sub-17,pain,6,4,4,1,47.0,0.7,0.125,1,42.66666667,1.651134924
2286,sub-17,pain,6,5,5,2,48.0,0.7,0.125,1,68.33333333,1.567781013
2287,sub-17,pain,6,6,6,1,47.0,0.3,0.125,1,30.66666667,2.101382758
2288,sub-17,pain,6,7,7,2,48.0,0.3,0.125,1,19.0,2.435206742
2289,sub-17,pain,6,8,8,1,47.0,0.7,0.05,1,57.66666667,2.468457993
2290,sub-17,pain,6,9,9,1,47.0,0.7,0.125,0,62.66666667,1.984687096
2291,sub-17,pain,6,10,10,2,48.0,0.7,0.125,0,66.33333333,2.001439919
2292,sub-17,pain,6,11,11,1,47.0,0.3,0.05,1,13.66666667,2.468338258
2293,sub-17,pain,6,12,12,2,48.0,0.3,0.125,0,17.33333333,2.535194053
2294,sub-17,vision,6,13,1,1,0.5,0.7,0.125,0,41.66666667,1.784623217
2295,sub-17,vision,6,14,2,2,0.6,0.7,0.05,1,71.0,1.584512688
2296,sub-17,vision,6,15,3,2,0.6,0.3,0.125,1,41.33333333,2.051390191
2297,sub-17,vision,6,16,4,2,0.6,0.7,0.125,0,57.0,1.567788788
2298,sub-17,vision,6,17,5,1,0.5,0.7,0.125,1,70.33333333,2.234773087
2299,sub-17,vision,6,18,6,1,0.5,0.3,0.125,1,43.66666667,1.601140491
2300,sub-17,vision,6,19,7,1,0.5,0.3,0.125,0,37.0,1.951498356
2301,sub-17,vision,6,20,8,1,0.5,0.3,0.05,1,34.66666667,2.168120996
2302,sub-17,vision,6,21,9,2,0.6,0.3,0.125,0,42.33333333,2.034829564
2303,sub-17,vision,6,22,10,2,0.6,0.7,0.125,1,69.0,1.817955327
2304,sub-17,vision,6,23,11,2,0.6,0.3,0.05,1,20.66666667,2.418653579
2305,sub-17,vision,6,24,12,1,0.5,0.7,0.05,1,58.33333333,1.784544535
2306,sub-18,pain,1,1,1,1,47.0,0.3,0.125,-1,19.0,1.317606775
2307,sub-18,pain,1,2,2,1,47.0,0.7,0.05,0,85.33333333,1.184179934
2308,sub-18,pain,1,3,3,2,48.0,0.3,0.05,0,84.33333333,1.217570388
2309,sub-18,pain,1,4,4,1,47.0,0.7,0.125,-1,48.0,2.001561543
2310,sub-18,pain,1,5,5,2,48.0,0.3,0.05,-1,22.0,1.417663999
2311,sub-18,pain,1,6,6,2,48.0,0.7,0.05,0,87.33333333,1.55117139
2312,sub-18,pain,1,7,7,2,48.0,0.3,0.125,-1,11.66666667,1.184180245
2313,sub-18,pain,1,8,8,2,48.0,0.7,0.125,-1,23.33333333,1.80132798
2314,sub-18,pain,1,9,9,1,47.0,0.3,0.05,0,55.0,1.200863342
2315,sub-18,pain,1,10,10,2,48.0,0.7,0.05,-1,89.33333333,1.651226749
2316,sub-18,pain,1,11,11,1,47.0,0.7,0.05,-1,68.33333333,1.500967839
2317,sub-18,pain,1,12,12,1,47.0,0.3,0.05,-1,24.33333333,1.134169515
2318,sub-18,vision,1,13,1,2,0.6,0.3,0.05,0,79.0,1.017637875
2319,sub-18,vision,1,14,2,2,0.6,0.7,0.125,-1,72.33333333,1.484398879
2320,sub-18,vision,1,15,3,1,0.5,0.7,0.125,-1,51.0,1.684410697
2321,sub-18,vision,1,16,4,1,0.5,0.3,0.05,0,32.0,1.667795087
2322,sub-18,vision,1,17,5,2,0.6,0.3,0.05,-1,50.66666667,1.884736628
2323,sub-18,vision,1,18,6,2,0.6,0.7,0.05,0,56.33333333,1.417701009
2324,sub-18,vision,1,19,7,1,0.5,0.7,0.05,-1,51.66666667,1.350826178
2325,sub-18,vision,1,20,8,1,0.5,0.3,0.125,-1,58.0,1.267617504
2326,sub-18,vision,1,21,9,1,0.5,0.7,0.05,0,77.0,1.117481441
2327,sub-18,vision,1,22,10,2,0.6,0.7,0.05,-1,78.33333333,2.201597308
2328,sub-18,vision,1,23,11,2,0.6,0.3,0.125,-1,60.66666667,1.401067049
2329,sub-18,vision,1,24,12,1,0.5,0.3,0.05,-1,57.0,1.451156151
2330,sub-18,vision,2,1,1,1,0.5,0.3,0.125,0,32.66666667,1.534497622
2331,sub-18,vision,2,2,2,1,0.5,0.3,0.125,1,65.33333333,1.217642851
2332,sub-18,vision,2,3,3,2,0.6,0.7,0.125,0,69.66666667,1.834683602
2333,sub-18,vision,2,4,4,2,0.6,0.3,0.125,1,73.0,1.334321284
2334,sub-18,vision,2,5,5,2,0.6,0.3,0.125,0,72.33333333,1.651248519
2335,sub-18,vision,2,6,6,2,0.6,0.3,0.05,1,72.0,1.517796175
2336,sub-18,vision,2,7,7,1,0.5,0.3,0.05,1,72.33333333,1.284270746
2337,sub-18,vision,2,8,8,1,0.5,0.7,0.125,1,73.0,1.284252086
2338,sub-18,vision,2,9,9,1,0.5,0.7,0.125,0,73.33333333,1.834733673
2339,sub-18,vision,2,10,10,2,0.6,0.7,0.125,1,63.0,1.434237002
2340,sub-18,vision,2,11,11,2,0.6,0.7,0.05,1,72.66666667,1.768173888
2341,sub-18,vision,2,12,12,1,0.5,0.7,0.05,1,57.66666667,2.785395331
2342,sub-18,pain,2,13,1,2,48.0,0.7,0.05,1,98.66666667,1.000768798
2343,sub-18,pain,2,14,2,1,47.0,0.7,0.05,1,89.0,1.734574129
2344,sub-18,pain,2,15,3,1,47.0,0.3,0.125,1,75.33333333,1.350841417
2345,sub-18,pain,2,16,4,1,47.0,0.7,0.125,1,90.0,0.984025987
2346,sub-18,pain,2,17,5,2,48.0,0.3,0.125,1,93.33333333,1.417736152
2347,sub-18,pain,2,18,6,2,48.0,0.7,0.125,0,81.66666667,1.267671619
2348,sub-18,pain,2,19,7,1,47.0,0.7,0.125,0,72.0,1.48458206
2349,sub-18,pain,2,20,8,1,47.0,0.3,0.05,1,55.0,1.567823077
2350,sub-18,pain,2,21,9,2,48.0,0.3,0.125,0,45.0,1.300953844
2351,sub-18,pain,2,22,10,1,47.0,0.3,0.125,0,63.66666667,1.567713293
2352,sub-18,pain,2,23,11,2,48.0,0.7,0.125,1,80.66666667,1.334363269
2353,sub-18,pain,2,24,12,2,48.0,0.3,0.05,1,57.66666667,1.73445968
2354,sub-18,vision,3,1,1,2,0.6,0.3,0.125,-1,50.0,1.334430757
2355,sub-18,vision,3,2,2,2,0.6,0.3,0.05,0,67.66666667,1.401039059
2356,sub-18,vision,3,3,3,1,0.5,0.3,0.125,-1,54.66666667,1.51780084
2357,sub-18,vision,3,4,4,1,0.5,0.7,0.05,0,52.33333333,1.300832553
2358,sub-18,vision,3,5,5,2,0.6,0.3,0.05,-1,71.0,1.6348164
2359,sub-18,vision,3,6,6,1,0.5,0.7,0.125,-1,60.33333333,1.467773939
2360,sub-18,vision,3,7,7,1,0.5,0.3,0.05,-1,55.33333333,1.300959131
2361,sub-18,vision,3,8,8,1,0.5,0.7,0.05,-1,61.0,1.434424848
2362,sub-18,vision,3,9,9,2,0.6,0.7,0.05,-1,49.33333333,1.534309777
2363,sub-18,vision,3,10,10,1,0.5,0.3,0.05,0,41.66666667,1.417714382
2364,sub-18,vision,3,11,11,2,0.6,0.7,0.05,0,72.66666667,1.284132661
2365,sub-18,vision,3,12,12,2,0.6,0.7,0.125,-1,75.33333333,1.384459214
2366,sub-18,pain,3,13,1,2,48.0,0.3,0.05,0,76.66666667,1.26756339
2367,sub-18,pain,3,14,2,1,47.0,0.7,0.05,0,76.0,1.517841893
2368,sub-18,pain,3,15,3,1,47.0,0.7,0.125,-1,75.66666667,1.300929275
2369,sub-18,pain,3,16,4,1,47.0,0.3,0.125,-1,33.33333333,1.300933007
2370,sub-18,pain,3,17,5,2,48.0,0.7,0.125,-1,83.33333333,1.000628536
2371,sub-18,pain,3,18,6,2,48.0,0.3,0.125,-1,33.0,1.601112455
2372,sub-18,pain,3,19,7,1,47.0,0.7,0.05,-1,74.0,1.567787623
2373,sub-18,pain,3,20,8,2,48.0,0.3,0.05,-1,41.0,1.634532455
2374,sub-18,pain,3,21,9,1,47.0,0.3,0.05,0,31.66666667,1.434404322
2375,sub-18,pain,3,22,10,2,48.0,0.7,0.05,0,74.66666667,1.384203881
2376,sub-18,pain,3,23,11,1,47.0,0.3,0.05,-1,58.0,1.200755114
2377,sub-18,pain,3,24,12,2,48.0,0.7,0.05,-1,84.0,1.334206213
2378,sub-18,pain,4,1,1,1,47.0,0.7,0.05,1,100.0,2.401736637
2379,sub-18,pain,4,2,2,1,47.0,0.3,0.125,0,75.0,1.300954155
2380,sub-18,pain,4,3,3,2,48.0,0.7,0.125,0,96.33333333,1.334293916
2381,sub-18,pain,4,4,4,2,48.0,0.7,0.05,1,100.0,1.717951365
2382,sub-18,pain,4,5,5,2,48.0,0.3,0.125,0,57.33333333,1.83480707
2383,sub-18,pain,4,6,6,2,48.0,0.3,0.125,1,35.33333333,1.451094573
2384,sub-18,pain,4,7,7,1,47.0,0.3,0.05,1,60.66666667,2.218260813
2385,sub-18,pain,4,8,8,2,48.0,0.3,0.05,1,55.66666667,1.584505864
2386,sub-18,pain,4,9,9,2,48.0,0.7,0.125,1,92.0,0.917533378
2387,sub-18,pain,4,10,10,1,47.0,0.7,0.125,1,78.33333333,1.300984633
2388,sub-18,pain,4,11,11,1,47.0,0.7,0.125,0,53.66666667,1.567702097
2389,sub-18,pain,4,12,12,1,47.0,0.3,0.125,1,35.0,1.601195804
2390,sub-18,vision,4,13,1,1,0.5,0.3,0.05,1,55.66666667,1.434359848
2391,sub-18,vision,4,14,2,1,0.5,0.3,0.125,1,36.0,1.20088729
2392,sub-18,vision,4,15,3,2,0.6,0.3,0.125,1,65.33333333,1.384245555
2393,sub-18,vision,4,16,4,2,0.6,0.7,0.125,0,72.0,1.684639906
2394,sub-18,vision,4,17,5,1,0.5,0.7,0.05,1,42.0,1.200406791
2395,sub-18,vision,4,18,6,2,0.6,0.7,0.05,1,69.33333333,1.501067671
2396,sub-18,vision,4,19,7,1,0.5,0.7,0.125,1,64.66666667,1.067452051
2397,sub-18,vision,4,20,8,2,0.6,0.3,0.125,0,74.66666667,1.517656535
2398,sub-18,vision,4,21,9,1,0.5,0.3,0.125,0,38.66666667,1.251150242
2399,sub-18,vision,4,22,10,2,0.6,0.3,0.05,1,67.0,0.983916515
2400,sub-18,vision,4,23,11,1,0.5,0.7,0.125,0,41.33333333,1.734607095
2401,sub-18,vision,4,24,12,2,0.6,0.7,0.125,1,78.0,1.20088418
2402,sub-18,pain,5,1,1,1,47.0,0.7,0.125,-1,97.66666667,2.435235942
2403,sub-18,pain,5,2,2,2,48.0,0.3,0.125,-1,55.66666667,1.400916524
2404,sub-18,pain,5,3,3,1,47.0,0.3,0.125,-1,40.66666667,1.234244777
2405,sub-18,pain,5,4,4,1,47.0,0.3,0.05,-1,49.0,1.401052432
2406,sub-18,pain,5,5,5,2,48.0,0.3,0.05,0,74.66666667,1.184512084
2407,sub-18,pain,5,6,6,1,47.0,0.7,0.05,0,60.66666667,1.50111401
2408,sub-18,pain,5,7,7,1,47.0,0.7,0.05,-1,76.33333333,1.634386595
2409,sub-18,pain,5,8,8,2,48.0,0.7,0.125,-1,76.33333333,0.950685294
2410,sub-18,pain,5,9,9,2,48.0,0.3,0.05,-1,54.0,1.551412417
2411,sub-18,pain,5,10,10,2,48.0,0.7,0.05,-1,68.33333333,1.534452527
2412,sub-18,pain,5,11,11,2,48.0,0.7,0.05,0,74.0,1.35090144
2413,sub-18,pain,5,12,12,1,47.0,0.3,0.05,0,26.33333333,0.934055999
2414,sub-18,vision,5,13,1,1,0.5,0.7,0.05,-1,71.0,1.217752324
2415,sub-18,vision,5,14,2,1,0.5,0.7,0.05,0,78.33333333,1.117464958
2416,sub-18,vision,5,15,3,1,0.5,0.3,0.125,-1,51.0,1.61772931
2417,sub-18,vision,5,16,4,1,0.5,0.7,0.125,-1,52.33333333,1.217535244
2418,sub-18,vision,5,17,5,2,0.6,0.7,0.125,-1,85.0,1.033999397
2419,sub-18,vision,5,18,6,1,0.5,0.3,0.05,-1,40.0,1.267627768
2420,sub-18,vision,5,19,7,2,0.6,0.7,0.05,-1,47.33333333,1.31749046
2421,sub-18,vision,5,20,8,2,0.6,0.7,0.05,0,81.66666667,1.251015889
2422,sub-18,vision,5,21,9,1,0.5,0.3,0.05,0,35.33333333,1.634412408
2423,sub-18,vision,5,22,10,2,0.6,0.3,0.125,-1,53.0,1.350988832
2424,sub-18,vision,5,23,11,2,0.6,0.3,0.05,0,37.0,1.134232648
2425,sub-18,vision,5,24,12,2,0.6,0.3,0.05,-1,35.0,1.217609885
2426,sub-18,vision,6,1,1,2,0.6,0.7,0.125,1,79.0,0.917477087
2427,sub-18,vision,6,2,2,1,0.5,0.3,0.125,1,43.0,1.467727599
2428,sub-18,vision,6,3,3,1,0.5,0.7,0.125,0,70.66666667,1.167554993
2429,sub-18,vision,6,4,4,1,0.5,0.3,0.05,1,32.33333333,1.300935806
2430,sub-18,vision,6,5,5,2,0.6,0.7,0.125,0,68.33333333,1.367670375
2431,sub-18,vision,6,6,6,2,0.6,0.3,0.05,1,37.33333333,1.134053822
2432,sub-18,vision,6,7,7,1,0.5,0.3,0.125,0,26.66666667,1.03418662
2433,sub-18,vision,6,8,8,2,0.6,0.3,0.125,1,64.33333333,1.36767504
2434,sub-18,vision,6,9,9,2,0.6,0.3,0.125,0,61.0,1.284272301
2435,sub-18,vision,6,10,10,1,0.5,0.7,0.125,1,63.33333333,1.484471965
2436,sub-18,vision,6,11,11,1,0.5,0.7,0.05,1,71.33333333,1.26742686
2437,sub-18,vision,6,12,12,2,0.6,0.7,0.05,1,84.33333333,1.384380219
2438,sub-18,pain,6,13,1,2,48.0,0.7,0.125,1,100.0,1.351292681
2439,sub-18,pain,6,14,2,1,47.0,0.7,0.05,1,81.0,0.883975294
2440,sub-18,pain,6,15,3,2,48.0,0.7,0.05,1,86.0,1.484437132
2441,sub-18,pain,6,16,4,1,47.0,0.7,0.125,0,73.33333333,1.417903782
2442,sub-18,pain,6,17,5,2,48.0,0.3,0.125,0,70.66666667,1.467771451
2443,sub-18,pain,6,18,6,1,47.0,0.3,0.125,1,45.33333333,1.184165627
2444,sub-18,pain,6,19,7,2,48.0,0.3,0.125,1,80.0,1.417594024
2445,sub-18,pain,6,20,8,2,48.0,0.7,0.125,0,63.66666667,1.250949335
2446,sub-18,pain,6,21,9,1,47.0,0.3,0.05,1,50.33333333,1.417771917
2447,sub-18,pain,6,22,10,1,47.0,0.3,0.125,0,74.66666667,1.434207768
2448,sub-18,pain,6,23,11,1,47.0,0.7,0.125,1,72.0,1.200900041
2449,sub-18,pain,6,24,12,2,48.0,0.3,0.05,1,51.0,1.41772309
2450,sub-20,vision,1,1,1,2,0.6,0.7,0.125,-1,72.0,1.951422529
2451,sub-20,vision,1,2,2,2,0.6,0.3,0.05,-1,60.33333333,2.818630341
2452,sub-20,vision,1,3,3,1,0.5,0.3,0.125,-1,60.66666667,2.10146016
2453,sub-20,vision,1,4,4,1,0.5,0.3,0.05,-1,48.33333333,2.401784537
2454,sub-20,vision,1,5,5,2,0.6,0.7,0.05,0,71.66666667,2.184945574
2455,sub-20,vision,1,6,6,2,0.6,0.3,0.125,-1,66.0,2.618851776
2456,sub-20,vision,1,7,7,1,0.5,0.7,0.05,0,52.33333333,3.219084717
2457,sub-20,vision,1,8,8,2,0.6,0.3,0.05,0,81.33333333,2.118258382
2458,sub-20,vision,1,9,9,1,0.5,0.7,0.125,-1,63.33333333,1.868044722
2459,sub-20,vision,1,10,10,1,0.5,0.7,0.05,-1,69.66666667,1.58447316
2460,sub-20,vision,1,11,11,2,0.6,0.7,0.05,-1,86.0,2.20183834
2461,sub-20,vision,1,12,12,1,0.5,0.3,0.05,0,75.0,2.268207688
2462,sub-20,pain,1,13,1,1,47.0,0.3,0.05,0,87.66666667,1.617913479
2463,sub-20,pain,1,14,2,2,48.0,0.3,0.05,0,96.66666667,1.901422529
2464,sub-20,pain,1,15,3,2,48.0,0.7,0.05,0,92.66666667,1.534354046
2465,sub-20,pain,1,16,4,1,47.0,0.7,0.125,-1,73.33333333,2.518521179
2466,sub-20,pain,1,17,5,1,47.0,0.7,0.05,0,67.33333333,2.35178547
2467,sub-20,pain,1,18,6,2,48.0,0.3,0.05,-1,92.66666667,1.100773465
2468,sub-20,pain,1,19,7,2,48.0,0.3,0.125,-1,93.66666667,2.084734092
2469,sub-20,pain,1,20,8,1,47.0,0.3,0.125,-1,73.0,2.385383467
2470,sub-20,pain,1,21,9,1,47.0,0.7,0.05,-1,80.33333333,2.284928158
2471,sub-20,pain,1,22,10,2,48.0,0.7,0.05,-1,98.33333333,1.801317721
2472,sub-20,pain,1,23,11,1,47.0,0.3,0.05,-1,82.66666667,1.934770791
2473,sub-20,pain,1,24,12,2,48.0,0.7,0.125,-1,83.0,2.652208434
2474,sub-20,pain,2,1,1,1,47.0,0.3,0.125,1,99.33333333,2.034981029
2475,sub-20,pain,2,2,2,2,48.0,0.7,0.125,0,96.33333333,2.535125334
2476,sub-20,pain,2,3,3,1,47.0,0.3,0.125,0,78.0,1.651238104
2477,sub-20,pain,2,4,4,2,48.0,0.7,0.125,1,97.0,1.968081732
2478,sub-20,pain,2,5,5,2,48.0,0.3,0.05,1,92.33333333,1.851239037
2479,sub-20,pain,2,6,6,2,48.0,0.7,0.05,1,92.33333333,0.950671767
2480,sub-20,pain,2,7,7,1,47.0,0.3,0.05,1,83.33333333,2.201821235
2481,sub-20,pain,2,8,8,2,48.0,0.3,0.125,1,89.0,2.401772719
2482,sub-20,pain,2,9,9,1,47.0,0.7,0.05,1,72.33333333,2.018183119
2483,sub-20,pain,2,10,10,1,47.0,0.7,0.125,0,82.0,1.751294707
2484,sub-20,pain,2,11,11,2,48.0,0.3,0.125,0,98.66666667,2.351774896
2485,sub-20,pain,2,12,12,1,47.0,0.7,0.125,1,94.0,1.517890154
2486,sub-20,vision,2,13,1,2,0.6,0.7,0.05,1,88.33333333,2.03495055
2487,sub-20,vision,2,14,2,1,0.5,0.7,0.05,1,63.66666667,1.584532251
2488,sub-20,vision,2,15,3,1,0.5,0.3,0.125,1,50.66666667,1.984835168
2489,sub-20,vision,2,16,4,1,0.5,0.7,0.125,1,52.66666667,2.085228276
2490,sub-20,vision,2,17,5,2,0.6,0.7,0.125,1,87.0,1.701231262
2491,sub-20,vision,2,18,6,1,0.5,0.7,0.125,0,58.33333333,2.06820209
2492,sub-20,vision,2,19,7,1,0.5,0.3,0.05,1,68.0,1.934771413
2493,sub-20,vision,2,20,8,1,0.5,0.3,0.125,0,78.33333333,2.101551595
2494,sub-20,vision,2,21,9,2,0.6,0.7,0.125,0,89.0,1.567746781
2495,sub-20,vision,2,22,10,2,0.6,0.3,0.125,1,85.66666667,2.13492567
2496,sub-20,vision,2,23,11,2,0.6,0.3,0.05,1,88.0,1.451064253
2497,sub-20,vision,2,24,12,2,0.6,0.3,0.125,0,97.0,2.201494682
2498,sub-20,pain,3,1,1,1,47.0,0.7,0.125,-1,92.33333333,1.851506189
2499,sub-20,pain,3,2,2,2,48.0,0.3,0.05,-1,84.0,1.751305592
2500,sub-20,pain,3,3,3,2,48.0,0.7,0.05,-1,79.33333333,1.100752628
2501,sub-20,pain,3,4,4,1,47.0,0.7,0.05,-1,77.66666667,2.318385271
2502,sub-20,pain,3,5,5,1,47.0,0.3,0.05,0,70.66666667,2.034875288
2503,sub-20,pain,3,6,6,1,47.0,0.3,0.125,-1,70.66666667,2.384994402
2504,sub-20,pain,3,7,7,1,47.0,0.3,0.05,-1,66.33333333,2.485136219
2505,sub-20,pain,3,8,8,2,48.0,0.7,0.05,0,91.0,1.517764197
2506,sub-20,pain,3,9,9,1,47.0,0.7,0.05,0,73.0,2.218308142
2507,sub-20,pain,3,10,10,2,48.0,0.3,0.125,-1,94.33333333,3.068919575
2508,sub-20,pain,3,11,11,2,48.0,0.3,0.05,0,91.0,2.701986689
2509,sub-20,pain,3,12,12,2,48.0,0.7,0.125,-1,94.66666667,1.968111277
2510,sub-20,vision,3,13,1,2,0.6,0.7,0.05,-1,86.66666667,1.868007402
2511,sub-20,vision,3,14,2,2,0.6,0.3,0.05,0,96.33333333,1.701070162
2512,sub-20,vision,3,15,3,1,0.5,0.3,0.125,-1,89.66666667,1.567674628
2513,sub-20,vision,3,16,4,2,0.6,0.3,0.125,-1,82.0,1.801313056
2514,sub-20,vision,3,17,5,1,0.5,0.7,0.05,0,78.66666667,2.118201779
2515,sub-20,vision,3,18,6,2,0.6,0.7,0.125,-1,94.33333333,2.151557194
2516,sub-20,vision,3,19,7,2,0.6,0.7,0.05,0,86.66666667,1.584489022
2517,sub-20,vision,3,20,8,2,0.6,0.3,0.05,-1,94.66666667,2.084871556
2518,sub-20,vision,3,21,9,1,0.5,0.7,0.125,-1,78.0,1.784689619
2519,sub-20,vision,3,22,10,1,0.5,0.3,0.05,-1,72.0,1.517724078
2520,sub-20,vision,3,23,11,1,0.5,0.3,0.05,0,69.33333333,2.118245941
2521,sub-20,vision,3,24,12,1,0.5,0.7,0.05,-1,69.66666667,1.951456117
2522,sub-20,pain,4,1,1,1,47.0,0.7,0.125,1,97.66666667,1.451103129
2523,sub-20,pain,4,2,2,2,48.0,0.3,0.05,1,97.33333333,2.001456428
2524,sub-20,pain,4,3,3,2,48.0,0.3,0.125,1,97.66666667,2.151589227
2525,sub-20,pain,4,4,4,1,47.0,0.7,0.125,0,76.66666667,0.967367357
2526,sub-20,pain,4,5,5,1,47.0,0.3,0.125,1,64.66666667,1.651216334
2527,sub-20,pain,4,6,6,1,47.0,0.7,0.05,1,59.0,2.118255583
2528,sub-20,pain,4,7,7,2,48.0,0.7,0.05,1,88.0,1.934772035
2529,sub-20,pain,4,8,8,1,47.0,0.3,0.05,1,92.0,2.718579337
2530,sub-20,pain,4,9,9,2,48.0,0.3,0.125,0,95.66666667,1.484415936
2531,sub-20,pain,4,10,10,1,47.0,0.3,0.125,0,74.0,1.918003359
2532,sub-20,pain,4,11,11,2,48.0,0.7,0.125,0,92.33333333,2.034657274
2533,sub-20,pain,4,12,12,2,48.0,0.7,0.125,1,95.0,2.701808173
2534,sub-20,vision,4,13,1,2,0.6,0.7,0.125,1,96.0,1.734729427
2535,sub-20,vision,4,14,2,1,0.5,0.7,0.05,1,76.66666667,2.234887728
2536,sub-20,vision,4,15,3,2,0.6,0.3,0.125,1,96.0,1.400931144
2537,sub-20,vision,4,16,4,2,0.6,0.3,0.05,1,94.33333333,1.634665982
2538,sub-20,vision,4,17,5,1,0.5,0.3,0.125,0,75.33333333,2.135046028
2539,sub-20,vision,4,18,6,2,0.6,0.7,0.125,0,91.66666667,1.284162468
2540,sub-20,vision,4,19,7,1,0.5,0.7,0.125,0,71.66666667,2.434939665
2541,sub-20,vision,4,20,8,1,0.5,0.3,0.125,1,73.33333333,2.11846862
2542,sub-20,vision,4,21,9,2,0.6,0.7,0.05,1,84.33333333,1.551155377
2543,sub-20,vision,4,22,10,1,0.5,0.7,0.125,1,70.33333333,2.301631212
2544,sub-20,vision,4,23,11,1,0.5,0.3,0.05,1,83.0,2.651948125
2545,sub-20,vision,4,24,12,2,0.6,0.3,0.125,0,95.66666667,1.517708839
2546,sub-20,pain,5,1,1,2,48.0,0.7,0.05,0,99.33333333,1.584490888
2547,sub-20,pain,5,2,2,2,48.0,0.7,0.05,-1,96.66666667,1.81797568
2548,sub-20,pain,5,3,3,2,48.0,0.3,0.05,0,97.33333333,1.601016048
2549,sub-20,pain,5,4,4,1,47.0,0.7,0.05,-1,63.33333333,2.234867824
2550,sub-20,pain,5,5,5,1,47.0,0.7,0.125,-1,81.66666667,2.235119114
2551,sub-20,pain,5,6,6,2,48.0,0.7,0.125,-1,76.66666667,1.334321391
2552,sub-20,pain,5,7,7,1,47.0,0.3,0.125,-1,94.0,1.000735834
2553,sub-20,pain,5,8,8,1,47.0,0.3,0.05,0,92.0,1.717917833
2554,sub-20,pain,5,9,9,1,47.0,0.7,0.05,0,77.33333333,2.28501555
2555,sub-20,pain,5,10,10,1,47.0,0.3,0.05,-1,90.33333333,1.834655719
2556,sub-20,pain,5,11,11,2,48.0,0.3,0.05,-1,96.0,1.717907259
2557,sub-20,pain,5,12,12,2,48.0,0.3,0.125,-1,79.0,2.218247807
2558,sub-20,vision,5,13,1,1,0.5,0.3,0.05,-1,92.66666667,1.034059215
2560,sub-20,vision,5,15,3,2,0.6,0.7,0.125,-1,91.66666667,2.234836723
2561,sub-20,vision,5,16,4,1,0.5,0.7,0.05,0,92.66666667,1.184133234
2562,sub-20,vision,5,17,5,1,0.5,0.3,0.05,0,97.0,2.285016794
2563,sub-20,vision,5,18,6,2,0.6,0.3,0.05,0,93.66666667,2.118222305
2564,sub-20,vision,5,19,7,1,0.5,0.7,0.05,-1,96.66666667,1.184215028
2565,sub-20,vision,5,20,8,2,0.6,0.7,0.05,-1,97.66666667,2.151564347
2566,sub-20,vision,5,21,9,2,0.6,0.3,0.125,-1,99.66666667,2.134739068
2567,sub-20,vision,5,22,10,2,0.6,0.3,0.05,-1,94.33333333,2.901977048
2568,sub-20,vision,5,23,11,1,0.5,0.7,0.125,-1,92.0,1.817844436
2569,sub-20,vision,5,24,12,1,0.5,0.3,0.125,-1,79.0,1.517679915
2570,sub-20,vision,6,1,1,2,0.6,0.3,0.125,1,98.33333333,2.13491634
2571,sub-20,vision,6,2,2,2,0.6,0.7,0.125,0,88.33333333,1.85133296
2572,sub-20,vision,6,3,3,2,0.6,0.3,0.05,1,97.0,1.100781551
2573,sub-20,vision,6,4,4,2,0.6,0.7,0.05,1,94.0,2.101371836
2574,sub-20,vision,6,5,5,1,0.5,0.7,0.125,1,78.66666667,1.934573614
2575,sub-20,vision,6,6,6,1,0.5,0.7,0.05,1,72.33333333,1.951248989
2576,sub-20,vision,6,7,7,2,0.6,0.7,0.125,1,98.33333333,1.818194937
2577,sub-20,vision,6,8,8,2,0.6,0.3,0.125,0,90.33333333,2.635289233
2578,sub-20,vision,6,9,9,1,0.5,0.3,0.125,1,75.33333333,1.300821671
2579,sub-20,vision,6,10,10,1,0.5,0.3,0.05,1,73.33333333,2.101524538
2580,sub-20,vision,6,11,11,1,0.5,0.7,0.125,0,85.0,1.250891024
2581,sub-20,vision,6,12,12,1,0.5,0.3,0.125,0,80.33333333,2.668520246
2582,sub-20,pain,6,13,1,1,47.0,0.7,0.05,1,100.0,1.551010761
2583,sub-20,pain,6,14,2,1,47.0,0.7,0.125,0,93.33333333,2.034828948
2584,sub-20,pain,6,15,3,2,48.0,0.7,0.125,1,100.0,1.217852833
2585,sub-20,pain,6,16,4,2,48.0,0.3,0.125,0,97.66666667,1.701271692
2586,sub-20,pain,6,17,5,2,48.0,0.7,0.05,1,93.33333333,2.501844872
2587,sub-20,pain,6,18,6,1,47.0,0.3,0.125,1,70.33333333,1.384210985
2588,sub-20,pain,6,19,7,2,48.0,0.3,0.125,1,99.33333333,1.81795111
2589,sub-20,pain,6,20,8,2,48.0,0.7,0.125,0,97.33333333,2.535241339
2590,sub-20,pain,6,21,9,2,48.0,0.3,0.05,1,98.33333333,1.667844125
2591,sub-20,pain,6,22,10,1,47.0,0.7,0.125,1,89.66666667,1.517723767
2592,sub-20,pain,6,23,11,1,47.0,0.3,0.125,0,82.66666667,2.268221372
2593,sub-20,pain,6,24,12,1,47.0,0.3,0.05,1,98.66666667,2.468554457
2594,sub-21,pain,1,1,1,1,47.0,0.7,0.05,0,62.0,2.518505364
2595,sub-21,pain,1,2,2,2,48.0,0.3,0.05,-1,38.33333333,2.101545397
2596,sub-21,pain,1,3,3,2,48.0,0.7,0.05,0,54.66666667,2.301641248
2597,sub-21,pain,1,4,4,1,47.0,0.7,0.125,-1,41.66666667,2.668566056
2598,sub-21,pain,1,5,5,1,47.0,0.3,0.05,-1,26.33333333,2.051387704
2599,sub-21,pain,1,6,6,2,48.0,0.3,0.05,0,32.0,2.43505341
2600,sub-21,pain,1,7,7,2,48.0,0.7,0.125,-1,64.66666667,3.302535066
2601,sub-21,pain,1,8,8,1,47.0,0.3,0.05,0,20.0,1.868161195
2602,sub-21,pain,1,9,9,2,48.0,0.7,0.05,-1,62.0,3.135935939
2603,sub-21,pain,1,10,10,2,48.0,0.3,0.125,-1,38.66666667,1.867919235
2604,sub-21,pain,1,11,11,1,47.0,0.7,0.05,-1,70.33333333,2.551775678
2605,sub-21,pain,1,12,12,1,47.0,0.3,0.125,-1,25.0,2.885447278
2606,sub-21,vision,1,13,1,2,0.6,0.3,0.125,-1,41.0,2.618635083
2607,sub-21,vision,1,14,2,2,0.6,0.7,0.05,0,67.0,2.518521847
2608,sub-21,vision,1,15,3,2,0.6,0.3,0.05,-1,47.0,2.751990954
2609,sub-21,vision,1,16,4,1,0.5,0.3,0.05,0,28.33333333,2.351678273
2610,sub-21,vision,1,17,5,2,0.6,0.7,0.05,-1,66.33333333,2.201598921
2611,sub-21,vision,1,18,6,1,0.5,0.7,0.05,-1,60.33333333,2.451830073
2612,sub-21,vision,1,19,7,2,0.6,0.3,0.05,0,28.0,1.667799749
2613,sub-21,vision,1,20,8,1,0.5,0.7,0.125,-1,61.0,2.701966991
2614,sub-21,vision,1,21,9,1,0.5,0.7,0.05,0,54.33333333,3.085447651
2615,sub-21,vision,1,22,10,1,0.5,0.3,0.125,-1,44.66666667,2.685170735
2616,sub-21,vision,1,23,11,2,0.6,0.7,0.125,-1,57.0,3.636027218
2617,sub-21,vision,1,24,12,1,0.5,0.3,0.05,-1,22.66666667,1.784687159
2618,sub-21,vision,2,1,1,1,0.5,0.7,0.125,1,42.66666667,2.451645649
2619,sub-21,vision,2,2,2,2,0.6,0.3,0.05,1,37.0,2.034772451
2620,sub-21,vision,2,3,3,1,0.5,0.3,0.125,1,55.66666667,2.568629158
2621,sub-21,vision,2,4,4,1,0.5,0.3,0.125,0,41.33333333,2.118218808
2622,sub-21,vision,2,5,5,1,0.5,0.3,0.05,1,38.0,2.134850233
2623,sub-21,vision,2,6,6,2,0.6,0.7,0.05,1,68.0,2.468326212
2624,sub-21,vision,2,7,7,2,0.6,0.3,0.125,1,54.66666667,3.519191123
2625,sub-21,vision,2,8,8,2,0.6,0.7,0.125,1,66.66666667,3.002204067
2626,sub-21,vision,2,9,9,1,0.5,0.7,0.125,0,66.66666667,2.635287967
2627,sub-21,vision,2,10,10,1,0.5,0.7,0.05,1,59.66666667,2.201557558
2628,sub-21,vision,2,11,11,2,0.6,0.3,0.125,0,35.33333333,2.868752097
2629,sub-21,vision,2,12,12,2,0.6,0.7,0.125,0,44.33333333,1.7012803
2630,sub-21,pain,2,13,1,2,48.0,0.3,0.05,1,87.33333333,2.485150458
2631,sub-21,pain,2,14,2,2,48.0,0.3,0.125,1,74.33333333,2.184946659
2632,sub-21,pain,2,15,3,2,48.0,0.3,0.125,0,59.0,1.58473779
2633,sub-21,pain,2,16,4,1,47.0,0.3,0.05,1,18.66666667,1.417945842
2634,sub-21,pain,2,17,5,1,47.0,0.7,0.125,1,32.33333333,1.601149648
2635,sub-21,pain,2,18,6,1,47.0,0.3,0.125,1,43.0,2.084885982
2636,sub-21,pain,2,19,7,1,47.0,0.7,0.125,0,55.66666667,1.651073468
2637,sub-21,pain,2,20,8,1,47.0,0.3,0.125,0,46.33333333,2.3016512
2638,sub-21,pain,2,21,9,1,47.0,0.7,0.05,1,59.66666667,3.285764002
2639,sub-21,pain,2,22,10,2,48.0,0.7,0.125,1,76.33333333,3.185658541
2640,sub-21,pain,2,23,11,2,48.0,0.7,0.125,0,71.33333333,2.201648992
2641,sub-21,pain,2,24,12,2,48.0,0.7,0.05,1,82.0,2.601924353
2642,sub-21,vision,3,1,1,1,0.5,0.7,0.05,0,36.33333333,2.718535594
2643,sub-21,vision,3,2,2,1,0.5,0.7,0.125,-1,51.0,2.101397983
2644,sub-21,vision,3,3,3,1,0.5,0.3,0.05,0,56.33333333,1.934708043
2645,sub-21,vision,3,4,4,1,0.5,0.3,0.05,-1,36.0,1.784636466
2646,sub-21,vision,3,5,5,2,0.6,0.3,0.125,-1,68.0,3.685869555
2647,sub-21,vision,3,6,6,1,0.5,0.7,0.05,-1,35.33333333,2.251622883
2648,sub-21,vision,3,7,7,2,0.6,0.7,0.125,-1,73.33333333,2.451722466
2649,sub-21,vision,3,8,8,2,0.6,0.3,0.05,-1,44.66666667,2.134888797
2650,sub-21,vision,3,9,9,2,0.6,0.7,0.05,-1,66.33333333,1.534532824
2651,sub-21,vision,3,10,10,2,0.6,0.3,0.05,0,41.0,1.951432768
2652,sub-21,vision,3,11,11,1,0.5,0.3,0.125,-1,47.0,3.502473239
2653,sub-21,vision,3,12,12,2,0.6,0.7,0.05,0,66.66666667,2.285002359
2654,sub-21,pain,3,13,1,1,47.0,0.7,0.125,-1,77.66666667,2.25167762
2655,sub-21,pain,3,14,2,2,48.0,0.3,0.05,-1,58.0,1.217543032
2656,sub-21,pain,3,15,3,1,47.0,0.7,0.05,0,41.66666667,1.617689328
2657,sub-21,pain,3,16,4,2,48.0,0.3,0.125,-1,51.0,1.567779191
2658,sub-21,pain,3,17,5,1,47.0,0.3,0.05,-1,10.66666667,1.817900871
2659,sub-21,pain,3,18,6,1,47.0,0.3,0.05,0,15.66666667,1.567810603
2660,sub-21,pain,3,19,7,2,48.0,0.7,0.125,-1,69.33333333,1.71796304
2661,sub-21,pain,3,20,8,2,48.0,0.7,0.05,-1,37.66666667,2.618618911
2662,sub-21,pain,3,21,9,2,48.0,0.7,0.05,0,64.66666667,1.501096436
2663,sub-21,pain,3,22,10,2,48.0,0.3,0.05,0,54.33333333,1.91792827
2664,sub-21,pain,3,23,11,1,47.0,0.7,0.05,-1,56.33333333,1.668110128
2665,sub-21,pain,3,24,12,1,47.0,0.3,0.125,-1,22.66666667,1.701254487
2666,sub-21,pain,4,1,1,1,47.0,0.7,0.125,1,85.66666667,3.519282557
2667,sub-21,pain,4,2,2,1,47.0,0.3,0.125,1,44.33333333,1.851310824
2668,sub-21,pain,4,3,3,1,47.0,0.7,0.125,0,61.33333333,1.601086204
2669,sub-21,pain,4,4,4,2,48.0,0.7,0.125,0,77.66666667,1.801280642
2670,sub-21,pain,4,5,5,2,48.0,0.7,0.125,1,72.66666667,1.184201188
2671,sub-21,pain,4,6,6,2,48.0,0.3,0.125,1,57.0,1.63473905
2672,sub-21,pain,4,7,7,1,47.0,0.3,0.05,1,33.33333333,1.801207867
2673,sub-21,pain,4,8,8,2,48.0,0.3,0.05,1,55.0,2.084873853
2674,sub-21,pain,4,9,9,2,48.0,0.3,0.125,0,38.0,2.151543858
2675,sub-21,pain,4,10,10,2,48.0,0.7,0.05,1,54.33333333,2.084925168
2676,sub-21,pain,4,11,11,1,47.0,0.3,0.125,0,25.33333333,2.101420686
2677,sub-21,pain,4,12,12,1,47.0,0.7,0.05,1,20.0,2.234944497
2678,sub-21,vision,4,13,1,1,0.5,0.7,0.05,1,49.0,2.118161583
2679,sub-21,vision,4,14,2,1,0.5,0.7,0.125,1,63.0,2.568425452
2680,sub-21,vision,4,15,3,2,0.6,0.3,0.125,1,40.66666667,2.018039018
2681,sub-21,vision,4,16,4,1,0.5,0.7,0.125,0,57.66666667,2.018032798
2682,sub-21,vision,4,17,5,2,0.6,0.3,0.05,1,72.66666667,1.984937577
2683,sub-21,vision,4,18,6,1,0.5,0.3,0.125,0,26.66666667,1.901383614
2684,sub-21,vision,4,19,7,2,0.6,0.3,0.125,0,58.66666667,3.385796066
2685,sub-21,vision,4,20,8,2,0.6,0.7,0.05,1,78.66666667,2.952167354
2686,sub-21,vision,4,21,9,1,0.5,0.3,0.05,1,61.0,2.468447191
2687,sub-21,vision,4,22,10,2,0.6,0.7,0.125,0,80.66666667,2.151421012
2688,sub-21,vision,4,23,11,2,0.6,0.7,0.125,1,88.0,1.70110023
2689,sub-21,vision,4,24,12,1,0.5,0.3,0.125,1,33.33333333,1.767940041
2690,sub-21,vision,5,1,1,1,0.5,0.3,0.05,-1,58.66666667,2.618497309
2691,sub-21,vision,5,2,2,1,0.5,0.7,0.05,0,70.33333333,2.451777202
2692,sub-21,vision,5,3,3,2,0.6,0.3,0.125,-1,56.66666667,2.88543235
2693,sub-21,vision,5,4,4,2,0.6,0.7,0.125,-1,78.66666667,2.268246533
2694,sub-21,vision,5,5,5,1,0.5,0.3,0.05,0,79.0,2.852216461
2695,sub-21,vision,5,6,6,1,0.5,0.7,0.05,-1,42.33333333,2.501842528
2696,sub-21,vision,5,7,7,2,0.6,0.7,0.05,0,86.0,2.234821341
2697,sub-21,vision,5,8,8,2,0.6,0.3,0.05,-1,61.33333333,3.285742853
2698,sub-21,vision,5,9,9,2,0.6,0.3,0.05,0,71.66666667,1.501083685
2699,sub-21,vision,5,10,10,1,0.5,0.3,0.125,-1,34.0,2.535244396
2700,sub-21,vision,5,11,11,2,0.6,0.7,0.05,-1,79.33333333,2.41840177
2701,sub-21,vision,5,12,12,1,0.5,0.7,0.125,-1,57.33333333,1.551144656
2702,sub-21,pain,5,13,1,2,48.0,0.3,0.05,-1,44.66666667,1.718119474
2703,sub-21,pain,5,14,2,2,48.0,0.7,0.05,0,30.33333333,2.318353844
2704,sub-21,pain,5,15,3,2,48.0,0.3,0.125,-1,9.333333333,1.734503342
2705,sub-21,pain,5,16,4,2,48.0,0.7,0.05,-1,9.333333333,1.234183166
2706,sub-21,pain,5,17,5,1,47.0,0.3,0.125,-1,34.66666667,1.667866614
2707,sub-21,pain,5,18,6,2,48.0,0.7,0.125,-1,43.66666667,2.15142039
2708,sub-21,pain,5,19,7,1,47.0,0.3,0.05,-1,1.666666667,2.635064046
2709,sub-21,pain,5,20,8,1,47.0,0.3,0.05,0,9.666666667,2.335039695
2710,sub-21,pain,5,21,9,1,47.0,0.7,0.05,0,10.0,0.800600482
2711,sub-21,pain,5,22,10,2,48.0,0.3,0.05,0,21.66666667,1.651193515
2712,sub-21,pain,5,23,11,1,47.0,0.7,0.05,-1,10.0,1.53439785
2713,sub-21,pain,5,24,12,1,47.0,0.7,0.125,-1,25.66666667,3.235629633
2714,sub-21,vision,6,1,1,1,0.5,0.3,0.125,0,46.0,2.118465121
2715,sub-21,vision,6,2,2,2,0.6,0.7,0.05,1,83.33333333,1.834635237
2716,sub-21,vision,6,3,3,2,0.6,0.3,0.125,0,64.66666667,1.767994778
2717,sub-21,vision,6,4,4,1,0.5,0.7,0.125,1,39.66666667,3.15232696
2718,sub-21,vision,6,5,5,2,0.6,0.7,0.125,1,83.66666667,3.702897196
2719,sub-21,vision,6,6,6,2,0.6,0.3,0.05,1,79.33333333,3.936113458
2720,sub-21,vision,6,7,7,1,0.5,0.7,0.05,1,61.0,2.852084907
2721,sub-21,vision,6,8,8,1,0.5,0.7,0.125,0,86.33333333,1.867919546
2722,sub-21,vision,6,9,9,1,0.5,0.3,0.05,1,38.33333333,3.185648589
2723,sub-21,vision,6,10,10,1,0.5,0.3,0.125,1,29.33333333,1.784521395
2724,sub-21,vision,6,11,11,2,0.6,0.3,0.125,1,87.33333333,2.31834327
2725,sub-21,vision,6,12,12,2,0.6,0.7,0.125,0,79.33333333,2.685291404
2726,sub-21,pain,6,13,1,2,48.0,0.3,0.125,0,82.66666667,1.718066292
2727,sub-21,pain,6,14,2,2,48.0,0.3,0.125,1,60.33333333,2.41844842
2728,sub-21,pain,6,15,3,1,47.0,0.7,0.125,1,34.0,1.350899525
2729,sub-21,pain,6,16,4,1,47.0,0.3,0.125,1,27.33333333,2.31837126
2730,sub-21,pain,6,17,5,1,47.0,0.3,0.125,0,18.33333333,2.001274795
2731,sub-21,pain,6,18,6,2,48.0,0.3,0.05,1,53.33333333,2.751898897
2732,sub-21,pain,6,19,7,1,47.0,0.7,0.125,0,23.33333333,1.734582647
2733,sub-21,pain,6,20,8,1,47.0,0.7,0.05,1,32.0,2.084796414
2734,sub-21,pain,6,21,9,2,48.0,0.7,0.125,0,61.66666667,2.218341373
2735,sub-21,pain,6,22,10,1,47.0,0.3,0.05,1,34.33333333,1.868300212
2736,sub-21,pain,6,23,11,2,48.0,0.7,0.125,1,67.33333333,2.80202549
2737,sub-21,pain,6,24,12,2,48.0,0.7,0.05,1,78.33333333,3.068924454
2738,sub-22,pain,1,1,1,1,47.0,0.3,0.05,0,57.0,3.836108227
2739,sub-22,pain,1,2,2,1,47.0,0.7,0.05,-1,73.66666667,1.817979753
2740,sub-22,pain,1,3,3,2,48.0,0.3,0.125,-1,71.66666667,2.284789729
2741,sub-22,pain,1,4,4,2,48.0,0.7,0.05,0,78.66666667,2.118111399
2742,sub-22,pain,1,5,5,2,48.0,0.3,0.05,-1,71.0,1.868035749
2743,sub-22,pain,1,6,6,2,48.0,0.3,0.05,0,79.0,2.101488164
2744,sub-22,pain,1,7,7,1,47.0,0.7,0.05,0,84.66666667,1.367525243
2745,sub-22,pain,1,8,8,1,47.0,0.7,0.125,-1,84.66666667,1.601058518
2746,sub-22,pain,1,9,9,2,48.0,0.7,0.05,-1,93.0,2.03464628
2747,sub-22,pain,1,10,10,1,47.0,0.3,0.125,-1,80.66666667,1.401142737
2748,sub-22,pain,1,11,11,1,47.0,0.3,0.05,-1,91.33333333,1.56767614
2749,sub-22,pain,1,12,12,2,48.0,0.7,0.125,-1,98.0,1.984665546
2750,sub-22,vision,1,13,1,1,0.5,0.7,0.05,0,37.66666667,2.518532617
2751,sub-22,vision,1,14,2,1,0.5,0.3,0.05,0,27.66666667,2.368387334
2752,sub-22,vision,1,15,3,2,0.6,0.7,0.125,-1,50.0,2.051333893
2753,sub-22,vision,1,16,4,2,0.6,0.3,0.05,0,48.33333333,2.184867136
2754,sub-22,vision,1,17,5,1,0.5,0.3,0.05,-1,43.66666667,2.118173288
2755,sub-22,vision,1,18,6,2,0.6,0.7,0.05,0,48.66666667,2.151649277
2756,sub-22,vision,1,19,7,1,0.5,0.7,0.125,-1,54.33333333,1.934924904
2757,sub-22,vision,1,20,8,1,0.5,0.7,0.05,-1,52.66666667,1.91806251
2758,sub-22,vision,1,21,9,2,0.6,0.3,0.05,-1,46.66666667,2.351621038
2759,sub-22,vision,1,22,10,2,0.6,0.7,0.05,-1,53.33333333,2.118154939
2760,sub-22,vision,1,23,11,2,0.6,0.3,0.125,-1,48.66666667,2.318346577
2761,sub-22,vision,1,24,12,1,0.5,0.3,0.125,-1,51.0,2.251607012
2762,sub-22,vision,2,1,1,1,0.5,0.7,0.125,1,51.33333333,2.03489508
2763,sub-22,vision,2,2,2,1,0.5,0.7,0.05,1,47.0,2.134900398
2764,sub-22,vision,2,3,3,2,0.6,0.7,0.125,1,51.0,1.684532656
2765,sub-22,vision,2,4,4,2,0.6,0.3,0.125,1,49.33333333,2.768561618
2766,sub-22,vision,2,5,5,1,0.5,0.7,0.125,0,52.66666667,2.201650226
2767,sub-22,vision,2,6,6,1,0.5,0.3,0.125,0,49.66666667,1.767903854
2768,sub-22,vision,2,7,7,2,0.6,0.3,0.05,1,50.0,2.351933593
2769,sub-22,vision,2,8,8,1,0.5,0.3,0.125,1,51.0,2.451788387
2770,sub-22,vision,2,9,9,2,0.6,0.3,0.125,0,50.33333333,3.018856834
2771,sub-22,vision,2,10,10,1,0.5,0.3,0.05,1,48.66666667,2.802092032
2772,sub-22,vision,2,11,11,2,0.6,0.7,0.05,1,50.66666667,2.16831823
2773,sub-22,vision,2,12,12,2,0.6,0.7,0.125,0,45.33333333,2.735568611
2774,sub-22,pain,2,13,1,1,47.0,0.7,0.125,0,99.33333333,3.402316449
2775,sub-22,pain,2,14,2,2,48.0,0.7,0.125,1,100.0,2.268173957
2776,sub-22,pain,2,15,3,2,48.0,0.3,0.125,1,94.33333333,1.050702563
2777,sub-22,pain,2,16,4,1,47.0,0.7,0.125,1,94.66666667,4.403106077
2778,sub-22,pain,2,17,5,2,48.0,0.7,0.05,1,97.33333333,1.81800992
2779,sub-22,pain,2,18,6,1,47.0,0.3,0.125,0,95.33333333,2.835415631
2780,sub-22,pain,2,19,7,2,48.0,0.3,0.05,1,95.66666667,1.63456654
2781,sub-22,pain,2,20,8,1,47.0,0.3,0.125,1,88.66666667,2.635180764
2782,sub-22,pain,2,21,9,1,47.0,0.3,0.05,1,92.66666667,3.23552616
2783,sub-22,pain,2,22,10,2,48.0,0.7,0.125,0,97.66666667,2.318285621
2784,sub-22,pain,2,23,11,2,48.0,0.3,0.125,0,96.66666667,1.351146453
2785,sub-22,pain,2,24,12,1,47.0,0.7,0.05,1,92.66666667,1.601192559
2786,sub-22,vision,3,1,1,1,0.5,0.3,0.05,0,41.33333333,3.669517288
2787,sub-22,vision,3,2,2,2,0.6,0.3,0.125,-1,48.0,2.151606981
2788,sub-22,vision,3,3,3,2,0.6,0.7,0.05,0,50.66666667,2.368450778
2789,sub-22,vision,3,4,4,2,0.6,0.7,0.125,-1,50.66666667,2.56855036
2790,sub-22,vision,3,5,5,1,0.5,0.3,0.05,-1,46.33333333,2.051475086
2791,sub-22,vision,3,6,6,2,0.6,0.3,0.05,0,52.0,2.084838493
2792,sub-22,vision,3,7,7,1,0.5,0.3,0.125,-1,50.66666667,2.468552817
2793,sub-22,vision,3,8,8,1,0.5,0.7,0.05,0,50.66666667,2.201596423
2794,sub-22,vision,3,9,9,1,0.5,0.7,0.05,-1,51.0,2.76863688
2795,sub-22,vision,3,10,10,1,0.5,0.7,0.125,-1,48.33333333,1.868073691
2796,sub-22,vision,3,11,11,2,0.6,0.7,0.05,-1,72.33333333,1.884663027
2797,sub-22,vision,3,12,12,2,0.6,0.3,0.05,-1,70.0,2.935308056
2798,sub-22,pain,3,13,1,1,47.0,0.3,0.05,-1,96.33333333,1.801641393
2799,sub-22,pain,3,14,2,2,48.0,0.3,0.05,-1,98.33333333,2.768612933
2800,sub-22,pain,3,15,3,2,48.0,0.7,0.125,-1,91.0,3.502558749
2801,sub-22,pain,3,16,4,1,47.0,0.7,0.05,-1,75.33333333,2.168126032
2802,sub-22,pain,3,17,5,2,48.0,0.3,0.05,0,72.0,3.085469511
2803,sub-22,pain,3,18,6,1,47.0,0.7,0.05,0,51.66666667,2.135043147
2804,sub-22,pain,3,19,7,1,47.0,0.7,0.125,-1,51.33333333,2.251626294
2805,sub-22,pain,3,20,8,2,48.0,0.3,0.125,-1,53.0,3.652801375
2806,sub-22,pain,3,21,9,1,47.0,0.3,0.05,0,45.33333333,2.268222784
2807,sub-22,pain,3,22,10,2,48.0,0.7,0.05,0,55.66666667,2.318325118
2808,sub-22,pain,3,23,11,1,47.0,0.3,0.125,-1,51.33333333,2.735296487
2809,sub-22,pain,3,24,12,2,48.0,0.7,0.05,-1,65.66666667,4.019591104
2810,sub-22,vision,4,1,1,1,0.5,0.7,0.05,1,49.0,2.218207218
2811,sub-22,vision,4,2,2,1,0.5,0.3,0.125,0,50.66666667,2.668389915
2812,sub-22,vision,4,3,3,1,0.5,0.3,0.05,1,49.0,2.852091425
2813,sub-22,vision,4,4,4,2,0.6,0.3,0.125,1,50.66666667,1.967957719
2814,sub-22,vision,4,5,5,1,0.5,0.7,0.125,1,52.0,1.917926914
2815,sub-22,vision,4,6,6,2,0.6,0.7,0.125,1,70.0,2.551904732
2816,sub-22,vision,4,7,7,1,0.5,0.7,0.125,0,51.66666667,2.718593946
2817,sub-22,vision,4,8,8,2,0.6,0.7,0.05,1,60.33333333,1.95132733
2818,sub-22,vision,4,9,9,2,0.6,0.3,0.125,0,71.33333333,1.584479444
2819,sub-22,vision,4,10,10,2,0.6,0.3,0.05,1,74.33333333,1.451050074
2820,sub-22,vision,4,11,11,1,0.5,0.3,0.125,1,58.66666667,1.801292763
2821,sub-22,vision,4,12,12,2,0.6,0.7,0.125,0,70.33333333,2.168232394
2822,sub-22,pain,4,13,1,2,48.0,0.7,0.125,0,28.33333333,1.751358368
2823,sub-22,pain,4,14,2,1,47.0,0.3,0.125,1,21.0,1.56784408
2824,sub-22,pain,4,15,3,2,48.0,0.3,0.05,1,31.0,1.884767834
2825,sub-22,pain,4,16,4,2,48.0,0.3,0.125,0,32.66666667,1.901345975
2826,sub-22,pain,4,17,5,1,47.0,0.7,0.05,1,28.66666667,2.101733542
2827,sub-22,pain,4,18,6,1,47.0,0.7,0.125,0,14.0,2.13481705
2828,sub-22,pain,4,19,7,2,48.0,0.7,0.125,1,15.33333333,3.152293046
2829,sub-22,pain,4,20,8,1,47.0,0.3,0.125,0,17.33333333,3.219121246
2830,sub-22,pain,4,21,9,1,47.0,0.3,0.05,1,3.0,1.48433231
2831,sub-22,pain,4,22,10,2,48.0,0.7,0.05,1,9.666666667,1.61783321
2832,sub-22,pain,4,23,11,1,47.0,0.7,0.125,1,10.0,1.300940556
2833,sub-22,pain,4,24,12,2,48.0,0.3,0.125,1,8.666666667,3.886187236
2834,sub-22,pain,5,1,1,1,47.0,0.3,0.05,0,100.0,2.535232981
2835,sub-22,pain,5,2,2,2,48.0,0.3,0.125,-1,100.0,2.451669896
2836,sub-22,pain,5,3,3,2,48.0,0.3,0.05,0,90.0,2.785382338
2837,sub-22,pain,5,4,4,1,47.0,0.7,0.05,0,86.33333333,1.184163033
2838,sub-22,pain,5,5,5,1,47.0,0.7,0.125,-1,90.0,0.733819861
2839,sub-22,pain,5,6,6,2,48.0,0.7,0.05,0,90.0,0.750425992
2840,sub-22,pain,5,7,7,2,48.0,0.7,0.125,-1,88.66666667,2.401811386
2841,sub-22,pain,5,8,8,1,47.0,0.3,0.125,-1,85.66666667,2.168313876
2842,sub-22,pain,5,9,9,1,47.0,0.7,0.05,-1,82.0,2.768677932
2843,sub-22,pain,5,10,10,1,47.0,0.3,0.05,-1,74.0,1.334317336
2844,sub-22,pain,5,11,11,2,48.0,0.7,0.05,-1,83.33333333,2.15156935
2845,sub-22,pain,5,12,12,2,48.0,0.3,0.05,-1,90.0,0.783844446
2846,sub-22,vision,5,13,1,2,0.6,0.3,0.05,0,64.0,1.43447069
2847,sub-22,vision,5,14,2,1,0.5,0.7,0.125,-1,54.33333333,2.26829618
2848,sub-22,vision,5,15,3,2,0.6,0.7,0.05,-1,27.66666667,0.717037705
2849,sub-22,vision,5,16,4,2,0.6,0.3,0.05,-1,62.0,2.351599579
2850,sub-22,vision,5,17,5,2,0.6,0.3,0.125,-1,75.0,1.968208074
2851,sub-22,vision,5,18,6,1,0.5,0.3,0.125,-1,73.66666667,1.617722495
2852,sub-22,vision,5,19,7,1,0.5,0.7,0.05,0,49.66666667,2.368294034
2853,sub-22,vision,5,20,8,1,0.5,0.7,0.05,-1,48.33333333,2.084785934
2854,sub-22,vision,5,21,9,2,0.6,0.7,0.125,-1,79.66666667,1.584402316
2855,sub-22,vision,5,22,10,2,0.6,0.7,0.05,0,56.33333333,1.684586459
2856,sub-22,vision,5,23,11,1,0.5,0.3,0.05,-1,37.66666667,1.817965758
2857,sub-22,vision,5,24,12,1,0.5,0.3,0.05,0,30.0,1.717947067
2858,sub-22,vision,6,1,1,2,0.6,0.3,0.05,1,77.0,2.05151676
2859,sub-22,vision,6,2,2,2,0.6,0.7,0.125,1,61.33333333,2.034808
2860,sub-22,vision,6,3,3,1,0.5,0.3,0.125,0,52.0,2.66848166
2861,sub-22,vision,6,4,4,2,0.6,0.3,0.125,0,74.0,2.468504612
2862,sub-22,vision,6,5,5,2,0.6,0.3,0.125,1,53.0,2.051467933
2863,sub-22,vision,6,6,6,1,0.5,0.3,0.125,1,49.33333333,2.651777253
2864,sub-22,vision,6,7,7,1,0.5,0.3,0.05,1,48.33333333,2.251611988
2865,sub-22,vision,6,8,8,1,0.5,0.7,0.125,1,56.66666667,2.81875352
2866,sub-22,vision,6,9,9,2,0.6,0.7,0.125,0,49.66666667,2.151610402
2867,sub-22,vision,6,10,10,2,0.6,0.7,0.05,1,66.66666667,2.05151365
2868,sub-22,vision,6,11,11,1,0.5,0.7,0.05,1,35.66666667,1.834458685
2869,sub-22,vision,6,12,12,1,0.5,0.7,0.125,0,42.0,1.584487219
2882,sub-23,pain,1,1,1,2,48.0,0.3,0.05,0,67.66666667,2.56860426
2883,sub-23,pain,1,2,2,1,47.0,0.7,0.125,-1,45.0,1.834665703
2884,sub-23,pain,1,3,3,1,47.0,0.3,0.05,0,36.33333333,1.868153406
2885,sub-23,pain,1,4,4,2,48.0,0.3,0.05,-1,66.33333333,1.651377459
2886,sub-23,pain,1,5,5,1,47.0,0.7,0.05,-1,48.0,1.90127724
2887,sub-23,pain,1,6,6,2,48.0,0.3,0.125,-1,75.33333333,2.034707128
2888,sub-23,pain,1,7,7,2,48.0,0.7,0.125,-1,68.33333333,2.017999974
2889,sub-23,pain,1,8,8,1,47.0,0.7,0.05,0,53.66666667,1.717930529
2890,sub-23,pain,1,9,9,2,48.0,0.7,0.05,-1,73.33333333,1.801156541
2891,sub-23,pain,1,10,10,1,47.0,0.3,0.05,-1,47.66666667,2.001467913
2892,sub-23,pain,1,11,11,2,48.0,0.7,0.05,0,58.66666667,1.884571019
2893,sub-23,pain,1,12,12,1,47.0,0.3,0.125,-1,38.0,1.951406475
2894,sub-23,vision,1,13,1,1,0.5,0.7,0.05,-1,40.66666667,2.718912662
2895,sub-23,vision,1,14,2,2,0.6,0.3,0.05,-1,45.66666667,2.602077657
2896,sub-23,vision,1,15,3,2,0.6,0.7,0.125,-1,53.33333333,2.168116179
2897,sub-23,vision,1,16,4,1,0.5,0.3,0.125,-1,28.0,2.434944855
2898,sub-23,vision,1,17,5,1,0.5,0.7,0.125,-1,33.33333333,1.93449624
2899,sub-23,vision,1,18,6,2,0.6,0.7,0.05,-1,59.66666667,2.285030489
2900,sub-23,vision,1,19,7,2,0.6,0.7,0.05,0,56.0,2.134767804
2901,sub-23,vision,1,20,8,1,0.5,0.3,0.05,-1,31.0,1.534432672
2902,sub-23,vision,1,21,9,1,0.5,0.3,0.05,0,29.66666667,2.184899838
2903,sub-23,vision,1,22,10,2,0.6,0.3,0.125,-1,49.33333333,1.951403676
2904,sub-23,vision,1,23,11,1,0.5,0.7,0.05,0,22.66666667,2.585105533
2905,sub-23,vision,1,24,12,2,0.6,0.3,0.05,0,39.0,2.268310584
2906,sub-23,vision,2,1,1,1,0.5,0.3,0.05,1,32.33333333,2.201479171
2907,sub-23,vision,2,2,2,1,0.5,0.7,0.05,1,43.0,2.501817631
2908,sub-23,vision,2,3,3,1,0.5,0.7,0.125,1,33.0,2.318230207
2909,sub-23,vision,2,4,4,2,0.6,0.7,0.05,1,54.66666667,1.817913144
2910,sub-23,vision,2,5,5,1,0.5,0.3,0.125,0,34.0,1.834633359
2911,sub-23,vision,2,6,6,1,0.5,0.3,0.125,1,34.0,2.11821926
2912,sub-23,vision,2,7,7,2,0.6,0.3,0.125,0,56.0,2.501679237
2913,sub-23,vision,2,8,8,2,0.6,0.3,0.05,1,32.0,1.801147522
2914,sub-23,vision,2,9,9,2,0.6,0.3,0.125,1,42.0,1.801180488
2915,sub-23,vision,2,10,10,2,0.6,0.7,0.125,0,55.33333333,2.585460693
2916,sub-23,vision,2,11,11,1,0.5,0.7,0.125,0,23.33333333,2.068183635
2917,sub-23,vision,2,12,12,2,0.6,0.7,0.125,1,58.66666667,1.634489305
2918,sub-23,pain,2,13,1,2,48.0,0.3,0.125,0,89.33333333,1.117504896
2919,sub-23,pain,2,14,2,1,47.0,0.7,0.05,1,67.0,1.267582226
2920,sub-23,pain,2,15,3,2,48.0,0.7,0.125,0,72.0,1.300860315
2921,sub-23,pain,2,16,4,2,48.0,0.3,0.05,1,54.66666667,2.134836845
2922,sub-23,pain,2,17,5,1,47.0,0.3,0.125,1,36.33333333,2.101441509
2923,sub-23,pain,2,18,6,1,47.0,0.7,0.125,0,45.33333333,1.584470785
2924,sub-23,pain,2,19,7,2,48.0,0.7,0.05,1,56.0,1.951272124
2925,sub-23,pain,2,20,8,1,47.0,0.7,0.125,1,33.33333333,1.717869573
2926,sub-23,pain,2,21,9,1,47.0,0.3,0.05,1,47.33333333,1.734671581
2927,sub-23,pain,2,22,10,2,48.0,0.7,0.125,1,65.0,1.651045935
2928,sub-23,pain,2,23,11,1,47.0,0.3,0.125,0,32.66666667,1.734452949
2929,sub-23,pain,2,24,12,2,48.0,0.3,0.125,1,63.66666667,1.751278282
2930,sub-23,vision,3,1,1,2,0.6,0.7,0.05,-1,54.0,1.884534322
2931,sub-23,vision,3,2,2,1,0.5,0.3,0.125,-1,46.66666667,1.817931182
2932,sub-23,vision,3,3,3,1,0.5,0.7,0.05,0,60.66666667,1.83475185
2933,sub-23,vision,3,4,4,1,0.5,0.7,0.05,-1,56.33333333,2.151562037
2934,sub-23,vision,3,5,5,2,0.6,0.3,0.05,-1,53.0,2.318299559
2935,sub-23,vision,3,6,6,2,0.6,0.3,0.05,0,50.33333333,1.701263494
2936,sub-23,vision,3,7,7,2,0.6,0.7,0.125,-1,68.0,1.6512344
2937,sub-23,vision,3,8,8,1,0.5,0.7,0.125,-1,27.66666667,1.784590581
2938,sub-23,vision,3,9,9,1,0.5,0.3,0.05,0,20.33333333,1.784579385
2939,sub-23,vision,3,10,10,2,0.6,0.3,0.125,-1,56.0,1.701291795
2940,sub-23,vision,3,11,11,2,0.6,0.7,0.05,0,50.0,1.734471609
2941,sub-23,vision,3,12,12,1,0.5,0.3,0.05,-1,24.33333333,1.451011663
2942,sub-23,pain,3,13,1,1,47.0,0.7,0.05,-1,89.0,1.267418951
2943,sub-23,pain,3,14,2,2,48.0,0.3,0.05,-1,82.66666667,1.200725622
2944,sub-23,pain,3,15,3,1,47.0,0.3,0.05,0,59.0,2.051325647
2945,sub-23,pain,3,16,4,1,47.0,0.7,0.05,0,58.66666667,1.767936298
2946,sub-23,pain,3,17,5,2,48.0,0.7,0.05,-1,47.0,1.751262732
2947,sub-23,pain,3,18,6,1,47.0,0.3,0.05,-1,43.66666667,1.901285326
2948,sub-23,pain,3,19,7,2,48.0,0.7,0.125,-1,57.33333333,1.651529538
2949,sub-23,pain,3,20,8,2,48.0,0.3,0.05,0,59.0,1.601206861
2950,sub-23,pain,3,21,9,2,48.0,0.3,0.125,-1,43.66666667,1.901329799
2951,sub-23,pain,3,22,10,1,47.0,0.3,0.125,-1,42.0,2.101352875
2952,sub-23,pain,3,23,11,1,47.0,0.7,0.125,-1,48.0,2.001350356
2953,sub-23,pain,3,24,12,2,48.0,0.7,0.05,0,59.33333333,1.767932566
2954,sub-23,vision,4,1,1,1,0.5,0.3,0.125,1,42.0,1.918245632
2955,sub-23,vision,4,2,2,2,0.6,0.3,0.05,1,43.66666667,1.784635987
2956,sub-23,vision,4,3,3,2,0.6,0.7,0.05,1,47.66666667,2.084852846
2957,sub-23,vision,4,4,4,2,0.6,0.3,0.125,0,53.0,2.03467665
2958,sub-23,vision,4,5,5,2,0.6,0.7,0.125,0,67.66666667,2.084749595
2959,sub-23,vision,4,6,6,1,0.5,0.7,0.125,1,50.0,2.034672296
2960,sub-23,vision,4,7,7,1,0.5,0.7,0.125,0,48.66666667,1.967983632
2961,sub-23,vision,4,8,8,1,0.5,0.3,0.125,0,32.0,1.884651257
2962,sub-23,vision,4,9,9,2,0.6,0.3,0.125,1,44.33333333,1.817868049
2963,sub-23,vision,4,10,10,1,0.5,0.7,0.05,1,52.0,1.91805499
2964,sub-23,vision,4,11,11,2,0.6,0.7,0.125,1,57.0,2.084863731
2965,sub-23,vision,4,12,12,1,0.5,0.3,0.05,1,54.0,2.168139815
2966,sub-23,pain,4,13,1,1,47.0,0.3,0.05,1,66.66666667,1.968305515
2967,sub-23,pain,4,14,2,2,48.0,0.7,0.125,1,66.0,2.001445521
2968,sub-23,pain,4,15,3,1,47.0,0.7,0.125,0,50.33333333,1.834653885
2969,sub-23,pain,4,16,4,2,48.0,0.7,0.05,1,68.66666667,1.501199055
2970,sub-23,pain,4,17,5,2,48.0,0.3,0.125,1,53.0,1.968344079
2971,sub-23,pain,4,18,6,1,47.0,0.3,0.125,0,42.0,1.96809528
2972,sub-23,pain,4,19,7,2,48.0,0.3,0.125,0,53.66666667,1.634449808
2973,sub-23,pain,4,20,8,2,48.0,0.3,0.05,1,47.33333333,2.151472469
2974,sub-23,pain,4,21,9,1,47.0,0.3,0.125,1,45.33333333,1.434400297
2975,sub-23,pain,4,22,10,1,47.0,0.7,0.125,1,54.66666667,1.5176826
2976,sub-23,pain,4,23,11,1,47.0,0.7,0.05,1,55.0,1.867930109
2977,sub-23,pain,4,24,12,2,48.0,0.7,0.125,0,71.33333333,1.701077206
2978,sub-23,pain,5,1,1,1,47.0,0.3,0.05,-1,62.66666667,1.384424695
2979,sub-23,pain,5,2,2,2,48.0,0.3,0.125,-1,62.0,1.684441582
2980,sub-23,pain,5,3,3,2,48.0,0.3,0.05,-1,51.33333333,1.600964904
2981,sub-23,pain,5,4,4,1,47.0,0.3,0.05,0,42.33333333,1.667822441
2982,sub-23,pain,5,5,5,2,48.0,0.7,0.05,-1,52.33333333,2.001505544
2983,sub-23,pain,5,6,6,1,47.0,0.7,0.05,0,50.0,1.300900434
2984,sub-23,pain,5,7,7,1,47.0,0.7,0.05,-1,54.66666667,2.001567433
2985,sub-23,pain,5,8,8,2,48.0,0.7,0.05,0,67.33333333,2.034855474
2986,sub-23,pain,5,9,9,2,48.0,0.7,0.125,-1,56.0,1.651064284
2987,sub-23,pain,5,10,10,2,48.0,0.3,0.05,0,49.66666667,1.767934743
2988,sub-23,pain,5,11,11,1,47.0,0.3,0.125,-1,45.0,1.467802164
2989,sub-23,pain,5,12,12,1,47.0,0.7,0.125,-1,51.33333333,1.550932389
2990,sub-23,vision,5,13,1,2,0.6,0.7,0.05,0,74.0,1.801354026
2991,sub-23,vision,5,14,2,1,0.5,0.3,0.125,-1,47.66666667,2.017999353
2992,sub-23,vision,5,15,3,2,0.6,0.7,0.125,-1,68.33333333,1.534401572
2993,sub-23,vision,5,16,4,1,0.5,0.7,0.125,-1,42.66666667,1.550869257
2994,sub-23,vision,5,17,5,1,0.5,0.3,0.05,-1,41.66666667,2.185064045
2995,sub-23,vision,5,18,6,2,0.6,0.3,0.125,-1,55.33333333,1.91800212
2996,sub-23,vision,5,19,7,1,0.5,0.7,0.05,-1,33.33333333,1.968159968
2997,sub-23,vision,5,20,8,2,0.6,0.3,0.05,0,50.66666667,2.268424721
2998,sub-23,vision,5,21,9,1,0.5,0.3,0.05,0,35.0,2.08467651
2999,sub-23,vision,5,22,10,2,0.6,0.7,0.05,-1,56.66666667,1.984755784
3000,sub-23,vision,5,23,11,1,0.5,0.7,0.05,0,39.0,1.784494483
3001,sub-23,vision,5,24,12,2,0.6,0.3,0.05,-1,48.33333333,1.884516595
3002,sub-23,pain,6,1,1,2,48.0,0.3,0.125,0,55.66666667,1.567896117
3003,sub-23,pain,6,2,2,2,48.0,0.7,0.05,1,48.66666667,1.867870397
3004,sub-23,pain,6,3,3,1,47.0,0.7,0.125,0,36.66666667,1.884735227
3005,sub-23,pain,6,4,4,2,48.0,0.3,0.05,1,46.66666667,1.684535192
3006,sub-23,pain,6,5,5,2,48.0,0.7,0.125,0,48.0,1.767860414
3007,sub-23,pain,6,6,6,1,47.0,0.7,0.125,1,37.33333333,2.134891581
3008,sub-23,pain,6,7,7,1,47.0,0.3,0.125,1,23.0,2.201508716
3009,sub-23,pain,6,8,8,2,48.0,0.3,0.125,1,52.66666667,1.684500361
3010,sub-23,pain,6,9,9,1,47.0,0.7,0.05,1,36.0,1.70108467
3011,sub-23,pain,6,10,10,1,47.0,0.3,0.05,1,39.0,1.817926206
3012,sub-23,pain,6,11,11,1,47.0,0.3,0.125,0,36.66666667,1.684664568
3013,sub-23,pain,6,12,12,2,48.0,0.7,0.125,1,61.0,1.901224992
3014,sub-23,vision,6,13,1,1,0.5,0.3,0.125,1,41.33333333,1.851247213
3015,sub-23,vision,6,14,2,1,0.5,0.3,0.05,1,38.66666667,1.751095415
3016,sub-23,vision,6,15,3,1,0.5,0.7,0.125,1,32.33333333,1.767917949
3017,sub-23,vision,6,16,4,2,0.6,0.3,0.125,0,47.0,1.717853712
3018,sub-23,vision,6,17,5,2,0.6,0.7,0.05,1,53.33333333,1.901241475
3019,sub-23,vision,6,18,6,2,0.6,0.3,0.125,1,47.33333333,2.251666875
3020,sub-23,vision,6,19,7,2,0.6,0.7,0.125,1,52.66666667,1.584593629
3021,sub-23,vision,6,20,8,2,0.6,0.7,0.125,0,60.66666667,1.968134466
3022,sub-23,vision,6,21,9,1,0.5,0.7,0.05,1,44.0,1.801298668
3023,sub-23,vision,6,22,10,1,0.5,0.7,0.125,0,45.66666667,2.051336843
3024,sub-23,vision,6,23,11,1,0.5,0.3,0.125,0,27.0,1.667732251
3025,sub-23,vision,6,24,12,2,0.6,0.3,0.05,1,48.33333333,1.517799225
3026,sub-25,vision,1,1,1,2,0.6,0.3,0.125,-1,22.0,2.151485663
3027,sub-25,vision,1,2,2,1,0.5,0.7,0.125,-1,42.66666667,2.768602973
3028,sub-25,vision,1,3,3,1,0.5,0.7,0.05,-1,62.66666667,2.635191889
3030,sub-25,vision,1,5,5,2,0.6,0.7,0.05,0,73.66666667,1.451063631
3031,sub-25,vision,1,6,6,1,0.5,0.3,0.05,-1,83.66666667,2.701927598
3032,sub-25,vision,1,7,7,1,0.5,0.3,0.05,0,32.66666667,2.334966412
3035,sub-25,vision,1,10,10,2,0.6,0.7,0.125,-1,28.0,2.751911115
3036,sub-25,vision,1,11,11,2,0.6,0.3,0.05,-1,77.0,1.601225042
3037,sub-25,vision,1,12,12,1,0.5,0.3,0.125,-1,35.33333333,1.818041612
3038,sub-25,pain,1,13,1,1,47.0,0.3,0.05,0,79.0,1.234095913
3039,sub-25,pain,1,14,2,1,47.0,0.7,0.05,-1,48.66666667,2.201582696
3040,sub-25,pain,1,15,3,2,48.0,0.7,0.125,-1,73.33333333,2.00155906
3041,sub-25,pain,1,16,4,1,47.0,0.7,0.125,-1,46.33333333,1.651190521
3042,sub-25,pain,1,17,5,2,48.0,0.3,0.05,-1,55.0,1.417635753
3043,sub-25,pain,1,18,6,2,48.0,0.7,0.05,0,83.33333333,1.267617404
3044,sub-25,pain,1,19,7,1,47.0,0.7,0.05,0,29.33333333,2.084889283
3045,sub-25,pain,1,20,8,2,48.0,0.3,0.05,0,77.33333333,1.251019158
3046,sub-25,pain,1,21,9,2,48.0,0.7,0.05,-1,84.0,1.017392548
3047,sub-25,pain,1,22,10,1,47.0,0.3,0.05,-1,33.0,1.868058095
3048,sub-25,pain,1,23,11,1,47.0,0.3,0.125,-1,45.0,1.467635131
3049,sub-25,pain,1,24,12,2,48.0,0.3,0.125,-1,88.0,1.317656279
3098,sub-25,vision,4,1,1,2,0.6,0.7,0.125,1,76.66666667,2.451965852
3099,sub-25,vision,4,2,2,1,0.5,0.3,0.05,1,55.66666667,2.134940287
3100,sub-25,vision,4,3,3,2,0.6,0.7,0.05,1,84.66666667,2.268317783
3101,sub-25,vision,4,4,4,2,0.6,0.3,0.125,1,50.33333333,3.135606767
3102,sub-25,vision,4,5,5,1,0.5,0.7,0.125,1,68.66666667,1.768254338
3103,sub-25,vision,4,6,6,1,0.5,0.7,0.05,1,69.33333333,3.102157741
3104,sub-25,vision,4,7,7,2,0.6,0.7,0.125,0,88.0,3.219021895
3105,sub-25,vision,4,8,8,1,0.5,0.3,0.125,1,50.33333333,2.435246004
3106,sub-25,vision,4,9,9,1,0.5,0.3,0.125,0,58.33333333,2.485027057
3107,sub-25,vision,4,10,10,2,0.6,0.3,0.05,1,47.66666667,3.552542763
3108,sub-25,vision,4,11,11,1,0.5,0.7,0.125,0,64.0,1.718018598
3109,sub-25,vision,4,12,12,2,0.6,0.3,0.125,0,67.33333333,2.151579897
3110,sub-25,pain,4,13,1,1,47.0,0.3,0.125,1,81.0,1.501277913
3111,sub-25,pain,4,14,2,2,48.0,0.3,0.125,0,85.66666667,2.118164148
3112,sub-25,pain,4,15,3,2,48.0,0.7,0.125,1,89.0,0.867144057
3113,sub-25,pain,4,16,4,2,48.0,0.3,0.125,1,49.0,2.318134913
3114,sub-25,pain,4,17,5,1,47.0,0.7,0.125,1,69.66666667,0.783750389
3115,sub-25,pain,4,18,6,2,48.0,0.3,0.05,1,70.33333333,2.2016676
3116,sub-25,pain,4,19,7,1,47.0,0.3,0.05,1,24.33333333,1.334188281
3117,sub-25,pain,4,20,8,1,47.0,0.7,0.125,0,74.0,2.718788953
3118,sub-25,pain,4,21,9,2,48.0,0.7,0.125,0,77.0,3.436065186
3119,sub-25,pain,4,22,10,1,47.0,0.7,0.05,1,15.66666667,4.102914412
3120,sub-25,pain,4,23,11,2,48.0,0.7,0.05,1,63.33333333,4.386553772
3121,sub-25,pain,4,24,12,1,47.0,0.3,0.125,0,27.33333333,2.218156683
3122,sub-25,vision,5,1,1,1,0.5,0.7,0.05,-1,65.0,1.517850034
3123,sub-25,vision,5,2,2,1,0.5,0.3,0.125,-1,50.0,1.984844187
3124,sub-25,vision,5,3,3,1,0.5,0.3,0.05,0,54.66666667,2.218228836
3125,sub-25,vision,5,4,4,1,0.5,0.3,0.05,-1,60.0,1.551021957
3126,sub-25,vision,5,5,5,2,0.6,0.3,0.125,-1,60.0,1.617826087
3127,sub-25,vision,5,6,6,1,0.5,0.7,0.05,0,57.0,2.20158705
3128,sub-25,vision,5,7,7,2,0.6,0.7,0.05,0,65.0,2.234926914
3129,sub-25,vision,5,8,8,1,0.5,0.7,0.125,-1,56.33333333,1.917949555
3130,sub-25,vision,5,9,9,2,0.6,0.7,0.125,-1,76.66666667,2.101444299
3131,sub-25,vision,5,10,10,2,0.6,0.3,0.05,0,69.33333333,2.051630279
3132,sub-25,vision,5,11,11,2,0.6,0.3,0.05,-1,58.33333333,2.451755303
3133,sub-25,vision,5,12,12,2,0.6,0.7,0.05,-1,84.66666667,1.500963799
3134,sub-25,pain,5,13,1,2,48.0,0.7,0.125,-1,84.33333333,2.718830006
3135,sub-25,pain,5,14,2,1,47.0,0.7,0.05,0,56.0,1.517691112
3136,sub-25,pain,5,15,3,2,48.0,0.3,0.05,0,32.66666667,2.485224233
3137,sub-25,pain,5,16,4,1,47.0,0.3,0.05,0,9.0,2.401777384
3138,sub-25,pain,5,17,5,2,48.0,0.7,0.05,-1,57.0,1.784602538
3139,sub-25,pain,5,18,6,1,47.0,0.7,0.05,-1,35.66666667,2.068186229
3140,sub-25,pain,5,19,7,2,48.0,0.7,0.05,0,83.66666667,2.401892766
3141,sub-25,pain,5,20,8,2,48.0,0.3,0.05,-1,60.33333333,2.168284506
3142,sub-25,pain,5,21,9,1,47.0,0.3,0.05,-1,29.0,1.801226597
3143,sub-25,pain,5,22,10,1,47.0,0.3,0.125,-1,50.0,2.334991292
3144,sub-25,pain,5,23,11,1,47.0,0.7,0.125,-1,61.66666667,1.918041923
3145,sub-25,pain,5,24,12,2,48.0,0.3,0.125,-1,74.33333333,1.85114387
3146,sub-25,pain,6,1,1,1,47.0,0.3,0.125,0,70.66666667,2.23505256
3147,sub-25,pain,6,2,2,2,48.0,0.3,0.125,0,67.33333333,2.535234185
3148,sub-25,pain,6,3,3,1,47.0,0.7,0.125,1,17.33333333,2.151588916
3149,sub-25,pain,6,4,4,2,48.0,0.3,0.05,1,69.33333333,1.401156621
3150,sub-25,pain,6,5,5,2,48.0,0.7,0.125,0,87.0,2.234917584
3151,sub-25,pain,6,6,6,2,48.0,0.7,0.05,1,86.0,3.185581887
3152,sub-25,pain,6,7,7,1,47.0,0.3,0.05,1,43.0,2.418339553
3153,sub-25,pain,6,8,8,1,47.0,0.7,0.05,1,0.0,1.150853393
3154,sub-25,pain,6,9,9,1,47.0,0.7,0.125,0,41.33333333,2.134891149
3155,sub-25,pain,6,10,10,2,48.0,0.3,0.125,1,91.66666667,1.85136406
3156,sub-25,pain,6,11,11,1,47.0,0.3,0.125,1,10.0,0.917529079
3157,sub-25,pain,6,12,12,2,48.0,0.7,0.125,1,87.0,1.534415003
3158,sub-25,vision,6,13,1,1,0.5,0.3,0.125,1,55.33333333,2.652258817
3159,sub-25,vision,6,14,2,1,0.5,0.7,0.125,0,49.0,3.56929029
3160,sub-25,vision,6,15,3,2,0.6,0.3,0.125,1,67.33333333,2.001476955
3161,sub-25,vision,6,16,4,1,0.5,0.3,0.05,1,75.66666667,2.268340797
3162,sub-25,vision,6,17,5,2,0.6,0.7,0.05,1,60.33333333,2.718648691
3163,sub-25,vision,6,18,6,2,0.6,0.7,0.125,0,57.0,2.151550351
3164,sub-25,vision,6,19,7,2,0.6,0.3,0.125,0,77.66666667,1.701360639
3165,sub-25,vision,6,20,8,1,0.5,0.3,0.125,0,58.33333333,1.384274429
3166,sub-25,vision,6,21,9,2,0.6,0.3,0.05,1,68.0,2.235129688
3167,sub-25,vision,6,22,10,2,0.6,0.7,0.125,1,60.66666667,1.584420601
3168,sub-25,vision,6,23,11,1,0.5,0.7,0.05,1,54.66666667,1.684480624
3169,sub-25,vision,6,24,12,1,0.5,0.7,0.125,1,59.0,2.001438079
3170,sub-26,vision,1,1,1,1,0.5,0.3,0.05,-1,44.33333333,2.801915073
3171,sub-26,vision,1,2,2,2,0.6,0.3,0.05,0,61.66666667,3.018803653
3172,sub-26,vision,1,3,3,1,0.5,0.7,0.05,-1,88.0,2.801867179
3173,sub-26,vision,1,4,4,1,0.5,0.7,0.125,-1,51.0,3.786078977
3174,sub-26,vision,1,5,5,2,0.6,0.7,0.05,-1,63.33333333,3.235670775
3175,sub-26,vision,1,6,6,2,0.6,0.7,0.05,0,75.0,3.85284591
3176,sub-26,vision,1,7,7,1,0.5,0.7,0.05,0,68.33333333,3.502597002
3177,sub-26,vision,1,8,8,1,0.5,0.3,0.05,0,50.0,2.751842283
3178,sub-26,vision,1,9,9,2,0.6,0.3,0.125,-1,78.33333333,4.43675778
3179,sub-26,vision,1,10,10,2,0.6,0.7,0.125,-1,76.33333333,2.868800186
3180,sub-26,vision,1,11,11,2,0.6,0.3,0.05,-1,75.66666667,3.786095149
3181,sub-26,vision,1,12,12,1,0.5,0.3,0.125,-1,44.66666667,3.269008991
3182,sub-26,pain,1,13,1,2,48.0,0.3,0.05,-1,86.33333333,2.034845009
3183,sub-26,pain,1,14,2,2,48.0,0.7,0.125,-1,80.33333333,3.852785887
3184,sub-26,pain,1,15,3,2,48.0,0.3,0.125,-1,67.0,3.385792111
3185,sub-26,pain,1,16,4,1,47.0,0.3,0.05,0,57.66666667,3.602741958
3186,sub-26,pain,1,17,5,2,48.0,0.7,0.05,0,78.0,3.919719827
3187,sub-26,pain,1,18,6,1,47.0,0.3,0.125,-1,49.0,2.852090492
3188,sub-26,pain,1,19,7,1,47.0,0.7,0.125,-1,64.0,2.852029225
3189,sub-26,pain,1,20,8,1,47.0,0.7,0.05,-1,51.66666667,2.551836001
3191,sub-26,pain,1,22,10,2,48.0,0.7,0.05,-1,76.66666667,2.768726448
3192,sub-26,pain,1,23,11,1,47.0,0.3,0.05,-1,53.66666667,2.818638761
3193,sub-26,pain,1,24,12,2,48.0,0.3,0.05,0,58.66666667,3.735887386
3194,sub-26,pain,2,1,1,2,48.0,0.7,0.125,1,95.66666667,2.401939206
3195,sub-26,pain,2,2,2,1,47.0,0.3,0.05,1,49.33333333,3.35229995
3196,sub-26,pain,2,3,3,1,47.0,0.7,0.125,0,59.33333333,2.735209718
3197,sub-26,pain,2,4,4,1,47.0,0.3,0.125,0,56.0,2.685237692
3198,sub-26,pain,2,5,5,1,47.0,0.7,0.05,1,65.33333333,3.135446513
3199,sub-26,pain,2,6,6,2,48.0,0.7,0.125,0,85.33333333,3.936188807
3200,sub-26,pain,2,7,7,2,48.0,0.3,0.125,1,73.0,3.936385047
3201,sub-26,pain,2,8,8,1,47.0,0.7,0.125,1,77.33333333,2.084720935
3202,sub-26,pain,2,9,9,2,48.0,0.3,0.125,0,86.0,2.968849977
3203,sub-26,pain,2,10,10,2,48.0,0.3,0.05,1,65.0,3.285733612
3204,sub-26,pain,2,11,11,2,48.0,0.7,0.05,1,75.66666667,2.735382323
3205,sub-26,pain,2,12,12,1,47.0,0.3,0.125,1,61.0,2.685272524
3206,sub-26,vision,2,13,1,1,0.5,0.7,0.05,1,83.33333333,2.101703997
3207,sub-26,vision,2,14,2,2,0.6,0.3,0.05,1,73.66666667,3.519436071
3208,sub-26,vision,2,15,3,2,0.6,0.7,0.125,0,63.33333333,2.485117895
3209,sub-26,vision,2,16,4,2,0.6,0.3,0.125,0,57.66666667,3.202202561
3210,sub-26,vision,2,17,5,1,0.5,0.3,0.125,1,49.33333333,2.885517032
3211,sub-26,vision,2,18,6,1,0.5,0.7,0.125,1,73.33333333,3.869522948
3212,sub-26,vision,2,19,7,1,0.5,0.7,0.125,0,80.33333333,4.219708724
3214,sub-26,vision,2,21,9,1,0.5,0.3,0.05,1,70.0,2.21826382
3216,sub-26,vision,2,23,11,2,0.6,0.7,0.125,1,60.66666667,3.018795256
3217,sub-26,vision,2,24,12,2,0.6,0.3,0.125,1,61.66666667,2.75186001
3219,sub-26,pain,3,2,2,1,47.0,0.7,0.125,-1,58.0,3.786070891
3220,sub-26,pain,3,3,3,1,47.0,0.3,0.125,-1,59.33333333,2.968796174
3221,sub-26,pain,3,4,4,2,48.0,0.3,0.125,-1,83.0,3.686016435
3222,sub-26,pain,3,5,5,1,47.0,0.7,0.05,-1,69.66666667,3.435806122
3224,sub-26,pain,3,7,7,1,47.0,0.3,0.05,0,56.33333333,2.618620039
3225,sub-26,pain,3,8,8,2,48.0,0.7,0.05,0,80.0,2.818664574
3226,sub-26,pain,3,9,9,2,48.0,0.3,0.05,-1,78.33333333,2.635045168
3227,sub-26,pain,3,10,10,1,47.0,0.3,0.05,-1,51.66666667,2.601985297
3228,sub-26,pain,3,11,11,2,48.0,0.7,0.05,-1,74.33333333,3.219245024
3229,sub-26,pain,3,12,12,1,47.0,0.7,0.05,0,58.0,2.885469449
3230,sub-26,vision,3,13,1,2,0.6,0.3,0.125,-1,85.33333333,3.185618511
3231,sub-26,vision,3,14,2,1,0.5,0.3,0.05,0,58.66666667,2.001496841
3233,sub-26,vision,3,16,4,1,0.5,0.3,0.125,-1,51.0,2.485159569
3234,sub-26,vision,3,17,5,1,0.5,0.7,0.05,-1,60.0,3.435822294
3235,sub-26,vision,3,18,6,2,0.6,0.7,0.05,0,84.33333333,1.8180659
3236,sub-26,vision,3,19,7,1,0.5,0.7,0.125,-1,64.0,2.251455867
3237,sub-26,vision,3,20,8,2,0.6,0.7,0.125,-1,94.66666667,2.168211246
3238,sub-26,vision,3,21,9,2,0.6,0.3,0.05,-1,76.0,2.985476633
3239,sub-26,vision,3,22,10,1,0.5,0.3,0.05,-1,50.0,2.385215518
3240,sub-26,vision,3,23,11,2,0.6,0.7,0.05,-1,77.66666667,1.817838871
3241,sub-26,vision,3,24,12,2,0.6,0.3,0.05,0,51.66666667,1.951445199
3242,sub-26,vision,4,1,1,1,0.5,0.7,0.05,1,40.66666667,1.968072789
3243,sub-26,vision,4,2,2,2,0.6,0.3,0.125,0,58.0,2.151596718
3244,sub-26,vision,4,3,3,2,0.6,0.7,0.125,0,82.33333333,2.151539494
3245,sub-26,vision,4,4,4,1,0.5,0.3,0.125,0,48.66666667,3.018699779
3246,sub-26,vision,4,5,5,2,0.6,0.3,0.125,1,76.66666667,4.353209935
3247,sub-26,vision,4,6,6,1,0.5,0.7,0.125,1,56.66666667,2.518403241
3249,sub-26,vision,4,8,8,1,0.5,0.3,0.125,1,76.33333333,2.218322288
3250,sub-26,vision,4,9,9,2,0.6,0.3,0.05,1,82.0,4.386585782
3251,sub-26,vision,4,10,10,2,0.6,0.7,0.125,1,89.0,1.551102664
3252,sub-26,vision,4,11,11,2,0.6,0.7,0.05,1,90.0,2.93546169
3253,sub-26,vision,4,12,12,1,0.5,0.3,0.05,1,45.66666667,3.702600485
3254,sub-26,pain,4,13,1,1,47.0,0.7,0.125,0,64.0,4.303318458
3255,sub-26,pain,4,14,2,1,47.0,0.3,0.125,1,52.66666667,4.153031048
3256,sub-26,pain,4,15,3,2,48.0,0.3,0.05,1,49.33333333,2.53518291
3257,sub-26,pain,4,16,4,1,47.0,0.3,0.125,0,24.0,3.419194393
3258,sub-26,pain,4,17,5,1,47.0,0.7,0.05,1,51.33333333,2.785191384
3259,sub-26,pain,4,18,6,2,48.0,0.7,0.05,1,55.66666667,3.219017683
3260,sub-26,pain,4,19,7,1,47.0,0.3,0.05,1,44.33333333,3.636050007
3261,sub-26,pain,4,20,8,1,47.0,0.7,0.125,1,50.66666667,2.268236779
3262,sub-26,pain,4,21,9,2,48.0,0.3,0.125,0,61.0,2.36830212
3263,sub-26,pain,4,22,10,2,48.0,0.7,0.125,0,48.0,2.385139012
3264,sub-26,pain,4,23,11,2,48.0,0.3,0.125,1,44.33333333,1.918083969
3265,sub-26,pain,4,24,12,2,48.0,0.7,0.125,1,62.66666667,2.918777498
3266,sub-26,vision,5,1,1,1,0.5,0.3,0.05,0,36.66666667,2.26865103
3267,sub-26,vision,5,2,2,2,0.6,0.7,0.05,-1,53.66666667,4.203059054
3268,sub-26,vision,5,3,3,2,0.6,0.3,0.125,-1,44.33333333,3.869334172
3269,sub-26,vision,5,4,4,1,0.5,0.7,0.05,-1,54.66666667,3.919500572
3270,sub-26,vision,5,5,5,2,0.6,0.3,0.05,-1,46.66666667,3.285933896
3271,sub-26,vision,5,6,6,2,0.6,0.7,0.125,-1,95.66666667,2.268306443
3272,sub-26,vision,5,7,7,1,0.5,0.3,0.05,-1,49.33333333,3.252356521
3273,sub-26,vision,5,8,8,1,0.5,0.7,0.125,-1,51.0,2.968869259
3274,sub-26,vision,5,9,9,1,0.5,0.7,0.05,0,66.33333333,3.285737344
3275,sub-26,vision,5,10,10,2,0.6,0.7,0.05,0,79.66666667,2.13488236
3276,sub-26,vision,5,11,11,2,0.6,0.3,0.05,0,50.66666667,3.435883561
3278,sub-26,pain,5,13,1,1,47.0,0.7,0.05,-1,84.66666667,2.785463509
3280,sub-26,pain,5,15,3,1,47.0,0.7,0.125,-1,74.33333333,2.935350974
3281,sub-26,pain,5,16,4,1,47.0,0.3,0.05,-1,58.33333333,2.368481567
3282,sub-26,pain,5,17,5,2,48.0,0.3,0.125,-1,83.0,2.752168833
3283,sub-26,pain,5,18,6,2,48.0,0.7,0.125,-1,71.66666667,2.368358722
3284,sub-26,pain,5,19,7,2,48.0,0.7,0.05,-1,58.0,2.201553816
3285,sub-26,pain,5,20,8,1,47.0,0.3,0.125,-1,51.0,2.518360012
3286,sub-26,pain,5,21,9,2,48.0,0.7,0.05,0,59.0,2.36822437
3287,sub-26,pain,5,22,10,2,48.0,0.3,0.05,0,50.0,3.118904448
3288,sub-26,pain,5,23,11,1,47.0,0.7,0.05,0,52.33333333,2.568392683
3290,sub-26,pain,6,1,1,1,47.0,0.7,0.125,0,79.33333333,1.884790848
3291,sub-26,pain,6,2,2,2,48.0,0.7,0.125,0,82.0,3.48572932
3292,sub-26,pain,6,3,3,1,47.0,0.3,0.125,1,31.33333333,2.001454545
3293,sub-26,pain,6,4,4,2,48.0,0.7,0.125,1,56.0,2.001322992
3294,sub-26,pain,6,5,5,2,48.0,0.7,0.05,1,70.0,3.385764432
3295,sub-26,pain,6,6,6,1,47.0,0.7,0.125,1,74.33333333,1.801072264
3296,sub-26,pain,6,7,7,1,47.0,0.3,0.125,0,32.66666667,2.101397041
3297,sub-26,pain,6,8,8,2,48.0,0.3,0.125,1,60.66666667,2.935427169
3298,sub-26,pain,6,9,9,1,47.0,0.3,0.05,1,48.0,3.16901829
3299,sub-26,pain,6,10,10,2,48.0,0.3,0.125,0,80.33333333,2.201596112
3300,sub-26,pain,6,11,11,1,47.0,0.7,0.05,1,58.66666667,3.619326941
3301,sub-26,pain,6,12,12,2,48.0,0.3,0.05,1,69.0,1.601123828
3302,sub-26,vision,6,13,1,1,0.5,0.7,0.125,0,35.66666667,2.234966361
3303,sub-26,vision,6,14,2,1,0.5,0.7,0.125,1,42.0,3.752610452
3304,sub-26,vision,6,15,3,1,0.5,0.3,0.05,1,58.33333333,3.81948779
3305,sub-26,vision,6,16,4,2,0.6,0.3,0.125,0,82.33333333,2.635252294
3306,sub-26,vision,6,17,5,1,0.5,0.7,0.05,1,78.33333333,2.718611362
3307,sub-26,vision,6,18,6,2,0.6,0.7,0.125,0,76.33333333,4.20292408
3308,sub-26,vision,6,19,7,1,0.5,0.3,0.125,1,42.0,2.485026461
3309,sub-26,vision,6,20,8,2,0.6,0.3,0.125,1,53.66666667,4.269776227
3310,sub-26,vision,6,21,9,2,0.6,0.7,0.05,1,92.0,2.735332563
3313,sub-26,vision,6,24,12,1,0.5,0.3,0.125,0,56.66666667,4.236618079
3314,sub-27,pain,1,1,1,2,48.0,0.3,0.05,0,67.66666667,2.56860426
3315,sub-27,pain,1,2,2,1,47.0,0.7,0.125,-1,45.0,1.834665703
3316,sub-27,pain,1,3,3,1,47.0,0.3,0.05,0,36.33333333,1.868153406
3317,sub-27,pain,1,4,4,2,48.0,0.3,0.05,-1,66.33333333,1.651377459
3318,sub-27,pain,1,5,5,1,47.0,0.7,0.05,-1,48.0,1.90127724
3319,sub-27,pain,1,6,6,2,48.0,0.3,0.125,-1,75.33333333,2.034707128
3320,sub-27,pain,1,7,7,2,48.0,0.7,0.125,-1,68.33333333,2.017999974
3321,sub-27,pain,1,8,8,1,47.0,0.7,0.05,0,53.66666667,1.717930529
3322,sub-27,pain,1,9,9,2,48.0,0.7,0.05,-1,73.33333333,1.801156541
3323,sub-27,pain,1,10,10,1,47.0,0.3,0.05,-1,47.66666667,2.001467913
3324,sub-27,pain,1,11,11,2,48.0,0.7,0.05,0,58.66666667,1.884571019
3325,sub-27,pain,1,12,12,1,47.0,0.3,0.125,-1,38.0,1.951406475
3326,sub-27,vision,1,13,1,1,0.5,0.7,0.05,-1,40.66666667,2.718912662
3327,sub-27,vision,1,14,2,2,0.6,0.3,0.05,-1,45.66666667,2.602077657
3328,sub-27,vision,1,15,3,2,0.6,0.7,0.125,-1,53.33333333,2.168116179
3329,sub-27,vision,1,16,4,1,0.5,0.3,0.125,-1,28.0,2.434944855
3330,sub-27,vision,1,17,5,1,0.5,0.7,0.125,-1,33.33333333,1.93449624
3331,sub-27,vision,1,18,6,2,0.6,0.7,0.05,-1,59.66666667,2.285030489
3332,sub-27,vision,1,19,7,2,0.6,0.7,0.05,0,56.0,2.134767804
3333,sub-27,vision,1,20,8,1,0.5,0.3,0.05,-1,31.0,1.534432672
3334,sub-27,vision,1,21,9,1,0.5,0.3,0.05,0,29.66666667,2.184899838
3335,sub-27,vision,1,22,10,2,0.6,0.3,0.125,-1,49.33333333,1.951403676
3336,sub-27,vision,1,23,11,1,0.5,0.7,0.05,0,22.66666667,2.585105533
3337,sub-27,vision,1,24,12,2,0.6,0.3,0.05,0,39.0,2.268310584
3338,sub-27,vision,2,1,1,1,0.5,0.3,0.05,1,32.33333333,2.201479171
3339,sub-27,vision,2,2,2,1,0.5,0.7,0.05,1,43.0,2.501817631
3340,sub-27,vision,2,3,3,1,0.5,0.7,0.125,1,33.0,2.318230207
3341,sub-27,vision,2,4,4,2,0.6,0.7,0.05,1,54.66666667,1.817913144
3342,sub-27,vision,2,5,5,1,0.5,0.3,0.125,0,34.0,1.834633359
3343,sub-27,vision,2,6,6,1,0.5,0.3,0.125,1,34.0,2.11821926
3344,sub-27,vision,2,7,7,2,0.6,0.3,0.125,0,56.0,2.501679237
3345,sub-27,vision,2,8,8,2,0.6,0.3,0.05,1,32.0,1.801147522
3346,sub-27,vision,2,9,9,2,0.6,0.3,0.125,1,42.0,1.801180488
3347,sub-27,vision,2,10,10,2,0.6,0.7,0.125,0,55.33333333,2.585460693
3348,sub-27,vision,2,11,11,1,0.5,0.7,0.125,0,23.33333333,2.068183635
3349,sub-27,vision,2,12,12,2,0.6,0.7,0.125,1,58.66666667,1.634489305
3350,sub-27,pain,2,13,1,2,48.0,0.3,0.125,0,89.33333333,1.117504896
3351,sub-27,pain,2,14,2,1,47.0,0.7,0.05,1,67.0,1.267582226
3352,sub-27,pain,2,15,3,2,48.0,0.7,0.125,0,72.0,1.300860315
3353,sub-27,pain,2,16,4,2,48.0,0.3,0.05,1,54.66666667,2.134836845
3354,sub-27,pain,2,17,5,1,47.0,0.3,0.125,1,36.33333333,2.101441509
3355,sub-27,pain,2,18,6,1,47.0,0.7,0.125,0,45.33333333,1.584470785
3356,sub-27,pain,2,19,7,2,48.0,0.7,0.05,1,56.0,1.951272124
3357,sub-27,pain,2,20,8,1,47.0,0.7,0.125,1,33.33333333,1.717869573
3358,sub-27,pain,2,21,9,1,47.0,0.3,0.05,1,47.33333333,1.734671581
3359,sub-27,pain,2,22,10,2,48.0,0.7,0.125,1,65.0,1.651045935
3360,sub-27,pain,2,23,11,1,47.0,0.3,0.125,0,32.66666667,1.734452949
3361,sub-27,pain,2,24,12,2,48.0,0.3,0.125,1,63.66666667,1.751278282
3362,sub-27,vision,3,1,1,2,0.6,0.7,0.05,-1,54.0,1.884534322
3363,sub-27,vision,3,2,2,1,0.5,0.3,0.125,-1,46.66666667,1.817931182
3364,sub-27,vision,3,3,3,1,0.5,0.7,0.05,0,60.66666667,1.83475185
3365,sub-27,vision,3,4,4,1,0.5,0.7,0.05,-1,56.33333333,2.151562037
3366,sub-27,vision,3,5,5,2,0.6,0.3,0.05,-1,53.0,2.318299559
3367,sub-27,vision,3,6,6,2,0.6,0.3,0.05,0,50.33333333,1.701263494
3368,sub-27,vision,3,7,7,2,0.6,0.7,0.125,-1,68.0,1.6512344
3369,sub-27,vision,3,8,8,1,0.5,0.7,0.125,-1,27.66666667,1.784590581
3370,sub-27,vision,3,9,9,1,0.5,0.3,0.05,0,20.33333333,1.784579385
3371,sub-27,vision,3,10,10,2,0.6,0.3,0.125,-1,56.0,1.701291795
3372,sub-27,vision,3,11,11,2,0.6,0.7,0.05,0,50.0,1.734471609
3373,sub-27,vision,3,12,12,1,0.5,0.3,0.05,-1,24.33333333,1.451011663
3374,sub-27,pain,3,13,1,1,47.0,0.7,0.05,-1,89.0,1.267418951
3375,sub-27,pain,3,14,2,2,48.0,0.3,0.05,-1,82.66666667,1.200725622
3376,sub-27,pain,3,15,3,1,47.0,0.3,0.05,0,59.0,2.051325647
3377,sub-27,pain,3,16,4,1,47.0,0.7,0.05,0,58.66666667,1.767936298
3378,sub-27,pain,3,17,5,2,48.0,0.7,0.05,-1,47.0,1.751262732
3379,sub-27,pain,3,18,6,1,47.0,0.3,0.05,-1,43.66666667,1.901285326
3380,sub-27,pain,3,19,7,2,48.0,0.7,0.125,-1,57.33333333,1.651529538
3381,sub-27,pain,3,20,8,2,48.0,0.3,0.05,0,59.0,1.601206861
3382,sub-27,pain,3,21,9,2,48.0,0.3,0.125,-1,43.66666667,1.901329799
3383,sub-27,pain,3,22,10,1,47.0,0.3,0.125,-1,42.0,2.101352875
3384,sub-27,pain,3,23,11,1,47.0,0.7,0.125,-1,48.0,2.001350356
3385,sub-27,pain,3,24,12,2,48.0,0.7,0.05,0,59.33333333,1.767932566
3386,sub-27,vision,4,1,1,1,0.5,0.3,0.125,1,42.0,1.918245632
3387,sub-27,vision,4,2,2,2,0.6,0.3,0.05,1,43.66666667,1.784635987
3388,sub-27,vision,4,3,3,2,0.6,0.7,0.05,1,47.66666667,2.084852846
3389,sub-27,vision,4,4,4,2,0.6,0.3,0.125,0,53.0,2.03467665
3390,sub-27,vision,4,5,5,2,0.6,0.7,0.125,0,67.66666667,2.084749595
3391,sub-27,vision,4,6,6,1,0.5,0.7,0.125,1,50.0,2.034672296
3392,sub-27,vision,4,7,7,1,0.5,0.7,0.125,0,48.66666667,1.967983632
3393,sub-27,vision,4,8,8,1,0.5,0.3,0.125,0,32.0,1.884651257
3394,sub-27,vision,4,9,9,2,0.6,0.3,0.125,1,44.33333333,1.817868049
3395,sub-27,vision,4,10,10,1,0.5,0.7,0.05,1,52.0,1.91805499
3396,sub-27,vision,4,11,11,2,0.6,0.7,0.125,1,57.0,2.084863731
3397,sub-27,vision,4,12,12,1,0.5,0.3,0.05,1,54.0,2.168139815
3398,sub-27,pain,4,13,1,1,47.0,0.3,0.05,1,66.66666667,1.968305515
3399,sub-27,pain,4,14,2,2,48.0,0.7,0.125,1,66.0,2.001445521
3400,sub-27,pain,4,15,3,1,47.0,0.7,0.125,0,50.33333333,1.834653885
3401,sub-27,pain,4,16,4,2,48.0,0.7,0.05,1,68.66666667,1.501199055
3402,sub-27,pain,4,17,5,2,48.0,0.3,0.125,1,53.0,1.968344079
3403,sub-27,pain,4,18,6,1,47.0,0.3,0.125,0,42.0,1.96809528
3404,sub-27,pain,4,19,7,2,48.0,0.3,0.125,0,53.66666667,1.634449808
3405,sub-27,pain,4,20,8,2,48.0,0.3,0.05,1,47.33333333,2.151472469
3406,sub-27,pain,4,21,9,1,47.0,0.3,0.125,1,45.33333333,1.434400297
3407,sub-27,pain,4,22,10,1,47.0,0.7,0.125,1,54.66666667,1.5176826
3408,sub-27,pain,4,23,11,1,47.0,0.7,0.05,1,55.0,1.867930109
3409,sub-27,pain,4,24,12,2,48.0,0.7,0.125,0,71.33333333,1.701077206
3410,sub-27,pain,5,1,1,1,47.0,0.3,0.05,-1,62.66666667,1.384424695
3411,sub-27,pain,5,2,2,2,48.0,0.3,0.125,-1,62.0,1.684441582
3412,sub-27,pain,5,3,3,2,48.0,0.3,0.05,-1,51.33333333,1.600964904
3413,sub-27,pain,5,4,4,1,47.0,0.3,0.05,0,42.33333333,1.667822441
3414,sub-27,pain,5,5,5,2,48.0,0.7,0.05,-1,52.33333333,2.001505544
3415,sub-27,pain,5,6,6,1,47.0,0.7,0.05,0,50.0,1.300900434
3416,sub-27,pain,5,7,7,1,47.0,0.7,0.05,-1,54.66666667,2.001567433
3417,sub-27,pain,5,8,8,2,48.0,0.7,0.05,0,67.33333333,2.034855474
3418,sub-27,pain,5,9,9,2,48.0,0.7,0.125,-1,56.0,1.651064284
3419,sub-27,pain,5,10,10,2,48.0,0.3,0.05,0,49.66666667,1.767934743
3420,sub-27,pain,5,11,11,1,47.0,0.3,0.125,-1,45.0,1.467802164
3421,sub-27,pain,5,12,12,1,47.0,0.7,0.125,-1,51.33333333,1.550932389
3422,sub-27,vision,5,13,1,2,0.6,0.7,0.05,0,74.0,1.801354026
3423,sub-27,vision,5,14,2,1,0.5,0.3,0.125,-1,47.66666667,2.017999353
3424,sub-27,vision,5,15,3,2,0.6,0.7,0.125,-1,68.33333333,1.534401572
3425,sub-27,vision,5,16,4,1,0.5,0.7,0.125,-1,42.66666667,1.550869257
3426,sub-27,vision,5,17,5,1,0.5,0.3,0.05,-1,41.66666667,2.185064045
3427,sub-27,vision,5,18,6,2,0.6,0.3,0.125,-1,55.33333333,1.91800212
3428,sub-27,vision,5,19,7,1,0.5,0.7,0.05,-1,33.33333333,1.968159968
3429,sub-27,vision,5,20,8,2,0.6,0.3,0.05,0,50.66666667,2.268424721
3430,sub-27,vision,5,21,9,1,0.5,0.3,0.05,0,35.0,2.08467651
3431,sub-27,vision,5,22,10,2,0.6,0.7,0.05,-1,56.66666667,1.984755784
3432,sub-27,vision,5,23,11,1,0.5,0.7,0.05,0,39.0,1.784494483
3433,sub-27,vision,5,24,12,2,0.6,0.3,0.05,-1,48.33333333,1.884516595
3434,sub-27,vision,6,1,1,1,0.5,0.3,0.125,0,64.66666667,2.16820979
3435,sub-27,vision,6,2,2,2,0.6,0.7,0.05,1,58.33333333,3.469091875
3436,sub-27,vision,6,3,3,1,0.5,0.7,0.125,0,44.33333333,3.118883863
3437,sub-27,vision,6,4,4,2,0.6,0.3,0.05,1,52.66666667,1.584485091
3438,sub-27,vision,6,5,5,1,0.5,0.7,0.125,0,44.33333333,2.535039119
3439,sub-27,vision,6,6,6,2,0.6,0.7,0.125,1,62.66666667,2.318347142
3440,sub-27,vision,6,7,7,2,0.6,0.3,0.125,1,58.33333333,2.585090294
3441,sub-27,vision,6,8,8,2,0.6,0.3,0.125,1,58.66666667,1.901350014
3442,sub-27,vision,6,9,9,1,0.5,0.7,0.05,1,40.33333333,2.084856267
3443,sub-27,vision,6,10,10,2,0.6,0.3,0.05,1,40.66666667,3.068944959
3444,sub-27,vision,6,11,11,1,0.5,0.3,0.125,0,46.33333333,3.385733377
3445,sub-27,vision,6,12,12,1,0.5,0.7,0.125,1,55.33333333,1.400984435
3446,sub-27,pain,6,13,1,2,48.0,0.3,0.125,1,86.33333333,2.034809136
3447,sub-27,pain,6,14,2,2,48.0,0.3,0.05,1,77.0,2.60186369
3448,sub-27,pain,6,15,3,1,47.0,0.7,0.125,1,74.66666667,1.667740026
3449,sub-27,pain,6,16,4,2,48.0,0.3,0.125,0,74.33333333,2.301468939
3450,sub-27,pain,6,17,5,1,47.0,0.7,0.05,1,76.66666667,2.768644752
3451,sub-27,pain,6,18,6,2,48.0,0.3,0.125,1,78.0,1.367738067
3452,sub-27,pain,6,19,7,1,47.0,0.7,0.125,1,72.66666667,2.018101049
3453,sub-27,pain,6,20,8,1,47.0,0.7,0.125,0,61.66666667,1.617783084
3454,sub-27,pain,6,21,9,1,47.0,0.7,0.05,1,50.66666667,1.784496971
3455,sub-27,pain,6,22,10,2,48.0,0.7,0.125,0,65.33333333,3.252383104
3456,sub-27,pain,6,23,11,1,47.0,0.3,0.125,0,52.66666667,2.034959348
3457,sub-27,pain,6,24,12,2,48.0,0.3,0.05,1,73.66666667,1.367641658
3458,sub-28,pain,1,1,1,1,47.0,0.7,0.125,-1,84.33333333,2.034678734
3459,sub-28,pain,1,2,2,2,48.0,0.3,0.125,-1,80.0,2.234981029
3460,sub-28,pain,1,3,3,2,48.0,0.7,0.125,-1,79.66666667,1.751293463
3461,sub-28,pain,1,4,4,1,47.0,0.7,0.05,0,52.66666667,3.035620763
3462,sub-28,pain,1,5,5,2,48.0,0.3,0.05,-1,77.33333333,3.30238695
3463,sub-28,pain,1,6,6,1,47.0,0.3,0.125,-1,50.0,2.601930086
3464,sub-28,pain,1,7,7,1,47.0,0.3,0.05,0,0.333333333,2.201492816
3465,sub-28,pain,1,8,8,2,48.0,0.7,0.05,0,84.66666667,1.451321453
3466,sub-28,pain,1,9,9,1,47.0,0.3,0.05,-1,49.0,2.835431362
3467,sub-28,pain,1,10,10,2,48.0,0.3,0.05,0,62.33333333,2.1015065
3468,sub-28,pain,1,11,11,1,47.0,0.7,0.05,-1,65.0,3.619338185
3469,sub-28,pain,1,12,12,2,48.0,0.7,0.05,-1,83.66666667,3.185718729
3470,sub-28,vision,1,13,1,1,0.5,0.7,0.05,-1,62.66666667,2.802230516
3471,sub-28,vision,1,14,2,2,0.6,0.7,0.05,0,76.33333333,1.684680911
3472,sub-28,vision,1,15,3,2,0.6,0.7,0.05,-1,72.66666667,3.068993282
3473,sub-28,vision,1,16,4,2,0.6,0.7,0.125,-1,73.33333333,1.667947689
3474,sub-28,vision,1,17,5,1,0.5,0.7,0.125,-1,56.66666667,2.951980158
3475,sub-28,vision,1,18,6,2,0.6,0.3,0.05,-1,56.66666667,2.101417864
3476,sub-28,vision,1,19,7,1,0.5,0.7,0.05,0,50.66666667,2.38519531
3477,sub-28,vision,1,20,8,1,0.5,0.3,0.125,-1,51.0,2.251738508
3478,sub-28,vision,1,21,9,1,0.5,0.3,0.05,-1,49.66666667,2.668603284
3479,sub-28,vision,1,22,10,2,0.6,0.3,0.125,-1,68.33333333,1.851204205
3480,sub-28,vision,1,23,11,1,0.5,0.3,0.05,0,48.66666667,2.651979225
3481,sub-28,vision,1,24,12,2,0.6,0.3,0.05,0,49.33333333,2.585158301
3482,sub-28,vision,2,1,1,1,0.5,0.3,0.125,1,50.0,2.501737575
3483,sub-28,vision,2,2,2,1,0.5,0.7,0.125,1,49.66666667,2.234880575
3484,sub-28,vision,2,3,3,2,0.6,0.3,0.125,1,74.66666667,1.634643901
3485,sub-28,vision,2,4,4,2,0.6,0.7,0.05,1,73.66666667,1.517707284
3486,sub-28,vision,2,5,5,1,0.5,0.7,0.05,1,49.0,3.202340922
3487,sub-28,vision,2,6,6,2,0.6,0.3,0.05,1,64.66666667,3.219038067
3488,sub-28,vision,2,7,7,2,0.6,0.7,0.125,0,66.66666667,3.18556416
3489,sub-28,vision,2,8,8,2,0.6,0.7,0.125,1,71.0,3.686100019
3490,sub-28,vision,2,9,9,1,0.5,0.3,0.05,1,50.66666667,3.068958761
3491,sub-28,vision,2,10,10,1,0.5,0.7,0.125,0,49.66666667,2.284946196
3492,sub-28,vision,2,11,11,1,0.5,0.3,0.125,0,49.0,2.718582758
3493,sub-28,vision,2,12,12,2,0.6,0.3,0.125,0,73.0,3.169142253
3494,sub-28,pain,2,13,1,2,48.0,0.3,0.125,1,84.33333333,1.251077626
3495,sub-28,pain,2,14,2,1,47.0,0.7,0.125,1,72.66666667,1.60120576
3496,sub-28,pain,2,15,3,1,47.0,0.7,0.125,0,73.66666667,3.202378553
3497,sub-28,pain,2,16,4,1,47.0,0.7,0.05,1,72.0,2.068100081
3498,sub-28,pain,2,17,5,2,48.0,0.7,0.125,1,85.0,1.484408472
3499,sub-28,pain,2,18,6,1,47.0,0.3,0.05,1,55.66666667,1.868138956
3500,sub-28,pain,2,19,7,2,48.0,0.3,0.05,1,72.0,1.818021397
3501,sub-28,pain,2,20,8,1,47.0,0.3,0.125,0,60.0,2.468463644
3502,sub-28,pain,2,21,9,1,47.0,0.3,0.125,1,55.66666667,2.635340238
3503,sub-28,pain,2,22,10,2,48.0,0.7,0.125,0,70.33333333,2.885470237
3504,sub-28,pain,2,23,11,2,48.0,0.7,0.05,1,69.0,2.885495428
3505,sub-28,pain,2,24,12,2,48.0,0.3,0.125,0,49.66666667,2.284987871
3506,sub-28,pain,3,1,1,2,48.0,0.3,0.05,0,91.0,2.068207999
3507,sub-28,pain,3,2,2,2,48.0,0.3,0.05,-1,76.0,3.102234248
3508,sub-28,pain,3,3,3,2,48.0,0.7,0.125,-1,62.66666667,2.435076818
3509,sub-28,pain,3,4,4,1,47.0,0.3,0.125,-1,52.0,2.801954034
3510,sub-28,pain,3,5,5,2,48.0,0.7,0.05,0,67.33333333,3.335853704
3511,sub-28,pain,3,6,6,1,47.0,0.3,0.05,0,50.33333333,2.701991976
3512,sub-28,pain,3,7,7,2,48.0,0.7,0.05,-1,61.66666667,2.61863003
3513,sub-28,pain,3,8,8,1,47.0,0.7,0.05,-1,68.33333333,2.985482677
3514,sub-28,pain,3,9,9,1,47.0,0.3,0.05,-1,47.66666667,2.601777695
3515,sub-28,pain,3,10,10,2,48.0,0.3,0.125,-1,66.33333333,1.768037258
3516,sub-28,pain,3,11,11,1,47.0,0.7,0.125,-1,53.0,3.068914909
3517,sub-28,pain,3,12,12,1,47.0,0.7,0.05,0,50.33333333,2.601790446
3518,sub-28,vision,3,13,1,1,0.5,0.7,0.05,-1,51.33333333,2.30188468
3519,sub-28,vision,3,14,2,2,0.6,0.3,0.125,-1,63.33333333,1.95146016
3520,sub-28,vision,3,15,3,2,0.6,0.3,0.05,0,61.66666667,3.052224296
3521,sub-28,vision,3,16,4,1,0.5,0.3,0.05,-1,44.33333333,2.218273621
3522,sub-28,vision,3,17,5,1,0.5,0.7,0.05,0,48.0,1.985128444
3523,sub-28,vision,3,18,6,2,0.6,0.7,0.05,0,60.33333333,2.635310692
3524,sub-28,vision,3,19,7,1,0.5,0.3,0.125,-1,57.0,2.301545997
3525,sub-28,vision,3,20,8,1,0.5,0.3,0.05,0,49.66666667,2.735321577
3526,sub-28,vision,3,21,9,1,0.5,0.7,0.125,-1,61.66666667,2.335047273
3527,sub-28,vision,3,22,10,2,0.6,0.7,0.05,-1,74.33333333,3.102370778
3528,sub-28,vision,3,23,11,2,0.6,0.3,0.05,-1,68.0,3.535869565
3529,sub-28,vision,3,24,12,2,0.6,0.7,0.125,-1,72.66666667,2.752021521
3530,sub-28,pain,4,1,1,2,48.0,0.7,0.05,1,83.66666667,3.302459725
3531,sub-28,pain,4,2,2,1,47.0,0.3,0.125,1,45.0,2.168237855
3532,sub-28,pain,4,3,3,1,47.0,0.3,0.05,1,48.0,1.984853517
3533,sub-28,pain,4,4,4,1,47.0,0.7,0.125,1,57.0,1.601077004
3534,sub-28,pain,4,5,5,1,47.0,0.7,0.05,1,59.33333333,3.135774398
3535,sub-28,pain,4,6,6,2,48.0,0.3,0.05,1,66.0,3.10238384
3536,sub-28,pain,4,7,7,2,48.0,0.3,0.125,0,51.33333333,2.468417615
3537,sub-28,pain,4,8,8,2,48.0,0.3,0.125,1,49.66666667,2.585264042
3538,sub-28,pain,4,9,9,1,47.0,0.7,0.125,0,49.0,3.06882192
3539,sub-28,pain,4,10,10,1,47.0,0.3,0.125,0,45.66666667,2.468561921
3540,sub-28,pain,4,11,11,2,48.0,0.7,0.125,0,67.33333333,2.98544318
3541,sub-28,pain,4,12,12,2,48.0,0.7,0.125,1,75.66666667,1.717734341
3542,sub-28,vision,4,13,1,1,0.5,0.3,0.05,1,51.0,2.301747528
3543,sub-28,vision,4,14,2,1,0.5,0.7,0.05,1,53.0,2.968753188
3544,sub-28,vision,4,15,3,1,0.5,0.7,0.125,1,52.33333333,2.685478323
3545,sub-28,vision,4,16,4,2,0.6,0.7,0.05,1,61.0,3.018881321
3546,sub-28,vision,4,17,5,2,0.6,0.3,0.125,1,61.33333333,2.06819898
3547,sub-28,vision,4,18,6,2,0.6,0.3,0.125,0,55.66666667,2.451780805
3548,sub-28,vision,4,19,7,1,0.5,0.7,0.125,0,55.66666667,2.768587423
3549,sub-28,vision,4,20,8,2,0.6,0.7,0.125,1,56.0,2.618626298
3550,sub-28,vision,4,21,9,1,0.5,0.3,0.125,1,55.33333333,2.351750638
3551,sub-28,vision,4,22,10,2,0.6,0.3,0.05,1,74.0,3.202359582
3552,sub-28,vision,4,23,11,2,0.6,0.7,0.125,0,62.33333333,1.617934938
3553,sub-28,vision,4,24,12,1,0.5,0.3,0.125,0,50.66666667,2.434945263
3554,sub-28,pain,5,1,1,2,48.0,0.7,0.05,-1,84.66666667,1.350888847
3555,sub-28,pain,5,2,2,2,48.0,0.7,0.125,-1,73.66666667,2.668731729
3556,sub-28,pain,5,3,3,2,48.0,0.7,0.05,0,55.0,1.601102818
3557,sub-28,pain,5,4,4,1,47.0,0.3,0.05,0,50.33333333,2.335003421
3558,sub-28,pain,5,5,5,1,47.0,0.3,0.125,-1,43.66666667,2.318343907
3559,sub-28,pain,5,6,6,2,48.0,0.3,0.05,0,51.33333333,2.751915469
3560,sub-28,pain,5,7,7,1,47.0,0.7,0.05,-1,63.33333333,2.535298563
3561,sub-28,pain,5,8,8,1,47.0,0.7,0.125,-1,31.33333333,2.168235989
3562,sub-28,pain,5,9,9,1,47.0,0.3,0.05,-1,43.33333333,2.284934378
3563,sub-28,pain,5,10,10,1,47.0,0.7,0.05,0,49.66666667,2.368300678
3564,sub-28,pain,5,11,11,2,48.0,0.3,0.05,-1,70.0,1.684689308
3565,sub-28,pain,5,12,12,2,48.0,0.3,0.125,-1,51.0,2.518546682
3566,sub-28,vision,5,13,1,1,0.5,0.3,0.05,0,51.33333333,2.268289482
3567,sub-28,vision,5,14,2,1,0.5,0.7,0.05,-1,50.33333333,2.068189028
3568,sub-28,vision,5,15,3,2,0.6,0.7,0.05,0,62.66666667,1.884723829
3569,sub-28,vision,5,16,4,1,0.5,0.3,0.05,-1,50.33333333,2.034716987
3570,sub-28,vision,5,17,5,1,0.5,0.3,0.125,-1,50.0,2.485172296
3571,sub-28,vision,5,18,6,2,0.6,0.7,0.125,-1,60.33333333,1.834645767
3572,sub-28,vision,5,19,7,1,0.5,0.7,0.05,0,38.66666667,3.068962182
3573,sub-28,vision,5,20,8,1,0.5,0.7,0.125,-1,53.0,2.968804192
3574,sub-28,vision,5,21,9,2,0.6,0.7,0.05,-1,68.66666667,1.868078933
3575,sub-28,vision,5,22,10,2,0.6,0.3,0.125,-1,70.0,2.101552528
3576,sub-28,vision,5,23,11,2,0.6,0.3,0.05,-1,49.66666667,2.335260621
3577,sub-28,vision,5,24,12,2,0.6,0.3,0.05,0,65.66666667,3.519275984
3578,sub-28,pain,6,1,1,2,48.0,0.7,0.05,1,83.66666667,2.685422653
3579,sub-28,pain,6,2,2,1,47.0,0.7,0.125,0,72.66666667,2.768628164
3580,sub-28,pain,6,3,3,2,48.0,0.7,0.125,0,82.33333333,2.401775829
3581,sub-28,pain,6,4,4,1,47.0,0.7,0.05,1,71.0,2.885424519
3582,sub-28,pain,6,5,5,1,47.0,0.7,0.125,1,60.33333333,2.485414256
3583,sub-28,pain,6,6,6,1,47.0,0.3,0.125,1,59.33333333,1.984732848
3584,sub-28,pain,6,7,7,2,48.0,0.7,0.125,1,82.66666667,1.100836288
3585,sub-28,pain,6,8,8,1,47.0,0.3,0.125,0,51.0,2.451877216
3586,sub-28,pain,6,9,9,2,48.0,0.3,0.125,1,66.66666667,1.751240281
3587,sub-28,pain,6,10,10,1,47.0,0.3,0.05,1,52.33333333,2.668675126
3588,sub-28,pain,6,11,11,2,48.0,0.3,0.05,1,69.66666667,2.651896809
3589,sub-28,pain,6,12,12,2,48.0,0.3,0.125,0,71.66666667,1.767914101
3590,sub-28,vision,6,13,1,2,0.6,0.3,0.05,1,73.66666667,2.88552062
3591,sub-28,vision,6,14,2,1,0.5,0.3,0.05,1,60.66666667,1.784494931
3592,sub-28,vision,6,15,3,2,0.6,0.3,0.125,0,76.0,1.817994029
3593,sub-28,vision,6,16,4,1,0.5,0.7,0.05,1,56.0,2.718627231
3594,sub-28,vision,6,17,5,1,0.5,0.3,0.125,1,57.0,2.068166636
3595,sub-28,vision,6,18,6,2,0.6,0.7,0.05,1,64.66666667,2.701907383
3596,sub-28,vision,6,19,7,1,0.5,0.7,0.125,0,60.0,1.567914101
3597,sub-28,vision,6,20,8,1,0.5,0.3,0.125,0,63.33333333,1.918078311
3598,sub-28,vision,6,21,9,2,0.6,0.7,0.125,0,72.0,2.835434783
3599,sub-28,vision,6,22,10,2,0.6,0.7,0.125,1,62.66666667,2.651796666
3600,sub-28,vision,6,23,11,1,0.5,0.7,0.125,1,65.33333333,2.368271755
3601,sub-28,vision,6,24,12,2,0.6,0.3,0.125,1,64.0,1.85140107
3602,sub-29,vision,1,1,1,1,0.5,0.3,0.05,0,38.66666667,2.60173885
3603,sub-29,vision,1,2,2,1,0.5,0.7,0.05,0,43.33333333,2.568519632
3604,sub-29,vision,1,3,3,2,0.6,0.3,0.125,-1,44.66666667,2.284937947
3605,sub-29,vision,1,4,4,1,0.5,0.7,0.05,-1,42.0,1.517692347
3606,sub-29,vision,1,5,5,2,0.6,0.7,0.05,0,51.33333333,1.951289365
3607,sub-29,vision,1,6,6,2,0.6,0.7,0.05,-1,55.33333333,2.468539785
3608,sub-29,vision,1,7,7,2,0.6,0.3,0.05,-1,47.0,2.018189944
3609,sub-29,vision,1,8,8,1,0.5,0.3,0.05,-1,49.33333333,1.717898041
3610,sub-29,vision,1,9,9,1,0.5,0.3,0.125,-1,51.33333333,2.385033485
3611,sub-29,vision,1,10,10,2,0.6,0.3,0.05,0,55.0,1.734620698
3612,sub-29,vision,1,11,11,1,0.5,0.7,0.125,-1,45.33333333,2.585185065
3613,sub-29,vision,1,12,12,2,0.6,0.7,0.125,-1,58.0,2.501842039
3614,sub-29,pain,1,13,1,2,48.0,0.7,0.05,0,72.0,2.868773282
3615,sub-29,pain,1,14,2,2,48.0,0.3,0.125,-1,41.33333333,1.801402164
3616,sub-29,pain,1,15,3,2,48.0,0.7,0.125,-1,49.0,2.001299659
3617,sub-29,pain,1,16,4,1,47.0,0.3,0.05,-1,33.33333333,2.151569388
3618,sub-29,pain,1,17,5,2,48.0,0.3,0.05,-1,43.66666667,1.584476924
3619,sub-29,pain,1,18,6,1,47.0,0.7,0.125,-1,38.33333333,2.218322864
3620,sub-29,pain,1,19,7,1,47.0,0.7,0.05,-1,42.0,2.234922055
3621,sub-29,pain,1,20,8,2,48.0,0.3,0.05,0,49.33333333,2.21825289
3622,sub-29,pain,1,21,9,1,47.0,0.3,0.05,0,38.66666667,1.400880061
3623,sub-29,pain,1,22,10,2,48.0,0.7,0.05,-1,56.66666667,2.268247012
3624,sub-29,pain,1,23,11,1,47.0,0.7,0.05,0,27.66666667,1.68448445
3625,sub-29,pain,1,24,12,1,47.0,0.3,0.125,-1,35.66666667,1.601247163
3626,sub-29,pain,2,1,1,2,48.0,0.3,0.125,1,65.33333333,2.051585186
3627,sub-29,pain,2,2,2,1,47.0,0.3,0.125,1,12.33333333,1.534494308
3628,sub-29,pain,2,3,3,2,48.0,0.3,0.05,1,38.33333333,1.767787668
3629,sub-29,pain,2,4,4,1,47.0,0.3,0.125,0,46.66666667,1.918058951
3630,sub-29,pain,2,5,5,2,48.0,0.7,0.05,1,61.33333333,1.501068899
3631,sub-29,pain,2,6,6,1,47.0,0.3,0.05,1,11.0,1.651228845
3632,sub-29,pain,2,7,7,1,47.0,0.7,0.05,1,8.0,1.935018277
3633,sub-29,pain,2,8,8,2,48.0,0.3,0.125,0,42.0,2.601756266
3634,sub-29,pain,2,9,9,1,47.0,0.7,0.125,0,24.33333333,1.400989221
3635,sub-29,pain,2,10,10,2,48.0,0.7,0.125,1,36.66666667,1.784513124
3636,sub-29,pain,2,11,11,2,48.0,0.7,0.125,0,57.0,1.917928021
3637,sub-29,pain,2,12,12,1,47.0,0.7,0.125,1,12.66666667,2.568848668
3638,sub-29,vision,2,13,1,2,0.6,0.7,0.125,1,76.66666667,2.051488777
3639,sub-29,vision,2,14,2,1,0.5,0.7,0.125,0,66.66666667,2.485157324
3640,sub-29,vision,2,15,3,1,0.5,0.7,0.125,1,71.33333333,2.084665388
3641,sub-29,vision,2,16,4,2,0.6,0.7,0.05,1,76.33333333,2.101551319
3642,sub-29,vision,2,17,5,2,0.6,0.3,0.05,1,59.0,2.601764974
3643,sub-29,vision,2,18,6,2,0.6,0.3,0.125,0,61.66666667,1.534384526
3644,sub-29,vision,2,19,7,1,0.5,0.3,0.05,1,57.66666667,1.767920153
3645,sub-29,vision,2,20,8,1,0.5,0.7,0.05,1,63.66666667,1.667665073
3646,sub-29,vision,2,21,9,1,0.5,0.3,0.125,0,67.0,1.584452666
3647,sub-29,vision,2,22,10,2,0.6,0.7,0.125,0,65.66666667,2.401653513
3648,sub-29,vision,2,23,11,1,0.5,0.3,0.125,1,65.33333333,1.868006673
3649,sub-29,vision,2,24,12,2,0.6,0.3,0.125,1,72.33333333,1.551069241
3650,sub-29,pain,3,1,1,2,48.0,0.3,0.125,-1,69.0,1.300930381
3651,sub-29,pain,3,2,2,1,47.0,0.7,0.05,0,45.66666667,1.30090519
3652,sub-29,pain,3,3,3,1,47.0,0.3,0.05,-1,42.66666667,1.767986396
3653,sub-29,pain,3,4,4,2,48.0,0.7,0.05,-1,46.66666667,1.484371122
3654,sub-29,pain,3,5,5,1,47.0,0.3,0.125,-1,49.66666667,2.351660012
3655,sub-29,pain,3,6,6,2,48.0,0.7,0.125,-1,62.66666667,1.734783661
3656,sub-29,pain,3,7,7,1,47.0,0.3,0.05,0,62.0,1.450990808
3657,sub-29,pain,3,8,8,2,48.0,0.3,0.05,0,61.33333333,1.083963777
3658,sub-29,pain,3,9,9,2,48.0,0.3,0.05,-1,51.33333333,1.834685759
3659,sub-29,pain,3,10,10,2,48.0,0.7,0.05,0,65.33333333,1.684527989
3660,sub-29,pain,3,11,11,1,47.0,0.7,0.05,-1,43.33333333,1.567779458
3661,sub-29,pain,3,12,12,1,47.0,0.7,0.125,-1,52.0,1.451050519
3662,sub-29,vision,3,13,1,2,0.6,0.7,0.125,-1,88.66666667,2.268228974
3663,sub-29,vision,3,14,2,2,0.6,0.7,0.05,-1,67.66666667,1.134200167
3664,sub-29,vision,3,15,3,1,0.5,0.3,0.05,0,65.33333333,1.334269022
3665,sub-29,vision,3,16,4,2,0.6,0.7,0.05,0,71.33333333,1.350949694
3666,sub-29,vision,3,17,5,1,0.5,0.7,0.05,-1,58.66666667,1.250773918
3667,sub-29,vision,3,18,6,1,0.5,0.7,0.05,0,61.0,1.501078851
3668,sub-29,vision,3,19,7,1,0.5,0.7,0.125,-1,64.33333333,1.317517442
3669,sub-29,vision,3,20,8,2,0.6,0.3,0.05,-1,78.33333333,1.584602256
3670,sub-29,vision,3,21,9,1,0.5,0.3,0.05,-1,59.33333333,1.851292413
3671,sub-29,vision,3,22,10,2,0.6,0.3,0.05,0,96.0,1.651217338
3672,sub-29,vision,3,23,11,1,0.5,0.3,0.125,-1,67.0,1.384149319
3673,sub-29,vision,3,24,12,2,0.6,0.3,0.125,-1,93.0,1.817816
3674,sub-29,pain,4,1,1,1,47.0,0.3,0.125,0,84.0,1.251016185
3675,sub-29,pain,4,2,2,2,48.0,0.3,0.125,1,63.66666667,1.450915546
3676,sub-29,pain,4,3,3,2,48.0,0.3,0.05,1,74.33333333,1.851152775
3677,sub-29,pain,4,4,4,2,48.0,0.3,0.125,0,55.66666667,1.517782848
3678,sub-29,pain,4,5,5,2,48.0,0.7,0.125,0,60.66666667,1.817948174
3679,sub-29,pain,4,6,6,1,47.0,0.7,0.125,1,44.33333333,1.434508241
3680,sub-29,pain,4,7,7,2,48.0,0.7,0.125,1,36.0,1.867995788
3681,sub-29,pain,4,8,8,1,47.0,0.7,0.125,0,30.0,1.901322922
3682,sub-29,pain,4,9,9,1,47.0,0.3,0.125,1,47.66666667,1.834870491
3683,sub-29,pain,4,10,10,2,48.0,0.7,0.05,1,31.66666667,1.851238921
3684,sub-29,pain,4,11,11,1,47.0,0.7,0.05,1,33.66666667,1.651147986
3685,sub-29,pain,4,12,12,1,47.0,0.3,0.05,1,34.66666667,1.934729049
3686,sub-29,vision,4,13,1,1,0.5,0.3,0.125,0,61.66666667,1.484475617
3687,sub-29,vision,4,14,2,1,0.5,0.3,0.125,1,62.66666667,1.284236958
3688,sub-29,vision,4,15,3,1,0.5,0.7,0.125,0,64.0,1.25076832
3689,sub-29,vision,4,16,4,2,0.6,0.7,0.125,0,82.33333333,1.317581819
3690,sub-29,vision,4,17,5,1,0.5,0.7,0.125,1,58.33333333,1.801131596
3691,sub-29,vision,4,18,6,1,0.5,0.7,0.05,1,64.0,1.300816245
3692,sub-29,vision,4,19,7,2,0.6,0.3,0.05,1,96.66666667,2.168211807
3693,sub-29,vision,4,20,8,2,0.6,0.3,0.125,1,85.33333333,1.100819541
3694,sub-29,vision,4,21,9,1,0.5,0.3,0.05,1,54.66666667,1.817787388
3695,sub-29,vision,4,22,10,2,0.6,0.7,0.05,1,38.33333333,2.835249597
3696,sub-29,vision,4,23,11,2,0.6,0.3,0.125,0,95.33333333,1.300800384
3697,sub-29,vision,4,24,12,2,0.6,0.7,0.125,1,93.66666667,1.500936103
3698,sub-29,vision,5,1,1,2,0.6,0.3,0.05,-1,72.33333333,1.100918438
3699,sub-29,vision,5,2,2,2,0.6,0.3,0.125,-1,90.66666667,1.868017869
3700,sub-29,vision,5,3,3,1,0.5,0.7,0.125,-1,74.0,1.801102362
3701,sub-29,vision,5,4,4,1,0.5,0.3,0.125,-1,71.0,1.717760891
3702,sub-29,vision,5,5,5,2,0.6,0.7,0.05,-1,95.0,1.11748995
3703,sub-29,vision,5,6,6,1,0.5,0.7,0.05,-1,79.66666667,1.384547085
3704,sub-29,vision,5,7,7,1,0.5,0.3,0.05,-1,66.0,1.350853595
3705,sub-29,vision,5,8,8,1,0.5,0.3,0.05,0,76.33333333,1.117447654
3706,sub-29,vision,5,9,9,2,0.6,0.3,0.05,0,96.66666667,1.96819209
3707,sub-29,vision,5,10,10,1,0.5,0.7,0.05,0,77.33333333,1.617843554
3708,sub-29,vision,5,11,11,2,0.6,0.7,0.05,0,79.66666667,1.367763473
3709,sub-29,vision,5,12,12,2,0.6,0.7,0.125,-1,91.66666667,2.268304546
3710,sub-29,pain,5,13,1,2,48.0,0.3,0.125,-1,52.0,1.117841688
3711,sub-29,pain,5,14,2,2,48.0,0.3,0.05,0,18.0,1.534466008
3712,sub-29,pain,5,15,3,1,47.0,0.3,0.125,-1,9.0,1.017334078
3713,sub-29,pain,5,16,4,1,47.0,0.7,0.05,-1,17.0,1.167352209
3714,sub-29,pain,5,17,5,2,48.0,0.7,0.05,0,23.0,1.200844483
3715,sub-29,pain,5,18,6,1,47.0,0.3,0.05,0,13.0,1.517609622
3716,sub-29,pain,5,19,7,2,48.0,0.7,0.05,-1,23.33333333,1.60116817
3717,sub-29,pain,5,20,8,2,48.0,0.3,0.05,-1,16.66666667,1.150697661
3718,sub-29,pain,5,21,9,1,47.0,0.7,0.125,-1,9.666666667,2.118215508
3719,sub-29,pain,5,22,10,2,48.0,0.7,0.125,-1,15.33333333,1.701206484
3720,sub-29,pain,5,23,11,1,47.0,0.3,0.05,-1,3.666666667,1.367562879
3721,sub-29,pain,5,24,12,1,47.0,0.7,0.05,0,11.0,2.201567864
3722,sub-29,vision,6,1,1,2,0.6,0.7,0.125,0,91.33333333,1.534407229
3723,sub-29,vision,6,2,2,1,0.5,0.7,0.05,1,72.33333333,1.46756263
3724,sub-29,vision,6,3,3,1,0.5,0.3,0.125,1,82.0,1.701358873
3725,sub-29,vision,6,4,4,2,0.6,0.7,0.125,1,92.66666667,1.617774824
3726,sub-29,vision,6,5,5,2,0.6,0.7,0.05,1,94.66666667,1.034022836
3727,sub-29,vision,6,6,6,2,0.6,0.3,0.125,1,91.66666667,2.151404559
3728,sub-29,vision,6,7,7,2,0.6,0.3,0.125,0,76.0,2.084841724
3729,sub-29,vision,6,8,8,2,0.6,0.3,0.05,1,94.33333333,2.034802507
3730,sub-29,vision,6,9,9,1,0.5,0.3,0.125,0,78.66666667,1.984618054
3731,sub-29,vision,6,10,10,1,0.5,0.3,0.05,1,70.0,1.918032206
3732,sub-29,vision,6,11,11,1,0.5,0.7,0.125,0,70.66666667,1.617812144
3733,sub-29,vision,6,12,12,1,0.5,0.7,0.125,1,71.33333333,2.018103797
3734,sub-29,pain,6,13,1,2,48.0,0.7,0.125,1,82.33333333,1.150882705
3735,sub-29,pain,6,14,2,1,47.0,0.7,0.125,1,67.66666667,1.918040914
3736,sub-29,pain,6,15,3,1,47.0,0.7,0.05,1,53.0,1.78457439
3737,sub-29,pain,6,16,4,2,48.0,0.3,0.05,1,46.0,1.651145809
3738,sub-29,pain,6,17,5,1,47.0,0.3,0.125,1,45.33333333,1.450896264
3739,sub-29,pain,6,18,6,2,48.0,0.7,0.125,0,68.33333333,1.317498782
3740,sub-29,pain,6,19,7,2,48.0,0.7,0.05,1,57.33333333,1.901368328
3741,sub-29,pain,6,20,8,2,48.0,0.3,0.125,1,79.66666667,1.901334118
3742,sub-29,pain,6,21,9,1,47.0,0.3,0.05,1,60.0,1.23415389
3743,sub-29,pain,6,22,10,1,47.0,0.7,0.125,0,38.66666667,1.617943385
3744,sub-29,pain,6,23,11,2,48.0,0.3,0.125,0,57.33333333,1.451080997
3745,sub-29,pain,6,24,12,1,47.0,0.3,0.125,0,40.0,1.451074155
3746,sub-31,pain,1,1,1,2,48.0,0.3,0.05,-1,78.33333333,2.818730817
3747,sub-31,pain,1,2,2,2,48.0,0.7,0.05,0,70.33333333,3.352423106
3748,sub-31,pain,1,3,3,1,47.0,0.7,0.125,-1,54.0,2.935457958
3749,sub-31,pain,1,4,4,2,48.0,0.3,0.125,-1,73.66666667,3.769427441
3750,sub-31,pain,1,5,5,1,47.0,0.7,0.05,0,48.33333333,3.435876408
3751,sub-31,pain,1,6,6,2,48.0,0.7,0.125,-1,55.0,3.519315403
3752,sub-31,pain,1,7,7,1,47.0,0.7,0.05,-1,43.33333333,3.485890418
3754,sub-31,pain,1,9,9,2,48.0,0.3,0.05,0,54.33333333,2.835422473
3755,sub-31,pain,1,10,10,1,47.0,0.3,0.05,-1,72.66666667,4.469901311
3756,sub-31,pain,1,11,11,1,47.0,0.3,0.125,-1,46.33333333,2.468491861
3757,sub-31,pain,1,12,12,2,48.0,0.7,0.05,-1,80.66666667,2.451647193
3758,sub-31,vision,1,13,1,2,0.6,0.3,0.05,0,67.66666667,2.818751343
3759,sub-31,vision,1,14,2,1,0.5,0.3,0.05,-1,53.33333333,3.168907263
3760,sub-31,vision,1,15,3,1,0.5,0.7,0.125,-1,24.0,1.98477875
3761,sub-31,vision,1,16,4,2,0.6,0.3,0.125,-1,41.66666667,3.569268147
3762,sub-31,vision,1,17,5,2,0.6,0.7,0.125,-1,50.0,2.63526971
3763,sub-31,vision,1,18,6,1,0.5,0.3,0.05,0,35.66666667,2.68529927
3764,sub-31,vision,1,19,7,2,0.6,0.7,0.05,-1,47.33333333,3.319049125
3765,sub-31,vision,1,20,8,2,0.6,0.7,0.05,0,62.0,2.968849666
3766,sub-31,vision,1,21,9,1,0.5,0.3,0.125,-1,29.33333333,2.501811106
3767,sub-31,vision,1,22,10,2,0.6,0.3,0.05,-1,46.66666667,2.70180868
3768,sub-31,vision,1,23,11,1,0.5,0.7,0.05,0,35.66666667,3.018725903
3769,sub-31,vision,1,24,12,1,0.5,0.7,0.05,-1,34.66666667,4.369707527
3770,sub-31,pain,2,1,1,2,48.0,0.3,0.05,1,71.33333333,2.268329146
3771,sub-31,pain,2,2,2,1,47.0,0.3,0.05,1,64.0,2.785252651
3772,sub-31,pain,2,3,3,2,48.0,0.3,0.125,0,46.66666667,2.752015199
3773,sub-31,pain,2,4,4,1,47.0,0.7,0.05,1,38.0,4.102973809
3774,sub-31,pain,2,5,5,1,47.0,0.7,0.125,0,30.33333333,3.352496191
3775,sub-31,pain,2,6,6,1,47.0,0.3,0.125,0,30.0,3.185833412
3776,sub-31,pain,2,7,7,2,48.0,0.7,0.05,1,72.0,3.035402942
3778,sub-31,pain,2,9,9,2,48.0,0.7,0.125,1,73.33333333,2.618616929
3779,sub-31,pain,2,10,10,1,47.0,0.3,0.125,1,51.66666667,2.485098613
3780,sub-31,pain,2,11,11,1,47.0,0.7,0.125,1,43.66666667,3.369105743
3781,sub-31,pain,2,12,12,2,48.0,0.3,0.125,1,82.0,2.902095484
3782,sub-31,vision,2,13,1,2,0.6,0.3,0.125,1,32.0,1.901253919
3783,sub-31,vision,2,14,2,1,0.5,0.7,0.125,0,41.0,2.701959826
3784,sub-31,vision,2,15,3,1,0.5,0.7,0.125,1,42.66666667,2.601710062
3785,sub-31,vision,2,16,4,2,0.6,0.3,0.125,0,68.0,4.453222095
3786,sub-31,vision,2,17,5,2,0.6,0.7,0.125,0,72.66666667,2.768555709
3787,sub-31,vision,2,18,6,1,0.5,0.7,0.05,1,38.66666667,2.151437175
3788,sub-31,vision,2,19,7,2,0.6,0.7,0.125,1,65.0,3.202321985
3789,sub-31,vision,2,20,8,1,0.5,0.3,0.125,1,63.33333333,3.102299562
3790,sub-31,vision,2,21,9,1,0.5,0.3,0.125,0,52.33333333,2.818706248
3791,sub-31,vision,2,22,10,2,0.6,0.7,0.05,1,55.66666667,3.352405068
3792,sub-31,vision,2,23,11,1,0.5,0.3,0.05,1,79.66666667,0.850606091
3793,sub-31,vision,2,24,12,2,0.6,0.3,0.05,1,70.66666667,3.88619159
3794,sub-31,vision,3,1,1,2,0.6,0.7,0.05,0,17.0,0.833903862
3795,sub-31,vision,3,2,2,1,0.5,0.3,0.125,-1,36.33333333,2.034682978
3796,sub-31,vision,3,3,3,2,0.6,0.3,0.05,0,57.0,3.03549873
3797,sub-31,vision,3,4,4,1,0.5,0.7,0.05,0,56.0,1.918067486
3798,sub-31,vision,3,5,5,2,0.6,0.7,0.125,-1,82.33333333,3.05207065
3799,sub-31,vision,3,6,6,1,0.5,0.3,0.05,-1,57.33333333,2.268333189
3800,sub-31,vision,3,7,7,2,0.6,0.7,0.05,-1,72.66666667,1.751273465
3801,sub-31,vision,3,8,8,2,0.6,0.3,0.125,-1,83.66666667,3.519241385
3802,sub-31,vision,3,9,9,1,0.5,0.3,0.05,0,42.66666667,2.034839722
3803,sub-31,vision,3,10,10,1,0.5,0.7,0.125,-1,38.33333333,3.20230177
3804,sub-31,vision,3,11,11,1,0.5,0.7,0.05,-1,61.33333333,2.585099266
3805,sub-31,vision,3,12,12,2,0.6,0.3,0.05,-1,80.66666667,2.868735809
3806,sub-31,pain,3,13,1,2,48.0,0.3,0.05,-1,84.66666667,1.751247341
3807,sub-31,pain,3,14,2,1,47.0,0.3,0.05,-1,59.66666667,2.885425598
3808,sub-31,pain,3,15,3,1,47.0,0.7,0.125,-1,51.66666667,2.86855574
3809,sub-31,pain,3,16,4,1,47.0,0.3,0.05,0,47.33333333,2.718841813
3810,sub-31,pain,3,17,5,1,47.0,0.3,0.125,-1,85.66666667,4.353096731
3811,sub-31,pain,3,18,6,2,48.0,0.7,0.125,-1,69.33333333,1.968077454
3812,sub-31,pain,3,19,7,1,47.0,0.7,0.05,0,37.33333333,3.802633793
3813,sub-31,pain,3,20,8,2,48.0,0.3,0.125,-1,60.33333333,3.702715866
3814,sub-31,pain,3,21,9,2,48.0,0.3,0.05,0,68.33333333,2.93543992
3815,sub-31,pain,3,22,10,1,47.0,0.7,0.05,-1,55.66666667,2.635243586
3816,sub-31,pain,3,23,11,2,48.0,0.7,0.05,0,66.0,2.451716235
3817,sub-31,pain,3,24,12,2,48.0,0.7,0.05,-1,64.33333333,3.736122812
3830,sub-31,vision,4,13,1,1,0.5,0.7,0.125,0,44.66666667,2.535264392
3831,sub-31,vision,4,14,2,2,0.6,0.3,0.125,1,72.33333333,2.151571527
3832,sub-31,vision,4,15,3,2,0.6,0.7,0.05,1,79.0,1.767825793
3833,sub-31,vision,4,16,4,1,0.5,0.7,0.05,1,43.33333333,2.685512616
3834,sub-31,vision,4,17,5,1,0.5,0.3,0.125,0,37.33333333,2.568536054
3835,sub-31,vision,4,18,6,2,0.6,0.3,0.125,0,65.66666667,3.235636254
3836,sub-31,vision,4,19,7,2,0.6,0.3,0.05,1,87.66666667,2.501814838
3837,sub-31,vision,4,20,8,2,0.6,0.7,0.125,1,63.66666667,3.118985619
3838,sub-31,vision,4,21,9,1,0.5,0.7,0.125,1,32.0,2.768570015
3839,sub-31,vision,4,22,10,1,0.5,0.3,0.125,1,40.0,2.251600792
3840,sub-31,vision,4,23,11,1,0.5,0.3,0.05,1,42.33333333,2.501692615
3841,sub-31,vision,4,24,12,2,0.6,0.7,0.125,0,67.66666667,2.801928757
3842,sub-31,pain,5,1,1,1,47.0,0.3,0.05,0,23.33333333,2.268378906
3843,sub-31,pain,5,2,2,1,47.0,0.3,0.05,-1,79.33333333,0.783806504
3844,sub-31,pain,5,3,3,1,47.0,0.7,0.05,-1,19.66666667,2.21827004
3845,sub-31,pain,5,4,4,2,48.0,0.3,0.05,0,32.33333333,2.868750737
3846,sub-31,pain,5,5,5,2,48.0,0.7,0.05,-1,32.0,2.935487192
3847,sub-31,pain,5,6,6,1,47.0,0.7,0.125,-1,25.0,2.301762528
3848,sub-31,pain,5,7,7,2,48.0,0.3,0.125,-1,27.33333333,2.768661138
3849,sub-31,pain,5,8,8,2,48.0,0.7,0.05,0,10.33333333,2.885326389
3850,sub-31,pain,5,9,9,1,47.0,0.7,0.05,0,0.0,1.434628988
3851,sub-31,pain,5,10,10,2,48.0,0.7,0.125,-1,25.0,2.601865251
3852,sub-31,pain,5,11,11,1,47.0,0.3,0.125,-1,5.0,1.801107407
3853,sub-31,pain,5,12,12,2,48.0,0.3,0.05,-1,21.66666667,3.185641214
3854,sub-31,vision,5,13,1,2,0.6,0.7,0.125,-1,77.66666667,2.88548531
3855,sub-31,vision,5,14,2,2,0.6,0.3,0.05,0,57.33333333,2.68510956
3856,sub-31,vision,5,15,3,2,0.6,0.7,0.05,-1,44.0,2.835346589
3857,sub-31,vision,5,16,4,1,0.5,0.3,0.05,0,29.66666667,2.902063451
3858,sub-31,vision,5,17,5,1,0.5,0.7,0.05,0,30.66666667,2.184935245
3859,sub-31,vision,5,18,6,1,0.5,0.3,0.125,-1,63.33333333,2.86858995
3860,sub-31,vision,5,19,7,1,0.5,0.3,0.05,-1,67.0,2.968817011
3861,sub-31,vision,5,20,8,2,0.6,0.3,0.05,-1,80.33333333,2.868564137
3863,sub-31,vision,5,22,10,2,0.6,0.7,0.05,0,77.66666667,1.484440227
3864,sub-31,vision,5,23,11,2,0.6,0.3,0.125,-1,68.66666667,3.819324204
3865,sub-31,vision,5,24,12,1,0.5,0.7,0.05,-1,62.0,2.33498754
3866,sub-31,pain,6,1,1,2,48.0,0.7,0.125,1,77.0,1.81820585
3867,sub-31,pain,6,2,2,1,47.0,0.3,0.125,1,62.0,2.168243901
3868,sub-31,pain,6,3,3,1,47.0,0.7,0.125,1,39.33333333,3.202360238
3869,sub-31,pain,6,4,4,2,48.0,0.3,0.125,0,65.66666667,2.201451497
3870,sub-31,pain,6,5,5,1,47.0,0.3,0.125,0,28.0,2.085023849
3871,sub-31,pain,6,6,6,1,47.0,0.3,0.05,1,85.33333333,0.683773196
3872,sub-31,pain,6,7,7,2,48.0,0.7,0.05,1,63.0,2.535165805
3873,sub-31,pain,6,8,8,2,48.0,0.3,0.05,1,38.66666667,2.43495616
3874,sub-31,pain,6,9,9,2,48.0,0.3,0.125,1,86.0,1.501037028
3875,sub-31,pain,6,10,10,1,47.0,0.7,0.125,0,70.66666667,3.185606382
3876,sub-31,pain,6,11,11,2,48.0,0.7,0.125,0,93.33333333,3.619168331
3877,sub-31,pain,6,12,12,1,47.0,0.7,0.05,1,83.33333333,4.053121207
3878,sub-31,vision,6,13,1,1,0.5,0.3,0.125,1,48.0,3.635864963
3879,sub-31,vision,6,14,2,2,0.6,0.3,0.125,0,80.0,1.234065084
3880,sub-31,vision,6,15,3,1,0.5,0.3,0.05,1,51.0,2.218297719
3881,sub-31,vision,6,16,4,2,0.6,0.7,0.125,0,67.66666667,3.802764102
3882,sub-31,vision,6,17,5,2,0.6,0.3,0.125,1,78.66666667,3.686007416
3883,sub-31,vision,6,18,6,2,0.6,0.7,0.05,1,64.66666667,2.651924045
3884,sub-31,vision,6,19,7,1,0.5,0.7,0.125,1,46.33333333,3.035479759
3885,sub-31,vision,6,20,8,2,0.6,0.3,0.05,1,68.33333333,2.468475067
3886,sub-31,vision,6,21,9,1,0.5,0.3,0.125,0,56.66666667,3.118844425
3887,sub-31,vision,6,22,10,2,0.6,0.7,0.125,1,72.33333333,2.885431507
3888,sub-31,vision,6,23,11,1,0.5,0.7,0.05,1,53.33333333,2.668574027
3889,sub-31,vision,6,24,12,1,0.5,0.7,0.125,0,46.66666667,2.001321748
3890,sub-32,vision,1,1,1,2,0.6,0.3,0.125,-1,30.66666667,1.984839301
3891,sub-32,vision,1,2,2,2,0.6,0.7,0.125,-1,46.33333333,2.702021416
3892,sub-32,vision,1,3,3,2,0.6,0.3,0.05,0,45.66666667,2.885359886
3893,sub-32,vision,1,4,4,1,0.5,0.3,0.125,-1,29.0,2.518283931
3894,sub-32,vision,1,5,5,1,0.5,0.7,0.05,-1,58.33333333,2.918819911
3895,sub-32,vision,1,6,6,2,0.6,0.7,0.05,-1,56.33333333,2.919046631
3896,sub-32,vision,1,7,7,1,0.5,0.7,0.125,-1,63.33333333,2.835559223
3897,sub-32,vision,1,8,8,2,0.6,0.3,0.05,-1,48.66666667,2.58516013
3898,sub-32,vision,1,9,9,1,0.5,0.7,0.05,0,56.66666667,3.202301162
3899,sub-32,vision,1,10,10,1,0.5,0.3,0.05,0,45.0,3.385898385
3900,sub-32,vision,1,11,11,1,0.5,0.3,0.05,-1,33.66666667,3.202369893
3901,sub-32,vision,1,12,12,2,0.6,0.7,0.05,0,70.66666667,4.019733354
3902,sub-32,pain,1,13,1,1,47.0,0.3,0.125,-1,48.0,2.084851461
3903,sub-32,pain,1,14,2,1,47.0,0.7,0.125,-1,91.0,0.984003951
3904,sub-32,pain,1,15,3,2,48.0,0.3,0.05,0,68.33333333,3.235676284
3905,sub-32,pain,1,16,4,2,48.0,0.3,0.05,-1,76.66666667,1.551154919
3906,sub-32,pain,1,17,5,1,47.0,0.7,0.05,-1,82.0,3.385650828
3907,sub-32,pain,1,18,6,2,48.0,0.3,0.125,-1,65.0,1.717970504
3908,sub-32,pain,1,19,7,1,47.0,0.3,0.05,0,48.0,2.985571398
3909,sub-32,pain,1,20,8,2,48.0,0.7,0.125,-1,94.33333333,1.634269437
3910,sub-32,pain,1,21,9,2,48.0,0.7,0.05,0,85.66666667,1.400977602
3911,sub-32,pain,1,22,10,1,47.0,0.3,0.05,-1,46.33333333,1.934602302
3912,sub-32,pain,1,23,11,2,48.0,0.7,0.05,-1,86.66666667,1.400969516
3913,sub-32,pain,1,24,12,1,47.0,0.7,0.05,0,90.66666667,3.385676641
3914,sub-32,pain,2,1,1,2,48.0,0.7,0.05,1,100.0,0.833913092
3915,sub-32,pain,2,2,2,1,47.0,0.7,0.05,1,92.0,1.234051923
3916,sub-32,pain,2,3,3,2,48.0,0.3,0.05,1,71.33333333,1.417710724
3917,sub-32,pain,2,4,4,1,47.0,0.3,0.125,0,66.66666667,3.669350091
3918,sub-32,pain,2,5,5,1,47.0,0.3,0.125,1,64.0,1.86795469
3919,sub-32,pain,2,6,6,1,47.0,0.7,0.125,0,67.33333333,2.952218358
3920,sub-32,pain,2,7,7,2,48.0,0.7,0.125,1,68.33333333,2.585048169
3921,sub-32,pain,2,8,8,2,48.0,0.3,0.125,1,66.0,3.119022124
3922,sub-32,pain,2,9,9,2,48.0,0.7,0.125,0,94.0,1.33437353
3923,sub-32,pain,2,10,10,1,47.0,0.3,0.05,1,63.0,3.435895291
3924,sub-32,pain,2,11,11,2,48.0,0.3,0.125,0,60.66666667,2.651954535
3925,sub-32,pain,2,12,12,1,47.0,0.7,0.125,1,73.66666667,3.15224019
3926,sub-32,vision,2,13,1,1,0.5,0.7,0.05,1,49.33333333,2.635364784
3927,sub-32,vision,2,14,2,2,0.6,0.7,0.125,0,60.33333333,3.085541884
3928,sub-32,vision,2,15,3,2,0.6,0.7,0.125,1,83.66666667,1.351001534
3929,sub-32,vision,2,16,4,1,0.5,0.3,0.125,0,47.33333333,2.935308587
3930,sub-32,vision,2,17,5,2,0.6,0.3,0.05,1,42.66666667,2.835580371
3931,sub-32,vision,2,18,6,1,0.5,0.7,0.125,0,57.66666667,2.168143561
3932,sub-32,vision,2,19,7,2,0.6,0.3,0.125,1,39.66666667,3.335689066
3933,sub-32,vision,2,20,8,1,0.5,0.3,0.125,1,51.0,3.168827142
3934,sub-32,vision,2,21,9,1,0.5,0.3,0.05,1,45.0,2.935484302
3935,sub-32,vision,2,22,10,2,0.6,0.7,0.05,1,81.0,3.602945681
3936,sub-32,vision,2,23,11,1,0.5,0.7,0.125,1,76.0,2.585137738
3937,sub-32,vision,2,24,12,2,0.6,0.3,0.125,0,44.33333333,3.435881607
3938,sub-32,pain,3,1,1,1,47.0,0.7,0.05,0,97.33333333,1.15093585
3939,sub-32,pain,3,2,2,2,48.0,0.3,0.05,-1,72.0,1.667762739
3940,sub-32,pain,3,3,3,1,47.0,0.3,0.05,-1,49.0,3.102290557
3941,sub-32,pain,3,4,4,1,47.0,0.7,0.05,-1,73.0,1.934712708
3942,sub-32,pain,3,5,5,2,48.0,0.3,0.125,-1,44.0,2.701836059
3943,sub-32,pain,3,6,6,1,47.0,0.7,0.125,-1,75.0,1.684540957
3944,sub-32,pain,3,7,7,2,48.0,0.7,0.05,-1,77.0,3.88611873
3945,sub-32,pain,3,8,8,1,47.0,0.3,0.05,0,44.33333333,2.501864609
3946,sub-32,pain,3,9,9,1,47.0,0.3,0.125,-1,28.0,2.852101079
3947,sub-32,pain,3,10,10,2,48.0,0.7,0.05,0,75.66666667,2.86858509
3948,sub-32,pain,3,11,11,2,48.0,0.7,0.125,-1,86.33333333,1.434338728
3949,sub-32,pain,3,12,12,2,48.0,0.3,0.05,0,47.33333333,2.451861795
3950,sub-32,vision,3,13,1,1,0.5,0.3,0.05,0,36.33333333,2.068170898
3951,sub-32,vision,3,14,2,2,0.6,0.3,0.05,-1,33.66666667,2.551862137
3952,sub-32,vision,3,15,3,1,0.5,0.3,0.125,-1,41.66666667,2.068281614
3953,sub-32,vision,3,16,4,2,0.6,0.7,0.125,-1,70.66666667,1.867958422
3954,sub-32,vision,3,17,5,2,0.6,0.3,0.05,0,59.0,2.635317512
3955,sub-32,vision,3,18,6,2,0.6,0.7,0.05,0,77.33333333,3.619322085
3956,sub-32,vision,3,19,7,1,0.5,0.3,0.05,-1,42.0,2.201508108
3957,sub-32,vision,3,20,8,1,0.5,0.7,0.125,-1,68.33333333,3.836256488
3958,sub-32,vision,3,21,9,1,0.5,0.7,0.05,0,70.66666667,1.935061962
3959,sub-32,vision,3,22,10,1,0.5,0.7,0.05,-1,63.66666667,3.819391501
3960,sub-32,vision,3,23,11,2,0.6,0.7,0.05,-1,81.66666667,1.63441623
3961,sub-32,vision,3,24,12,2,0.6,0.3,0.125,-1,54.0,3.152141292
3962,sub-32,vision,4,1,1,2,0.6,0.7,0.05,1,64.33333333,2.501898819
3963,sub-32,vision,4,2,2,1,0.5,0.7,0.125,1,80.33333333,3.702583396
3964,sub-32,vision,4,3,3,1,0.5,0.3,0.05,1,44.0,2.902206524
3965,sub-32,vision,4,4,4,2,0.6,0.7,0.125,0,63.33333333,2.384959783
3966,sub-32,vision,4,5,5,2,0.6,0.3,0.05,1,48.66666667,3.419103078
3967,sub-32,vision,4,6,6,2,0.6,0.3,0.125,1,51.66666667,3.302403513
3968,sub-32,vision,4,7,7,2,0.6,0.7,0.125,1,77.0,2.485092301
3969,sub-32,vision,4,8,8,1,0.5,0.3,0.125,0,79.33333333,3.952793089
3970,sub-32,vision,4,9,9,2,0.6,0.3,0.125,0,51.0,2.13481229
3971,sub-32,vision,4,10,10,1,0.5,0.7,0.05,1,52.66666667,2.651763269
3972,sub-32,vision,4,11,11,1,0.5,0.7,0.125,0,70.33333333,2.218336086
3973,sub-32,vision,4,12,12,1,0.5,0.3,0.125,1,36.66666667,2.11812022
3974,sub-32,pain,4,13,1,1,47.0,0.7,0.125,0,73.0,2.134999513
3975,sub-32,pain,4,14,2,2,48.0,0.7,0.05,1,82.66666667,2.284967216
3976,sub-32,pain,4,15,3,2,48.0,0.7,0.125,1,85.33333333,1.85135903
3977,sub-32,pain,4,16,4,1,47.0,0.7,0.05,1,60.33333333,2.701789098
3978,sub-32,pain,4,17,5,1,47.0,0.3,0.05,1,44.33333333,2.601847535
3979,sub-32,pain,4,18,6,2,48.0,0.3,0.125,1,45.33333333,2.768648814
3980,sub-32,pain,4,19,7,2,48.0,0.3,0.125,0,53.33333333,2.93554246
3981,sub-32,pain,4,20,8,2,48.0,0.7,0.125,0,70.33333333,1.93469778
3982,sub-32,pain,4,21,9,2,48.0,0.3,0.05,1,53.33333333,2.001427808
3983,sub-32,pain,4,22,10,1,47.0,0.3,0.125,0,28.33333333,2.001454865
3984,sub-32,pain,4,23,11,1,47.0,0.7,0.125,1,68.0,2.051461722
3985,sub-32,pain,4,24,12,1,47.0,0.3,0.125,1,17.0,1.417728452
3986,sub-32,vision,5,1,1,1,0.5,0.3,0.05,0,24.0,3.269187002
3987,sub-32,vision,5,2,2,2,0.6,0.3,0.05,0,48.33333333,2.568653106
3988,sub-32,vision,5,3,3,1,0.5,0.3,0.125,-1,48.0,3.152220908
3989,sub-32,vision,5,4,4,2,0.6,0.7,0.125,-1,67.0,3.969709391
3990,sub-32,vision,5,5,5,1,0.5,0.7,0.125,-1,75.0,2.151459265
3991,sub-32,vision,5,6,6,1,0.5,0.7,0.05,-1,72.33333333,2.468401474
3992,sub-32,vision,5,7,7,2,0.6,0.7,0.05,0,57.33333333,2.485228519
3993,sub-32,vision,5,8,8,1,0.5,0.3,0.05,-1,33.0,4.152878987
3994,sub-32,vision,5,9,9,2,0.6,0.3,0.05,-1,43.0,2.234938588
3995,sub-32,vision,5,10,10,2,0.6,0.3,0.125,-1,59.66666667,3.319071325
3996,sub-32,vision,5,11,11,1,0.5,0.7,0.05,0,73.33333333,3.686007951
3997,sub-32,vision,5,12,12,2,0.6,0.7,0.05,-1,75.33333333,1.801278776
3998,sub-32,pain,5,13,1,2,48.0,0.7,0.125,-1,92.0,1.250918154
3999,sub-32,pain,5,14,2,1,47.0,0.7,0.05,0,71.66666667,1.517808099
4000,sub-32,pain,5,15,3,2,48.0,0.7,0.05,-1,59.66666667,3.052268771
4001,sub-32,pain,5,16,4,1,47.0,0.3,0.125,-1,47.0,2.885440747
4002,sub-32,pain,5,17,5,1,47.0,0.7,0.125,-1,74.66666667,1.818003812
4003,sub-32,pain,5,18,6,2,48.0,0.7,0.05,0,49.33333333,2.301502852
4004,sub-32,pain,5,19,7,1,47.0,0.3,0.05,0,27.0,1.784779215
4005,sub-32,pain,5,20,8,1,47.0,0.7,0.05,-1,50.0,2.752036982
4006,sub-32,pain,5,21,9,1,47.0,0.3,0.05,-1,38.33333333,2.118123641
4007,sub-32,pain,5,22,10,2,48.0,0.3,0.125,-1,31.0,3.586031867
4008,sub-32,pain,5,23,11,2,48.0,0.3,0.05,-1,47.66666667,2.43503475
4009,sub-32,pain,5,24,12,2,48.0,0.3,0.05,0,25.66666667,2.951949031
4010,sub-32,vision,6,1,1,1,0.5,0.3,0.05,1,37.0,2.735209937
4011,sub-32,vision,6,2,2,2,0.6,0.3,0.125,0,61.66666667,2.552137062
4012,sub-32,vision,6,3,3,2,0.6,0.7,0.05,1,63.66666667,2.335070795
4013,sub-32,vision,6,4,4,2,0.6,0.3,0.125,1,57.33333333,3.11878483
4014,sub-32,vision,6,5,5,1,0.5,0.3,0.125,1,43.66666667,3.352642377
4015,sub-32,vision,6,6,6,1,0.5,0.7,0.05,1,74.0,2.068276327
4016,sub-32,vision,6,7,7,1,0.5,0.7,0.125,0,50.0,1.984809134
4017,sub-32,vision,6,8,8,1,0.5,0.7,0.125,1,71.0,3.90304685
4018,sub-32,vision,6,9,9,1,0.5,0.3,0.125,0,57.0,3.752610157
4019,sub-32,vision,6,10,10,2,0.6,0.7,0.125,0,89.33333333,3.335732295
4020,sub-32,vision,6,11,11,2,0.6,0.7,0.125,1,85.33333333,1.734484059
4021,sub-32,vision,6,12,12,2,0.6,0.3,0.05,1,48.33333333,3.485859541
4022,sub-32,pain,6,13,1,1,47.0,0.7,0.05,1,77.33333333,2.93559222
4023,sub-32,pain,6,14,2,1,47.0,0.3,0.125,0,15.0,2.702079884
4024,sub-32,pain,6,15,3,2,48.0,0.3,0.125,1,50.0,2.084840887
4025,sub-32,pain,6,16,4,1,47.0,0.7,0.125,1,39.33333333,2.368461777
4026,sub-32,pain,6,17,5,1,47.0,0.3,0.125,1,8.333333333,2.084806677
4027,sub-32,pain,6,18,6,2,48.0,0.3,0.05,1,35.0,2.23494232
4028,sub-32,pain,6,19,7,1,47.0,0.7,0.125,0,50.33333333,3.018958027
4029,sub-32,pain,6,20,8,2,48.0,0.7,0.125,0,56.0,3.235653891
4030,sub-32,pain,6,21,9,2,48.0,0.3,0.125,0,46.33333333,2.935267534
4031,sub-32,pain,6,22,10,2,48.0,0.7,0.05,1,72.33333333,1.851149726
4032,sub-32,pain,6,23,11,1,47.0,0.3,0.05,1,25.66666667,1.767869444
4033,sub-32,pain,6,24,12,2,48.0,0.7,0.125,1,48.0,3.16896616
4034,sub-33,vision,1,1,1,2,0.6,0.7,0.05,0,75.0,2.58515488
4035,sub-33,vision,1,2,2,2,0.6,0.3,0.05,0,75.0,0.450290166
4036,sub-33,vision,1,3,3,1,0.5,0.3,0.05,-1,50.33333333,1.867915967
4037,sub-33,vision,1,4,4,2,0.6,0.7,0.125,-1,77.66666667,2.168297568
4038,sub-33,vision,1,5,5,1,0.5,0.7,0.125,-1,70.33333333,1.534440194
4039,sub-33,vision,1,6,6,1,0.5,0.3,0.125,-1,45.0,2.151630901
4040,sub-33,vision,1,7,7,2,0.6,0.3,0.05,-1,38.66666667,2.702267525
4041,sub-33,vision,1,8,8,2,0.6,0.7,0.05,-1,69.66666667,2.285032033
4042,sub-33,vision,1,9,9,1,0.5,0.7,0.05,0,67.33333333,2.101768365
4043,sub-33,vision,1,10,10,1,0.5,0.3,0.05,0,34.0,2.618504696
4044,sub-33,vision,1,11,11,2,0.6,0.3,0.125,-1,45.66666667,2.768601107
4045,sub-33,vision,1,12,12,1,0.5,0.7,0.05,-1,75.33333333,2.11824252
4046,sub-33,pain,1,13,1,1,47.0,0.7,0.05,0,91.66666667,3.469082851
4047,sub-33,pain,1,14,2,2,48.0,0.3,0.05,-1,81.33333333,1.834663183
4048,sub-33,pain,1,15,3,1,47.0,0.3,0.05,-1,68.0,2.318330534
4049,sub-33,pain,1,16,4,2,48.0,0.7,0.05,-1,84.0,3.102312621
4050,sub-33,pain,1,17,5,2,48.0,0.7,0.05,0,83.66666667,2.034817441
4051,sub-33,pain,1,18,6,2,48.0,0.3,0.125,-1,58.0,3.26901412
4052,sub-33,pain,1,19,7,1,47.0,0.3,0.125,-1,1.333333333,2.28485134
4053,sub-33,pain,1,20,8,1,47.0,0.3,0.05,0,51.0,2.585237918
4054,sub-33,pain,1,21,9,2,48.0,0.3,0.05,0,54.66666667,2.051396716
4055,sub-33,pain,1,22,10,1,47.0,0.7,0.125,-1,62.33333333,2.73522641
4056,sub-33,pain,1,23,11,2,48.0,0.7,0.125,-1,2.0,3.736065808
4057,sub-33,pain,1,24,12,1,47.0,0.7,0.05,-1,72.66666667,2.101556883
4058,sub-33,vision,2,1,1,1,0.5,0.3,0.125,0,41.0,1.501307769
4059,sub-33,vision,2,2,2,2,0.6,0.3,0.125,1,46.33333333,2.251558438
4060,sub-33,vision,2,3,3,2,0.6,0.3,0.125,0,38.0,2.368386826
4061,sub-33,vision,2,4,4,2,0.6,0.7,0.125,1,52.33333333,2.902132239
4062,sub-33,vision,2,5,5,1,0.5,0.3,0.05,1,34.0,2.051449897
4063,sub-33,vision,2,6,6,2,0.6,0.7,0.125,0,51.33333333,2.535067177
4064,sub-33,vision,2,7,7,2,0.6,0.3,0.05,1,42.0,1.967968837
4065,sub-33,vision,2,8,8,1,0.5,0.3,0.125,1,29.66666667,1.701230329
4066,sub-33,vision,2,9,9,2,0.6,0.7,0.05,1,59.66666667,1.667943024
4067,sub-33,vision,2,10,10,1,0.5,0.7,0.125,0,71.66666667,3.335888225
4068,sub-33,vision,2,11,11,1,0.5,0.7,0.125,1,62.66666667,2.284981962
4069,sub-33,vision,2,12,12,1,0.5,0.7,0.05,1,71.33333333,1.317459103
4070,sub-33,pain,2,13,1,2,48.0,0.7,0.125,1,100.0,2.41840673
4071,sub-33,pain,2,14,2,1,47.0,0.3,0.05,1,53.66666667,2.218231013
4072,sub-33,pain,2,15,3,2,48.0,0.3,0.125,0,75.33333333,1.818059339
4073,sub-33,pain,2,16,4,1,47.0,0.7,0.125,1,88.0,2.468553524
4074,sub-33,pain,2,17,5,1,47.0,0.3,0.125,1,66.33333333,1.78459694
4075,sub-33,pain,2,18,6,2,48.0,0.3,0.125,1,81.0,1.884582323
4076,sub-33,pain,2,19,7,1,47.0,0.7,0.05,1,91.66666667,1.918035081
4077,sub-33,pain,2,20,8,2,48.0,0.7,0.125,0,85.0,3.085882005
4078,sub-33,pain,2,21,9,1,47.0,0.7,0.125,0,78.0,2.118246563
4079,sub-33,pain,2,22,10,2,48.0,0.3,0.05,1,73.33333333,0.96761927
4080,sub-33,pain,2,23,11,1,47.0,0.3,0.125,0,76.66666667,2.101552528
4081,sub-33,pain,2,24,12,2,48.0,0.7,0.05,1,91.66666667,2.385078684
4082,sub-33,pain,3,1,1,1,47.0,0.3,0.125,-1,99.66666667,1.234472538
4083,sub-33,pain,3,2,2,1,47.0,0.7,0.05,0,85.66666667,1.884613423
4084,sub-33,pain,3,3,3,1,47.0,0.7,0.05,-1,84.0,2.985493562
4085,sub-33,pain,3,4,4,2,48.0,0.3,0.125,-1,87.66666667,2.651955278
4086,sub-33,pain,3,5,5,2,48.0,0.7,0.125,-1,93.33333333,1.617817379
4087,sub-33,pain,3,6,6,2,48.0,0.3,0.05,0,82.33333333,3.152296759
4088,sub-33,pain,3,7,7,1,47.0,0.3,0.05,-1,76.66666667,1.484401008
4089,sub-33,pain,3,8,8,2,48.0,0.7,0.05,0,73.0,2.518551658
4090,sub-33,pain,3,9,9,2,48.0,0.7,0.05,-1,75.66666667,2.418744169
4091,sub-33,pain,3,10,10,1,47.0,0.7,0.125,-1,78.0,2.568470797
4092,sub-33,pain,3,11,11,2,48.0,0.3,0.05,-1,97.33333333,2.568565653
4093,sub-33,pain,3,12,12,1,47.0,0.3,0.05,0,78.33333333,2.451823723
4094,sub-33,vision,3,13,1,2,0.6,0.7,0.05,-1,61.33333333,1.751360328
4095,sub-33,vision,3,14,2,1,0.5,0.3,0.125,-1,53.0,2.101492194
4096,sub-33,vision,3,15,3,2,0.6,0.3,0.05,0,62.66666667,2.452039249
4097,sub-33,vision,3,16,4,1,0.5,0.3,0.05,-1,64.0,2.301671643
4098,sub-33,vision,3,17,5,2,0.6,0.3,0.05,-1,48.0,2.501796666
4099,sub-33,vision,3,18,6,2,0.6,0.7,0.05,0,77.0,2.16815264
4100,sub-33,vision,3,19,7,1,0.5,0.7,0.05,0,65.0,1.56772159
4101,sub-33,vision,3,20,8,1,0.5,0.7,0.05,-1,75.33333333,2.385009019
4102,sub-33,vision,3,21,9,2,0.6,0.7,0.125,-1,82.66666667,2.885358587
4103,sub-33,vision,3,22,10,2,0.6,0.3,0.125,-1,33.0,1.517800896
4104,sub-33,vision,3,23,11,1,0.5,0.7,0.125,-1,73.66666667,2.518401132
4105,sub-33,vision,3,24,12,1,0.5,0.3,0.05,0,59.66666667,2.101448031
4106,sub-33,pain,4,1,1,2,48.0,0.3,0.05,1,100.0,1.767976924
4107,sub-33,pain,4,2,2,1,47.0,0.3,0.125,0,82.0,2.485076196
4108,sub-33,pain,4,3,3,2,48.0,0.7,0.125,1,100.0,0.967349941
4109,sub-33,pain,4,4,4,2,48.0,0.3,0.125,1,82.33333333,2.71867948
4110,sub-33,pain,4,5,5,1,47.0,0.7,0.125,1,92.0,1.450947627
4111,sub-33,pain,4,6,6,2,48.0,0.3,0.125,0,100.0,1.534722585
4112,sub-33,pain,4,7,7,1,47.0,0.7,0.125,0,90.66666667,1.067417429
4113,sub-33,pain,4,8,8,2,48.0,0.7,0.05,1,89.33333333,3.235594638
4114,sub-33,pain,4,9,9,2,48.0,0.7,0.125,0,100.0,0.933973378
4115,sub-33,pain,4,10,10,1,47.0,0.3,0.125,1,85.33333333,3.085571935
4116,sub-33,pain,4,11,11,1,47.0,0.7,0.05,1,84.33333333,1.584639236
4117,sub-33,pain,4,12,12,1,47.0,0.3,0.05,1,52.66666667,1.95143217
4118,sub-33,vision,4,13,1,2,0.6,0.7,0.05,1,78.0,2.084989426
4119,sub-33,vision,4,14,2,1,0.5,0.7,0.125,1,61.33333333,1.951288176
4120,sub-33,vision,4,15,3,2,0.6,0.3,0.125,0,65.66666667,2.034786963
4121,sub-33,vision,4,16,4,2,0.6,0.3,0.05,1,53.66666667,2.685037942
4122,sub-33,vision,4,17,5,1,0.5,0.7,0.125,0,79.33333333,1.867938048
4123,sub-33,vision,4,18,6,2,0.6,0.7,0.125,0,75.33333333,1.784665671
4124,sub-33,vision,4,19,7,1,0.5,0.3,0.05,1,30.33333333,1.884640791
4125,sub-33,vision,4,20,8,2,0.6,0.3,0.125,1,53.66666667,2.902034895
4126,sub-33,vision,4,21,9,2,0.6,0.7,0.125,1,74.66666667,1.434418424
4127,sub-33,vision,4,22,10,1,0.5,0.3,0.125,0,41.0,2.034765504
4128,sub-33,vision,4,23,11,1,0.5,0.7,0.05,1,76.0,2.084774212
4129,sub-33,vision,4,24,12,1,0.5,0.3,0.125,1,69.0,2.151470424
4130,sub-33,vision,5,1,1,2,0.6,0.3,0.05,0,44.33333333,2.335360453
4131,sub-33,vision,5,2,2,1,0.5,0.3,0.05,-1,33.0,2.568574983
4132,sub-33,vision,5,3,3,2,0.6,0.3,0.05,-1,28.66666667,2.434978852
4133,sub-33,vision,5,4,4,2,0.6,0.7,0.05,0,45.66666667,2.751956833
4134,sub-33,vision,5,5,5,2,0.6,0.3,0.125,-1,41.0,2.018114076
4135,sub-33,vision,5,6,6,1,0.5,0.7,0.125,-1,60.66666667,2.535253157
4136,sub-33,vision,5,7,7,2,0.6,0.7,0.125,-1,45.0,1.951699322
4137,sub-33,vision,5,8,8,2,0.6,0.7,0.05,-1,49.33333333,2.118203023
4138,sub-33,vision,5,9,9,1,0.5,0.7,0.05,0,65.66666667,3.035682963
4139,sub-33,vision,5,10,10,1,0.5,0.3,0.05,0,48.66666667,1.78463115
4140,sub-33,vision,5,11,11,1,0.5,0.7,0.05,-1,65.66666667,1.767978168
4141,sub-33,vision,5,12,12,1,0.5,0.3,0.125,-1,35.0,1.484422467
4142,sub-33,pain,5,13,1,1,47.0,0.7,0.05,-1,100.0,0.934099023
4143,sub-33,pain,5,14,2,2,48.0,0.3,0.125,-1,100.0,1.901380233
4144,sub-33,pain,5,15,3,1,47.0,0.7,0.05,0,86.33333333,2.568548859
4145,sub-33,pain,5,16,4,2,48.0,0.7,0.05,0,87.66666667,2.768558811
4146,sub-33,pain,5,17,5,2,48.0,0.7,0.125,-1,95.0,1.918166636
4147,sub-33,pain,5,18,6,1,47.0,0.7,0.125,-1,85.33333333,1.63455682
4148,sub-33,pain,5,19,7,1,47.0,0.3,0.05,0,78.0,1.768105679
4149,sub-33,pain,5,20,8,2,48.0,0.3,0.05,0,95.33333333,2.768712135
4150,sub-33,pain,5,21,9,1,47.0,0.3,0.05,-1,56.33333333,2.134756173
4151,sub-33,pain,5,22,10,2,48.0,0.3,0.05,-1,77.0,2.084756173
4152,sub-33,pain,5,23,11,2,48.0,0.7,0.05,-1,86.0,2.118082976
4153,sub-33,pain,5,24,12,1,47.0,0.3,0.125,-1,60.33333333,2.068195248
4154,sub-33,vision,6,1,1,2,0.6,0.3,0.125,1,70.33333333,2.184914163
4155,sub-33,vision,6,2,2,1,0.5,0.3,0.05,1,63.0,2.485184114
4156,sub-33,vision,6,3,3,2,0.6,0.7,0.125,0,69.0,1.56779903
4157,sub-33,vision,6,4,4,2,0.6,0.7,0.05,1,67.66666667,1.917949866
4158,sub-33,vision,6,5,5,1,0.5,0.7,0.125,1,69.66666667,1.417739317
4159,sub-33,vision,6,6,6,2,0.6,0.7,0.125,1,75.66666667,1.634530696
4160,sub-33,vision,6,7,7,2,0.6,0.3,0.05,1,71.66666667,2.301626858
4161,sub-33,vision,6,8,8,1,0.5,0.7,0.125,0,70.66666667,2.284997201
4162,sub-33,vision,6,9,9,1,0.5,0.3,0.125,0,46.66666667,1.984773279
4163,sub-33,vision,6,10,10,1,0.5,0.3,0.125,1,56.33333333,1.868063382
4164,sub-33,vision,6,11,11,2,0.6,0.3,0.125,0,59.0,2.71864838
4165,sub-33,vision,6,12,12,1,0.5,0.7,0.05,1,63.33333333,1.367751446
4166,sub-33,pain,6,13,1,1,47.0,0.7,0.05,1,100.0,1.467739317
4167,sub-33,pain,6,14,2,1,47.0,0.7,0.125,1,76.33333333,2.318385271
4168,sub-33,pain,6,15,3,1,47.0,0.7,0.125,0,82.33333333,1.50111899
4169,sub-33,pain,6,16,4,2,48.0,0.3,0.125,0,82.0,1.701303726
4170,sub-33,pain,6,17,5,1,47.0,0.3,0.05,1,84.33333333,2.485008086
4171,sub-33,pain,6,18,6,2,48.0,0.7,0.125,1,100.0,1.684546868
4172,sub-33,pain,6,19,7,2,48.0,0.7,0.125,0,74.33333333,2.218317472
4173,sub-33,pain,6,20,8,1,47.0,0.3,0.125,0,56.66666667,2.368390558
4174,sub-33,pain,6,21,9,2,48.0,0.3,0.125,1,82.33333333,2.001467314
4175,sub-33,pain,6,22,10,2,48.0,0.3,0.05,1,76.33333333,2.051516141
4176,sub-33,pain,6,23,11,2,48.0,0.7,0.05,1,82.33333333,2.685683896
4177,sub-33,pain,6,24,12,1,47.0,0.3,0.125,1,91.66666667,1.617784724
4178,sub-34,vision,1,1,1,2,0.6,0.3,0.125,-1,43.66666667,3.202281866
4179,sub-34,vision,1,2,2,1,0.5,0.3,0.05,-1,29.0,2.151561264
4180,sub-34,vision,1,3,3,2,0.6,0.7,0.125,-1,62.66666667,2.751939626
4181,sub-34,vision,1,4,4,1,0.5,0.3,0.125,-1,41.0,2.601883911
4182,sub-34,vision,1,5,5,1,0.5,0.7,0.05,-1,52.33333333,3.869634908
4183,sub-34,vision,1,6,6,1,0.5,0.3,0.05,0,32.66666667,3.052085578
4188,sub-34,vision,1,11,11,2,0.6,0.7,0.05,0,71.0,2.885448923
4189,sub-34,vision,1,12,12,1,0.5,0.7,0.05,0,44.66666667,2.068322242
4190,sub-34,pain,1,13,1,2,48.0,0.3,0.05,-1,89.0,2.585230819
4191,sub-34,pain,1,14,2,1,47.0,0.3,0.05,0,62.0,2.551777222
4192,sub-34,pain,1,15,3,1,47.0,0.7,0.05,0,58.0,2.285006806
4193,sub-34,pain,1,16,4,2,48.0,0.3,0.125,-1,52.66666667,1.968050397
4194,sub-34,pain,1,17,5,1,47.0,0.7,0.125,-1,67.66666667,1.984627916
4195,sub-34,pain,1,18,6,2,48.0,0.3,0.05,0,48.33333333,2.03475824
4196,sub-34,pain,1,19,7,1,47.0,0.7,0.05,-1,36.0,2.268293381
4197,sub-34,pain,1,20,8,1,47.0,0.3,0.125,-1,37.33333333,2.118075634
4198,sub-34,pain,1,21,9,2,48.0,0.7,0.05,0,58.66666667,2.018047924
4199,sub-34,pain,1,22,10,1,47.0,0.3,0.05,-1,49.0,2.268315151
4200,sub-34,pain,1,23,11,2,48.0,0.7,0.125,-1,79.33333333,1.851328854
4201,sub-34,pain,1,24,12,2,48.0,0.7,0.05,-1,78.0,1.584700565
4202,sub-34,vision,2,1,1,1,0.5,0.3,0.125,1,43.0,2.184910987
4203,sub-34,vision,2,2,2,2,0.6,0.3,0.125,1,77.0,2.218261643
4204,sub-34,vision,2,3,3,2,0.6,0.7,0.125,0,77.66666667,2.435150224
4205,sub-34,vision,2,4,4,1,0.5,0.7,0.05,1,32.0,2.168210624
4206,sub-34,vision,2,5,5,1,0.5,0.7,0.125,1,48.33333333,2.88559105
4207,sub-34,vision,2,6,6,1,0.5,0.3,0.05,1,32.0,2.468321744
4208,sub-34,vision,2,7,7,2,0.6,0.7,0.125,1,75.0,1.601034571
4209,sub-34,vision,2,8,8,2,0.6,0.3,0.125,0,47.33333333,1.884676089
4210,sub-34,vision,2,9,9,2,0.6,0.3,0.05,1,70.33333333,1.751254805
4211,sub-34,vision,2,10,10,1,0.5,0.7,0.125,0,20.0,1.451051318
4212,sub-34,vision,2,11,11,1,0.5,0.3,0.125,0,35.66666667,2.668693762
4213,sub-34,vision,2,12,12,2,0.6,0.7,0.05,1,88.33333333,2.752021419
4214,sub-34,pain,2,13,1,2,48.0,0.3,0.125,0,94.0,2.318597865
4215,sub-34,pain,2,14,2,1,47.0,0.3,0.125,1,49.33333333,2.051422527
4216,sub-34,pain,2,15,3,1,47.0,0.3,0.125,0,36.66666667,2.418433999
4217,sub-34,pain,2,16,4,2,48.0,0.3,0.05,1,50.33333333,2.068026792
4218,sub-34,pain,2,17,5,2,48.0,0.7,0.05,1,69.66666667,2.034611137
4219,sub-34,pain,2,18,6,1,47.0,0.7,0.125,1,52.66666667,2.251635624
4220,sub-34,pain,2,19,7,2,48.0,0.3,0.125,1,69.33333333,2.535074371
4221,sub-34,pain,2,20,8,1,47.0,0.3,0.05,1,64.66666667,2.16828402
4222,sub-34,pain,2,21,9,2,48.0,0.7,0.125,0,88.33333333,1.16751865
4223,sub-34,pain,2,22,10,2,48.0,0.7,0.125,1,78.66666667,2.651783162
4224,sub-34,pain,2,23,11,1,47.0,0.7,0.05,1,57.66666667,2.068013419
4225,sub-34,pain,2,24,12,1,47.0,0.7,0.125,0,63.66666667,2.435057857
4226,sub-34,pain,3,1,1,2,48.0,0.7,0.05,0,76.66666667,3.902857433
4227,sub-34,pain,3,2,2,1,47.0,0.3,0.05,-1,37.33333333,1.584345404
4228,sub-34,pain,3,3,3,2,48.0,0.7,0.05,-1,81.0,1.350910715
4229,sub-34,pain,3,4,4,2,48.0,0.7,0.125,-1,68.0,3.419159872
4230,sub-34,pain,3,5,5,2,48.0,0.3,0.125,-1,37.33333333,1.584473224
4231,sub-34,pain,3,6,6,1,47.0,0.7,0.05,0,41.33333333,2.034761661
4232,sub-34,pain,3,7,7,1,47.0,0.3,0.125,-1,51.0,1.817839182
4233,sub-34,pain,3,8,8,2,48.0,0.3,0.05,-1,46.33333333,1.58451241
4234,sub-34,pain,3,9,9,1,47.0,0.3,0.05,0,19.0,1.434338826
4235,sub-34,pain,3,10,10,2,48.0,0.3,0.05,0,39.33333333,2.184936178
4236,sub-34,pain,3,11,11,1,47.0,0.7,0.125,-1,61.66666667,2.668580869
4237,sub-34,pain,3,12,12,1,47.0,0.7,0.05,-1,65.66666667,2.084860263
4238,sub-34,vision,3,13,1,1,0.5,0.7,0.05,-1,59.33333333,2.051440254
4239,sub-34,vision,3,14,2,2,0.6,0.3,0.05,0,84.33333333,1.150695442
4240,sub-34,vision,3,15,3,2,0.6,0.3,0.05,-1,58.66666667,1.517742989
4241,sub-34,vision,3,16,4,2,0.6,0.7,0.05,-1,69.33333333,2.318361505
4242,sub-34,vision,3,17,5,1,0.5,0.7,0.125,-1,48.33333333,1.851356533
4243,sub-34,vision,3,18,6,1,0.5,0.3,0.05,0,49.0,2.301630975
4244,sub-34,vision,3,19,7,2,0.6,0.3,0.125,-1,67.66666667,1.951575819
4245,sub-34,vision,3,20,8,1,0.5,0.7,0.05,0,53.66666667,1.934937655
4246,sub-34,vision,3,21,9,1,0.5,0.3,0.05,-1,46.33333333,2.268122331
4247,sub-34,vision,3,22,10,2,0.6,0.7,0.125,-1,82.0,1.41769693
4248,sub-34,vision,3,23,11,1,0.5,0.3,0.125,-1,46.66666667,1.968009034
4249,sub-34,vision,3,24,12,2,0.6,0.7,0.05,0,75.0,1.884725849
4250,sub-34,vision,4,1,1,2,0.6,0.7,0.125,0,74.33333333,1.40110635
4251,sub-34,vision,4,2,2,1,0.5,0.7,0.125,1,33.33333333,1.584458296
4252,sub-34,vision,4,3,3,1,0.5,0.3,0.125,1,36.66666667,2.284882406
4253,sub-34,vision,4,4,4,2,0.6,0.3,0.125,0,78.33333333,1.434415954
4254,sub-34,vision,4,5,5,2,0.6,0.3,0.05,1,68.0,2.385004971
4255,sub-34,vision,4,6,6,1,0.5,0.3,0.125,0,15.66666667,2.468472268
4256,sub-34,vision,4,7,7,1,0.5,0.7,0.05,1,19.66666667,3.986252266
4257,sub-34,vision,4,8,8,2,0.6,0.7,0.05,1,71.0,1.651135039
4258,sub-34,vision,4,9,9,1,0.5,0.3,0.05,1,28.66666667,1.651319773
4259,sub-34,vision,4,10,10,2,0.6,0.7,0.125,1,66.66666667,1.701126969
4260,sub-34,vision,4,11,11,2,0.6,0.3,0.125,1,70.0,2.35167142
4261,sub-34,vision,4,12,12,1,0.5,0.7,0.125,0,31.33333333,1.917931268
4262,sub-34,pain,4,13,1,1,47.0,0.7,0.05,1,87.66666667,1.08420281
4263,sub-34,pain,4,14,2,1,47.0,0.3,0.05,1,1.0,3.202294306
4264,sub-34,pain,4,15,3,2,48.0,0.7,0.05,1,83.33333333,1.367556343
4265,sub-34,pain,4,16,4,1,47.0,0.3,0.125,1,48.33333333,2.218391019
4266,sub-34,pain,4,17,5,1,47.0,0.3,0.125,0,0.0,1.200785958
4267,sub-34,pain,4,18,6,2,48.0,0.3,0.05,1,40.66666667,1.551048239
4268,sub-34,pain,4,19,7,2,48.0,0.7,0.125,1,79.33333333,2.351685726
4269,sub-34,pain,4,20,8,1,47.0,0.7,0.125,1,59.66666667,1.701384166
4270,sub-34,pain,4,21,9,2,48.0,0.3,0.125,0,63.33333333,1.884679199
4271,sub-34,pain,4,22,10,1,47.0,0.7,0.125,0,68.0,2.184899169
4272,sub-34,pain,4,23,11,2,48.0,0.3,0.125,1,81.0,1.40086999
4273,sub-34,pain,4,24,12,2,48.0,0.7,0.125,0,83.0,2.902122541
4274,sub-34,vision,5,1,1,1,0.5,0.3,0.125,-1,48.0,1.668051237
4275,sub-34,vision,5,2,2,1,0.5,0.3,0.05,0,25.66666667,2.184734029
4276,sub-34,vision,5,3,3,1,0.5,0.3,0.05,-1,31.66666667,2.735284047
4277,sub-34,vision,5,4,4,2,0.6,0.7,0.125,-1,45.66666667,2.068188201
4278,sub-34,vision,5,5,5,2,0.6,0.3,0.05,-1,76.66666667,2.835378311
4279,sub-34,vision,5,6,6,1,0.5,0.7,0.05,-1,20.0,2.318576095
4280,sub-34,vision,5,7,7,2,0.6,0.3,0.125,-1,79.66666667,1.968011522
4281,sub-34,vision,5,8,8,1,0.5,0.7,0.05,0,50.33333333,2.251609189
4282,sub-34,vision,5,9,9,2,0.6,0.7,0.05,0,80.33333333,2.434962069
4283,sub-34,vision,5,10,10,2,0.6,0.3,0.05,0,74.0,2.051344777
4284,sub-34,vision,5,11,11,2,0.6,0.7,0.05,-1,48.66666667,1.567792143
4285,sub-34,vision,5,12,12,1,0.5,0.7,0.125,-1,29.33333333,1.717917522
4286,sub-34,pain,5,13,1,1,47.0,0.7,0.05,-1,87.0,1.067488763
4287,sub-34,pain,5,14,2,1,47.0,0.3,0.05,-1,61.66666667,2.101572134
4288,sub-34,pain,5,15,3,2,48.0,0.3,0.05,-1,85.66666667,1.501116644
4289,sub-34,pain,5,16,4,1,47.0,0.3,0.125,-1,65.0,2.101518642
4290,sub-34,pain,5,17,5,2,48.0,0.7,0.05,-1,90.66666667,2.018155841
4291,sub-34,pain,5,18,6,2,48.0,0.3,0.125,-1,86.33333333,1.401012739
4292,sub-34,pain,5,19,7,1,47.0,0.7,0.05,0,63.33333333,2.435142449
4293,sub-34,pain,5,20,8,2,48.0,0.3,0.05,0,83.66666667,1.484337908
4294,sub-34,pain,5,21,9,1,47.0,0.7,0.125,-1,74.66666667,2.101511489
4295,sub-34,pain,5,22,10,2,48.0,0.7,0.125,-1,92.66666667,1.651179512
4296,sub-34,pain,5,23,11,2,48.0,0.7,0.05,0,97.66666667,1.751308297
4297,sub-34,pain,5,24,12,1,47.0,0.3,0.05,0,57.33333333,2.218473123
4298,sub-34,pain,6,1,1,2,48.0,0.3,0.125,1,88.0,1.417770948
4299,sub-34,pain,6,2,2,2,48.0,0.7,0.05,1,76.66666667,2.418391392
4300,sub-34,pain,6,3,3,1,47.0,0.3,0.125,0,37.66666667,2.068181359
4301,sub-34,pain,6,4,4,1,47.0,0.3,0.125,1,21.66666667,1.367626007
4302,sub-34,pain,6,5,5,1,47.0,0.7,0.125,1,34.0,1.83459086
4303,sub-34,pain,6,6,6,2,48.0,0.3,0.125,0,71.0,1.667894493
4304,sub-34,pain,6,7,7,2,48.0,0.3,0.05,1,66.66666667,2.268291515
4305,sub-34,pain,6,8,8,2,48.0,0.7,0.125,0,85.33333333,1.367672346
4306,sub-34,pain,6,9,9,1,47.0,0.7,0.125,0,70.66666667,1.434357486
4307,sub-34,pain,6,10,10,1,47.0,0.7,0.05,1,69.33333333,2.451763507
4308,sub-34,pain,6,11,11,1,47.0,0.3,0.05,1,31.33333333,1.567650638
4309,sub-34,pain,6,12,12,2,48.0,0.7,0.125,1,96.0,0.917364005
4310,sub-34,vision,6,13,1,2,0.6,0.3,0.05,1,80.33333333,1.601256314
4311,sub-34,vision,6,14,2,1,0.5,0.7,0.05,1,34.0,2.618504658
4312,sub-34,vision,6,15,3,1,0.5,0.3,0.125,0,31.0,1.500980115
4313,sub-34,vision,6,16,4,1,0.5,0.3,0.125,1,61.0,2.001382393
4314,sub-34,vision,6,17,5,1,0.5,0.3,0.05,1,39.66666667,2.2349194
4315,sub-34,vision,6,18,6,2,0.6,0.3,0.125,0,64.33333333,1.617820459
4316,sub-34,vision,6,19,7,2,0.6,0.7,0.05,1,77.66666667,1.78453673
4317,sub-34,vision,6,20,8,1,0.5,0.7,0.125,1,34.66666667,2.084857153
4318,sub-34,vision,6,21,9,1,0.5,0.7,0.125,0,40.33333333,2.184829194
4319,sub-34,vision,6,22,10,2,0.6,0.3,0.125,1,63.0,2.618560327
4320,sub-34,vision,6,23,11,2,0.6,0.7,0.125,1,65.66666667,2.451774392
4321,sub-34,vision,6,24,12,2,0.6,0.7,0.125,0,71.66666667,2.184725321
4322,sub-35,pain,1,1,1,2,48.0,0.7,0.125,-1,60.33333333,3.152195372
4323,sub-35,pain,1,2,2,1,47.0,0.3,0.05,0,22.0,3.669414381
4324,sub-35,pain,1,3,3,2,48.0,0.3,0.125,-1,43.66666667,3.519268209
4325,sub-35,pain,1,4,4,1,47.0,0.3,0.125,-1,18.0,2.718619767
4326,sub-35,pain,1,5,5,2,48.0,0.3,0.05,0,27.33333333,3.002185109
4327,sub-35,pain,1,6,6,1,47.0,0.7,0.05,-1,47.0,2.601913603
4328,sub-35,pain,1,7,7,1,47.0,0.7,0.125,-1,54.0,2.118009579
4329,sub-35,pain,1,8,8,1,47.0,0.7,0.05,0,69.66666667,2.318348883
4331,sub-35,pain,1,10,10,1,47.0,0.3,0.05,-1,8.666666667,2.451818747
4332,sub-35,pain,1,11,11,2,48.0,0.3,0.05,-1,47.33333333,2.651938795
4333,sub-35,pain,1,12,12,2,48.0,0.7,0.05,0,72.33333333,2.852150899
4334,sub-35,vision,1,13,1,2,0.6,0.3,0.05,0,24.66666667,3.1355116
4335,sub-35,vision,1,14,2,2,0.6,0.7,0.05,0,57.0,2.701969584
4336,sub-35,vision,1,15,3,2,0.6,0.7,0.05,-1,48.33333333,3.38565093
4337,sub-35,vision,1,16,4,1,0.5,0.7,0.05,0,54.66666667,3.469270075
4338,sub-35,vision,1,17,5,2,0.6,0.3,0.125,-1,33.0,3.452544629
4339,sub-35,vision,1,18,6,1,0.5,0.3,0.05,0,34.33333333,3.602641973
4340,sub-35,vision,1,19,7,2,0.6,0.3,0.05,-1,50.33333333,3.03540617
4341,sub-35,vision,1,20,8,1,0.5,0.7,0.05,-1,57.0,2.285082727
4343,sub-35,vision,1,22,10,1,0.5,0.7,0.125,-1,84.0,2.235159856
4344,sub-35,vision,1,23,11,1,0.5,0.3,0.05,-1,50.66666667,2.034819307
4346,sub-35,pain,2,1,1,1,47.0,0.7,0.125,1,79.0,2.234976675
4347,sub-35,pain,2,2,2,2,48.0,0.3,0.125,0,55.0,2.65191578
4348,sub-35,pain,2,3,3,2,48.0,0.3,0.05,1,37.0,1.934670648
4349,sub-35,pain,2,4,4,1,47.0,0.3,0.125,0,13.33333333,2.218315295
4350,sub-35,pain,2,5,5,2,48.0,0.3,0.125,1,51.0,2.518347017
4351,sub-35,pain,2,6,6,2,48.0,0.7,0.125,1,62.33333333,1.918211731
4352,sub-35,pain,2,7,7,1,47.0,0.7,0.125,0,16.0,3.786134229
4353,sub-35,pain,2,8,8,1,47.0,0.3,0.125,1,53.0,3.535902221
4354,sub-35,pain,2,9,9,1,47.0,0.7,0.05,1,47.33333333,3.319146918
4355,sub-35,pain,2,10,10,2,48.0,0.7,0.05,1,80.33333333,3.119003234
4356,sub-35,pain,2,11,11,2,48.0,0.7,0.125,0,42.0,3.902719724
4357,sub-35,pain,2,12,12,1,47.0,0.3,0.05,1,31.66666667,3.852867139
4358,sub-35,vision,2,13,1,1,0.5,0.3,0.125,1,17.66666667,3.669323568
4359,sub-35,vision,2,14,2,1,0.5,0.3,0.125,0,28.0,2.83533775
4360,sub-35,vision,2,15,3,2,0.6,0.7,0.05,1,69.0,3.936241525
4361,sub-35,vision,2,16,4,1,0.5,0.7,0.125,1,47.0,3.102156808
4362,sub-35,vision,2,17,5,2,0.6,0.3,0.125,0,36.33333333,1.751541021
4363,sub-35,vision,2,18,6,1,0.5,0.3,0.05,1,62.33333333,2.234990359
4364,sub-35,vision,2,19,7,1,0.5,0.7,0.05,1,62.66666667,2.418452448
4365,sub-35,vision,2,20,8,1,0.5,0.7,0.125,0,55.0,3.685933632
4366,sub-35,vision,2,21,9,2,0.6,0.7,0.125,0,59.0,3.318988928
4367,sub-35,vision,2,22,10,2,0.6,0.3,0.125,1,62.0,2.718508739
4368,sub-35,vision,2,23,11,2,0.6,0.3,0.05,1,23.33333333,2.651820302
4369,sub-35,vision,2,24,12,2,0.6,0.7,0.125,1,50.0,4.002856565
4370,sub-35,pain,3,1,1,1,47.0,0.7,0.125,-1,46.66666667,3.569231511
4371,sub-35,pain,3,2,2,1,47.0,0.3,0.05,0,32.66666667,3.018771226
4372,sub-35,pain,3,3,3,2,48.0,0.7,0.05,-1,76.0,3.602739006
4373,sub-35,pain,3,4,4,1,47.0,0.7,0.05,-1,20.66666667,2.952257262
4374,sub-35,pain,3,5,5,1,47.0,0.7,0.05,0,35.66666667,2.685167942
4375,sub-35,pain,3,6,6,2,48.0,0.3,0.05,0,50.66666667,2.101515519
4376,sub-35,pain,3,7,7,2,48.0,0.7,0.125,-1,82.0,2.685517509
4377,sub-35,pain,3,8,8,2,48.0,0.3,0.125,-1,43.33333333,3.219038378
4378,sub-35,pain,3,9,9,2,48.0,0.7,0.05,0,25.66666667,2.935492318
4379,sub-35,pain,3,10,10,1,47.0,0.3,0.125,-1,6.0,4.052957952
4380,sub-35,pain,3,11,11,1,47.0,0.3,0.05,-1,15.66666667,2.068207377
4381,sub-35,pain,3,12,12,2,48.0,0.3,0.05,-1,57.0,3.45257915
4382,sub-35,vision,3,13,1,2,0.6,0.7,0.05,-1,68.66666667,2.101493127
4383,sub-35,vision,3,14,2,2,0.6,0.7,0.125,-1,53.33333333,3.068922996
4384,sub-35,vision,3,15,3,2,0.6,0.7,0.05,0,65.0,3.052262238
4385,sub-35,vision,3,16,4,1,0.5,0.7,0.05,-1,15.66666667,3.986179636
4386,sub-35,vision,3,17,5,2,0.6,0.3,0.125,-1,38.33333333,3.702560179
4388,sub-35,vision,3,19,7,1,0.5,0.7,0.05,0,52.33333333,1.901259252
4389,sub-35,vision,3,20,8,1,0.5,0.3,0.05,-1,21.33333333,1.834698638
4390,sub-35,vision,3,21,9,2,0.6,0.3,0.05,0,58.0,4.219660384
4392,sub-35,vision,3,23,11,1,0.5,0.3,0.125,-1,36.33333333,2.668749456
4394,sub-35,pain,4,1,1,1,47.0,0.3,0.125,0,77.33333333,2.084796915
4395,sub-35,pain,4,2,2,2,48.0,0.3,0.05,1,51.0,1.734665049
4397,sub-35,pain,4,4,4,1,47.0,0.7,0.05,1,31.33333333,2.585480811
4398,sub-35,pain,4,5,5,1,47.0,0.3,0.05,1,18.0,2.368533308
4400,sub-35,pain,4,7,7,1,47.0,0.3,0.125,1,39.66666667,1.767992163
4401,sub-35,pain,4,8,8,1,47.0,0.7,0.125,1,51.33333333,2.385063445
4402,sub-35,pain,4,9,9,2,48.0,0.3,0.125,0,53.0,2.568639983
4403,sub-35,pain,4,10,10,1,47.0,0.7,0.125,0,47.0,3.085909374
4404,sub-35,pain,4,11,11,2,48.0,0.7,0.05,1,71.66666667,3.235643777
4405,sub-35,pain,4,12,12,2,48.0,0.3,0.125,1,53.66666667,2.234950239
4406,sub-35,vision,4,13,1,1,0.5,0.7,0.125,1,48.66666667,2.101688126
4407,sub-35,vision,4,14,2,2,0.6,0.3,0.05,1,50.33333333,2.101392673
4408,sub-35,vision,4,15,3,1,0.5,0.7,0.05,1,69.66666667,2.601895565
4409,sub-35,vision,4,16,4,1,0.5,0.3,0.125,0,46.0,2.618593954
4410,sub-35,vision,4,17,5,1,0.5,0.7,0.125,0,19.0,2.118219817
4412,sub-35,vision,4,19,7,2,0.6,0.7,0.125,1,61.33333333,1.534349692
4414,sub-35,vision,4,21,9,2,0.6,0.3,0.125,0,50.0,1.684784786
4415,sub-35,vision,4,22,10,2,0.6,0.7,0.05,1,78.33333333,1.901341668
4416,sub-35,vision,4,23,11,2,0.6,0.3,0.125,1,74.33333333,1.95145394
4418,sub-35,vision,5,1,1,2,0.6,0.3,0.125,-1,41.66666667,1.100781862
4419,sub-35,vision,5,2,2,2,0.6,0.7,0.05,0,65.33333333,1.400996144
4420,sub-35,vision,5,3,3,2,0.6,0.3,0.05,0,69.33333333,2.084707657
4421,sub-35,vision,5,4,4,2,0.6,0.7,0.05,-1,47.0,2.435038564
4422,sub-35,vision,5,5,5,1,0.5,0.7,0.05,0,65.66666667,2.084833924
4423,sub-35,vision,5,6,6,2,0.6,0.7,0.125,-1,44.0,2.735323754
4424,sub-35,vision,5,7,7,1,0.5,0.3,0.125,-1,25.0,3.102301735
4425,sub-35,vision,5,8,8,1,0.5,0.7,0.125,-1,55.33333333,2.552010325
4426,sub-35,vision,5,9,9,1,0.5,0.3,0.05,-1,18.66666667,3.052223985
4427,sub-35,vision,5,10,10,1,0.5,0.3,0.05,0,12.0,2.935303539
4429,sub-35,vision,5,12,12,2,0.6,0.3,0.05,-1,48.66666667,2.468383405
4430,sub-35,pain,5,13,1,2,48.0,0.3,0.05,-1,44.33333333,3.085879517
4432,sub-35,pain,5,15,3,1,47.0,0.3,0.05,-1,24.0,2.73532873
4433,sub-35,pain,5,16,4,1,47.0,0.7,0.05,-1,33.0,3.052282764
4435,sub-35,pain,5,18,6,2,48.0,0.7,0.125,-1,78.66666667,2.702258195
4437,sub-35,pain,5,20,8,2,48.0,0.3,0.125,-1,22.33333333,2.134859427
4439,sub-35,pain,5,22,10,2,48.0,0.7,0.05,0,57.33333333,2.018174411
4440,sub-35,pain,5,23,11,1,47.0,0.3,0.05,0,47.33333333,1.484437706
4441,sub-35,pain,5,24,12,2,48.0,0.7,0.05,-1,69.0,1.667732475
4442,sub-35,pain,6,1,1,2,48.0,0.7,0.125,1,55.66666667,2.25166449
4443,sub-35,pain,6,2,2,2,48.0,0.7,0.125,0,66.0,1.767941469
4444,sub-35,pain,6,3,3,1,47.0,0.3,0.125,0,33.0,2.001484108
4445,sub-35,pain,6,4,4,2,48.0,0.3,0.05,1,45.66666667,1.884952416
4446,sub-35,pain,6,5,5,1,47.0,0.7,0.125,0,52.66666667,3.435894134
4447,sub-35,pain,6,6,6,1,47.0,0.7,0.125,1,43.66666667,1.434304286
4448,sub-35,pain,6,7,7,1,47.0,0.3,0.05,1,3.333333333,0.867292716
4449,sub-35,pain,6,8,8,2,48.0,0.3,0.125,1,88.0,2.918983952
4450,sub-35,pain,6,9,9,2,48.0,0.3,0.125,0,64.33333333,1.534323568
4451,sub-35,pain,6,10,10,2,48.0,0.7,0.05,1,69.66666667,1.701123655
4452,sub-35,pain,6,11,11,1,47.0,0.3,0.125,1,14.33333333,2.351735709
4453,sub-35,pain,6,12,12,1,47.0,0.7,0.05,1,27.33333333,1.617676494
4454,sub-35,vision,6,13,1,1,0.5,0.7,0.05,1,45.33333333,2.118219506
4455,sub-35,vision,6,14,2,2,0.6,0.3,0.125,0,51.66666667,2.501847049
4456,sub-35,vision,6,15,3,2,0.6,0.7,0.125,0,71.0,2.651954656
4457,sub-35,vision,6,16,4,1,0.5,0.7,0.125,1,76.0,2.485212415
4458,sub-35,vision,6,17,5,2,0.6,0.3,0.05,1,42.33333333,2.301703987
4459,sub-35,vision,6,18,6,1,0.5,0.7,0.125,0,70.0,2.001539777
4460,sub-35,vision,6,19,7,2,0.6,0.7,0.05,1,89.0,2.051450208
4461,sub-35,vision,6,20,8,1,0.5,0.3,0.125,1,51.33333333,2.50184114
4462,sub-35,vision,6,21,9,2,0.6,0.7,0.125,1,78.33333333,2.618618212
4463,sub-35,vision,6,22,10,1,0.5,0.3,0.05,1,18.0,2.084866891
4464,sub-35,vision,6,23,11,2,0.6,0.3,0.125,1,76.66666667,3.31914132
4465,sub-35,vision,6,24,12,1,0.5,0.3,0.125,0,60.66666667,2.651879393
4466,sub-36,vision,1,1,1,1,0.5,0.7,0.05,0,71.33333333,2.168125933
4467,sub-36,vision,1,2,2,1,0.5,0.7,0.125,-1,72.66666667,2.485002779
4468,sub-36,vision,1,3,3,2,0.6,0.3,0.05,0,63.33333333,2.668570197
4469,sub-36,vision,1,4,4,2,0.6,0.7,0.05,0,71.66666667,1.851230738
4470,sub-36,vision,1,5,5,1,0.5,0.3,0.05,0,67.66666667,1.884727668
4471,sub-36,vision,1,6,6,1,0.5,0.7,0.05,-1,68.0,2.768682499
4472,sub-36,vision,1,7,7,2,0.6,0.3,0.05,-1,85.33333333,1.584318298
4473,sub-36,vision,1,8,8,2,0.6,0.7,0.05,-1,77.0,2.284880493
4474,sub-36,vision,1,9,9,1,0.5,0.3,0.125,-1,76.66666667,1.501118824
4475,sub-36,vision,1,10,10,2,0.6,0.7,0.125,-1,76.33333333,1.717879325
4476,sub-36,vision,1,11,11,2,0.6,0.3,0.125,-1,84.0,1.250913953
4477,sub-36,vision,1,12,12,1,0.5,0.3,0.05,-1,73.0,1.434388071
4478,sub-36,pain,1,13,1,1,47.0,0.3,0.05,0,68.66666667,1.751246879
4479,sub-36,pain,1,14,2,2,48.0,0.3,0.125,-1,59.66666667,2.518554134
4480,sub-36,pain,1,15,3,1,47.0,0.7,0.05,0,36.33333333,1.868010769
4481,sub-36,pain,1,16,4,2,48.0,0.3,0.05,0,45.66666667,1.851331191
4482,sub-36,pain,1,17,5,2,48.0,0.7,0.05,0,58.66666667,2.001505242
4483,sub-36,pain,1,18,6,1,47.0,0.7,0.05,-1,35.33333333,2.001521725
4484,sub-36,pain,1,19,7,1,47.0,0.3,0.125,-1,41.0,1.851288584
4485,sub-36,pain,1,20,8,1,47.0,0.3,0.05,-1,27.66666667,1.684582057
4486,sub-36,pain,1,21,9,2,48.0,0.3,0.05,-1,41.66666667,2.16827117
4487,sub-36,pain,1,22,10,2,48.0,0.7,0.05,-1,56.0,1.918043595
4488,sub-36,pain,1,23,11,1,47.0,0.7,0.125,-1,55.66666667,1.817979809
4489,sub-36,pain,1,24,12,2,48.0,0.7,0.125,-1,69.0,2.201671068
4490,sub-36,pain,2,1,1,1,47.0,0.3,0.05,1,87.66666667,1.350821617
4491,sub-36,pain,2,2,2,1,47.0,0.7,0.05,1,69.66666667,2.385087651
4492,sub-36,pain,2,3,3,2,48.0,0.3,0.125,1,82.66666667,2.61847797
4493,sub-36,pain,2,4,4,1,47.0,0.7,0.125,1,43.66666667,1.818009665
4494,sub-36,pain,2,5,5,2,48.0,0.3,0.05,1,77.0,1.434208934
4495,sub-36,pain,2,6,6,1,47.0,0.3,0.125,0,40.66666667,1.968082331
4496,sub-36,pain,2,7,7,2,48.0,0.3,0.125,0,80.0,2.068071166
4497,sub-36,pain,2,8,8,2,48.0,0.7,0.05,1,52.0,2.218305551
4498,sub-36,pain,2,9,9,1,47.0,0.3,0.125,1,29.33333333,1.55115787
4499,sub-36,pain,2,10,10,2,48.0,0.7,0.125,1,77.66666667,1.567769962
4500,sub-36,pain,2,11,11,2,48.0,0.7,0.125,0,67.33333333,1.634553896
4501,sub-36,pain,2,12,12,1,47.0,0.7,0.125,0,52.0,1.818114161
4502,sub-36,vision,2,13,1,1,0.5,0.3,0.125,0,62.33333333,1.400876835
4503,sub-36,vision,2,14,2,2,0.6,0.3,0.125,0,75.66666667,2.11809715
4504,sub-36,vision,2,15,3,2,0.6,0.7,0.125,0,76.33333333,2.318362806
4505,sub-36,vision,2,16,4,2,0.6,0.3,0.05,1,84.33333333,1.634510667
4506,sub-36,vision,2,17,5,1,0.5,0.3,0.05,1,71.33333333,2.034844495
4507,sub-36,vision,2,18,6,1,0.5,0.7,0.05,1,71.66666667,2.151711016
4508,sub-36,vision,2,19,7,1,0.5,0.7,0.125,0,77.33333333,2.10154446
4509,sub-36,vision,2,20,8,2,0.6,0.3,0.125,1,87.33333333,2.184919648
4510,sub-36,vision,2,21,9,1,0.5,0.3,0.125,1,82.33333333,1.334317754
4511,sub-36,vision,2,22,10,2,0.6,0.7,0.125,1,88.33333333,1.23418337
4512,sub-36,vision,2,23,11,1,0.5,0.7,0.125,1,75.33333333,2.585274935
4513,sub-36,vision,2,24,12,2,0.6,0.7,0.05,1,90.0,0.98406278
4514,sub-36,vision,3,1,1,1,0.5,0.7,0.05,0,70.33333333,2.118088442
4515,sub-36,vision,3,2,2,2,0.6,0.3,0.125,-1,80.66666667,1.434200537
4516,sub-36,vision,3,3,3,2,0.6,0.7,0.125,-1,84.0,2.701947392
4517,sub-36,vision,3,4,4,1,0.5,0.3,0.125,-1,73.33333333,1.217637522
4518,sub-36,vision,3,5,5,2,0.6,0.3,0.05,0,79.66666667,1.467629047
4519,sub-36,vision,3,6,6,2,0.6,0.7,0.05,0,79.0,2.335018438
4520,sub-36,vision,3,7,7,1,0.5,0.3,0.05,0,73.0,1.217546399
4521,sub-36,vision,3,8,8,1,0.5,0.7,0.125,-1,67.0,2.351602228
4522,sub-36,vision,3,9,9,2,0.6,0.7,0.05,-1,90.33333333,2.902002501
4523,sub-36,vision,3,10,10,2,0.6,0.3,0.05,-1,81.0,1.400992527
4524,sub-36,vision,3,11,11,1,0.5,0.3,0.05,-1,73.0,2.0681626
4525,sub-36,vision,3,12,12,1,0.5,0.7,0.05,-1,61.33333333,2.034981957
4526,sub-36,pain,3,13,1,2,48.0,0.7,0.05,0,84.33333333,2.201424444
4527,sub-36,pain,3,14,2,1,47.0,0.7,0.05,-1,56.66666667,1.467775218
4528,sub-36,pain,3,15,3,1,47.0,0.3,0.05,-1,62.66666667,1.601214644
4529,sub-36,pain,3,16,4,1,47.0,0.7,0.125,-1,58.33333333,1.401078674
4530,sub-36,pain,3,17,5,2,48.0,0.3,0.05,0,76.66666667,2.318396083
4531,sub-36,pain,3,18,6,2,48.0,0.3,0.125,-1,41.33333333,1.851389348
4532,sub-36,pain,3,19,7,2,48.0,0.7,0.05,-1,57.66666667,1.801320757
4533,sub-36,pain,3,20,8,1,47.0,0.3,0.05,0,19.66666667,1.701217785
4534,sub-36,pain,3,21,9,1,47.0,0.3,0.125,-1,23.33333333,1.917899291
4535,sub-36,pain,3,22,10,2,48.0,0.3,0.05,-1,50.66666667,1.651171586
4536,sub-36,pain,3,23,11,1,47.0,0.7,0.05,0,10.0,1.1510999
4537,sub-36,pain,3,24,12,2,48.0,0.7,0.125,-1,56.66666667,1.684490001
4538,sub-36,pain,4,1,1,1,47.0,0.7,0.125,0,11.0,2.134804096
4539,sub-36,pain,4,2,2,2,48.0,0.7,0.125,1,15.0,1.384340939
4540,sub-36,pain,4,3,3,2,48.0,0.7,0.125,0,0.333333333,2.501809867
4541,sub-36,pain,4,4,4,2,48.0,0.3,0.125,1,4.0,1.467737275
4542,sub-36,pain,4,5,5,2,48.0,0.3,0.125,0,0.333333333,1.934634228
4543,sub-36,pain,4,6,6,1,47.0,0.7,0.125,1,0.0,1.08402207
4544,sub-36,pain,4,7,7,2,48.0,0.7,0.05,1,2.666666667,3.235683948
4545,sub-36,pain,4,8,8,1,47.0,0.7,0.05,1,5.666666667,2.351750264
4546,sub-36,pain,4,9,9,1,47.0,0.3,0.05,1,0.0,1.350989868
4547,sub-36,pain,4,10,10,2,48.0,0.3,0.05,1,4.0,1.384289624
4548,sub-36,pain,4,11,11,1,47.0,0.3,0.125,1,0.0,1.584529778
4549,sub-36,pain,4,12,12,1,47.0,0.3,0.125,0,3.333333333,1.567818789
4550,sub-36,vision,4,13,1,2,0.6,0.7,0.125,0,80.0,1.734617993
4551,sub-36,vision,4,14,2,2,0.6,0.7,0.05,1,89.66666667,0.934024978
4552,sub-36,vision,4,15,3,1,0.5,0.7,0.125,0,81.0,1.167544984
4553,sub-36,vision,4,16,4,1,0.5,0.7,0.05,1,86.66666667,2.251656
4554,sub-36,vision,4,17,5,1,0.5,0.3,0.05,1,85.66666667,1.100771623
4555,sub-36,vision,4,18,6,1,0.5,0.3,0.125,0,87.66666667,1.050801308
4556,sub-36,vision,4,19,7,1,0.5,0.7,0.125,1,90.0,0.783942049
4557,sub-36,vision,4,20,8,2,0.6,0.3,0.05,1,89.0,1.918127566
4558,sub-36,vision,4,21,9,2,0.6,0.3,0.125,1,80.0,1.134004514
4559,sub-36,vision,4,22,10,1,0.5,0.3,0.125,1,79.33333333,1.234262364
4560,sub-36,vision,4,23,11,2,0.6,0.3,0.125,0,81.66666667,1.867856824
4561,sub-36,vision,4,24,12,2,0.6,0.7,0.125,1,88.33333333,1.350886616
4562,sub-36,pain,5,1,1,1,47.0,0.3,0.05,-1,51.33333333,1.851403343
4563,sub-36,pain,5,2,2,2,48.0,0.7,0.05,-1,59.66666667,1.667872312
4564,sub-36,pain,5,3,3,2,48.0,0.7,0.125,-1,38.33333333,2.018354316
4565,sub-36,pain,5,4,4,2,48.0,0.3,0.05,-1,38.66666667,1.350965921
4566,sub-36,pain,5,5,5,1,47.0,0.7,0.05,-1,6.333333333,2.201464253
4567,sub-36,pain,5,6,6,2,48.0,0.7,0.05,0,12.66666667,1.651042831
4568,sub-36,pain,5,7,7,1,47.0,0.3,0.05,0,14.33333333,1.351029054
4569,sub-36,pain,5,8,8,2,48.0,0.3,0.05,0,25.0,1.11752522
4570,sub-36,pain,5,9,9,1,47.0,0.7,0.05,0,17.33333333,1.234240905
4571,sub-36,pain,5,10,10,1,47.0,0.3,0.125,-1,5.0,2.118222483
4572,sub-36,pain,5,11,11,1,47.0,0.7,0.125,-1,17.0,1.867918402
4573,sub-36,pain,5,12,12,2,48.0,0.3,0.125,-1,12.0,2.235073143
4574,sub-36,vision,5,13,1,2,0.6,0.7,0.05,-1,77.66666667,1.267568651
4575,sub-36,vision,5,14,2,2,0.6,0.7,0.125,-1,86.66666667,1.217456209
4576,sub-36,vision,5,15,3,1,0.5,0.7,0.05,-1,75.0,2.301566914
4577,sub-36,vision,5,16,4,1,0.5,0.7,0.05,0,68.0,2.018064775
4578,sub-36,vision,5,17,5,1,0.5,0.3,0.125,-1,78.66666667,1.217405516
4579,sub-36,vision,5,18,6,1,0.5,0.3,0.05,-1,74.66666667,1.167520415
4580,sub-36,vision,5,19,7,2,0.6,0.7,0.05,0,84.33333333,1.200886103
4581,sub-36,vision,5,20,8,2,0.6,0.3,0.125,-1,88.33333333,2.234903647
4582,sub-36,vision,5,21,9,1,0.5,0.7,0.125,-1,77.66666667,1.851305067
4583,sub-36,vision,5,22,10,2,0.6,0.3,0.05,0,83.33333333,1.150806315
4584,sub-36,vision,5,23,11,2,0.6,0.3,0.05,-1,87.0,2.301886311
4585,sub-36,vision,5,24,12,1,0.5,0.3,0.05,0,78.0,1.367611911
4586,sub-36,vision,6,1,1,1,0.5,0.3,0.05,1,68.0,1.284219617
4587,sub-36,vision,6,2,2,2,0.6,0.7,0.125,1,85.33333333,1.200702923
4588,sub-36,vision,6,3,3,2,0.6,0.3,0.05,1,80.66666667,1.934729394
4589,sub-36,vision,6,4,4,2,0.6,0.7,0.05,1,69.33333333,2.268241967
4590,sub-36,vision,6,5,5,1,0.5,0.3,0.125,0,68.0,1.451007315
4591,sub-36,vision,6,6,6,1,0.5,0.7,0.125,1,66.66666667,2.118014424
4592,sub-36,vision,6,7,7,2,0.6,0.7,0.125,0,64.33333333,1.701197881
4593,sub-36,vision,6,8,8,2,0.6,0.3,0.125,1,84.0,1.167593811
4594,sub-36,vision,6,9,9,1,0.5,0.3,0.125,1,69.0,2.118206
4595,sub-36,vision,6,10,10,2,0.6,0.3,0.125,0,66.33333333,1.567732642
4596,sub-36,vision,6,11,11,1,0.5,0.7,0.05,1,75.0,1.234189901
4597,sub-36,vision,6,12,12,1,0.5,0.7,0.125,0,75.0,1.367471339
4598,sub-36,pain,6,13,1,1,47.0,0.7,0.125,0,57.0,1.768249587
4599,sub-36,pain,6,14,2,2,48.0,0.7,0.125,0,61.66666667,1.600918882
4600,sub-36,pain,6,15,3,2,48.0,0.3,0.05,1,56.33333333,1.801373938
4601,sub-36,pain,6,16,4,1,47.0,0.7,0.05,1,46.66666667,1.934746188
4602,sub-36,pain,6,17,5,2,48.0,0.3,0.125,1,44.0,1.534428221
4603,sub-36,pain,6,18,6,1,47.0,0.3,0.125,1,40.0,2.084848087
4604,sub-36,pain,6,19,7,1,47.0,0.3,0.05,1,28.33333333,1.801337551
4605,sub-36,pain,6,20,8,1,47.0,0.7,0.125,1,30.33333333,1.734599022
4606,sub-36,pain,6,21,9,2,48.0,0.7,0.05,1,62.66666667,1.734598711
4607,sub-36,pain,6,22,10,2,48.0,0.3,0.125,0,52.0,1.851425424
4608,sub-36,pain,6,23,11,2,48.0,0.7,0.125,1,50.0,1.901424351
4609,sub-36,pain,6,24,12,1,47.0,0.3,0.125,0,36.33333333,1.384197256
4610,sub-37,pain,1,1,1,1,47.0,0.7,0.05,0,82.0,1.601113703
4611,sub-37,pain,1,2,2,2,48.0,0.7,0.05,-1,78.0,2.835500404
4612,sub-37,pain,1,3,3,2,48.0,0.7,0.05,0,76.66666667,2.618751944
4613,sub-37,pain,1,4,4,2,48.0,0.3,0.05,0,34.33333333,2.885686073
4614,sub-37,pain,1,5,5,2,48.0,0.3,0.05,-1,22.66666667,2.818535796
4615,sub-37,pain,1,6,6,1,47.0,0.7,0.125,-1,53.0,2.885292965
4616,sub-37,pain,1,7,7,1,47.0,0.3,0.125,-1,17.66666667,2.251635566
4617,sub-37,pain,1,8,8,1,47.0,0.3,0.05,-1,13.0,2.568649624
4618,sub-37,pain,1,9,9,2,48.0,0.3,0.125,-1,22.0,2.151705231
4619,sub-37,pain,1,10,10,1,47.0,0.3,0.05,0,17.33333333,3.302314487
4620,sub-37,pain,1,11,11,1,47.0,0.7,0.05,-1,42.33333333,1.984951483
4621,sub-37,pain,1,12,12,2,48.0,0.7,0.125,-1,58.0,2.601689992
4622,sub-37,vision,1,13,1,1,0.5,0.7,0.125,-1,50.0,1.901534801
4623,sub-37,vision,1,14,2,2,0.6,0.7,0.05,0,57.66666667,1.934744666
4624,sub-37,vision,1,15,3,1,0.5,0.3,0.05,-1,32.33333333,2.668820987
4625,sub-37,vision,1,16,4,2,0.6,0.3,0.05,0,29.33333333,3.002075947
4626,sub-37,vision,1,17,5,2,0.6,0.3,0.125,-1,43.33333333,1.967971948
4627,sub-37,vision,1,18,6,1,0.5,0.7,0.05,-1,51.33333333,2.668559122
4628,sub-37,vision,1,19,7,2,0.6,0.7,0.125,-1,54.0,2.285037009
4629,sub-37,vision,1,20,8,2,0.6,0.3,0.05,-1,46.0,2.785388132
4630,sub-37,vision,1,21,9,1,0.5,0.7,0.05,0,53.33333333,2.585230453
4631,sub-37,vision,1,22,10,1,0.5,0.3,0.125,-1,37.66666667,3.118749145
4632,sub-37,vision,1,23,11,1,0.5,0.3,0.05,0,29.66666667,2.668600796
4633,sub-37,vision,1,24,12,2,0.6,0.7,0.05,-1,56.0,2.151573055
4634,sub-37,pain,2,1,1,2,48.0,0.3,0.05,1,27.33333333,2.835392797
4635,sub-37,pain,2,2,2,2,48.0,0.3,0.125,1,23.66666667,3.085568825
4636,sub-37,pain,2,3,3,1,47.0,0.3,0.125,0,10.66666667,2.852131306
4637,sub-37,pain,2,4,4,2,48.0,0.3,0.125,0,13.0,1.417976302
4638,sub-37,pain,2,5,5,2,48.0,0.7,0.125,0,30.0,3.352509486
4639,sub-37,pain,2,6,6,1,47.0,0.3,0.05,1,3.666666667,2.168290415
4640,sub-37,pain,2,7,7,1,47.0,0.7,0.125,0,18.66666667,4.036295018
4641,sub-37,pain,2,8,8,2,48.0,0.7,0.05,1,49.66666667,2.752019033
4642,sub-37,pain,2,9,9,1,47.0,0.3,0.125,1,7.333333333,3.202381663
4643,sub-37,pain,2,10,10,1,47.0,0.7,0.05,1,26.0,1.567842881
4644,sub-37,pain,2,11,11,2,48.0,0.7,0.125,1,50.33333333,2.485148038
4645,sub-37,pain,2,12,12,1,47.0,0.7,0.125,1,48.66666667,2.78519842
4646,sub-37,vision,2,13,1,2,0.6,0.3,0.05,1,47.66666667,1.951523916
4647,sub-37,vision,2,14,2,1,0.5,0.7,0.05,1,47.33333333,2.368310319
4648,sub-37,vision,2,15,3,2,0.6,0.3,0.125,0,38.0,4.152938048
4649,sub-37,vision,2,16,4,1,0.5,0.3,0.05,1,34.33333333,2.334939043
4650,sub-37,vision,2,17,5,1,0.5,0.7,0.125,1,45.0,2.701874728
4651,sub-37,vision,2,18,6,1,0.5,0.3,0.125,1,41.0,2.768630963
4652,sub-37,vision,2,19,7,1,0.5,0.7,0.125,0,55.0,2.201471357
4653,sub-37,vision,2,20,8,2,0.6,0.7,0.125,1,64.0,2.318313118
4654,sub-37,vision,2,21,9,2,0.6,0.3,0.125,1,55.0,2.985473347
4655,sub-37,vision,2,22,10,2,0.6,0.7,0.125,0,60.0,2.468498165
4656,sub-37,vision,2,23,11,2,0.6,0.7,0.05,1,61.66666667,3.035473036
4657,sub-37,vision,2,24,12,1,0.5,0.3,0.125,0,30.0,3.302307644
4658,sub-37,pain,3,1,1,2,48.0,0.7,0.125,-1,55.33333333,1.851445543
4659,sub-37,pain,3,2,2,1,47.0,0.3,0.05,0,21.0,2.068156683
4660,sub-37,pain,3,3,3,1,47.0,0.3,0.125,-1,12.0,2.168178454
4661,sub-37,pain,3,4,4,1,47.0,0.7,0.05,0,24.33333333,1.617844436
4662,sub-37,pain,3,5,5,1,47.0,0.7,0.125,-1,31.0,2.284943708
4663,sub-37,pain,3,6,6,1,47.0,0.7,0.05,-1,11.33333333,1.300970641
4664,sub-37,pain,3,7,7,2,48.0,0.7,0.05,0,24.0,2.234850718
4665,sub-37,pain,3,8,8,1,47.0,0.3,0.05,-1,6.666666667,2.969111464
4666,sub-37,pain,3,9,9,2,48.0,0.3,0.05,-1,20.33333333,2.268285439
4667,sub-37,pain,3,10,10,2,48.0,0.7,0.05,-1,51.33333333,2.201520184
4668,sub-37,pain,3,11,11,2,48.0,0.3,0.05,0,21.33333333,2.11830441
4669,sub-37,pain,3,12,12,2,48.0,0.3,0.125,-1,22.33333333,2.618599552
4670,sub-37,vision,3,13,1,1,0.5,0.3,0.05,-1,26.33333333,1.701134851
4671,sub-37,vision,3,14,2,2,0.6,0.7,0.05,-1,46.66666667,2.035026746
4672,sub-37,vision,3,15,3,1,0.5,0.7,0.05,-1,48.0,2.034871245
4673,sub-37,vision,3,16,4,1,0.5,0.3,0.125,-1,38.66666667,2.018113143
4674,sub-37,vision,3,17,5,1,0.5,0.3,0.05,0,34.66666667,1.951444299
4675,sub-37,vision,3,18,6,2,0.6,0.3,0.05,0,51.33333333,1.934720097
4676,sub-37,vision,3,19,7,1,0.5,0.7,0.05,0,42.33333333,2.101711762
4677,sub-37,vision,3,20,8,2,0.6,0.3,0.05,-1,42.66666667,1.58441407
4678,sub-37,vision,3,21,9,2,0.6,0.3,0.125,-1,42.0,2.118200846
4679,sub-37,vision,3,22,10,2,0.6,0.7,0.05,0,50.33333333,1.851251788
4680,sub-37,vision,3,23,11,2,0.6,0.7,0.125,-1,51.33333333,2.668612303
4681,sub-37,vision,3,24,12,1,0.5,0.7,0.125,-1,46.66666667,2.435158923
4682,sub-37,vision,4,1,1,1,0.5,0.3,0.125,1,30.0,2.301761834
4683,sub-37,vision,4,2,2,1,0.5,0.7,0.125,1,47.33333333,1.967954531
4687,sub-37,vision,4,6,6,2,0.6,0.7,0.125,1,37.33333333,1.784681533
4688,sub-37,vision,4,7,7,2,0.6,0.3,0.125,1,48.66666667,2.118253094
4689,sub-37,vision,4,8,8,2,0.6,0.7,0.125,0,54.0,2.251707097
4690,sub-37,vision,4,9,9,2,0.6,0.3,0.125,0,50.33333333,2.651987311
4691,sub-37,vision,4,10,10,1,0.5,0.7,0.05,1,48.0,1.984752752
4692,sub-37,vision,4,11,11,2,0.6,0.3,0.05,1,52.66666667,2.118189961
4693,sub-37,vision,4,12,12,2,0.6,0.7,0.05,1,60.66666667,1.818121851
4694,sub-37,pain,4,13,1,1,47.0,0.3,0.125,1,18.66666667,1.18420632
4695,sub-37,pain,4,14,2,2,48.0,0.3,0.05,1,14.66666667,1.200748274
4696,sub-37,pain,4,15,3,1,47.0,0.3,0.125,0,1.0,2.685369472
4697,sub-37,pain,4,16,4,1,47.0,0.7,0.05,1,1.333333333,2.168283884
4698,sub-37,pain,4,17,5,1,47.0,0.7,0.125,0,1.333333333,1.217850034
4699,sub-37,pain,4,18,6,2,48.0,0.7,0.125,0,8.0,1.20091124
4700,sub-37,pain,4,19,7,1,47.0,0.7,0.125,1,2.0,2.434957704
4701,sub-37,pain,4,20,8,2,48.0,0.7,0.05,1,9.666666667,1.484466007
4702,sub-37,pain,4,21,9,1,47.0,0.3,0.05,1,5.666666667,1.300989923
4703,sub-37,pain,4,22,10,2,48.0,0.3,0.125,0,9.0,1.534331654
4704,sub-37,pain,4,23,11,2,48.0,0.7,0.125,1,5.0,1.58452572
4705,sub-37,pain,4,24,12,2,48.0,0.3,0.125,1,6.333333333,1.284196367
4706,sub-37,vision,5,1,1,1,0.5,0.3,0.05,0,30.33333333,1.734680289
4707,sub-37,vision,5,2,2,2,0.6,0.3,0.05,0,50.0,2.018223238
4708,sub-37,vision,5,3,3,1,0.5,0.7,0.125,-1,50.66666667,2.034789762
4709,sub-37,vision,5,4,4,1,0.5,0.3,0.05,-1,40.33333333,1.5342623
4710,sub-37,vision,5,5,5,2,0.6,0.7,0.125,-1,76.0,1.401382099
4711,sub-37,vision,5,6,6,2,0.6,0.7,0.05,0,56.0,1.451268893
4712,sub-37,vision,5,7,7,2,0.6,0.3,0.125,-1,41.33333333,1.484361199
4713,sub-37,vision,5,8,8,2,0.6,0.3,0.05,-1,55.33333333,1.767996206
4714,sub-37,vision,5,9,9,1,0.5,0.7,0.05,0,48.66666667,1.817922187
4715,sub-37,vision,5,10,10,1,0.5,0.7,0.05,-1,43.33333333,2.201426261
4716,sub-37,vision,5,11,11,2,0.6,0.7,0.05,-1,62.0,1.584502084
4717,sub-37,vision,5,12,12,1,0.5,0.3,0.125,-1,40.66666667,1.818272688
4718,sub-37,pain,5,13,1,2,48.0,0.3,0.05,0,31.33333333,1.551291597
4719,sub-37,pain,5,14,2,2,48.0,0.7,0.05,-1,30.0,2.101497792
4720,sub-37,pain,5,15,3,1,47.0,0.7,0.125,-1,19.33333333,1.984837034
4721,sub-37,pain,5,16,4,2,48.0,0.3,0.05,-1,11.66666667,2.301852025
4722,sub-37,pain,5,17,5,2,48.0,0.3,0.125,-1,13.0,1.501054612
4723,sub-37,pain,5,18,6,1,47.0,0.3,0.05,0,15.66666667,2.601868197
4724,sub-37,pain,5,19,7,1,47.0,0.3,0.05,-1,11.33333333,1.567970081
4725,sub-37,pain,5,20,8,1,47.0,0.3,0.125,-1,7.0,2.351851092
4726,sub-37,pain,5,21,9,2,48.0,0.7,0.125,-1,22.0,1.951457361
4727,sub-37,pain,5,22,10,1,47.0,0.7,0.05,-1,8.333333333,2.568493811
4728,sub-37,pain,5,23,11,1,47.0,0.7,0.05,0,8.333333333,2.168263669
4729,sub-37,pain,5,24,12,2,48.0,0.7,0.05,0,16.66666667,2.018000871
4730,sub-37,pain,6,1,1,2,48.0,0.7,0.05,1,19.33333333,2.318426012
4731,sub-37,pain,6,2,2,1,47.0,0.3,0.125,1,0.0,2.518485725
4732,sub-37,pain,6,3,3,1,47.0,0.7,0.125,0,0.0,1.834642657
4733,sub-37,pain,6,4,4,2,48.0,0.7,0.125,0,1.0,3.218765006
4734,sub-37,pain,6,5,5,1,47.0,0.3,0.05,1,0.0,2.551864154
4735,sub-37,pain,6,6,6,2,48.0,0.3,0.125,1,1.0,2.43502488
4736,sub-37,pain,6,7,7,1,47.0,0.7,0.125,1,0.666666667,2.184937177
4737,sub-37,pain,6,8,8,2,48.0,0.7,0.125,1,1.666666667,3.069025005
4738,sub-37,pain,6,9,9,2,48.0,0.3,0.125,0,1.0,3.202288673
4739,sub-37,pain,6,10,10,1,47.0,0.7,0.05,1,0.0,1.000693848
4740,sub-37,pain,6,11,11,2,48.0,0.3,0.05,1,1.0,3.135731791
4741,sub-37,pain,6,12,12,1,47.0,0.3,0.125,0,0.0,1.450928034
4742,sub-37,vision,6,13,1,1,0.5,0.7,0.125,1,34.33333333,1.801143248
4743,sub-37,vision,6,14,2,2,0.6,0.7,0.125,1,57.66666667,1.818008646
4744,sub-37,vision,6,15,3,2,0.6,0.7,0.125,0,54.33333333,2.101550973
4745,sub-37,vision,6,16,4,2,0.6,0.3,0.125,0,46.66666667,2.134958637
4746,sub-37,vision,6,17,5,1,0.5,0.7,0.125,0,42.66666667,2.018081421
4747,sub-37,vision,6,18,6,1,0.5,0.3,0.05,1,42.0,2.201590782
4748,sub-37,vision,6,19,7,2,0.6,0.3,0.125,1,56.33333333,1.817927474
4749,sub-37,vision,6,20,8,1,0.5,0.7,0.05,1,49.33333333,2.351485663
4750,sub-37,vision,6,21,9,2,0.6,0.7,0.05,1,62.0,2.051440567
4751,sub-37,vision,6,22,10,1,0.5,0.3,0.125,1,54.33333333,2.118207066
4752,sub-37,vision,6,23,11,2,0.6,0.3,0.05,1,89.66666667,3.202295826
4753,sub-37,vision,6,24,12,1,0.5,0.3,0.125,0,42.33333333,1.634428687
4754,sub-38,pain,1,1,1,2,48.0,0.3,0.125,-1,56.66666667,1.701079075
4755,sub-38,pain,1,2,2,1,47.0,0.3,0.125,-1,28.66666667,1.834663323
4756,sub-38,pain,1,3,3,1,47.0,0.7,0.05,0,50.66666667,1.550924151
4757,sub-38,pain,1,4,4,1,47.0,0.3,0.05,0,20.33333333,1.517670526
4758,sub-38,pain,1,5,5,2,48.0,0.7,0.05,0,59.33333333,1.651514148
4759,sub-38,pain,1,6,6,2,48.0,0.7,0.05,-1,69.33333333,2.168228662
4760,sub-38,pain,1,7,7,1,47.0,0.7,0.125,-1,59.33333333,1.667789686
4761,sub-38,pain,1,8,8,2,48.0,0.3,0.05,-1,43.33333333,1.584490329
4762,sub-38,pain,1,9,9,1,47.0,0.7,0.05,-1,64.0,1.567824487
4763,sub-38,pain,1,10,10,1,47.0,0.3,0.05,-1,27.0,1.41766894
4764,sub-38,pain,1,11,11,2,48.0,0.3,0.05,0,51.66666667,1.85115625
4765,sub-38,pain,1,12,12,2,48.0,0.7,0.125,-1,66.0,2.268186086
4766,sub-38,vision,1,13,1,2,0.6,0.3,0.05,-1,56.33333333,2.218485563
4767,sub-38,vision,1,14,2,1,0.5,0.3,0.05,0,41.33333333,1.65118822
4768,sub-38,vision,1,15,3,2,0.6,0.3,0.125,-1,49.0,1.784620389
4769,sub-38,vision,1,16,4,2,0.6,0.7,0.05,-1,61.0,1.401036064
4770,sub-38,vision,1,17,5,2,0.6,0.7,0.125,-1,69.66666667,1.300927494
4772,sub-38,vision,1,19,7,1,0.5,0.3,0.05,-1,32.33333333,1.217450246
4773,sub-38,vision,1,20,8,2,0.6,0.3,0.05,0,47.33333333,1.851294644
4774,sub-38,vision,1,21,9,1,0.5,0.3,0.125,-1,48.33333333,1.751284972
4775,sub-38,vision,1,22,10,2,0.6,0.7,0.05,0,61.33333333,2.234912247
4776,sub-38,vision,1,23,11,1,0.5,0.7,0.125,-1,67.33333333,1.784616968
4777,sub-38,vision,1,24,12,1,0.5,0.7,0.05,0,65.0,1.617704457
4778,sub-38,vision,2,1,1,1,0.5,0.3,0.05,1,25.0,1.334471281
4779,sub-38,vision,2,2,2,2,0.6,0.7,0.125,0,64.33333333,1.651224296
4780,sub-38,vision,2,3,3,2,0.6,0.7,0.125,1,38.33333333,1.984661503
4781,sub-38,vision,2,4,4,1,0.5,0.3,0.125,0,37.0,1.601197224
4782,sub-38,vision,2,5,5,1,0.5,0.3,0.125,1,59.0,1.684513996
4783,sub-38,vision,2,6,6,1,0.5,0.7,0.05,1,77.66666667,1.500946838
4784,sub-38,vision,2,7,7,2,0.6,0.7,0.05,1,82.66666667,2.268188263
4785,sub-38,vision,2,8,8,2,0.6,0.3,0.125,0,40.33333333,1.567794009
4786,sub-38,vision,2,9,9,1,0.5,0.7,0.125,1,77.66666667,1.384502396
4787,sub-38,vision,2,10,10,1,0.5,0.7,0.125,0,63.0,1.634500919
4788,sub-38,vision,2,11,11,2,0.6,0.3,0.125,1,63.33333333,1.450892398
4789,sub-38,vision,2,12,12,2,0.6,0.3,0.05,1,39.0,1.684419453
4790,sub-38,pain,2,13,1,1,47.0,0.3,0.125,0,40.0,1.184159923
4791,sub-38,pain,2,14,2,2,48.0,0.3,0.125,0,27.33333333,1.317605776
4792,sub-38,pain,2,15,3,2,48.0,0.7,0.05,1,60.33333333,1.484367142
4793,sub-38,pain,2,16,4,1,47.0,0.7,0.125,1,50.66666667,1.467721515
4794,sub-38,pain,2,17,5,1,47.0,0.7,0.125,0,53.33333333,1.584482865
4795,sub-38,pain,2,18,6,1,47.0,0.3,0.05,1,41.66666667,1.701094314
4796,sub-38,pain,2,19,7,2,48.0,0.3,0.05,1,38.33333333,1.567784368
4797,sub-38,pain,2,20,8,1,47.0,0.7,0.05,1,68.66666667,2.335047563
4798,sub-38,pain,2,21,9,1,47.0,0.3,0.125,1,43.66666667,1.384356226
4799,sub-38,pain,2,22,10,2,48.0,0.3,0.125,1,53.33333333,1.584652049
4800,sub-38,pain,2,23,11,2,48.0,0.7,0.125,0,73.33333333,2.101409792
4801,sub-38,pain,2,24,12,2,48.0,0.7,0.125,1,57.33333333,1.701129768
4850,sub-38,vision,5,1,1,1,0.5,0.7,0.05,-1,65.33333333,1.317870437
4851,sub-38,vision,5,2,2,2,0.6,0.3,0.125,-1,35.0,1.48435408
4852,sub-38,vision,5,3,3,1,0.5,0.3,0.05,0,69.0,1.200866196
4853,sub-38,vision,5,4,4,2,0.6,0.3,0.05,-1,61.0,1.83453488
4854,sub-38,vision,5,5,5,1,0.5,0.3,0.05,-1,31.66666667,1.38432326
4855,sub-38,vision,5,6,6,2,0.6,0.7,0.05,-1,62.0,1.784628786
4856,sub-38,vision,5,7,7,1,0.5,0.7,0.05,0,73.0,1.250875852
4857,sub-38,vision,5,8,8,1,0.5,0.7,0.125,-1,79.0,1.217423189
4858,sub-38,vision,5,9,9,2,0.6,0.7,0.05,0,81.66666667,2.06799196
4859,sub-38,vision,5,10,10,2,0.6,0.3,0.05,0,49.66666667,1.717896996
4860,sub-38,vision,5,11,11,1,0.5,0.3,0.125,-1,65.33333333,1.200890454
4861,sub-38,vision,5,12,12,2,0.6,0.7,0.125,-1,69.66666667,1.167582405
4862,sub-38,pain,5,13,1,1,47.0,0.3,0.05,-1,77.0,1.000745777
4863,sub-38,pain,5,14,2,1,47.0,0.7,0.05,-1,30.66666667,1.817846957
4864,sub-38,pain,5,15,3,2,48.0,0.7,0.05,0,63.33333333,1.867888335
4865,sub-38,pain,5,16,4,2,48.0,0.3,0.125,-1,64.66666667,1.934595556
4866,sub-38,pain,5,17,5,1,47.0,0.3,0.125,-1,38.66666667,1.38427972
4867,sub-38,pain,5,18,6,2,48.0,0.7,0.125,-1,60.33333333,1.751207844
4868,sub-38,pain,5,19,7,1,47.0,0.7,0.125,-1,56.33333333,2.201672307
4869,sub-38,pain,5,20,8,1,47.0,0.7,0.05,0,29.66666667,1.567844702
4870,sub-38,pain,5,21,9,2,48.0,0.3,0.05,0,66.0,0.767054203
4871,sub-38,pain,5,22,10,2,48.0,0.3,0.05,-1,32.66666667,1.334179563
4872,sub-38,pain,5,23,11,1,47.0,0.3,0.05,0,27.33333333,1.551357373
4873,sub-38,pain,5,24,12,2,48.0,0.7,0.05,-1,36.0,2.384931264
4874,sub-38,pain,6,1,1,1,47.0,0.7,0.125,1,80.66666667,1.184495492
4875,sub-38,pain,6,2,2,2,48.0,0.3,0.125,0,55.66666667,2.385019899
4876,sub-38,pain,6,3,3,2,48.0,0.3,0.125,1,43.33333333,1.451120982
4877,sub-38,pain,6,4,4,1,47.0,0.3,0.05,1,53.0,2.101510245
4878,sub-38,pain,6,5,5,2,48.0,0.3,0.05,1,63.66666667,1.918097031
4879,sub-38,pain,6,6,6,2,48.0,0.7,0.125,1,52.33333333,2.068189445
4880,sub-38,pain,6,7,7,1,47.0,0.3,0.125,0,29.0,1.868009003
4881,sub-38,pain,6,8,8,1,47.0,0.3,0.125,1,47.0,1.167564678
4882,sub-38,pain,6,9,9,2,48.0,0.7,0.125,0,55.66666667,2.068017462
4883,sub-38,pain,6,10,10,1,47.0,0.7,0.125,0,58.33333333,1.350985355
4884,sub-38,pain,6,11,11,1,47.0,0.7,0.05,1,75.0,1.033952129
4885,sub-38,pain,6,12,12,2,48.0,0.7,0.05,1,68.66666667,1.234135059
4886,sub-38,vision,6,13,1,1,0.5,0.7,0.125,1,74.33333333,1.86807027
4887,sub-38,vision,6,14,2,1,0.5,0.3,0.125,0,95.33333333,2.084818589
4888,sub-38,vision,6,15,3,1,0.5,0.7,0.125,0,88.33333333,0.867408463
4889,sub-38,vision,6,16,4,2,0.6,0.7,0.125,1,84.33333333,2.468498703
4890,sub-38,vision,6,17,5,1,0.5,0.7,0.05,1,80.0,1.884566618
4891,sub-38,vision,6,18,6,2,0.6,0.3,0.05,1,85.66666667,1.351116597
4892,sub-38,vision,6,19,7,1,0.5,0.3,0.05,1,81.66666667,0.900686034
4893,sub-38,vision,6,20,8,2,0.6,0.7,0.125,0,91.0,2.25164682
4894,sub-38,vision,6,21,9,2,0.6,0.7,0.05,1,100.0,2.335003401
4895,sub-38,vision,6,22,10,2,0.6,0.3,0.125,1,51.66666667,0.817159959
4896,sub-38,vision,6,23,11,2,0.6,0.3,0.125,0,93.66666667,2.618543844
4897,sub-38,vision,6,24,12,1,0.5,0.3,0.125,1,92.66666667,1.000590277
4898,sub-39,vision,1,1,1,2,0.6,0.3,0.125,-1,67.0,1.717908192
4899,sub-39,vision,1,2,2,2,0.6,0.7,0.125,-1,79.33333333,1.434451097
4900,sub-39,vision,1,3,3,1,0.5,0.3,0.05,0,65.0,2.935475685
4901,sub-39,vision,1,4,4,2,0.6,0.7,0.05,-1,64.33333333,3.202331315
4902,sub-39,vision,1,5,5,2,0.6,0.3,0.05,0,67.33333333,3.018904106
4903,sub-39,vision,1,6,6,2,0.6,0.3,0.05,-1,74.0,1.884852426
4904,sub-39,vision,1,7,7,1,0.5,0.7,0.05,-1,60.33333333,2.30163253
4905,sub-39,vision,1,8,8,2,0.6,0.7,0.05,0,74.0,1.851322323
4906,sub-39,vision,1,9,9,1,0.5,0.7,0.05,0,62.66666667,3.369172608
4907,sub-39,vision,1,10,10,1,0.5,0.3,0.125,-1,42.33333333,2.818667373
4908,sub-39,vision,1,11,11,1,0.5,0.7,0.125,-1,56.66666667,3.352281912
4909,sub-39,vision,1,12,12,1,0.5,0.3,0.05,-1,36.0,2.468447699
4910,sub-39,pain,1,13,1,2,48.0,0.3,0.05,-1,86.0,2.01819596
4911,sub-39,pain,1,14,2,1,47.0,0.3,0.05,0,21.0,2.184763573
4912,sub-39,pain,1,15,3,1,47.0,0.3,0.05,-1,53.0,2.968834427
4913,sub-39,pain,1,16,4,2,48.0,0.7,0.05,-1,79.66666667,1.951373358
4914,sub-39,pain,1,17,5,1,47.0,0.7,0.05,-1,63.66666667,3.352286577
4915,sub-39,pain,1,18,6,2,48.0,0.7,0.05,0,90.0,1.117504639
4916,sub-39,pain,1,19,7,2,48.0,0.3,0.125,-1,52.0,2.952172316
4917,sub-39,pain,1,20,8,2,48.0,0.3,0.05,0,51.0,3.519252581
4918,sub-39,pain,1,21,9,2,48.0,0.7,0.125,-1,70.66666667,2.268277831
4919,sub-39,pain,1,22,10,1,47.0,0.7,0.125,-1,46.0,2.785391357
4920,sub-39,pain,1,23,11,1,47.0,0.7,0.05,0,42.33333333,2.635261935
4921,sub-39,pain,1,24,12,1,47.0,0.3,0.125,-1,27.66666667,2.151425979
4922,sub-39,vision,2,1,1,2,0.6,0.7,0.125,1,77.0,3.235763142
4923,sub-39,vision,2,2,2,1,0.5,0.7,0.05,1,72.66666667,1.717823911
4924,sub-39,vision,2,3,3,2,0.6,0.3,0.125,0,71.33333333,3.652552264
4925,sub-39,vision,2,4,4,1,0.5,0.3,0.125,0,60.33333333,2.51837183
4926,sub-39,vision,2,5,5,1,0.5,0.3,0.125,1,44.33333333,3.202198518
4927,sub-39,vision,2,6,6,2,0.6,0.3,0.125,1,72.0,2.568522681
4928,sub-39,vision,2,7,7,1,0.5,0.7,0.125,1,60.66666667,2.751874316
4929,sub-39,vision,2,8,8,2,0.6,0.3,0.05,1,69.33333333,2.234922199
4930,sub-39,vision,2,9,9,1,0.5,0.3,0.05,1,39.66666667,2.802059066
4931,sub-39,vision,2,10,10,2,0.6,0.7,0.05,1,51.0,2.501969404
4932,sub-39,vision,2,11,11,2,0.6,0.7,0.125,0,83.33333333,3.819394801
4933,sub-39,vision,2,12,12,1,0.5,0.7,0.125,0,62.33333333,3.135592994
4934,sub-39,pain,2,13,1,2,48.0,0.3,0.125,1,71.0,2.385168246
4935,sub-39,pain,2,14,2,1,47.0,0.3,0.125,0,37.66666667,2.81872242
4936,sub-39,pain,2,15,3,2,48.0,0.3,0.125,0,61.0,2.485005313
4937,sub-39,pain,2,16,4,1,47.0,0.7,0.125,0,26.66666667,3.552617854
4938,sub-39,pain,2,17,5,2,48.0,0.7,0.05,1,30.66666667,1.917948684
4939,sub-39,pain,2,18,6,1,47.0,0.7,0.05,1,13.66666667,4.102971632
4940,sub-39,pain,2,19,7,1,47.0,0.3,0.05,1,17.33333333,1.601134713
4941,sub-39,pain,2,20,8,1,47.0,0.3,0.125,1,17.0,1.567756378
4942,sub-39,pain,2,21,9,1,47.0,0.7,0.125,1,23.0,3.235652426
4943,sub-39,pain,2,22,10,2,48.0,0.7,0.125,1,71.66666667,2.13500676
4944,sub-39,pain,2,23,11,2,48.0,0.3,0.05,1,71.33333333,2.735313903
4945,sub-39,pain,2,24,12,2,48.0,0.7,0.125,0,68.66666667,3.202290263
4946,sub-39,vision,3,1,1,1,0.5,0.3,0.05,0,38.33333333,2.351725223
4947,sub-39,vision,3,2,2,1,0.5,0.7,0.125,-1,51.0,3.185702481
4948,sub-39,vision,3,3,3,2,0.6,0.7,0.05,0,77.66666667,2.385075257
4949,sub-39,vision,3,4,4,2,0.6,0.3,0.05,0,78.33333333,1.517738013
4950,sub-39,vision,3,5,5,1,0.5,0.7,0.05,-1,52.66666667,2.51833762
4951,sub-39,vision,3,6,6,1,0.5,0.3,0.05,-1,32.33333333,2.484967682
4952,sub-39,vision,3,7,7,2,0.6,0.3,0.125,-1,75.66666667,2.685315442
4953,sub-39,vision,3,8,8,2,0.6,0.3,0.05,-1,75.33333333,2.184975053
4954,sub-39,vision,3,9,9,2,0.6,0.7,0.125,-1,65.66666667,2.385034516
4955,sub-39,vision,3,10,10,2,0.6,0.7,0.05,-1,81.0,2.118203766
4956,sub-39,vision,3,11,11,1,0.5,0.3,0.125,-1,28.0,1.934697875
4957,sub-39,vision,3,12,12,1,0.5,0.7,0.05,0,20.66666667,1.667749256
4958,sub-39,pain,3,13,1,2,48.0,0.3,0.05,0,87.66666667,1.501081812
4959,sub-39,pain,3,14,2,2,48.0,0.3,0.125,-1,60.0,2.067972056
4960,sub-39,pain,3,15,3,2,48.0,0.7,0.05,-1,49.33333333,3.052202203
4961,sub-39,pain,3,16,4,1,47.0,0.7,0.05,0,27.0,2.668885959
4962,sub-39,pain,3,17,5,1,47.0,0.3,0.125,-1,42.0,1.967997527
4963,sub-39,pain,3,18,6,2,48.0,0.7,0.05,0,69.0,2.902048212
4964,sub-39,pain,3,19,7,2,48.0,0.3,0.05,-1,78.33333333,3.152219961
4965,sub-39,pain,3,20,8,1,47.0,0.3,0.05,-1,30.33333333,2.351568479
4966,sub-39,pain,3,21,9,1,47.0,0.3,0.05,0,19.66666667,3.135647419
4967,sub-39,pain,3,22,10,1,47.0,0.7,0.05,-1,24.0,1.767923447
4968,sub-39,pain,3,23,11,2,48.0,0.7,0.125,-1,77.0,1.851187972
4969,sub-39,pain,3,24,12,1,47.0,0.7,0.125,-1,68.66666667,3.052231126
4970,sub-39,vision,4,1,1,1,0.5,0.3,0.125,1,51.33333333,2.301920515
4971,sub-39,vision,4,2,2,2,0.6,0.7,0.125,1,79.66666667,1.551083071
4972,sub-39,vision,4,3,3,1,0.5,0.7,0.125,1,59.66666667,3.419125351
4973,sub-39,vision,4,4,4,2,0.6,0.3,0.05,1,51.33333333,2.184767306
4974,sub-39,vision,4,5,5,1,0.5,0.7,0.05,1,67.33333333,2.60185561
4975,sub-39,vision,4,6,6,2,0.6,0.3,0.125,1,61.0,2.518446781
4976,sub-39,vision,4,7,7,2,0.6,0.7,0.125,0,93.66666667,2.952027701
4977,sub-39,vision,4,8,8,2,0.6,0.3,0.125,0,59.0,2.184997756
4978,sub-39,vision,4,9,9,2,0.6,0.7,0.05,1,37.66666667,2.334918187
4979,sub-39,vision,4,10,10,1,0.5,0.7,0.125,0,52.66666667,2.418640192
4980,sub-39,vision,4,11,11,1,0.5,0.3,0.125,0,32.0,2.818768448
4981,sub-39,vision,4,12,12,1,0.5,0.3,0.05,1,35.0,2.501677376
4982,sub-39,pain,4,13,1,1,47.0,0.7,0.125,0,77.0,2.218371115
4983,sub-39,pain,4,14,2,2,48.0,0.7,0.05,1,80.66666667,3.018876738
4984,sub-39,pain,4,15,3,1,47.0,0.7,0.05,1,60.66666667,2.501770054
4985,sub-39,pain,4,16,4,2,48.0,0.7,0.125,0,73.33333333,2.735328831
4986,sub-39,pain,4,17,5,1,47.0,0.3,0.125,0,42.0,2.034830392
4987,sub-39,pain,4,18,6,1,47.0,0.3,0.05,1,27.0,1.818008365
4988,sub-39,pain,4,19,7,2,48.0,0.3,0.125,0,65.33333333,2.151530786
4989,sub-39,pain,4,20,8,1,47.0,0.7,0.125,1,23.33333333,1.801278768
4990,sub-39,pain,4,21,9,2,48.0,0.7,0.125,1,72.66666667,3.252285302
4991,sub-39,pain,4,22,10,2,48.0,0.3,0.05,1,49.66666667,1.884587765
4992,sub-39,pain,4,23,11,2,48.0,0.3,0.125,1,46.0,2.468374925
4993,sub-39,pain,4,24,12,1,47.0,0.3,0.125,1,31.0,1.801435823
4994,sub-39,pain,5,1,1,1,47.0,0.7,0.05,0,67.33333333,2.251544812
4995,sub-39,pain,5,2,2,2,48.0,0.3,0.125,-1,87.66666667,1.484392955
4996,sub-39,pain,5,3,3,2,48.0,0.7,0.05,0,69.33333333,2.40179397
4997,sub-39,pain,5,4,4,2,48.0,0.3,0.05,-1,54.66666667,2.118148097
4998,sub-39,pain,5,5,5,2,48.0,0.7,0.125,-1,43.0,1.817938079
4999,sub-39,pain,5,6,6,1,47.0,0.3,0.125,-1,11.0,2.451938289
5000,sub-39,pain,5,7,7,1,47.0,0.7,0.125,-1,15.0,2.718504689
5001,sub-39,pain,5,8,8,2,48.0,0.7,0.05,-1,37.0,2.385072769
5002,sub-39,pain,5,9,9,1,47.0,0.3,0.05,-1,14.0,2.535133461
5003,sub-39,pain,5,10,10,1,47.0,0.7,0.05,-1,21.33333333,2.785344707
5004,sub-39,pain,5,11,11,1,47.0,0.3,0.05,0,20.0,2.685215611
5005,sub-39,pain,5,12,12,2,48.0,0.3,0.05,0,60.66666667,2.635251983
5006,sub-39,vision,5,13,1,1,0.5,0.3,0.05,0,70.33333333,1.934512208
5007,sub-39,vision,5,14,2,2,0.6,0.3,0.05,-1,56.66666667,2.501803953
5008,sub-39,vision,5,15,3,1,0.5,0.3,0.125,-1,57.33333333,2.234847559
5009,sub-39,vision,5,16,4,2,0.6,0.7,0.05,0,80.66666667,1.684525192
5010,sub-39,vision,5,17,5,1,0.5,0.7,0.05,-1,38.33333333,2.018162994
5011,sub-39,vision,5,18,6,2,0.6,0.3,0.125,-1,23.0,1.467663047
5012,sub-39,vision,5,19,7,2,0.6,0.3,0.05,0,58.33333333,1.98476009
5013,sub-39,vision,5,20,8,2,0.6,0.7,0.05,-1,70.33333333,2.034812976
5014,sub-39,vision,5,21,9,1,0.5,0.7,0.05,0,50.33333333,1.984786525
5015,sub-39,vision,5,22,10,1,0.5,0.7,0.125,-1,20.33333333,2.551812987
5016,sub-39,vision,5,23,11,1,0.5,0.3,0.05,-1,35.66666667,2.652190572
5017,sub-39,vision,5,24,12,2,0.6,0.7,0.125,-1,54.66666667,1.734549155
5018,sub-39,vision,6,1,1,2,0.6,0.3,0.05,1,62.0,2.118313549
5019,sub-39,vision,6,2,2,2,0.6,0.3,0.125,1,53.33333333,2.401732392
5020,sub-39,vision,6,3,3,2,0.6,0.7,0.125,1,55.66666667,2.001352537
5021,sub-39,vision,6,4,4,1,0.5,0.3,0.05,1,21.33333333,2.685365824
5022,sub-39,vision,6,5,5,1,0.5,0.7,0.125,0,19.0,1.717806495
5023,sub-39,vision,6,6,6,2,0.6,0.7,0.05,1,65.0,1.601243252
5024,sub-39,vision,6,7,7,2,0.6,0.3,0.125,0,25.66666667,1.834644041
5025,sub-39,vision,6,8,8,2,0.6,0.7,0.125,0,45.0,2.284940252
5026,sub-39,vision,6,9,9,1,0.5,0.3,0.125,1,47.66666667,2.651985312
5027,sub-39,vision,6,10,10,1,0.5,0.7,0.125,1,50.0,2.234817081
5028,sub-39,vision,6,11,11,1,0.5,0.3,0.125,0,34.33333333,2.568527657
5029,sub-39,vision,6,12,12,1,0.5,0.7,0.05,1,33.66666667,3.18578925
5030,sub-39,pain,6,13,1,1,47.0,0.7,0.125,1,19.33333333,2.251495674
5031,sub-39,pain,6,14,2,2,48.0,0.7,0.125,1,10.0,1.284180169
5032,sub-39,pain,6,15,3,2,48.0,0.3,0.05,1,4.333333333,2.718641529
5033,sub-39,pain,6,16,4,1,47.0,0.7,0.05,1,9.333333333,2.434961136
5034,sub-39,pain,6,17,5,1,47.0,0.3,0.125,1,10.0,0.950497273
5035,sub-39,pain,6,18,6,1,47.0,0.3,0.125,0,9.333333333,0.983990366
5036,sub-39,pain,6,19,7,1,47.0,0.7,0.125,0,5.666666667,2.968826341
5037,sub-39,pain,6,20,8,2,48.0,0.7,0.05,1,7.333333333,2.952153967
5038,sub-39,pain,6,21,9,2,48.0,0.3,0.125,1,14.0,1.217438428
5039,sub-39,pain,6,22,10,1,47.0,0.3,0.05,1,10.0,0.950660547
5040,sub-39,pain,6,23,11,2,48.0,0.7,0.125,0,10.0,0.750552568
5041,sub-39,pain,6,24,12,2,48.0,0.3,0.125,0,8.666666667,2.552070806
5042,sub-40,vision,1,1,1,1,0.5,0.7,0.05,0,76.0,2.535172554
5043,sub-40,vision,1,2,2,2,0.6,0.3,0.05,0,30.33333333,3.469315508
5044,sub-40,vision,1,3,3,1,0.5,0.3,0.125,-1,27.0,3.469298091
5045,sub-40,vision,1,4,4,1,0.5,0.3,0.05,-1,31.33333333,3.452387698
5046,sub-40,vision,1,5,5,2,0.6,0.7,0.05,0,50.66666667,2.918651037
5047,sub-40,vision,1,6,6,1,0.5,0.3,0.05,0,44.0,2.70195424
5048,sub-40,vision,1,7,7,1,0.5,0.7,0.125,-1,63.33333333,2.268437177
5049,sub-40,vision,1,8,8,2,0.6,0.3,0.125,-1,41.33333333,3.469239623
5050,sub-40,vision,1,9,9,1,0.5,0.7,0.05,-1,62.66666667,4.303170442
5051,sub-40,vision,1,10,10,2,0.6,0.7,0.05,-1,70.0,2.718571048
5052,sub-40,vision,1,11,11,2,0.6,0.3,0.05,-1,26.66666667,2.651957645
5053,sub-40,vision,1,12,12,2,0.6,0.7,0.125,-1,36.33333333,3.469122687
5054,sub-40,pain,1,13,1,2,48.0,0.7,0.05,-1,72.0,2.535066192
5055,sub-40,pain,1,14,2,2,48.0,0.7,0.125,-1,77.33333333,1.417686466
5056,sub-40,pain,1,15,3,1,47.0,0.7,0.05,-1,68.33333333,2.068081951
5057,sub-40,pain,1,16,4,1,47.0,0.3,0.125,-1,37.0,1.984701216
5058,sub-40,pain,1,17,5,1,47.0,0.3,0.05,-1,20.0,2.618534008
5059,sub-40,pain,1,18,6,2,48.0,0.3,0.05,-1,36.33333333,2.31830595
5060,sub-40,pain,1,19,7,2,48.0,0.7,0.05,0,63.0,1.984712101
5061,sub-40,pain,1,20,8,2,48.0,0.3,0.05,0,47.66666667,2.118229693
5062,sub-40,pain,1,21,9,1,47.0,0.7,0.05,0,55.66666667,2.318353533
5063,sub-40,pain,1,22,10,2,48.0,0.3,0.125,-1,36.66666667,2.384921841
5064,sub-40,pain,1,23,11,1,47.0,0.3,0.05,0,16.33333333,2.718683008
5065,sub-40,pain,1,24,12,1,47.0,0.7,0.125,-1,50.33333333,2.301549192
5066,sub-40,vision,2,1,1,1,0.5,0.7,0.05,1,60.0,2.285223792
5067,sub-40,vision,2,2,2,2,0.6,0.3,0.125,1,41.33333333,2.201421028
5068,sub-40,vision,2,3,3,2,0.6,0.7,0.125,0,55.0,2.768595943
5069,sub-40,vision,2,4,4,2,0.6,0.7,0.05,1,54.33333333,2.668609285
5070,sub-40,vision,2,5,5,2,0.6,0.7,0.125,1,37.33333333,2.968710765
5071,sub-40,vision,2,6,6,2,0.6,0.3,0.125,0,26.33333333,1.451044172
5072,sub-40,vision,2,7,7,1,0.5,0.7,0.125,0,24.66666667,2.018181767
5073,sub-40,vision,2,8,8,1,0.5,0.3,0.125,0,21.66666667,1.717874405
5074,sub-40,vision,2,9,9,2,0.6,0.3,0.05,1,24.66666667,1.751182039
5075,sub-40,vision,2,10,10,1,0.5,0.3,0.05,1,23.33333333,1.751270052
5076,sub-40,vision,2,11,11,1,0.5,0.3,0.125,1,53.66666667,3.319105535
5077,sub-40,vision,2,12,12,1,0.5,0.7,0.125,1,47.0,3.25241998
5078,sub-40,pain,2,13,1,2,48.0,0.7,0.125,1,72.66666667,2.902100784
5079,sub-40,pain,2,14,2,2,48.0,0.3,0.125,1,39.66666667,2.151573092
5080,sub-40,pain,2,15,3,1,47.0,0.7,0.125,1,45.33333333,2.368440318
5081,sub-40,pain,2,16,4,2,48.0,0.3,0.05,1,28.33333333,2.701894839
5082,sub-40,pain,2,17,5,1,47.0,0.3,0.125,1,15.66666667,1.517638914
5083,sub-40,pain,2,18,6,2,48.0,0.7,0.05,1,52.0,2.035049553
5084,sub-40,pain,2,19,7,1,47.0,0.7,0.125,0,14.33333333,1.984760307
5085,sub-40,pain,2,20,8,1,47.0,0.3,0.125,0,13.33333333,2.084842753
5086,sub-40,pain,2,21,9,1,47.0,0.7,0.05,1,40.33333333,2.235001099
5087,sub-40,pain,2,22,10,1,47.0,0.3,0.05,1,30.33333333,2.635268685
5088,sub-40,pain,2,23,11,2,48.0,0.3,0.125,0,26.66666667,2.285070157
5089,sub-40,pain,2,24,12,2,48.0,0.7,0.125,0,51.33333333,2.518631009
5090,sub-40,pain,3,1,1,1,47.0,0.7,0.05,-1,5.333333333,1.434262222
5091,sub-40,pain,3,2,2,2,48.0,0.3,0.125,-1,1.666666667,3.202274105
5092,sub-40,pain,3,3,3,1,47.0,0.3,0.05,0,0.0,2.501682051
5093,sub-40,pain,3,4,4,1,47.0,0.7,0.125,-1,8.0,2.15158802
5094,sub-40,pain,3,5,5,2,48.0,0.7,0.125,-1,9.333333333,2.535074589
5095,sub-40,pain,3,6,6,1,47.0,0.3,0.125,-1,1.333333333,2.034867929
5096,sub-40,pain,3,7,7,2,48.0,0.3,0.05,0,11.0,1.434381336
5097,sub-40,pain,3,8,8,1,47.0,0.3,0.05,-1,13.0,3.235575519
5098,sub-40,pain,3,9,9,2,48.0,0.7,0.05,0,13.0,3.05205418
5099,sub-40,pain,3,10,10,1,47.0,0.7,0.05,0,7.0,2.851981655
5100,sub-40,pain,3,11,11,2,48.0,0.7,0.05,-1,17.33333333,3.052260996
5101,sub-40,pain,3,12,12,2,48.0,0.3,0.05,-1,4.666666667,3.135561493
5102,sub-40,vision,3,13,1,1,0.5,0.3,0.05,-1,42.0,1.734576116
5103,sub-40,vision,3,14,2,2,0.6,0.7,0.05,-1,54.66666667,3.102138788
5104,sub-40,vision,3,15,3,1,0.5,0.7,0.125,-1,48.33333333,2.668560769
5105,sub-40,vision,3,16,4,1,0.5,0.3,0.05,0,38.33333333,2.518500699
5106,sub-40,vision,3,17,5,2,0.6,0.7,0.05,0,54.33333333,2.468466163
5107,sub-40,vision,3,18,6,2,0.6,0.7,0.125,-1,48.66666667,4.036145834
5108,sub-40,vision,3,19,7,1,0.5,0.7,0.05,-1,33.0,2.45170816
5109,sub-40,vision,3,20,8,2,0.6,0.3,0.125,-1,22.33333333,2.118125818
5110,sub-40,vision,3,21,9,1,0.5,0.3,0.125,-1,21.66666667,2.601933061
5111,sub-40,vision,3,22,10,2,0.6,0.3,0.05,0,61.33333333,2.234812944
5112,sub-40,vision,3,23,11,2,0.6,0.3,0.05,-1,50.66666667,2.468443459
5113,sub-40,vision,3,24,12,1,0.5,0.7,0.05,0,49.33333333,2.501782194
5114,sub-40,vision,4,1,1,2,0.6,0.7,0.05,1,57.33333333,2.852073711
5115,sub-40,vision,4,2,2,2,0.6,0.3,0.125,0,32.0,1.684554019
5116,sub-40,vision,4,3,3,2,0.6,0.7,0.125,0,49.66666667,2.551865558
5117,sub-40,vision,4,4,4,1,0.5,0.7,0.125,0,44.33333333,1.551087432
5118,sub-40,vision,4,5,5,2,0.6,0.3,0.05,1,37.0,2.701837303
5119,sub-40,vision,4,6,6,1,0.5,0.7,0.05,1,43.66666667,2.301721486
5120,sub-40,vision,4,7,7,2,0.6,0.3,0.125,1,37.33333333,1.984640882
5121,sub-40,vision,4,8,8,1,0.5,0.3,0.05,1,42.33333333,1.651144999
5122,sub-40,vision,4,9,9,1,0.5,0.3,0.125,0,41.33333333,1.617895833
5123,sub-40,vision,4,10,10,1,0.5,0.7,0.125,1,54.66666667,2.284966283
5124,sub-40,vision,4,11,11,1,0.5,0.3,0.125,1,38.0,3.485848967
5125,sub-40,vision,4,12,12,2,0.6,0.7,0.125,1,59.33333333,2.018021291
5126,sub-40,pain,4,13,1,2,48.0,0.3,0.125,0,72.0,2.685438507
5127,sub-40,pain,4,14,2,2,48.0,0.7,0.125,1,67.33333333,1.501111364
5128,sub-40,pain,4,15,3,2,48.0,0.7,0.05,1,69.0,2.285050564
5129,sub-40,pain,4,16,4,1,47.0,0.7,0.05,1,60.0,1.801294948
5130,sub-40,pain,4,17,5,1,47.0,0.3,0.05,1,48.66666667,2.40173769
5131,sub-40,pain,4,18,6,1,47.0,0.7,0.125,1,27.0,1.951412864
5132,sub-40,pain,4,19,7,2,48.0,0.3,0.125,1,45.0,2.63529823
5133,sub-40,pain,4,20,8,2,48.0,0.7,0.125,0,46.66666667,1.66798946
5134,sub-40,pain,4,21,9,1,47.0,0.7,0.125,0,37.33333333,2.251531449
5135,sub-40,pain,4,22,10,1,47.0,0.3,0.125,1,59.0,2.134707172
5136,sub-40,pain,4,23,11,1,47.0,0.3,0.125,0,36.0,2.318404849
5137,sub-40,pain,4,24,12,2,48.0,0.3,0.05,1,45.66666667,2.151756583
5138,sub-40,pain,5,1,1,1,47.0,0.7,0.05,0,45.33333333,2.118245243
5139,sub-40,pain,5,2,2,1,47.0,0.7,0.125,-1,39.66666667,2.535195569
5140,sub-40,pain,5,3,3,2,48.0,0.7,0.05,0,45.0,2.33505991
5141,sub-40,pain,5,4,4,2,48.0,0.7,0.125,-1,50.0,2.635089859
5142,sub-40,pain,5,5,5,1,47.0,0.3,0.05,-1,33.66666667,2.518476441
5143,sub-40,pain,5,6,6,2,48.0,0.7,0.05,-1,51.0,2.051568707
5144,sub-40,pain,5,7,7,1,47.0,0.3,0.05,0,32.0,2.401849961
5145,sub-40,pain,5,8,8,2,48.0,0.3,0.05,-1,26.0,2.585101662
5146,sub-40,pain,5,9,9,1,47.0,0.3,0.125,-1,34.33333333,1.884676927
5147,sub-40,pain,5,10,10,2,48.0,0.3,0.05,0,51.33333333,1.918244558
5148,sub-40,pain,5,11,11,2,48.0,0.3,0.125,-1,17.0,2.23478091
5149,sub-40,pain,5,12,12,1,47.0,0.7,0.05,-1,17.66666667,1.617844206
5150,sub-40,vision,5,13,1,1,0.5,0.7,0.05,0,45.0,2.61878001
5151,sub-40,vision,5,14,2,2,0.6,0.3,0.05,-1,45.0,1.801278465
5152,sub-40,vision,5,15,3,1,0.5,0.3,0.05,-1,31.66666667,2.335002685
5153,sub-40,vision,5,16,4,2,0.6,0.3,0.05,0,22.66666667,1.434357389
5154,sub-40,vision,5,17,5,1,0.5,0.3,0.05,0,73.33333333,0.583643998
5155,sub-40,vision,5,18,6,1,0.5,0.7,0.125,-1,50.33333333,2.00147819
5156,sub-40,vision,5,19,7,2,0.6,0.7,0.125,-1,60.33333333,1.734458868
5157,sub-40,vision,5,20,8,1,0.5,0.7,0.05,-1,33.66666667,1.951384874
5158,sub-40,vision,5,21,9,2,0.6,0.7,0.05,0,32.33333333,1.751283736
5159,sub-40,vision,5,22,10,2,0.6,0.7,0.05,-1,78.0,0.617111798
5160,sub-40,vision,5,23,11,2,0.6,0.3,0.125,-1,51.66666667,2.535362887
5161,sub-40,vision,5,24,12,1,0.5,0.3,0.125,-1,48.0,1.801332579
5162,sub-40,pain,6,1,1,1,47.0,0.7,0.125,1,37.33333333,1.484686133
5163,sub-40,pain,6,2,2,2,48.0,0.7,0.05,1,33.66666667,1.701134129
5164,sub-40,pain,6,3,3,2,48.0,0.7,0.125,0,18.0,2.068180539
5165,sub-40,pain,6,4,4,2,48.0,0.7,0.125,1,11.0,3.068774552
5166,sub-40,pain,6,5,5,2,48.0,0.3,0.125,0,42.66666667,1.951268559
5167,sub-40,pain,6,6,6,2,48.0,0.3,0.05,1,24.66666667,1.984668872
5168,sub-40,pain,6,7,7,1,47.0,0.3,0.125,0,6.0,1.200907875
5169,sub-40,pain,6,8,8,1,47.0,0.3,0.125,1,77.33333333,0.666980882
5170,sub-40,pain,6,9,9,2,48.0,0.3,0.125,1,14.0,2.885473713
5171,sub-40,pain,6,10,10,1,47.0,0.7,0.125,0,26.0,3.819449347
5172,sub-40,pain,6,11,11,1,47.0,0.3,0.05,1,7.0,1.784649839
5173,sub-40,pain,6,12,12,1,47.0,0.7,0.05,1,7.666666667,2.83530389
5174,sub-40,vision,6,13,1,1,0.5,0.7,0.125,0,44.33333333,2.068183338
5175,sub-40,vision,6,14,2,2,0.6,0.7,0.125,1,48.0,2.718520666
5176,sub-40,vision,6,15,3,1,0.5,0.7,0.125,1,48.0,2.31826863
5177,sub-40,vision,6,16,4,2,0.6,0.3,0.125,1,53.33333333,2.685198725
5178,sub-40,vision,6,17,5,1,0.5,0.7,0.05,1,51.33333333,3.002239833
5179,sub-40,vision,6,18,6,1,0.5,0.3,0.125,1,22.0,2.668655625
5180,sub-40,vision,6,19,7,2,0.6,0.7,0.125,0,53.33333333,2.552054336
5181,sub-40,vision,6,20,8,2,0.6,0.3,0.125,0,48.66666667,3.185698971
5182,sub-40,vision,6,21,9,1,0.5,0.3,0.125,0,40.66666667,2.618446305
5183,sub-40,vision,6,22,10,2,0.6,0.7,0.05,1,52.0,2.351591814
5184,sub-40,vision,6,23,11,1,0.5,0.3,0.05,1,48.0,2.468509081
5185,sub-40,vision,6,24,12,2,0.6,0.3,0.05,1,40.66666667,2.935501096
5186,sub-41,pain,1,1,1,1,47.0,0.3,0.05,0,57.66666667,2.50180177
5187,sub-41,pain,1,2,2,1,47.0,0.7,0.05,-1,50.33333333,4.219822177
5188,sub-41,pain,1,3,3,1,47.0,0.7,0.05,0,81.66666667,2.868714447
5189,sub-41,pain,1,4,4,2,48.0,0.7,0.05,0,91.0,3.10247558
5190,sub-41,pain,1,5,5,2,48.0,0.3,0.05,-1,84.33333333,2.568819471
5191,sub-41,pain,1,6,6,2,48.0,0.7,0.125,-1,80.0,3.536040845
5192,sub-41,pain,1,7,7,2,48.0,0.3,0.05,0,74.33333333,2.885648318
5193,sub-41,pain,1,8,8,2,48.0,0.7,0.05,-1,75.66666667,2.968787252
5194,sub-41,pain,1,9,9,2,48.0,0.3,0.125,-1,44.0,4.203055623
5195,sub-41,pain,1,10,10,1,47.0,0.3,0.05,-1,52.33333333,2.13482876
5196,sub-41,pain,1,11,11,1,47.0,0.3,0.125,-1,67.66666667,2.53516103
5198,sub-41,vision,1,13,1,1,0.5,0.3,0.05,-1,23.0,2.668822612
5199,sub-41,vision,1,14,2,2,0.6,0.3,0.05,-1,46.33333333,2.751938532
5200,sub-41,vision,1,15,3,2,0.6,0.3,0.125,-1,54.66666667,4.002914989
5201,sub-41,vision,1,16,4,1,0.5,0.7,0.05,0,74.0,3.40231893
5203,sub-41,vision,1,18,6,2,0.6,0.7,0.125,-1,78.66666667,1.534321645
5204,sub-41,vision,1,19,7,1,0.5,0.7,0.05,-1,76.33333333,3.435779575
5205,sub-41,vision,1,20,8,1,0.5,0.3,0.125,-1,38.0,2.885433729
5206,sub-41,vision,1,21,9,1,0.5,0.7,0.125,-1,68.33333333,2.768700421
5207,sub-41,vision,1,22,10,2,0.6,0.3,0.05,0,36.33333333,3.035379507
5208,sub-41,vision,1,23,11,2,0.6,0.7,0.05,0,68.0,2.56851376
5209,sub-41,vision,1,24,12,2,0.6,0.7,0.05,-1,62.0,2.234829724
5210,sub-41,pain,2,1,1,1,47.0,0.3,0.125,0,67.66666667,2.018008682
5211,sub-41,pain,2,2,2,1,47.0,0.3,0.125,1,51.0,4.436557072
5212,sub-41,pain,2,3,3,2,48.0,0.3,0.125,0,75.66666667,4.119669135
5213,sub-41,pain,2,4,4,2,48.0,0.7,0.125,1,68.0,2.501771914
5214,sub-41,pain,2,5,5,2,48.0,0.7,0.125,0,65.33333333,4.252953787
5215,sub-41,pain,2,6,6,2,48.0,0.3,0.125,1,62.0,2.668456878
5216,sub-41,pain,2,7,7,2,48.0,0.3,0.05,1,72.66666667,3.335696508
5217,sub-41,pain,2,8,8,1,47.0,0.7,0.125,0,28.33333333,1.517635329
5218,sub-41,pain,2,9,9,1,47.0,0.7,0.05,1,61.0,2.78535004
5219,sub-41,pain,2,10,10,1,47.0,0.7,0.125,1,69.33333333,2.635116278
5220,sub-41,pain,2,11,11,1,47.0,0.3,0.05,1,33.0,2.284899558
5221,sub-41,pain,2,12,12,2,48.0,0.7,0.05,1,100.0,1.367529076
5222,sub-41,vision,2,13,1,1,0.5,0.3,0.05,1,28.66666667,1.684400219
5223,sub-41,vision,2,14,2,1,0.5,0.3,0.125,1,47.0,2.718600108
5224,sub-41,vision,2,15,3,1,0.5,0.3,0.125,0,23.0,1.417685679
5225,sub-41,vision,2,16,4,2,0.6,0.7,0.125,0,80.66666667,1.767925102
5226,sub-41,vision,2,17,5,1,0.5,0.7,0.125,1,64.0,3.085547306
5227,sub-41,vision,2,18,6,2,0.6,0.7,0.125,1,73.0,2.451831144
5228,sub-41,vision,2,19,7,2,0.6,0.7,0.05,1,73.0,3.419115029
5229,sub-41,vision,2,20,8,1,0.5,0.7,0.05,1,53.33333333,3.235704563
5230,sub-41,vision,2,21,9,1,0.5,0.7,0.125,0,73.66666667,2.651921707
5231,sub-41,vision,2,22,10,2,0.6,0.3,0.125,1,83.0,2.968709191
5232,sub-41,vision,2,23,11,2,0.6,0.3,0.125,0,66.0,3.035390081
5233,sub-41,vision,2,24,12,2,0.6,0.3,0.05,1,41.66666667,2.518549975
5234,sub-41,vision,3,1,1,1,0.5,0.7,0.125,-1,70.66666667,2.351881806
5235,sub-41,vision,3,2,2,2,0.6,0.3,0.125,-1,53.0,1.951434465
5236,sub-41,vision,3,3,3,1,0.5,0.7,0.05,-1,68.0,2.718605706
5237,sub-41,vision,3,4,4,2,0.6,0.7,0.05,0,69.0,2.818635282
5238,sub-41,vision,3,5,5,1,0.5,0.3,0.05,-1,35.33333333,2.268311206
5239,sub-41,vision,3,6,6,2,0.6,0.3,0.05,-1,51.66666667,2.51832077
5240,sub-41,vision,3,7,7,1,0.5,0.3,0.05,0,41.66666667,3.235624636
5241,sub-41,vision,3,8,8,2,0.6,0.7,0.05,-1,70.0,2.868623324
5245,sub-41,vision,3,12,12,2,0.6,0.3,0.05,0,55.0,2.351682767
5246,sub-41,pain,3,13,1,1,47.0,0.3,0.05,-1,82.66666667,2.201777108
5247,sub-41,pain,3,14,2,1,47.0,0.3,0.125,-1,23.66666667,2.51851079
5248,sub-41,pain,3,15,3,2,48.0,0.3,0.125,-1,52.33333333,3.452498858
5249,sub-41,pain,3,16,4,1,47.0,0.7,0.05,-1,52.0,3.052135487
5250,sub-41,pain,3,17,5,2,48.0,0.7,0.05,0,90.66666667,1.501043867
5251,sub-41,pain,3,18,6,2,48.0,0.3,0.05,-1,93.0,3.719328156
5252,sub-41,pain,3,19,7,1,47.0,0.7,0.125,-1,61.0,3.319000861
5253,sub-41,pain,3,20,8,1,47.0,0.3,0.05,0,39.0,3.285821669
5254,sub-41,pain,3,21,9,2,48.0,0.7,0.05,-1,82.0,2.985498448
5255,sub-41,pain,3,22,10,2,48.0,0.3,0.05,0,50.66666667,1.767830558
5256,sub-41,pain,3,23,11,1,47.0,0.7,0.05,0,56.66666667,2.885280407
5257,sub-41,pain,3,24,12,2,48.0,0.7,0.125,-1,71.66666667,2.752033075
5258,sub-41,vision,4,1,1,2,0.6,0.3,0.125,0,74.66666667,1.6177072
5259,sub-41,vision,4,2,2,2,0.6,0.7,0.125,0,62.0,2.034666698
5260,sub-41,vision,4,3,3,1,0.5,0.7,0.05,1,72.33333333,2.501821363
5261,sub-41,vision,4,4,4,1,0.5,0.3,0.05,1,25.66666667,1.951511593
5262,sub-41,vision,4,5,5,2,0.6,0.3,0.125,1,100.0,1.834669746
5263,sub-41,vision,4,6,6,1,0.5,0.3,0.125,0,64.66666667,2.885286316
5264,sub-41,vision,4,7,7,2,0.6,0.3,0.05,1,99.0,0.983936303
5265,sub-41,vision,4,8,8,2,0.6,0.7,0.125,1,87.0,2.118208375
5266,sub-41,vision,4,9,9,2,0.6,0.7,0.05,1,82.0,1.867859201
5267,sub-41,vision,4,10,10,1,0.5,0.7,0.125,0,75.66666667,3.635830952
5268,sub-41,vision,4,11,11,1,0.5,0.7,0.125,1,75.66666667,2.618726032
5269,sub-41,vision,4,12,12,1,0.5,0.3,0.125,1,79.0,2.568642824
5270,sub-41,pain,4,13,1,1,47.0,0.3,0.125,0,0.0,3.335823084
5271,sub-41,pain,4,14,2,1,47.0,0.3,0.05,1,5.0,2.251591924
5272,sub-41,pain,4,15,3,1,47.0,0.7,0.125,1,24.0,3.035683974
5273,sub-41,pain,4,16,4,2,48.0,0.7,0.125,1,49.33333333,2.718516139
5275,sub-41,pain,4,18,6,2,48.0,0.3,0.125,1,59.0,3.002202803
5276,sub-41,pain,4,19,7,1,47.0,0.7,0.05,1,63.33333333,3.035509504
5277,sub-41,pain,4,20,8,2,48.0,0.3,0.125,0,77.33333333,4.486558487
5278,sub-41,pain,4,21,9,2,48.0,0.3,0.05,1,34.0,3.60256126
5279,sub-41,pain,4,22,10,1,47.0,0.7,0.125,0,65.33333333,2.418430832
5280,sub-41,pain,4,23,11,2,48.0,0.7,0.05,1,69.66666667,3.118751378
5281,sub-41,pain,4,24,12,2,48.0,0.7,0.125,0,65.33333333,4.269628907
5282,sub-41,vision,5,1,1,1,0.5,0.7,0.05,0,84.66666667,2.201858279
5285,sub-41,vision,5,4,4,2,0.6,0.3,0.05,-1,100.0,2.885394544
5286,sub-41,vision,5,5,5,2,0.6,0.3,0.125,-1,78.0,1.717756991
5287,sub-41,vision,5,6,6,2,0.6,0.7,0.125,-1,54.0,2.185058759
5288,sub-41,vision,5,7,7,1,0.5,0.7,0.125,-1,74.0,2.835264686
5289,sub-41,vision,5,8,8,1,0.5,0.3,0.05,-1,54.33333333,2.084681486
5290,sub-41,vision,5,9,9,1,0.5,0.3,0.05,0,27.0,1.784476134
5291,sub-41,vision,5,10,10,2,0.6,0.3,0.05,0,95.33333333,3.085581516
5292,sub-41,vision,5,11,11,2,0.6,0.7,0.05,0,90.33333333,2.435158822
5293,sub-41,vision,5,12,12,1,0.5,0.3,0.125,-1,36.33333333,1.918099463
5294,sub-41,pain,5,13,1,1,47.0,0.7,0.05,-1,100.0,1.41760482
5295,sub-41,pain,5,14,2,1,47.0,0.3,0.05,-1,49.0,3.068919768
5296,sub-41,pain,5,15,3,2,48.0,0.7,0.05,0,100.0,0.717188797
5297,sub-41,pain,5,16,4,2,48.0,0.3,0.125,-1,100.0,1.334297325
5298,sub-41,pain,5,17,5,2,48.0,0.7,0.125,-1,100.0,1.067391521
5299,sub-41,pain,5,18,6,1,47.0,0.3,0.05,0,77.66666667,1.651236266
5300,sub-41,pain,5,19,7,1,47.0,0.3,0.125,-1,58.33333333,3.302254211
5301,sub-41,pain,5,20,8,2,48.0,0.3,0.05,0,100.0,2.001265142
5302,sub-41,pain,5,21,9,1,47.0,0.7,0.05,0,100.0,1.834842661
5304,sub-41,pain,5,23,11,1,47.0,0.7,0.125,-1,81.33333333,3.502485345
5305,sub-41,pain,5,24,12,2,48.0,0.7,0.05,-1,100.0,1.38420513
5306,sub-41,vision,6,1,1,2,0.6,0.7,0.125,1,90.0,1.284404138
5307,sub-41,vision,6,2,2,2,0.6,0.3,0.125,0,90.0,1.100649085
5308,sub-41,vision,6,3,3,1,0.5,0.3,0.125,0,90.0,1.200924039
5309,sub-41,vision,6,4,4,1,0.5,0.3,0.05,1,57.0,2.218288954
5310,sub-41,vision,6,5,5,2,0.6,0.3,0.05,1,87.0,1.300939309
5312,sub-41,vision,6,7,7,2,0.6,0.7,0.05,1,91.0,2.284890228
5313,sub-41,vision,6,8,8,1,0.5,0.3,0.125,1,35.0,2.518362132
5314,sub-41,vision,6,9,9,1,0.5,0.7,0.125,1,74.33333333,2.068149114
5315,sub-41,vision,6,10,10,2,0.6,0.7,0.125,0,67.0,3.019118325
5316,sub-41,vision,6,11,11,1,0.5,0.7,0.125,0,51.0,2.735184728
5317,sub-41,vision,6,12,12,1,0.5,0.7,0.05,1,40.0,4.386369058
5318,sub-41,pain,6,13,1,2,48.0,0.7,0.125,1,100.0,1.38433917
5319,sub-41,pain,6,14,2,2,48.0,0.7,0.05,1,100.0,0.800552893
5320,sub-41,pain,6,15,3,2,48.0,0.3,0.125,1,100.0,0.717144946
5321,sub-41,pain,6,16,4,1,47.0,0.3,0.05,1,72.33333333,2.218362039
5322,sub-41,pain,6,17,5,2,48.0,0.3,0.125,0,100.0,2.118194691
5323,sub-41,pain,6,18,6,1,47.0,0.7,0.125,1,100.0,1.61791588
5324,sub-41,pain,6,19,7,1,47.0,0.3,0.125,0,100.0,1.134213604
5325,sub-41,pain,6,20,8,2,48.0,0.3,0.05,1,99.0,1.584420714
5326,sub-41,pain,6,21,9,1,47.0,0.3,0.125,1,100.0,0.91727314
5327,sub-41,pain,6,22,10,1,47.0,0.7,0.125,0,100.0,1.934709274
5328,sub-41,pain,6,23,11,1,47.0,0.7,0.05,1,100.0,1.000544247
5329,sub-41,pain,6,24,12,2,48.0,0.7,0.125,0,100.0,0.867140794
5330,sub-42,vision,1,1,1,1,0.5,0.7,0.125,-1,73.0,1.634581701
5331,sub-42,vision,1,2,2,2,0.6,0.3,0.125,-1,69.0,3.319093425
5332,sub-42,vision,1,3,3,2,0.6,0.7,0.05,-1,61.0,2.234912297
5333,sub-42,vision,1,4,4,2,0.6,0.3,0.05,0,54.33333333,2.018046899
5335,sub-42,vision,1,6,6,2,0.6,0.7,0.05,0,64.33333333,2.902075636
5336,sub-42,vision,1,7,7,1,0.5,0.3,0.05,0,49.0,2.285131865
5337,sub-42,vision,1,8,8,2,0.6,0.7,0.125,-1,65.33333333,1.367731853
5338,sub-42,vision,1,9,9,1,0.5,0.7,0.05,-1,55.0,2.485099832
5339,sub-42,vision,1,10,10,1,0.5,0.3,0.05,-1,28.66666667,2.201512098
5340,sub-42,vision,1,11,11,1,0.5,0.3,0.125,-1,36.33333333,2.835377247
5341,sub-42,vision,1,12,12,1,0.5,0.7,0.05,0,61.33333333,2.051504012
5342,sub-42,pain,1,13,1,1,47.0,0.7,0.125,-1,64.66666667,3.168978354
5343,sub-42,pain,1,14,2,2,48.0,0.3,0.05,0,35.0,2.384961125
5345,sub-42,pain,1,16,4,1,47.0,0.3,0.125,-1,47.33333333,1.534297755
5346,sub-42,pain,1,17,5,1,47.0,0.3,0.05,-1,20.0,1.467763264
5347,sub-42,pain,1,18,6,2,48.0,0.7,0.125,-1,76.0,1.334140698
5348,sub-42,pain,1,19,7,1,47.0,0.7,0.05,-1,62.0,2.084862226
5349,sub-42,pain,1,20,8,2,48.0,0.7,0.05,0,71.66666667,2.068136157
5350,sub-42,pain,1,21,9,1,47.0,0.3,0.05,0,34.33333333,1.984685576
5351,sub-42,pain,1,22,10,2,48.0,0.7,0.05,-1,63.66666667,3.185478945
5352,sub-42,pain,1,23,11,1,47.0,0.7,0.05,0,67.0,4.002831063
5353,sub-42,pain,1,24,12,2,48.0,0.3,0.125,-1,39.0,2.401669466
5354,sub-42,pain,2,1,1,1,47.0,0.3,0.125,0,30.0,1.934801891
5355,sub-42,pain,2,2,2,1,47.0,0.7,0.125,1,47.33333333,2.785323754
5356,sub-42,pain,2,3,3,1,47.0,0.7,0.05,1,23.0,1.86826709
5357,sub-42,pain,2,4,4,2,48.0,0.7,0.05,1,60.0,2.318309697
5358,sub-42,pain,2,5,5,2,48.0,0.3,0.125,0,40.0,2.284953972
5359,sub-42,pain,2,6,6,1,47.0,0.3,0.125,1,25.66666667,1.351015737
5360,sub-42,pain,2,7,7,1,47.0,0.7,0.125,0,43.33333333,1.384310506
5361,sub-42,pain,2,8,8,2,48.0,0.7,0.125,1,60.66666667,1.451124588
5362,sub-42,pain,2,9,9,2,48.0,0.7,0.125,0,71.0,3.36924675
5363,sub-42,pain,2,10,10,2,48.0,0.3,0.125,1,64.66666667,3.135719973
5364,sub-42,pain,2,11,11,2,48.0,0.3,0.05,1,36.66666667,2.768641849
5365,sub-42,pain,2,12,12,1,47.0,0.3,0.05,1,26.0,2.118134291
5366,sub-42,vision,2,13,1,2,0.6,0.3,0.125,1,68.0,2.185315046
5367,sub-42,vision,2,14,2,2,0.6,0.3,0.05,1,47.0,2.368399266
5368,sub-42,vision,2,15,3,1,0.5,0.7,0.125,0,55.33333333,2.685358898
5369,sub-42,vision,2,16,4,2,0.6,0.7,0.05,1,62.66666667,2.701873484
5370,sub-42,vision,2,17,5,1,0.5,0.7,0.125,1,52.33333333,1.867895441
5371,sub-42,vision,2,18,6,2,0.6,0.7,0.125,0,61.0,2.0015376
5372,sub-42,vision,2,19,7,1,0.5,0.3,0.05,1,46.0,1.784579835
5373,sub-42,vision,2,20,8,2,0.6,0.7,0.125,1,65.0,1.967964172
5374,sub-42,vision,2,21,9,2,0.6,0.3,0.125,0,52.66666667,2.885392797
5375,sub-42,vision,2,22,10,1,0.5,0.3,0.125,1,44.66666667,1.918077378
5376,sub-42,vision,2,23,11,1,0.5,0.3,0.125,0,45.33333333,1.817956397
5377,sub-42,vision,2,24,12,1,0.5,0.7,0.05,1,38.0,3.13569447
5378,sub-42,vision,3,1,1,1,0.5,0.7,0.05,0,60.33333333,1.450949493
5379,sub-42,vision,3,2,2,2,0.6,0.3,0.05,-1,47.0,1.717960751
5380,sub-42,vision,3,3,3,1,0.5,0.3,0.05,0,44.0,2.168181875
5381,sub-42,vision,3,4,4,2,0.6,0.3,0.05,0,44.0,1.767999938
5382,sub-42,vision,3,5,5,1,0.5,0.3,0.125,-1,41.0,1.450954158
5383,sub-42,vision,3,6,6,1,0.5,0.3,0.05,-1,48.33333333,1.517640107
5384,sub-42,vision,3,7,7,2,0.6,0.7,0.05,0,67.66666667,1.601129253
5385,sub-42,vision,3,8,8,2,0.6,0.7,0.125,-1,46.33333333,1.451017292
5386,sub-42,vision,3,9,9,2,0.6,0.7,0.05,-1,57.33333333,1.584569882
5387,sub-42,vision,3,10,10,2,0.6,0.3,0.125,-1,45.0,1.684540648
5388,sub-42,vision,3,11,11,1,0.5,0.7,0.125,-1,35.66666667,2.351855757
5389,sub-42,vision,3,12,12,1,0.5,0.7,0.05,-1,50.66666667,1.834592586
5390,sub-42,pain,3,13,1,2,48.0,0.7,0.05,-1,68.66666667,2.952147789
5391,sub-42,pain,3,14,2,1,47.0,0.3,0.05,0,61.66666667,2.75208932
5392,sub-42,pain,3,15,3,2,48.0,0.3,0.05,-1,68.0,2.868879455
5393,sub-42,pain,3,16,4,1,47.0,0.7,0.125,-1,64.33333333,1.784791939
5394,sub-42,pain,3,17,5,2,48.0,0.3,0.05,0,60.66666667,2.585727258
5395,sub-42,pain,3,18,6,2,48.0,0.7,0.05,0,63.0,1.467700442
5396,sub-42,pain,3,19,7,1,47.0,0.3,0.05,-1,53.66666667,2.85220408
5397,sub-42,pain,3,20,8,2,48.0,0.7,0.125,-1,56.66666667,1.584496486
5398,sub-42,pain,3,21,9,1,47.0,0.7,0.05,-1,60.0,2.01803166
5399,sub-42,pain,3,22,10,1,47.0,0.3,0.125,-1,36.0,1.367668097
5400,sub-42,pain,3,23,11,2,48.0,0.3,0.125,-1,46.66666667,1.468002115
5401,sub-42,pain,3,24,12,1,47.0,0.7,0.05,0,71.66666667,1.584393233
5402,sub-42,vision,4,1,1,2,0.6,0.3,0.125,0,53.0,1.467915034
5403,sub-42,vision,4,2,2,1,0.5,0.3,0.05,1,40.0,2.20181346
5404,sub-42,vision,4,3,3,1,0.5,0.7,0.125,0,46.33333333,1.384366175
5405,sub-42,vision,4,4,4,2,0.6,0.3,0.05,1,65.33333333,2.118227903
5406,sub-42,vision,4,5,5,2,0.6,0.3,0.125,1,63.0,1.884588543
5407,sub-42,vision,4,6,6,1,0.5,0.7,0.125,1,66.66666667,1.667934005
5408,sub-42,vision,4,7,7,1,0.5,0.3,0.125,1,49.0,2.185051316
5409,sub-42,vision,4,8,8,2,0.6,0.7,0.05,1,69.66666667,1.667770417
5410,sub-42,vision,4,9,9,1,0.5,0.7,0.05,1,66.0,1.250881383
5411,sub-42,vision,4,10,10,2,0.6,0.7,0.125,0,33.66666667,1.818018287
5412,sub-42,vision,4,11,11,1,0.5,0.3,0.125,0,37.66666667,1.517739317
5413,sub-42,vision,4,12,12,2,0.6,0.7,0.125,1,53.66666667,1.334211918
5414,sub-42,pain,4,13,1,1,47.0,0.3,0.05,1,48.66666667,2.218317783
5415,sub-42,pain,4,14,2,2,48.0,0.3,0.125,1,59.33333333,2.902114822
5416,sub-42,pain,4,15,3,1,47.0,0.7,0.05,1,72.33333333,1.334285936
5417,sub-42,pain,4,16,4,1,47.0,0.3,0.125,0,22.66666667,2.685269018
5418,sub-42,pain,4,17,5,1,47.0,0.7,0.125,0,23.66666667,1.601006718
5419,sub-42,pain,4,18,6,2,48.0,0.7,0.125,1,30.0,1.784718542
5420,sub-42,pain,4,19,7,1,47.0,0.7,0.125,1,45.66666667,1.901429371
5421,sub-42,pain,4,20,8,1,47.0,0.3,0.125,1,38.33333333,2.15143528
5422,sub-42,pain,4,21,9,2,48.0,0.3,0.125,0,70.0,1.217563289
5423,sub-42,pain,4,22,10,2,48.0,0.7,0.05,1,71.33333333,2.435063134
5424,sub-42,pain,4,23,11,2,48.0,0.7,0.125,0,67.33333333,2.301804752
5425,sub-42,pain,4,24,12,2,48.0,0.3,0.05,1,51.66666667,2.251504323
5426,sub-42,pain,5,1,1,2,48.0,0.3,0.05,-1,70.0,1.601220066
5427,sub-42,pain,5,2,2,2,48.0,0.7,0.125,-1,77.0,1.300823848
5428,sub-42,pain,5,3,3,1,47.0,0.7,0.05,-1,37.66666667,1.384210363
5429,sub-42,pain,5,4,4,1,47.0,0.3,0.05,-1,57.0,1.400988679
5430,sub-42,pain,5,5,5,2,48.0,0.7,0.05,-1,58.66666667,2.234762082
5431,sub-42,pain,5,6,6,1,47.0,0.3,0.125,-1,35.66666667,1.567849412
5432,sub-42,pain,5,7,7,1,47.0,0.3,0.05,0,36.66666667,1.734632705
5433,sub-42,pain,5,8,8,2,48.0,0.3,0.125,-1,52.0,1.601119923
5434,sub-42,pain,5,9,9,2,48.0,0.3,0.05,0,56.0,2.618621011
5435,sub-42,pain,5,10,10,2,48.0,0.7,0.05,0,70.33333333,1.184187659
5436,sub-42,pain,5,11,11,1,47.0,0.7,0.05,0,59.66666667,1.817912235
5437,sub-42,pain,5,12,12,1,47.0,0.7,0.125,-1,57.0,2.11811532
5438,sub-42,vision,5,13,1,2,0.6,0.7,0.05,-1,71.33333333,1.217636375
5439,sub-42,vision,5,14,2,1,0.5,0.7,0.05,0,43.66666667,2.385083349
5440,sub-42,vision,5,15,3,2,0.6,0.3,0.05,0,46.66666667,1.634598184
5441,sub-42,vision,5,16,4,1,0.5,0.7,0.125,-1,58.33333333,1.117507931
5442,sub-42,vision,5,17,5,2,0.6,0.3,0.125,-1,38.0,1.90135784
5443,sub-42,vision,5,18,6,2,0.6,0.7,0.125,-1,44.66666667,2.768796728
5444,sub-42,vision,5,19,7,1,0.5,0.3,0.05,-1,36.33333333,2.468447783
5445,sub-42,vision,5,20,8,2,0.6,0.3,0.05,-1,62.66666667,1.834726317
5446,sub-42,vision,5,21,9,1,0.5,0.3,0.05,0,37.66666667,3.152227717
5447,sub-42,vision,5,22,10,1,0.5,0.7,0.05,-1,61.33333333,1.951452385
5448,sub-42,vision,5,23,11,2,0.6,0.7,0.05,0,30.33333333,1.884661939
5450,sub-42,pain,6,1,1,1,47.0,0.3,0.125,0,35.0,2.768819431
5451,sub-42,pain,6,2,2,2,48.0,0.7,0.05,1,40.0,2.051478821
5452,sub-42,pain,6,3,3,1,47.0,0.7,0.125,0,55.33333333,2.435038875
5453,sub-42,pain,6,4,4,2,48.0,0.3,0.125,0,61.0,1.901422218
5454,sub-42,pain,6,5,5,2,48.0,0.7,0.125,1,69.66666667,1.300945139
5455,sub-42,pain,6,6,6,1,47.0,0.7,0.05,1,72.0,1.901408223
5456,sub-42,pain,6,7,7,2,48.0,0.7,0.125,0,38.0,3.252401878
5457,sub-42,pain,6,8,8,1,47.0,0.3,0.05,1,46.66666667,3.068973689
5458,sub-42,pain,6,9,9,2,48.0,0.3,0.05,1,67.33333333,2.301701499
5459,sub-42,pain,6,10,10,1,47.0,0.3,0.125,1,32.0,2.168112521
5460,sub-42,pain,6,11,11,1,47.0,0.7,0.125,1,56.66666667,2.101696834
5461,sub-42,pain,6,12,12,2,48.0,0.3,0.125,1,58.66666667,3.636004541
5462,sub-42,vision,6,13,1,1,0.5,0.3,0.05,1,47.0,1.984818063
5463,sub-42,vision,6,14,2,1,0.5,0.7,0.05,1,45.33333333,2.668612614
5464,sub-42,vision,6,15,3,1,0.5,0.7,0.125,1,44.66666667,2.151548174
5465,sub-42,vision,6,16,4,2,0.6,0.3,0.125,1,45.33333333,2.134976675
5466,sub-42,vision,6,17,5,2,0.6,0.7,0.125,1,81.33333333,3.602661566
5467,sub-42,vision,6,18,6,1,0.5,0.3,0.125,0,25.0,1.651035952
5468,sub-42,vision,6,19,7,2,0.6,0.3,0.125,0,62.0,3.385714686
5469,sub-42,vision,6,20,8,2,0.6,0.7,0.125,0,57.0,3.786076382
5470,sub-42,vision,6,21,9,1,0.5,0.3,0.125,1,55.33333333,1.518190272
5471,sub-42,vision,6,22,10,1,0.5,0.7,0.125,0,44.66666667,1.467719102
5472,sub-42,vision,6,23,11,2,0.6,0.3,0.05,1,30.33333333,3.28584935
5473,sub-42,vision,6,24,12,2,0.6,0.7,0.05,1,61.33333333,2.902205946
5474,sub-43,vision,1,1,1,1,0.5,0.7,0.125,-1,57.0,1.701256457
5475,sub-43,vision,1,2,2,2,0.6,0.7,0.05,-1,77.66666667,2.23496652
5476,sub-43,vision,1,3,3,2,0.6,0.7,0.125,-1,69.0,1.200889783
5477,sub-43,vision,1,4,4,1,0.5,0.7,0.05,0,77.0,1.484273758
5478,sub-43,vision,1,5,5,1,0.5,0.7,0.05,-1,64.33333333,1.867931728
5479,sub-43,vision,1,6,6,2,0.6,0.3,0.125,-1,68.66666667,1.851382258
5480,sub-43,vision,1,7,7,1,0.5,0.3,0.05,0,41.66666667,2.06817058
5481,sub-43,vision,1,8,8,1,0.5,0.3,0.125,-1,58.0,2.285062776
5482,sub-43,vision,1,9,9,2,0.6,0.3,0.05,-1,50.33333333,1.817933439
5483,sub-43,vision,1,10,10,2,0.6,0.3,0.05,0,52.66666667,1.601163778
5484,sub-43,vision,1,11,11,1,0.5,0.3,0.05,-1,36.33333333,1.584520074
5485,sub-43,vision,1,12,12,2,0.6,0.7,0.05,0,52.33333333,1.317673128
5486,sub-43,pain,1,13,1,1,47.0,0.7,0.05,-1,69.66666667,1.601175285
5487,sub-43,pain,1,14,2,1,47.0,0.7,0.125,-1,58.0,1.934739176
5488,sub-43,pain,1,15,3,2,48.0,0.7,0.05,0,68.0,1.434291641
5489,sub-43,pain,1,16,4,1,47.0,0.3,0.125,-1,38.33333333,1.868054575
5490,sub-43,pain,1,17,5,1,47.0,0.3,0.05,-1,25.33333333,2.13476188
5491,sub-43,pain,1,18,6,2,48.0,0.3,0.05,-1,46.33333333,1.534309057
5492,sub-43,pain,1,19,7,2,48.0,0.3,0.125,-1,32.66666667,1.96810247
5493,sub-43,pain,1,20,8,1,47.0,0.3,0.05,0,22.66666667,2.1182404
5494,sub-43,pain,1,21,9,1,47.0,0.7,0.05,0,37.33333333,2.735378601
5495,sub-43,pain,1,22,10,2,48.0,0.7,0.05,-1,35.66666667,1.968178355
5496,sub-43,pain,1,23,11,2,48.0,0.3,0.05,0,55.33333333,2.051433574
5497,sub-43,pain,1,24,12,2,48.0,0.7,0.125,-1,68.66666667,1.634360373
5498,sub-43,pain,2,1,1,2,48.0,0.7,0.125,1,75.33333333,1.784606533
5499,sub-43,pain,2,2,2,1,47.0,0.7,0.125,0,32.0,2.301672892
5500,sub-43,pain,2,3,3,1,47.0,0.7,0.125,1,32.66666667,1.400908754
5501,sub-43,pain,2,4,4,2,48.0,0.3,0.125,0,51.33333333,2.018143056
5502,sub-43,pain,2,5,5,2,48.0,0.7,0.125,0,65.0,1.334365349
5503,sub-43,pain,2,6,6,2,48.0,0.7,0.05,1,68.66666667,1.684596581
5504,sub-43,pain,2,7,7,2,48.0,0.3,0.125,1,54.0,1.918122218
5505,sub-43,pain,2,8,8,1,47.0,0.7,0.05,1,19.33333333,2.385099786
5506,sub-43,pain,2,9,9,2,48.0,0.3,0.05,1,54.66666667,2.151550201
5507,sub-43,pain,2,10,10,1,47.0,0.3,0.125,0,23.66666667,1.734668889
5508,sub-43,pain,2,11,11,1,47.0,0.3,0.05,1,17.0,1.367723666
5509,sub-43,pain,2,12,12,1,47.0,0.3,0.125,1,51.66666667,2.218249108
5510,sub-43,vision,2,13,1,2,0.6,0.7,0.125,0,68.66666667,1.934793602
5511,sub-43,vision,2,14,2,2,0.6,0.3,0.05,1,60.0,2.118105113
5512,sub-43,vision,2,15,3,2,0.6,0.7,0.05,1,68.33333333,1.651247594
5513,sub-43,vision,2,16,4,1,0.5,0.7,0.125,0,28.0,1.584365505
5514,sub-43,vision,2,17,5,1,0.5,0.3,0.125,1,55.33333333,2.168295292
5515,sub-43,vision,2,18,6,2,0.6,0.3,0.125,0,71.33333333,1.384240792
5517,sub-43,vision,2,20,8,2,0.6,0.7,0.125,1,64.33333333,1.267652136
5518,sub-43,vision,2,21,9,1,0.5,0.3,0.125,0,52.33333333,1.63445865
5519,sub-43,vision,2,22,10,2,0.6,0.3,0.125,1,62.66666667,1.234141115
5520,sub-43,vision,2,23,11,1,0.5,0.7,0.125,1,77.0,2.702020284
5521,sub-43,vision,2,24,12,1,0.5,0.7,0.05,1,72.33333333,1.434280445
5522,sub-43,vision,3,1,1,2,0.6,0.3,0.05,-1,63.0,1.618120663
5523,sub-43,vision,3,2,2,1,0.5,0.7,0.05,0,62.33333333,1.801274806
5524,sub-43,vision,3,3,3,1,0.5,0.3,0.05,0,64.33333333,1.934779607
5525,sub-43,vision,3,4,4,1,0.5,0.7,0.125,-1,58.66666667,1.08402962
5526,sub-43,vision,3,5,5,2,0.6,0.3,0.125,-1,70.66666667,1.868048666
5527,sub-43,vision,3,6,6,1,0.5,0.7,0.05,-1,60.66666667,1.45106379
5528,sub-43,vision,3,7,7,2,0.6,0.3,0.05,0,73.0,1.73461322
5529,sub-43,vision,3,8,8,2,0.6,0.7,0.125,-1,73.33333333,1.534586784
5530,sub-43,vision,3,9,9,1,0.5,0.3,0.05,-1,53.33333333,1.601166577
5531,sub-43,vision,3,10,10,1,0.5,0.3,0.125,-1,60.66666667,1.868051776
5532,sub-43,vision,3,11,11,2,0.6,0.7,0.05,-1,72.66666667,1.918052242
5533,sub-43,vision,3,12,12,2,0.6,0.7,0.05,0,65.0,2.40164739
5534,sub-43,pain,3,13,1,2,48.0,0.7,0.05,0,69.33333333,1.134171904
5535,sub-43,pain,3,14,2,1,47.0,0.3,0.125,-1,33.66666667,1.834731401
5536,sub-43,pain,3,15,3,2,48.0,0.7,0.125,-1,73.66666667,1.384324141
5537,sub-43,pain,3,16,4,1,47.0,0.7,0.125,-1,41.33333333,2.268208522
5538,sub-43,pain,3,17,5,2,48.0,0.3,0.05,-1,58.0,2.151465297
5539,sub-43,pain,3,18,6,1,47.0,0.7,0.05,-1,41.0,1.534662669
5540,sub-43,pain,3,19,7,1,47.0,0.3,0.05,0,59.0,1.551080584
5541,sub-43,pain,3,20,8,1,47.0,0.3,0.05,-1,31.66666667,1.701262366
5542,sub-43,pain,3,21,9,2,48.0,0.3,0.125,-1,53.33333333,2.802235188
5543,sub-43,pain,3,22,10,1,47.0,0.7,0.05,0,62.33333333,1.467753834
5544,sub-43,pain,3,23,11,2,48.0,0.3,0.05,0,66.0,1.984758303
5545,sub-43,pain,3,24,12,2,48.0,0.7,0.05,-1,77.33333333,1.767982733
5546,sub-43,vision,4,1,1,2,0.6,0.7,0.125,1,70.33333333,1.184366438
5547,sub-43,vision,4,2,2,1,0.5,0.7,0.125,0,63.0,1.701307151
5548,sub-43,vision,4,3,3,1,0.5,0.3,0.125,0,37.66666667,1.20089196
5549,sub-43,vision,4,4,4,1,0.5,0.3,0.125,1,58.33333333,1.400876721
5550,sub-43,vision,4,5,5,1,0.5,0.3,0.05,1,54.33333333,1.751479292
5551,sub-43,vision,4,6,6,2,0.6,0.7,0.125,0,82.66666667,1.78463981
5552,sub-43,vision,4,7,7,2,0.6,0.7,0.05,1,82.33333333,2.685299139
5553,sub-43,vision,4,8,8,1,0.5,0.7,0.125,1,66.0,2.351759818
5554,sub-43,vision,4,9,9,2,0.6,0.3,0.125,0,64.0,1.267603308
5555,sub-43,vision,4,10,10,1,0.5,0.7,0.05,1,60.33333333,1.467715269
5556,sub-43,vision,4,11,11,2,0.6,0.3,0.125,1,86.33333333,1.534591138
5557,sub-43,vision,4,12,12,2,0.6,0.3,0.05,1,74.0,1.417749013
5558,sub-43,pain,4,13,1,2,48.0,0.7,0.125,1,83.66666667,1.03426023
5559,sub-43,pain,4,14,2,1,47.0,0.3,0.05,1,43.0,1.651228311
5560,sub-43,pain,4,15,3,1,47.0,0.3,0.125,0,26.33333333,2.134789559
5561,sub-43,pain,4,16,4,2,48.0,0.7,0.125,0,83.33333333,1.300970955
5562,sub-43,pain,4,17,5,1,47.0,0.7,0.05,1,17.66666667,1.300824472
5563,sub-43,pain,4,18,6,2,48.0,0.3,0.125,1,67.66666667,1.701333897
5564,sub-43,pain,4,19,7,2,48.0,0.3,0.125,0,72.33333333,1.084034285
5565,sub-43,pain,4,20,8,2,48.0,0.7,0.05,1,72.0,1.401018228
5566,sub-43,pain,4,21,9,2,48.0,0.3,0.05,1,62.0,2.718685758
5567,sub-43,pain,4,22,10,1,47.0,0.7,0.125,0,36.66666667,2.018109778
5568,sub-43,pain,4,23,11,1,47.0,0.3,0.125,1,36.0,1.51776052
5569,sub-43,pain,4,24,12,1,47.0,0.7,0.125,1,18.0,1.601247438
5570,sub-43,vision,5,1,1,2,0.6,0.7,0.05,0,68.66666667,2.051488
5571,sub-43,vision,5,2,2,1,0.5,0.3,0.125,-1,43.0,1.701213228
5572,sub-43,vision,5,3,3,1,0.5,0.7,0.05,-1,61.0,1.951474938
5573,sub-43,vision,5,4,4,1,0.5,0.3,0.05,-1,39.66666667,1.401006099
5574,sub-43,vision,5,5,5,2,0.6,0.3,0.05,0,62.66666667,1.167530222
5575,sub-43,vision,5,6,6,1,0.5,0.3,0.05,0,37.0,1.284253543
5576,sub-43,vision,5,7,7,2,0.6,0.7,0.125,-1,69.33333333,1.084018113
5577,sub-43,vision,5,8,8,1,0.5,0.7,0.05,0,40.33333333,1.61807619
5578,sub-43,vision,5,9,9,2,0.6,0.3,0.05,-1,68.66666667,2.985488541
5579,sub-43,vision,5,10,10,2,0.6,0.3,0.125,-1,55.66666667,1.567849312
5580,sub-43,vision,5,11,11,1,0.5,0.7,0.125,-1,47.33333333,1.901429998
5581,sub-43,vision,5,12,12,2,0.6,0.7,0.05,-1,45.33333333,1.684674643
5582,sub-43,pain,5,13,1,1,47.0,0.3,0.05,-1,45.66666667,1.250965513
5583,sub-43,pain,5,14,2,1,47.0,0.3,0.125,-1,45.0,1.684572633
5584,sub-43,pain,5,15,3,1,47.0,0.7,0.125,-1,47.33333333,1.634588028
5585,sub-43,pain,5,16,4,1,47.0,0.3,0.05,0,16.33333333,1.05083147
5586,sub-43,pain,5,17,5,1,47.0,0.7,0.05,-1,48.33333333,1.4344431
5587,sub-43,pain,5,18,6,2,48.0,0.3,0.05,0,51.66666667,1.968011034
5588,sub-43,pain,5,19,7,2,48.0,0.3,0.125,-1,54.66666667,1.401064257
5589,sub-43,pain,5,20,8,1,47.0,0.7,0.05,0,46.66666667,1.234235349
5590,sub-43,pain,5,21,9,2,48.0,0.7,0.05,-1,43.33333333,1.617858176
5591,sub-43,pain,5,22,10,2,48.0,0.7,0.05,0,43.66666667,1.768055197
5592,sub-43,pain,5,23,11,2,48.0,0.7,0.125,-1,50.33333333,1.851385991
5593,sub-43,pain,5,24,12,2,48.0,0.3,0.05,-1,50.33333333,1.317714181
5594,sub-43,vision,6,1,1,2,0.6,0.3,0.125,1,66.66666667,1.417662865
5595,sub-43,vision,6,2,2,1,0.5,0.3,0.125,0,62.0,1.734486019
5596,sub-43,vision,6,3,3,2,0.6,0.7,0.05,1,60.33333333,1.450954939
5597,sub-43,vision,6,4,4,1,0.5,0.3,0.125,1,27.0,1.617800951
5598,sub-43,vision,6,5,5,2,0.6,0.3,0.05,1,57.33333333,1.384358663
5599,sub-43,vision,6,6,6,1,0.5,0.7,0.125,1,37.0,1.434230684
5600,sub-43,vision,6,7,7,2,0.6,0.7,0.125,1,76.66666667,1.601193634
5601,sub-43,vision,6,8,8,2,0.6,0.7,0.125,0,45.33333333,1.717889276
5602,sub-43,vision,6,9,9,1,0.5,0.7,0.05,1,38.66666667,1.351000967
5603,sub-43,vision,6,10,10,1,0.5,0.3,0.05,1,48.33333333,1.601311194
5604,sub-43,vision,6,11,11,1,0.5,0.7,0.125,0,41.33333333,1.35095836
5605,sub-43,vision,6,12,12,2,0.6,0.3,0.125,0,72.0,1.701249615
5606,sub-43,pain,6,13,1,1,47.0,0.7,0.125,1,71.66666667,1.601063324
5607,sub-43,pain,6,14,2,1,47.0,0.3,0.125,0,45.0,1.284289309
5608,sub-43,pain,6,15,3,2,48.0,0.7,0.125,1,69.66666667,1.567746992
5609,sub-43,pain,6,16,4,1,47.0,0.3,0.05,1,38.0,1.367652758
5610,sub-43,pain,6,17,5,1,47.0,0.3,0.125,1,30.66666667,1.867988642
5611,sub-43,pain,6,18,6,2,48.0,0.7,0.05,1,70.66666667,1.234274536
5612,sub-43,pain,6,19,7,2,48.0,0.3,0.125,0,51.0,1.251098001
5613,sub-43,pain,6,20,8,2,48.0,0.3,0.125,1,50.0,1.83465987
5614,sub-43,pain,6,21,9,2,48.0,0.3,0.05,1,49.66666667,1.751290823
5615,sub-43,pain,6,22,10,2,48.0,0.7,0.125,0,48.0,1.200802391
5616,sub-43,pain,6,23,11,1,47.0,0.7,0.125,0,45.0,2.168273833
5617,sub-43,pain,6,24,12,1,47.0,0.7,0.05,1,34.66666667,1.417748702
5618,sub-44,pain,1,1,1,2,48.0,0.7,0.05,0,89.33333333,2.234963099
5619,sub-44,pain,1,2,2,1,47.0,0.7,0.05,-1,80.66666667,2.985476723
5620,sub-44,pain,1,3,3,1,47.0,0.3,0.05,0,46.0,3.369021176
5621,sub-44,pain,1,4,4,2,48.0,0.3,0.125,-1,31.33333333,3.118929275
5622,sub-44,pain,1,5,5,2,48.0,0.7,0.125,-1,69.66666667,3.052435008
5623,sub-44,pain,1,6,6,2,48.0,0.3,0.05,0,47.33333333,3.419208245
5624,sub-44,pain,1,7,7,1,47.0,0.7,0.05,0,66.0,2.918763509
5625,sub-44,pain,1,8,8,1,47.0,0.7,0.125,-1,71.0,3.619376499
5626,sub-44,pain,1,9,9,2,48.0,0.3,0.05,-1,54.66666667,4.219764943
5627,sub-44,pain,1,10,10,2,48.0,0.7,0.05,-1,74.66666667,3.285715574
5628,sub-44,pain,1,11,11,1,47.0,0.3,0.05,-1,46.0,2.885514976
5629,sub-44,pain,1,12,12,1,47.0,0.3,0.125,-1,31.33333333,3.802781
5630,sub-44,vision,1,13,1,2,0.6,0.3,0.05,-1,48.33333333,2.518674873
5631,sub-44,vision,1,14,2,1,0.5,0.7,0.05,-1,54.0,3.018998317
5632,sub-44,vision,1,15,3,1,0.5,0.7,0.05,0,52.66666667,3.052251204
5633,sub-44,vision,1,16,4,1,0.5,0.3,0.125,-1,48.0,2.885458374
5634,sub-44,vision,1,17,5,1,0.5,0.7,0.125,-1,73.66666667,3.335726615
5635,sub-44,vision,1,18,6,1,0.5,0.3,0.05,-1,45.0,3.485920837
5636,sub-44,vision,1,19,7,1,0.5,0.3,0.05,0,47.66666667,3.035639223
5637,sub-44,vision,1,20,8,2,0.6,0.3,0.125,-1,51.66666667,3.469145889
5638,sub-44,vision,1,21,9,2,0.6,0.7,0.05,0,78.66666667,2.651966635
5639,sub-44,vision,1,22,10,2,0.6,0.7,0.05,-1,53.66666667,3.552530797
5640,sub-44,vision,1,23,11,2,0.6,0.3,0.05,0,59.33333333,2.685191843
5641,sub-44,vision,1,24,12,2,0.6,0.7,0.125,-1,78.33333333,3.569271224
5642,sub-44,vision,2,1,1,2,0.6,0.7,0.125,0,68.66666667,2.051454722
5643,sub-44,vision,2,2,2,1,0.5,0.3,0.125,1,46.0,3.069276822
5644,sub-44,vision,2,3,3,1,0.5,0.7,0.05,1,51.0,2.785420431
5645,sub-44,vision,2,4,4,1,0.5,0.3,0.05,1,49.0,3.102330044
5646,sub-44,vision,2,5,5,1,0.5,0.7,0.125,1,61.66666667,3.369101726
5647,sub-44,vision,2,6,6,2,0.6,0.3,0.125,1,71.0,2.552209219
5648,sub-44,vision,2,7,7,1,0.5,0.3,0.125,0,43.33333333,3.669381941
5649,sub-44,vision,2,8,8,2,0.6,0.3,0.125,0,50.0,3.352350104
5650,sub-44,vision,2,9,9,1,0.5,0.7,0.125,0,51.33333333,3.685943851
5651,sub-44,vision,2,10,10,2,0.6,0.3,0.05,1,68.0,2.985558517
5652,sub-44,vision,2,11,11,2,0.6,0.7,0.125,1,58.66666667,3.102265355
5653,sub-44,vision,2,12,12,2,0.6,0.7,0.05,1,66.33333333,3.852893117
5654,sub-44,pain,2,13,1,2,48.0,0.7,0.05,1,85.0,3.219343532
5655,sub-44,pain,2,14,2,1,47.0,0.3,0.05,1,45.0,3.102258202
5656,sub-44,pain,2,15,3,1,47.0,0.7,0.05,1,44.33333333,3.168994741
5657,sub-44,pain,2,16,4,2,48.0,0.3,0.125,1,47.33333333,2.585069929
5658,sub-44,pain,2,17,5,2,48.0,0.3,0.05,1,51.66666667,3.552678835
5659,sub-44,pain,2,18,6,1,47.0,0.3,0.125,0,37.33333333,3.135715419
5660,sub-44,pain,2,19,7,2,48.0,0.7,0.125,1,75.0,3.285630048
5661,sub-44,pain,2,20,8,1,47.0,0.7,0.125,0,60.66666667,3.585842464
5662,sub-44,pain,2,21,9,2,48.0,0.3,0.125,0,55.66666667,2.701979542
5663,sub-44,pain,2,22,10,2,48.0,0.7,0.125,0,73.66666667,2.017925975
5664,sub-44,pain,2,23,11,1,47.0,0.3,0.125,1,51.33333333,2.718551404
5665,sub-44,pain,2,24,12,1,47.0,0.7,0.125,1,60.33333333,3.118965662
5666,sub-44,vision,3,1,1,2,0.6,0.3,0.05,-1,49.0,3.169060985
5667,sub-44,vision,3,2,2,2,0.6,0.7,0.05,-1,56.33333333,3.235559295
5668,sub-44,vision,3,3,3,2,0.6,0.7,0.125,-1,63.0,2.802045475
5669,sub-44,vision,3,4,4,1,0.5,0.7,0.05,0,49.66666667,3.202427699
5670,sub-44,vision,3,5,5,1,0.5,0.7,0.125,-1,54.33333333,2.81877315
5671,sub-44,vision,3,6,6,2,0.6,0.7,0.05,0,58.66666667,3.068847325
5672,sub-44,vision,3,7,7,2,0.6,0.3,0.05,0,48.33333333,3.219085088
5673,sub-44,vision,3,8,8,1,0.5,0.7,0.05,-1,57.0,2.635122956
5674,sub-44,vision,3,9,9,2,0.6,0.3,0.125,-1,45.66666667,3.352524266
5675,sub-44,vision,3,10,10,1,0.5,0.3,0.05,0,48.66666667,3.686097176
5676,sub-44,vision,3,11,11,1,0.5,0.3,0.05,-1,49.0,2.968745315
5677,sub-44,vision,3,12,12,1,0.5,0.3,0.125,-1,48.33333333,2.468495268
5678,sub-44,pain,3,13,1,1,47.0,0.3,0.125,-1,83.66666667,3.936277092
5679,sub-44,pain,3,14,2,2,48.0,0.7,0.125,-1,74.0,3.602687699
5680,sub-44,pain,3,15,3,2,48.0,0.7,0.05,0,72.66666667,3.986320166
5681,sub-44,pain,3,16,4,2,48.0,0.3,0.05,0,50.0,2.335001042
5682,sub-44,pain,3,17,5,1,47.0,0.7,0.05,-1,56.66666667,3.035605012
5683,sub-44,pain,3,18,6,1,47.0,0.3,0.05,0,30.0,2.851997425
5684,sub-44,pain,3,19,7,2,48.0,0.7,0.05,-1,67.0,1.851420512
5685,sub-44,pain,3,20,8,1,47.0,0.3,0.05,-1,36.33333333,2.251809267
5686,sub-44,pain,3,21,9,2,48.0,0.3,0.125,-1,61.66666667,3.018773461
5687,sub-44,pain,3,22,10,2,48.0,0.3,0.05,-1,39.33333333,4.18644208
5690,sub-44,pain,4,1,1,2,48.0,0.7,0.05,1,84.0,2.918833485
5691,sub-44,pain,4,2,2,2,48.0,0.3,0.125,0,43.66666667,3.035595371
5692,sub-44,pain,4,3,3,1,47.0,0.3,0.125,0,39.66666667,2.184953303
5693,sub-44,pain,4,4,4,2,48.0,0.3,0.125,1,61.66666667,2.752058071
5694,sub-44,pain,4,5,5,1,47.0,0.7,0.05,1,68.33333333,2.568320173
5695,sub-44,pain,4,6,6,1,47.0,0.3,0.125,1,40.66666667,3.519247432
5696,sub-44,pain,4,7,7,2,48.0,0.7,0.125,1,75.0,4.386646721
5697,sub-44,pain,4,8,8,2,48.0,0.7,0.125,0,73.66666667,3.018907504
5698,sub-44,pain,4,9,9,2,48.0,0.3,0.05,1,60.33333333,3.986258277
5699,sub-44,pain,4,10,10,1,47.0,0.7,0.125,0,53.66666667,2.785344546
5700,sub-44,pain,4,11,11,1,47.0,0.3,0.05,1,23.33333333,2.051411804
5701,sub-44,pain,4,12,12,1,47.0,0.7,0.125,1,62.66666667,3.335674055
5702,sub-44,vision,4,13,1,2,0.6,0.7,0.125,1,60.0,2.468436488
5703,sub-44,vision,4,14,2,1,0.5,0.3,0.125,1,42.33333333,1.86803436
5704,sub-44,vision,4,15,3,2,0.6,0.3,0.05,1,58.33333333,3.519154442
5705,sub-44,vision,4,16,4,2,0.6,0.7,0.05,1,54.0,3.235628959
5706,sub-44,vision,4,17,5,2,0.6,0.7,0.125,0,57.33333333,3.869645984
5707,sub-44,vision,4,18,6,1,0.5,0.7,0.125,0,56.66666667,3.16904077
5708,sub-44,vision,4,19,7,2,0.6,0.3,0.125,0,53.66666667,2.968847014
5709,sub-44,vision,4,20,8,2,0.6,0.3,0.125,1,48.0,3.55263063
5710,sub-44,vision,4,21,9,1,0.5,0.7,0.125,1,53.66666667,3.202384781
5711,sub-44,vision,4,22,10,1,0.5,0.3,0.05,1,48.0,3.31898992
5712,sub-44,vision,4,23,11,1,0.5,0.3,0.125,0,39.66666667,3.836138073
5713,sub-44,vision,4,24,12,1,0.5,0.7,0.05,1,54.33333333,3.235716352
5714,sub-44,vision,5,1,1,1,0.5,0.3,0.125,-1,44.33333333,3.202395666
5715,sub-44,vision,5,2,2,2,0.6,0.7,0.05,0,53.0,3.068829598
5716,sub-44,vision,5,3,3,2,0.6,0.3,0.125,-1,57.33333333,2.935479055
5717,sub-44,vision,5,4,4,1,0.5,0.3,0.05,-1,44.66666667,3.535942763
5718,sub-44,vision,5,5,5,2,0.6,0.7,0.125,-1,68.33333333,2.918970016
5719,sub-44,vision,5,6,6,1,0.5,0.3,0.05,0,40.66666667,2.752037233
5720,sub-44,vision,5,7,7,1,0.5,0.7,0.05,-1,48.33333333,3.352294123
5721,sub-44,vision,5,8,8,1,0.5,0.7,0.125,-1,53.33333333,3.169015889
5722,sub-44,vision,5,9,9,2,0.6,0.3,0.05,-1,53.66666667,2.968939693
5723,sub-44,vision,5,10,10,1,0.5,0.7,0.05,0,58.0,3.319197671
5724,sub-44,vision,5,11,11,2,0.6,0.3,0.05,0,55.0,3.886447678
5725,sub-44,vision,5,12,12,2,0.6,0.7,0.05,-1,71.66666667,4.036349556
5726,sub-44,pain,5,13,1,2,48.0,0.3,0.05,0,83.66666667,3.41910748
5727,sub-44,pain,5,14,2,1,47.0,0.7,0.125,-1,81.33333333,1.934628459
5728,sub-44,pain,5,15,3,2,48.0,0.7,0.125,-1,67.0,3.235663481
5729,sub-44,pain,5,16,4,1,47.0,0.7,0.05,0,49.66666667,2.418500711
5730,sub-44,pain,5,17,5,1,47.0,0.3,0.125,-1,40.0,3.185741388
5731,sub-44,pain,5,18,6,2,48.0,0.7,0.05,0,49.66666667,3.552565941
5732,sub-44,pain,5,19,7,2,48.0,0.7,0.05,-1,70.0,2.818572242
5733,sub-44,pain,5,20,8,1,47.0,0.3,0.05,0,44.0,2.08489981
5734,sub-44,pain,5,21,9,1,47.0,0.3,0.05,-1,48.0,3.452660486
5735,sub-44,pain,5,22,10,2,48.0,0.3,0.05,-1,53.66666667,2.401803825
5736,sub-44,pain,5,23,11,2,48.0,0.3,0.125,-1,49.66666667,3.102336575
5737,sub-44,pain,5,24,12,1,47.0,0.7,0.05,-1,57.33333333,4.069713783
5738,sub-44,pain,6,1,1,2,48.0,0.3,0.125,1,27.33333333,2.585438469
5739,sub-44,pain,6,2,2,2,48.0,0.7,0.125,1,25.66666667,4.052995438
5740,sub-44,pain,6,3,3,1,47.0,0.7,0.125,1,15.0,3.569457826
5741,sub-44,pain,6,4,4,2,48.0,0.3,0.05,1,34.33333333,2.48521579
5742,sub-44,pain,6,5,5,1,47.0,0.7,0.05,1,24.66666667,2.918798964
5743,sub-44,pain,6,6,6,2,48.0,0.7,0.05,1,41.33333333,3.552551634
5744,sub-44,pain,6,7,7,2,48.0,0.7,0.125,0,52.66666667,3.836225466
5745,sub-44,pain,6,8,8,1,47.0,0.7,0.125,0,21.33333333,3.402520068
5746,sub-44,pain,6,9,9,1,47.0,0.3,0.125,1,35.66666667,2.835450754
5747,sub-44,pain,6,10,10,1,47.0,0.3,0.125,0,17.0,3.052239075
5748,sub-44,pain,6,11,11,1,47.0,0.3,0.05,1,41.66666667,2.235026855
5749,sub-44,pain,6,12,12,2,48.0,0.3,0.125,0,50.0,2.851969746
5750,sub-44,vision,6,13,1,2,0.6,0.3,0.125,1,48.66666667,2.701989183
5751,sub-44,vision,6,14,2,2,0.6,0.7,0.125,0,48.66666667,2.518393725
5752,sub-44,vision,6,15,3,1,0.5,0.3,0.05,1,46.33333333,2.985418254
5753,sub-44,vision,6,16,4,2,0.6,0.7,0.05,1,53.33333333,2.768671918
5754,sub-44,vision,6,17,5,1,0.5,0.7,0.125,1,42.33333333,3.402524733
5755,sub-44,vision,6,18,6,1,0.5,0.7,0.125,0,49.33333333,3.319137647
5756,sub-44,vision,6,19,7,2,0.6,0.7,0.125,1,71.66666667,2.785415766
5757,sub-44,vision,6,20,8,2,0.6,0.3,0.05,1,52.33333333,3.352496898
5758,sub-44,vision,6,21,9,1,0.5,0.7,0.05,1,50.0,3.636014916
5759,sub-44,vision,6,22,10,1,0.5,0.3,0.125,1,23.33333333,3.185561627
5760,sub-44,vision,6,23,11,2,0.6,0.3,0.125,0,58.33333333,2.535046448
5761,sub-44,vision,6,24,12,1,0.5,0.3,0.125,0,48.0,3.669366702
5762,sub-45,pain,1,1,1,1,47.0,0.7,0.05,0,70.66666667,3.135617874
5763,sub-45,pain,1,2,2,1,47.0,0.3,0.05,0,65.66666667,2.034819196
5764,sub-45,pain,1,3,3,2,48.0,0.7,0.05,-1,84.66666667,1.984649374
5765,sub-45,pain,1,4,4,2,48.0,0.3,0.125,-1,73.33333333,2.91877812
5766,sub-45,pain,1,5,5,2,48.0,0.7,0.05,0,86.66666667,3.352447986
5767,sub-45,pain,1,6,6,1,47.0,0.7,0.05,-1,79.66666667,1.717903216
5768,sub-45,pain,1,7,7,1,47.0,0.3,0.05,-1,79.33333333,1.384350006
5769,sub-45,pain,1,8,8,2,48.0,0.3,0.05,-1,53.66666667,3.318948672
5770,sub-45,pain,1,9,9,2,48.0,0.3,0.05,0,76.33333333,3.118781292
5771,sub-45,pain,1,10,10,1,47.0,0.7,0.125,-1,74.33333333,2.184904767
5772,sub-45,pain,1,11,11,1,47.0,0.3,0.125,-1,64.66666667,2.585217135
5773,sub-45,pain,1,12,12,2,48.0,0.7,0.125,-1,73.66666667,2.51850556
5774,sub-45,vision,1,13,1,2,0.6,0.7,0.05,0,79.33333333,2.902244452
5775,sub-45,vision,1,14,2,2,0.6,0.7,0.05,-1,73.33333333,2.434967356
5776,sub-45,vision,1,15,3,2,0.6,0.3,0.125,-1,53.0,2.835276614
5777,sub-45,vision,1,16,4,2,0.6,0.7,0.125,-1,73.33333333,2.268309864
5778,sub-45,vision,1,17,5,1,0.5,0.7,0.05,0,65.0,3.002216805
5779,sub-45,vision,1,18,6,1,0.5,0.3,0.05,-1,35.33333333,2.568413831
5780,sub-45,vision,1,19,7,1,0.5,0.7,0.05,-1,47.33333333,2.568431869
5781,sub-45,vision,1,20,8,1,0.5,0.3,0.05,0,32.66666667,2.852212404
5782,sub-45,vision,1,21,9,2,0.6,0.3,0.05,0,47.0,2.751982233
5783,sub-45,vision,1,22,10,2,0.6,0.3,0.05,-1,38.66666667,2.618610087
5784,sub-45,vision,1,23,11,1,0.5,0.3,0.125,-1,36.0,1.934700052
5785,sub-45,vision,1,24,12,1,0.5,0.7,0.125,-1,40.0,2.801909786
5786,sub-45,pain,2,1,1,1,47.0,0.3,0.125,0,93.33333333,1.684523326
5787,sub-45,pain,2,2,2,2,48.0,0.3,0.125,1,55.0,2.168217466
5788,sub-45,pain,2,3,3,1,47.0,0.3,0.05,1,37.66666667,2.685243601
5789,sub-45,pain,2,4,4,1,47.0,0.7,0.05,1,49.66666667,2.451768794
5790,sub-45,pain,2,5,5,1,47.0,0.3,0.125,1,34.66666667,2.251601725
5791,sub-45,pain,2,6,6,2,48.0,0.7,0.125,1,72.33333333,1.86803917
5792,sub-45,pain,2,7,7,1,47.0,0.7,0.125,0,70.33333333,3.152273764
5793,sub-45,pain,2,8,8,2,48.0,0.7,0.05,1,81.33333333,1.550997547
5794,sub-45,pain,2,9,9,2,48.0,0.3,0.05,1,55.0,2.168391626
5795,sub-45,pain,2,10,10,2,48.0,0.7,0.125,0,76.33333333,1.584357222
5796,sub-45,pain,2,11,11,1,47.0,0.7,0.125,1,77.0,1.601006892
5797,sub-45,pain,2,12,12,2,48.0,0.3,0.125,0,53.0,2.401802056
5798,sub-45,vision,2,13,1,1,0.5,0.7,0.125,0,45.66666667,3.569240157
5799,sub-45,vision,2,14,2,2,0.6,0.3,0.05,1,61.0,2.518498407
5800,sub-45,vision,2,15,3,2,0.6,0.7,0.125,1,64.33333333,3.419158939
5801,sub-45,vision,2,16,4,2,0.6,0.7,0.05,1,45.33333333,1.934671751
5803,sub-45,vision,2,18,6,1,0.5,0.7,0.125,1,48.0,2.385325612
5804,sub-45,vision,2,19,7,2,0.6,0.3,0.125,0,45.33333333,2.601868672
5805,sub-45,vision,2,20,8,1,0.5,0.3,0.05,1,43.33333333,1.884584344
5806,sub-45,vision,2,21,9,2,0.6,0.7,0.125,0,48.66666667,2.418447061
5807,sub-45,vision,2,22,10,1,0.5,0.3,0.125,0,41.66666667,2.201463626
5808,sub-45,vision,2,23,11,1,0.5,0.7,0.05,1,27.33333333,3.152114221
5809,sub-45,vision,2,24,12,1,0.5,0.3,0.125,1,31.33333333,2.434967045
5810,sub-45,pain,3,1,1,2,48.0,0.3,0.125,-1,59.33333333,2.501766322
5811,sub-45,pain,3,2,2,1,47.0,0.3,0.05,0,36.33333333,2.768691305
5812,sub-45,pain,3,3,3,2,48.0,0.7,0.05,0,38.33333333,2.935480661
5813,sub-45,pain,3,4,4,2,48.0,0.7,0.05,-1,60.0,2.134899154
5814,sub-45,pain,3,5,5,1,47.0,0.3,0.125,-1,17.33333333,4.236432101
5815,sub-45,pain,3,6,6,1,47.0,0.3,0.05,-1,16.0,3.018815782
5816,sub-45,pain,3,7,7,2,48.0,0.3,0.05,0,33.33333333,2.468377724
5817,sub-45,pain,3,8,8,2,48.0,0.3,0.05,-1,30.66666667,1.934782156
5818,sub-45,pain,3,9,9,1,47.0,0.7,0.05,0,46.66666667,2.902116321
5819,sub-45,pain,3,10,10,2,48.0,0.7,0.125,-1,57.0,2.268263214
5820,sub-45,pain,3,11,11,1,47.0,0.7,0.05,-1,34.33333333,1.851124839
5821,sub-45,pain,3,12,12,1,47.0,0.7,0.125,-1,28.66666667,2.218262265
5822,sub-45,vision,3,13,1,1,0.5,0.7,0.125,-1,69.0,4.236374878
5823,sub-45,vision,3,14,2,2,0.6,0.3,0.05,-1,91.66666667,1.884607047
5824,sub-45,vision,3,15,3,2,0.6,0.7,0.05,-1,32.0,2.702007098
5825,sub-45,vision,3,16,4,1,0.5,0.3,0.125,-1,33.33333333,3.40247848
5827,sub-45,vision,3,18,6,2,0.6,0.3,0.125,-1,96.0,1.400982883
5828,sub-45,vision,3,19,7,1,0.5,0.7,0.05,-1,60.66666667,4.002910645
5829,sub-45,vision,3,20,8,2,0.6,0.3,0.05,0,83.66666667,2.118205943
5831,sub-45,vision,3,22,10,2,0.6,0.7,0.125,-1,91.0,1.451026749
5832,sub-45,vision,3,23,11,1,0.5,0.7,0.05,0,48.0,2.518498718
5833,sub-45,vision,3,24,12,2,0.6,0.7,0.05,0,61.0,1.467652162
5834,sub-45,pain,4,1,1,2,48.0,0.3,0.125,1,93.0,1.934909044
5835,sub-45,pain,4,2,2,2,48.0,0.7,0.05,1,70.33333333,1.901321095
5836,sub-45,pain,4,3,3,1,47.0,0.3,0.05,1,60.0,2.268357136
5837,sub-45,pain,4,4,4,2,48.0,0.3,0.125,0,63.33333333,2.251709953
5838,sub-45,pain,4,5,5,1,47.0,0.7,0.05,1,61.33333333,1.884853048
5839,sub-45,pain,4,6,6,1,47.0,0.3,0.125,1,68.66666667,2.635209687
5840,sub-45,pain,4,7,7,1,47.0,0.7,0.125,1,70.66666667,2.618588628
5841,sub-45,pain,4,8,8,1,47.0,0.7,0.125,0,49.33333333,2.585081228
5842,sub-45,pain,4,9,9,2,48.0,0.7,0.125,0,70.66666667,2.151454591
5843,sub-45,pain,4,10,10,2,48.0,0.7,0.125,1,71.0,1.817994992
5844,sub-45,pain,4,11,11,2,48.0,0.3,0.05,1,73.33333333,2.334959239
5845,sub-45,pain,4,12,12,1,47.0,0.3,0.125,0,64.66666667,1.868345504
5846,sub-45,vision,4,13,1,1,0.5,0.7,0.05,1,51.33333333,3.069082635
5847,sub-45,vision,4,14,2,1,0.5,0.3,0.05,1,48.66666667,2.968797418
5848,sub-45,vision,4,15,3,2,0.6,0.3,0.125,1,52.66666667,2.718678227
5850,sub-45,vision,4,17,5,1,0.5,0.3,0.125,0,38.33333333,2.535082457
5851,sub-45,vision,4,18,6,1,0.5,0.7,0.125,0,47.66666667,2.501671156
5852,sub-45,vision,4,19,7,2,0.6,0.3,0.05,1,48.33333333,2.70210133
5853,sub-45,vision,4,20,8,1,0.5,0.7,0.125,1,58.0,3.335700351
5855,sub-45,vision,4,22,10,2,0.6,0.7,0.125,1,54.33333333,3.786057829
5856,sub-45,vision,4,23,11,2,0.6,0.7,0.125,0,66.33333333,2.184924982
5857,sub-45,vision,4,24,12,2,0.6,0.3,0.125,0,57.0,1.98471966
5858,sub-45,vision,5,1,1,2,0.6,0.3,0.125,-1,80.0,1.551099554
5859,sub-45,vision,5,2,2,2,0.6,0.7,0.05,0,82.0,1.217411682
5860,sub-45,vision,5,3,3,1,0.5,0.7,0.05,0,42.0,2.768886612
5861,sub-45,vision,5,4,4,2,0.6,0.7,0.125,-1,44.0,2.668496899
5863,sub-45,vision,5,6,6,1,0.5,0.7,0.125,-1,45.33333333,2.184906011
5864,sub-45,vision,5,7,7,1,0.5,0.3,0.05,-1,60.33333333,1.717792811
5865,sub-45,vision,5,8,8,2,0.6,0.7,0.05,-1,39.33333333,2.168248255
5866,sub-45,vision,5,9,9,2,0.6,0.3,0.05,0,41.0,2.068208727
5867,sub-45,vision,5,10,10,2,0.6,0.3,0.05,-1,36.66666667,1.451149283
5869,sub-45,vision,5,12,12,1,0.5,0.7,0.05,-1,43.33333333,1.73446363
5870,sub-45,pain,5,13,1,2,48.0,0.3,0.05,0,72.0,2.88537957
5871,sub-45,pain,5,14,2,2,48.0,0.3,0.05,-1,60.0,2.685285275
5872,sub-45,pain,5,15,3,2,48.0,0.7,0.05,-1,70.33333333,2.218212194
5873,sub-45,pain,5,16,4,1,47.0,0.3,0.05,0,48.66666667,2.518480369
5874,sub-45,pain,5,17,5,1,47.0,0.7,0.05,0,46.33333333,2.902110412
5875,sub-45,pain,5,18,6,1,47.0,0.7,0.125,-1,42.0,2.184865581
5876,sub-45,pain,5,19,7,2,48.0,0.7,0.05,0,50.66666667,2.618453654
5877,sub-45,pain,5,20,8,1,47.0,0.7,0.05,-1,45.66666667,2.268239267
5878,sub-45,pain,5,21,9,1,47.0,0.3,0.05,-1,27.0,2.45173334
5879,sub-45,pain,5,22,10,1,47.0,0.3,0.125,-1,66.66666667,0.900647159
5880,sub-45,pain,5,23,11,2,48.0,0.3,0.125,-1,60.33333333,2.084714404
5881,sub-45,pain,5,24,12,2,48.0,0.7,0.125,-1,70.0,1.951542542
5882,sub-45,pain,6,1,1,2,48.0,0.7,0.125,0,98.33333333,1.734590207
5883,sub-45,pain,6,2,2,1,47.0,0.3,0.125,1,47.0,2.668639959
5884,sub-45,pain,6,3,3,2,48.0,0.7,0.05,1,51.0,2.151604182
5885,sub-45,pain,6,4,4,2,48.0,0.3,0.125,0,40.33333333,1.818141473
5886,sub-45,pain,6,5,5,1,47.0,0.3,0.125,0,56.0,2.485035169
5887,sub-45,pain,6,6,6,1,47.0,0.3,0.05,1,48.66666667,2.184938355
5888,sub-45,pain,6,7,7,2,48.0,0.3,0.125,1,37.33333333,2.668579936
5889,sub-45,pain,6,8,8,1,47.0,0.7,0.125,1,41.66666667,1.651070352
5890,sub-45,pain,6,9,9,2,48.0,0.3,0.05,1,64.33333333,2.168275001
5891,sub-45,pain,6,10,10,1,47.0,0.7,0.125,0,46.66666667,2.184885174
5892,sub-45,pain,6,11,11,1,47.0,0.7,0.05,1,56.66666667,2.134720018
5893,sub-45,pain,6,12,12,2,48.0,0.7,0.125,1,56.33333333,2.585180748
5894,sub-45,vision,6,13,1,2,0.6,0.3,0.05,1,82.0,2.068161766
5895,sub-45,vision,6,14,2,1,0.5,0.3,0.125,0,43.66666667,2.501617353
5896,sub-45,vision,6,15,3,2,0.6,0.7,0.05,1,55.0,2.685179846
5897,sub-45,vision,6,16,4,1,0.5,0.3,0.125,1,49.0,2.601861208
5898,sub-45,vision,6,17,5,1,0.5,0.3,0.05,1,48.66666667,2.985492805
5899,sub-45,vision,6,18,6,2,0.6,0.3,0.125,1,51.66666667,2.918798957
5900,sub-45,vision,6,19,7,1,0.5,0.7,0.125,1,53.0,2.485092393
5901,sub-45,vision,6,20,8,1,0.5,0.7,0.125,0,26.33333333,2.084845957
5902,sub-45,vision,6,21,9,1,0.5,0.7,0.05,1,50.33333333,2.301640616
5903,sub-45,vision,6,22,10,2,0.6,0.3,0.125,0,51.66666667,2.685092455
5904,sub-45,vision,6,23,11,2,0.6,0.7,0.125,1,48.66666667,3.118943323
5905,sub-45,vision,6,24,12,2,0.6,0.7,0.125,0,24.66666667,2.718533301
5906,sub-46,vision,1,1,1,1,0.5,0.3,0.125,-1,38.0,3.319117664
5907,sub-46,vision,1,2,2,1,0.5,0.3,0.05,-1,41.33333333,2.435353215
5908,sub-46,vision,1,3,3,1,0.5,0.7,0.05,-1,51.66666667,2.53518655
5909,sub-46,vision,1,4,4,2,0.6,0.7,0.05,-1,69.0,1.917927959
5910,sub-46,vision,1,5,5,1,0.5,0.3,0.05,0,30.66666667,2.635141796
5911,sub-46,vision,1,6,6,2,0.6,0.3,0.125,-1,45.66666667,3.068905794
5912,sub-46,vision,1,7,7,2,0.6,0.3,0.05,-1,58.66666667,4.069659351
5913,sub-46,vision,1,8,8,2,0.6,0.7,0.125,-1,61.0,1.867970551
5914,sub-46,vision,1,9,9,2,0.6,0.3,0.05,0,30.33333333,1.717767731
5915,sub-46,vision,1,10,10,2,0.6,0.7,0.05,0,65.33333333,2.3515999
5916,sub-46,vision,1,11,11,1,0.5,0.7,0.125,-1,60.33333333,2.735362017
5917,sub-46,vision,1,12,12,1,0.5,0.7,0.05,0,63.33333333,2.184936085
5918,sub-46,pain,1,13,1,2,48.0,0.7,0.05,-1,81.33333333,2.185142901
5919,sub-46,pain,1,14,2,1,47.0,0.3,0.125,-1,9.666666667,3.168976423
5920,sub-46,pain,1,15,3,1,47.0,0.7,0.05,-1,71.66666667,2.351721502
5921,sub-46,pain,1,16,4,1,47.0,0.3,0.05,-1,32.0,2.318191191
5922,sub-46,pain,1,17,5,1,47.0,0.3,0.05,0,28.66666667,3.069066582
5923,sub-46,pain,1,18,6,1,47.0,0.7,0.05,0,79.0,2.78549172
5924,sub-46,pain,1,19,7,2,48.0,0.7,0.05,0,70.0,3.302454828
5925,sub-46,pain,1,20,8,1,47.0,0.7,0.125,-1,63.66666667,1.884520182
5926,sub-46,pain,1,21,9,2,48.0,0.3,0.05,-1,42.66666667,2.034783647
5927,sub-46,pain,1,22,10,2,48.0,0.7,0.125,-1,55.0,3.118938465
5928,sub-46,pain,1,23,11,2,48.0,0.3,0.05,0,48.33333333,2.451851532
5929,sub-46,pain,1,24,12,2,48.0,0.3,0.125,-1,46.33333333,2.935654109
5930,sub-46,vision,2,1,1,1,0.5,0.3,0.05,1,29.33333333,2.452073587
5931,sub-46,vision,2,2,2,2,0.6,0.3,0.125,1,43.33333333,3.319175199
5932,sub-46,vision,2,3,3,2,0.6,0.7,0.125,0,46.33333333,2.151780841
5933,sub-46,vision,2,4,4,1,0.5,0.7,0.125,0,43.0,1.834558109
5934,sub-46,vision,2,5,5,1,0.5,0.3,0.125,1,39.33333333,2.101543531
5935,sub-46,vision,2,6,6,1,0.5,0.7,0.125,1,60.0,2.101640875
5936,sub-46,vision,2,7,7,2,0.6,0.3,0.05,1,44.66666667,1.934717684
5937,sub-46,vision,2,8,8,1,0.5,0.3,0.125,0,49.33333333,1.967946324
5938,sub-46,vision,2,9,9,2,0.6,0.7,0.05,1,63.33333333,1.901360289
5939,sub-46,vision,2,10,10,2,0.6,0.7,0.125,1,68.0,2.251513411
5940,sub-46,vision,2,11,11,2,0.6,0.3,0.125,0,33.66666667,2.384934592
5941,sub-46,vision,2,12,12,1,0.5,0.7,0.05,1,51.33333333,2.75205502
5942,sub-46,pain,2,13,1,2,48.0,0.3,0.125,0,70.0,3.435804167
5943,sub-46,pain,2,14,2,2,48.0,0.7,0.125,0,82.0,2.83537822
5944,sub-46,pain,2,15,3,2,48.0,0.7,0.05,1,81.66666667,3.869507831
5945,sub-46,pain,2,16,4,1,47.0,0.7,0.125,1,81.0,3.485862029
5946,sub-46,pain,2,17,5,1,47.0,0.3,0.125,1,22.66666667,2.21817592
5947,sub-46,pain,2,18,6,1,47.0,0.7,0.125,0,68.66666667,2.6852715
5948,sub-46,pain,2,19,7,2,48.0,0.3,0.125,1,47.66666667,2.485136152
5949,sub-46,pain,2,20,8,1,47.0,0.7,0.05,1,62.0,1.934708665
5950,sub-46,pain,2,21,9,2,48.0,0.7,0.125,1,82.33333333,2.802056901
5951,sub-46,pain,2,22,10,1,47.0,0.3,0.125,0,27.33333333,1.651227414
5952,sub-46,pain,2,23,11,1,47.0,0.3,0.05,1,42.66666667,2.168234062
5953,sub-46,pain,2,24,12,2,48.0,0.3,0.05,1,49.33333333,2.685204012
5954,sub-46,vision,3,1,1,2,0.6,0.7,0.05,0,71.0,1.917960303
5955,sub-46,vision,3,2,2,1,0.5,0.3,0.125,-1,43.33333333,2.318383701
5956,sub-46,vision,3,3,3,1,0.5,0.3,0.05,-1,33.0,2.251523985
5957,sub-46,vision,3,4,4,2,0.6,0.3,0.05,-1,46.33333333,2.718577268
5958,sub-46,vision,3,5,5,2,0.6,0.7,0.125,-1,71.0,2.618403387
5959,sub-46,vision,3,6,6,2,0.6,0.3,0.05,0,39.0,1.834597917
5960,sub-46,vision,3,7,7,1,0.5,0.3,0.05,0,24.33333333,1.501069379
5961,sub-46,vision,3,8,8,1,0.5,0.7,0.125,-1,68.66666667,1.918048006
5962,sub-46,vision,3,9,9,2,0.6,0.3,0.125,-1,61.0,1.734552169
5963,sub-46,vision,3,10,10,2,0.6,0.7,0.05,-1,75.0,2.31835571
5964,sub-46,vision,3,11,11,1,0.5,0.7,0.05,-1,49.33333333,1.701250755
5965,sub-46,vision,3,12,12,1,0.5,0.7,0.05,0,61.33333333,3.002208421
5966,sub-46,pain,3,13,1,2,48.0,0.7,0.125,-1,87.66666667,2.518503498
5967,sub-46,pain,3,14,2,2,48.0,0.3,0.05,0,64.0,3.302235572
5968,sub-46,pain,3,15,3,1,47.0,0.3,0.05,0,47.0,2.401693216
5969,sub-46,pain,3,16,4,1,47.0,0.7,0.125,-1,70.33333333,2.001378047
5970,sub-46,pain,3,17,5,2,48.0,0.3,0.125,-1,76.66666667,2.401597117
5971,sub-46,pain,3,18,6,1,47.0,0.7,0.05,0,69.66666667,2.818878037
5972,sub-46,pain,3,19,7,2,48.0,0.3,0.05,-1,46.33333333,1.36788798
5973,sub-46,pain,3,20,8,1,47.0,0.3,0.05,-1,29.0,1.968099025
5974,sub-46,pain,3,21,9,1,47.0,0.7,0.05,-1,77.0,1.317595001
5975,sub-46,pain,3,22,10,2,48.0,0.7,0.05,0,85.0,2.768689555
5976,sub-46,pain,3,23,11,1,47.0,0.3,0.125,-1,33.33333333,2.651824848
5977,sub-46,pain,3,24,12,2,48.0,0.7,0.05,-1,79.66666667,1.534479643
5978,sub-46,pain,4,1,1,1,47.0,0.3,0.125,1,73.0,2.168284133
5979,sub-46,pain,4,2,2,1,47.0,0.3,0.125,0,57.33333333,1.934849548
5980,sub-46,pain,4,3,3,2,48.0,0.7,0.125,1,92.0,1.651065071
5981,sub-46,pain,4,4,4,2,48.0,0.3,0.05,1,56.66666667,2.001466061
5982,sub-46,pain,4,5,5,1,47.0,0.3,0.05,1,37.66666667,2.034861398
5983,sub-46,pain,4,6,6,1,47.0,0.7,0.05,1,33.0,2.1182101
5984,sub-46,pain,4,7,7,1,47.0,0.7,0.125,0,78.0,2.101553172
5985,sub-46,pain,4,8,8,2,48.0,0.7,0.05,1,82.66666667,2.234940454
5986,sub-46,pain,4,9,9,2,48.0,0.3,0.125,1,38.66666667,1.30097104
5987,sub-46,pain,4,10,10,1,47.0,0.7,0.125,1,72.66666667,2.668644118
5988,sub-46,pain,4,11,11,2,48.0,0.7,0.125,0,87.33333333,2.218138289
5989,sub-46,pain,4,12,12,2,48.0,0.3,0.125,0,38.66666667,1.751159336
5990,sub-46,vision,4,13,1,2,0.6,0.3,0.125,0,30.0,1.400863775
5991,sub-46,vision,4,14,2,2,0.6,0.3,0.125,1,47.0,2.685176022
5992,sub-46,vision,4,15,3,1,0.5,0.7,0.125,1,68.0,2.585109748
5993,sub-46,vision,4,16,4,2,0.6,0.7,0.125,0,82.33333333,1.651200668
5994,sub-46,vision,4,17,5,2,0.6,0.7,0.05,1,66.0,1.951418151
5995,sub-46,vision,4,18,6,2,0.6,0.7,0.125,1,72.33333333,2.635294187
5996,sub-46,vision,4,19,7,1,0.5,0.3,0.125,0,44.33333333,1.467821768
5997,sub-46,vision,4,20,8,1,0.5,0.7,0.05,1,73.33333333,2.034863886
5998,sub-46,vision,4,21,9,2,0.6,0.3,0.05,1,40.0,1.601141251
5999,sub-46,vision,4,22,10,1,0.5,0.7,0.125,0,62.66666667,2.318245616
6000,sub-46,vision,4,23,11,1,0.5,0.3,0.125,1,42.66666667,1.551144967
6001,sub-46,vision,4,24,12,1,0.5,0.3,0.05,1,64.66666667,1.951256741
6002,sub-46,pain,5,1,1,1,47.0,0.7,0.05,0,87.66666667,2.168132365
6003,sub-46,pain,5,2,2,1,47.0,0.7,0.125,-1,84.33333333,2.251686017
6004,sub-46,pain,5,3,3,2,48.0,0.7,0.05,0,87.33333333,1.400974181
6005,sub-46,pain,5,4,4,1,47.0,0.7,0.05,-1,79.33333333,2.135119871
6006,sub-46,pain,5,5,5,1,47.0,0.3,0.05,-1,38.0,2.501940805
6007,sub-46,pain,5,6,6,1,47.0,0.3,0.125,-1,44.33333333,1.417700772
6008,sub-46,pain,5,7,7,2,48.0,0.3,0.05,0,50.33333333,1.784642064
6009,sub-46,pain,5,8,8,2,48.0,0.3,0.05,-1,48.66666667,1.951294373
6010,sub-46,pain,5,9,9,1,47.0,0.3,0.05,0,50.0,1.400868129
6011,sub-46,pain,5,10,10,2,48.0,0.7,0.05,-1,81.33333333,2.618458745
6012,sub-46,pain,5,11,11,2,48.0,0.7,0.125,-1,79.66666667,2.201619136
6013,sub-46,pain,5,12,12,2,48.0,0.3,0.125,-1,29.0,2.251508746
6014,sub-46,vision,5,13,1,1,0.5,0.3,0.125,-1,37.0,1.484514771
6015,sub-46,vision,5,14,2,1,0.5,0.3,0.05,0,46.33333333,2.034805728
6016,sub-46,vision,5,15,3,1,0.5,0.7,0.125,-1,62.33333333,1.701110804
6017,sub-46,vision,5,16,4,2,0.6,0.7,0.05,-1,75.0,1.651222127
6018,sub-46,vision,5,17,5,1,0.5,0.3,0.05,-1,26.33333333,2.45185402
6019,sub-46,vision,5,18,6,1,0.5,0.7,0.05,0,63.0,2.10144992
6020,sub-46,vision,5,19,7,2,0.6,0.7,0.05,0,67.0,1.501060048
6021,sub-46,vision,5,20,8,2,0.6,0.7,0.125,-1,52.66666667,1.684401629
6022,sub-46,vision,5,21,9,2,0.6,0.3,0.125,-1,44.33333333,1.33434585
6023,sub-46,vision,5,22,10,2,0.6,0.3,0.05,-1,50.33333333,2.70191692
6024,sub-46,vision,5,23,11,2,0.6,0.3,0.05,0,56.0,1.93461723
6025,sub-46,vision,5,24,12,1,0.5,0.7,0.05,-1,68.66666667,1.434288657
6026,sub-46,vision,6,1,1,2,0.6,0.3,0.125,0,52.33333333,2.268290696
6027,sub-46,vision,6,2,2,1,0.5,0.7,0.125,1,59.33333333,1.801195427
6028,sub-46,vision,6,3,3,1,0.5,0.7,0.05,1,57.0,1.784649217
6029,sub-46,vision,6,4,4,1,0.5,0.3,0.125,0,32.33333333,1.684551842
6030,sub-46,vision,6,5,5,2,0.6,0.3,0.125,1,59.0,1.501034546
6031,sub-46,vision,6,6,6,2,0.6,0.3,0.05,1,47.0,1.734730062
6032,sub-46,vision,6,7,7,2,0.6,0.7,0.125,0,77.33333333,1.701098675
6033,sub-46,vision,6,8,8,1,0.5,0.7,0.125,0,67.66666667,1.467613397
6034,sub-46,vision,6,9,9,2,0.6,0.7,0.125,1,82.66666667,2.385065834
6035,sub-46,vision,6,10,10,1,0.5,0.3,0.125,1,45.0,2.118186774
6036,sub-46,vision,6,11,11,2,0.6,0.7,0.05,1,60.33333333,1.651242964
6037,sub-46,vision,6,12,12,1,0.5,0.3,0.05,1,46.33333333,1.918111761
6038,sub-46,pain,6,13,1,1,47.0,0.3,0.05,1,81.33333333,2.351731765
6039,sub-46,pain,6,14,2,1,47.0,0.3,0.125,0,50.66666667,3.385785803
6040,sub-46,pain,6,15,3,1,47.0,0.3,0.125,1,41.33333333,1.93480352
6041,sub-46,pain,6,16,4,2,48.0,0.7,0.125,0,78.33333333,2.018148179
6042,sub-46,pain,6,17,5,2,48.0,0.3,0.125,0,50.66666667,1.567639863
6043,sub-46,pain,6,18,6,2,48.0,0.3,0.125,1,77.66666667,1.184193413
6044,sub-46,pain,6,19,7,2,48.0,0.7,0.125,1,90.0,1.100822008
6045,sub-46,pain,6,20,8,2,48.0,0.7,0.05,1,71.66666667,2.184791469
6046,sub-46,pain,6,21,9,1,47.0,0.7,0.125,1,83.33333333,1.8513497
6047,sub-46,pain,6,22,10,1,47.0,0.7,0.125,0,74.0,2.101532024
6048,sub-46,pain,6,23,11,1,47.0,0.7,0.05,1,79.0,2.118155985
6049,sub-46,pain,6,24,12,2,48.0,0.3,0.05,1,70.0,1.918044274
6050,sub-47,pain,1,1,1,2,48.0,0.3,0.05,0,24.0,2.601890453
6051,sub-47,pain,1,2,2,1,47.0,0.7,0.05,-1,79.66666667,1.417712901
6052,sub-47,pain,1,3,3,2,48.0,0.7,0.05,0,75.0,2.351537389
6053,sub-47,pain,1,4,4,1,47.0,0.3,0.125,-1,14.33333333,1.250922508
6054,sub-47,pain,1,5,5,1,47.0,0.7,0.125,-1,70.33333333,1.951280066
6055,sub-47,pain,1,6,6,1,47.0,0.7,0.05,0,67.0,2.101529536
6056,sub-47,pain,1,7,7,2,48.0,0.3,0.05,-1,23.66666667,2.134939179
6057,sub-47,pain,1,8,8,2,48.0,0.7,0.125,-1,79.66666667,2.318344825
6058,sub-47,pain,1,9,9,1,47.0,0.3,0.05,0,16.0,3.836111872
6059,sub-47,pain,1,10,10,2,48.0,0.3,0.125,-1,21.33333333,1.567807493
6060,sub-47,pain,1,11,11,1,47.0,0.3,0.05,-1,19.0,2.084776199
6061,sub-47,pain,1,12,12,2,48.0,0.7,0.05,-1,62.33333333,2.568427007
6062,sub-47,vision,1,13,1,2,0.6,0.7,0.05,0,54.33333333,2.401914027
6063,sub-47,vision,1,14,2,1,0.5,0.3,0.05,0,28.66666667,2.952177928
6064,sub-47,vision,1,15,3,2,0.6,0.3,0.05,0,15.33333333,3.035628327
6065,sub-47,vision,1,16,4,2,0.6,0.7,0.125,-1,70.66666667,2.651958267
6066,sub-47,vision,1,17,5,2,0.6,0.3,0.125,-1,44.33333333,3.085428991
6067,sub-47,vision,1,18,6,2,0.6,0.3,0.05,-1,21.66666667,1.817979865
6068,sub-47,vision,1,19,7,1,0.5,0.7,0.05,0,66.0,3.335737271
6069,sub-47,vision,1,20,8,1,0.5,0.3,0.05,-1,47.33333333,2.001453932
6070,sub-47,vision,1,21,9,2,0.6,0.7,0.05,-1,67.0,3.052212791
6071,sub-47,vision,1,22,10,1,0.5,0.7,0.05,-1,46.66666667,3.085569874
6072,sub-47,vision,1,23,11,1,0.5,0.7,0.125,-1,43.33333333,1.984635906
6073,sub-47,vision,1,24,12,1,0.5,0.3,0.125,-1,26.66666667,3.419178029
6074,sub-47,pain,2,1,1,2,48.0,0.3,0.125,0,42.0,2.151436562
6075,sub-47,pain,2,2,2,1,47.0,0.3,0.125,1,17.66666667,1.450942163
6076,sub-47,pain,2,3,3,1,47.0,0.7,0.125,0,56.33333333,2.318328031
6077,sub-47,pain,2,4,4,1,47.0,0.7,0.125,1,87.0,3.052111404
6078,sub-47,pain,2,5,5,2,48.0,0.7,0.125,0,78.33333333,3.135489963
6079,sub-47,pain,2,6,6,1,47.0,0.3,0.05,1,26.33333333,1.784684982
6080,sub-47,pain,2,7,7,1,47.0,0.7,0.05,1,64.0,2.101557526
6081,sub-47,pain,2,8,8,2,48.0,0.3,0.05,1,23.33333333,2.234823518
6082,sub-47,pain,2,9,9,2,48.0,0.7,0.05,1,52.33333333,1.834681576
6083,sub-47,pain,2,10,10,2,48.0,0.7,0.125,1,77.66666667,1.834653897
6084,sub-47,pain,2,11,11,1,47.0,0.3,0.125,0,17.33333333,3.352562139
6085,sub-47,pain,2,12,12,2,48.0,0.3,0.125,1,17.33333333,2.30154235
6086,sub-47,vision,2,13,1,2,0.6,0.3,0.125,1,39.0,2.768477141
6087,sub-47,vision,2,14,2,1,0.5,0.3,0.05,1,28.66666667,2.985507332
6088,sub-47,vision,2,15,3,2,0.6,0.7,0.05,1,59.0,3.90291934
6089,sub-47,vision,2,16,4,1,0.5,0.3,0.125,0,29.66666667,2.435138935
6090,sub-47,vision,2,17,5,1,0.5,0.7,0.05,1,58.33333333,4.186205903
6091,sub-47,vision,2,18,6,1,0.5,0.7,0.125,0,48.0,2.351749803
6092,sub-47,vision,2,19,7,2,0.6,0.7,0.125,1,71.66666667,3.185634594
6093,sub-47,vision,2,20,8,2,0.6,0.3,0.125,0,33.33333333,4.086312546
6094,sub-47,vision,2,21,9,1,0.5,0.7,0.125,1,62.33333333,2.034807283
6095,sub-47,vision,2,22,10,1,0.5,0.3,0.125,1,30.33333333,2.084876341
6096,sub-47,vision,2,23,11,2,0.6,0.7,0.125,0,68.0,2.251669223
6097,sub-47,vision,2,24,12,2,0.6,0.3,0.05,1,36.66666667,3.50256965
6098,sub-47,vision,3,1,1,2,0.6,0.7,0.05,-1,74.33333333,1.451267782
6099,sub-47,vision,3,2,2,1,0.5,0.7,0.05,-1,37.66666667,1.784739718
6100,sub-47,vision,3,3,3,1,0.5,0.3,0.05,-1,16.66666667,2.752087364
6101,sub-47,vision,3,4,4,1,0.5,0.7,0.05,0,46.0,1.834579568
6102,sub-47,vision,3,5,5,2,0.6,0.7,0.125,-1,40.0,3.169012188
6103,sub-47,vision,3,6,6,2,0.6,0.3,0.05,-1,30.33333333,2.434980013
6104,sub-47,vision,3,7,7,2,0.6,0.3,0.125,-1,27.0,3.585934524
6105,sub-47,vision,3,8,8,1,0.5,0.3,0.125,-1,48.0,1.901395121
6106,sub-47,vision,3,9,9,1,0.5,0.7,0.125,-1,67.0,3.152479972
6108,sub-47,vision,3,11,11,1,0.5,0.3,0.05,0,42.66666667,1.951403845
6109,sub-47,vision,3,12,12,2,0.6,0.3,0.05,0,28.66666667,3.619150101
6110,sub-47,pain,3,13,1,2,48.0,0.7,0.125,-1,67.0,1.784835507
6111,sub-47,pain,3,14,2,1,47.0,0.3,0.05,0,36.0,2.801904822
6112,sub-47,pain,3,15,3,1,47.0,0.3,0.125,-1,24.0,1.550928821
6113,sub-47,pain,3,16,4,1,47.0,0.7,0.05,-1,59.0,1.968160293
6114,sub-47,pain,3,17,5,2,48.0,0.7,0.05,-1,58.0,3.052213724
6115,sub-47,pain,3,18,6,2,48.0,0.7,0.05,0,75.33333333,1.484395657
6116,sub-47,pain,3,19,7,2,48.0,0.3,0.05,0,32.33333333,1.817966803
6117,sub-47,pain,3,20,8,1,47.0,0.7,0.05,0,73.33333333,1.517783841
6118,sub-47,pain,3,21,9,2,48.0,0.3,0.125,-1,15.33333333,2.151606991
6119,sub-47,pain,3,22,10,1,47.0,0.7,0.125,-1,42.66666667,1.567932826
6120,sub-47,pain,3,23,11,1,47.0,0.3,0.05,-1,30.66666667,2.618548936
6121,sub-47,pain,3,24,12,2,48.0,0.3,0.05,-1,33.0,2.201739182
6122,sub-47,vision,4,1,1,2,0.6,0.7,0.05,1,68.33333333,1.984979563
6123,sub-47,vision,4,2,2,1,0.5,0.3,0.125,0,33.66666667,1.951304636
6124,sub-47,vision,4,3,3,1,0.5,0.7,0.125,1,55.66666667,1.30095549
6125,sub-47,vision,4,4,4,2,0.6,0.3,0.125,0,32.66666667,1.601005654
6126,sub-47,vision,4,5,5,2,0.6,0.3,0.05,1,37.0,2.218215107
6127,sub-47,vision,4,6,6,1,0.5,0.3,0.05,1,15.33333333,1.83475093
6128,sub-47,vision,4,7,7,2,0.6,0.3,0.125,1,39.0,2.668736174
6129,sub-47,vision,4,8,8,2,0.6,0.7,0.125,0,70.0,1.734643914
6130,sub-47,vision,4,9,9,1,0.5,0.7,0.05,1,49.0,2.001454243
6131,sub-47,vision,4,10,10,1,0.5,0.3,0.125,1,41.33333333,1.768075016
6132,sub-47,vision,4,11,11,1,0.5,0.7,0.125,0,47.66666667,2.952053216
6133,sub-47,vision,4,12,12,2,0.6,0.7,0.125,1,74.33333333,2.518498522
6134,sub-47,pain,4,13,1,1,47.0,0.3,0.125,0,35.0,2.635334306
6135,sub-47,pain,4,14,2,2,48.0,0.7,0.05,1,67.33333333,2.451813278
6136,sub-47,pain,4,15,3,2,48.0,0.3,0.05,1,36.0,1.86803866
6137,sub-47,pain,4,16,4,2,48.0,0.7,0.125,0,79.66666667,1.901445815
6138,sub-47,pain,4,17,5,2,48.0,0.3,0.125,0,18.33333333,1.484478384
6139,sub-47,pain,4,18,6,1,47.0,0.3,0.125,1,19.0,1.701507953
6140,sub-47,pain,4,19,7,2,48.0,0.7,0.125,1,66.33333333,2.034709007
6141,sub-47,pain,4,20,8,1,47.0,0.3,0.05,1,19.66666667,2.218027262
6142,sub-47,pain,4,21,9,1,47.0,0.7,0.125,0,70.0,1.500960217
6143,sub-47,pain,4,22,10,1,47.0,0.7,0.125,1,10.66666667,2.284832863
6144,sub-47,pain,4,23,11,1,47.0,0.7,0.05,1,64.33333333,2.235208848
6145,sub-47,pain,4,24,12,2,48.0,0.3,0.125,1,34.0,2.101458317
6146,sub-47,vision,5,1,1,2,0.6,0.7,0.05,0,75.66666667,1.56786565
6147,sub-47,vision,5,2,2,1,0.5,0.7,0.125,-1,69.33333333,1.317520049
6148,sub-47,vision,5,3,3,1,0.5,0.7,0.05,0,67.33333333,1.951482839
6149,sub-47,vision,5,4,4,2,0.6,0.7,0.125,-1,63.0,2.368260249
6150,sub-47,vision,5,5,5,2,0.6,0.3,0.125,-1,29.33333333,1.317608685
6151,sub-47,vision,5,6,6,2,0.6,0.3,0.05,-1,38.33333333,2.068356566
6152,sub-47,vision,5,7,7,1,0.5,0.7,0.05,-1,68.66666667,1.501064713
6153,sub-47,vision,5,8,8,1,0.5,0.3,0.05,-1,38.0,1.584516046
6154,sub-47,vision,5,9,9,1,0.5,0.3,0.05,0,50.33333333,2.368467686
6155,sub-47,vision,5,10,10,2,0.6,0.7,0.05,-1,65.0,1.617718562
6156,sub-47,vision,5,11,11,1,0.5,0.3,0.125,-1,27.0,2.034845847
6157,sub-47,vision,5,12,12,2,0.6,0.3,0.05,0,39.33333333,1.70114688
6158,sub-47,pain,5,13,1,1,47.0,0.3,0.05,-1,33.33333333,1.334290181
6159,sub-47,pain,5,14,2,2,48.0,0.7,0.05,-1,72.33333333,1.451112281
6160,sub-47,pain,5,15,3,2,48.0,0.3,0.05,-1,37.33333333,1.451013694
6161,sub-47,pain,5,16,4,2,48.0,0.7,0.125,-1,37.33333333,1.384291752
6162,sub-47,pain,5,17,5,1,47.0,0.3,0.05,0,22.0,2.218263934
6163,sub-47,pain,5,18,6,2,48.0,0.3,0.05,0,37.66666667,1.951472887
6164,sub-47,pain,5,19,7,1,47.0,0.3,0.125,-1,43.33333333,2.301934833
6165,sub-47,pain,5,20,8,1,47.0,0.7,0.125,-1,23.0,1.350863138
6166,sub-47,pain,5,21,9,2,48.0,0.3,0.125,-1,29.0,2.234799259
6167,sub-47,pain,5,22,10,1,47.0,0.7,0.05,-1,63.33333333,2.101542909
6168,sub-47,pain,5,23,11,2,48.0,0.7,0.05,0,84.33333333,1.484526278
6169,sub-47,pain,5,24,12,1,47.0,0.7,0.05,0,66.33333333,1.767889348
6170,sub-47,pain,6,1,1,1,47.0,0.3,0.125,0,47.33333333,1.868261026
6171,sub-47,pain,6,2,2,1,47.0,0.7,0.05,1,64.33333333,1.967994218
6172,sub-47,pain,6,3,3,2,48.0,0.3,0.125,1,20.66666667,1.384166729
6173,sub-47,pain,6,4,4,1,47.0,0.7,0.125,1,63.33333333,2.568490141
6174,sub-47,pain,6,5,5,1,47.0,0.3,0.05,1,14.33333333,1.767856071
6175,sub-47,pain,6,6,6,1,47.0,0.3,0.125,1,33.66666667,2.651868077
6176,sub-47,pain,6,7,7,2,48.0,0.7,0.125,0,79.0,1.768083102
6177,sub-47,pain,6,8,8,1,47.0,0.7,0.125,0,36.0,3.669192413
6178,sub-47,pain,6,9,9,2,48.0,0.3,0.05,1,27.33333333,1.651031483
6179,sub-47,pain,6,10,10,2,48.0,0.7,0.05,1,72.0,1.93470711
6180,sub-47,pain,6,11,11,2,48.0,0.7,0.125,1,51.33333333,1.367660016
6181,sub-47,pain,6,12,12,2,48.0,0.3,0.125,0,75.33333333,1.384187255
6182,sub-47,vision,6,13,1,1,0.5,0.3,0.05,1,28.66666667,1.61791667
6183,sub-47,vision,6,14,2,1,0.5,0.7,0.05,1,72.0,1.867906173
6184,sub-47,vision,6,15,3,2,0.6,0.3,0.125,0,35.0,1.734643603
6185,sub-47,vision,6,16,4,1,0.5,0.3,0.125,0,52.66666667,1.48439037
6186,sub-47,vision,6,17,5,2,0.6,0.7,0.125,1,76.0,1.467586339
6187,sub-47,vision,6,18,6,2,0.6,0.3,0.05,1,38.66666667,2.635144595
6188,sub-47,vision,6,19,7,2,0.6,0.7,0.05,1,63.33333333,1.701062288
6189,sub-47,vision,6,20,8,1,0.5,0.7,0.125,0,66.66666667,2.268285409
6190,sub-47,vision,6,21,9,1,0.5,0.7,0.125,1,73.66666667,2.151579312
6191,sub-47,vision,6,22,10,2,0.6,0.7,0.125,0,76.33333333,2.401807665
6192,sub-47,vision,6,23,11,1,0.5,0.3,0.125,1,41.66666667,2.635112562
6193,sub-47,vision,6,24,12,2,0.6,0.3,0.125,1,58.33333333,3.719278887
6194,sub-48,vision,1,1,1,1,0.5,0.7,0.05,-1,57.66666667,2.268342041
6195,sub-48,vision,1,2,2,2,0.6,0.7,0.05,-1,81.33333333,1.450900044
6196,sub-48,vision,1,3,3,2,0.6,0.7,0.05,0,71.33333333,2.468427256
6197,sub-48,vision,1,4,4,2,0.6,0.3,0.125,-1,53.33333333,2.284911675
6198,sub-48,vision,1,5,5,1,0.5,0.3,0.125,-1,31.66666667,1.917967904
6199,sub-48,vision,1,6,6,1,0.5,0.7,0.125,-1,79.33333333,2.602105492
6200,sub-48,vision,1,7,7,2,0.6,0.3,0.05,0,24.66666667,2.318322137
6201,sub-48,vision,1,8,8,2,0.6,0.7,0.125,-1,52.33333333,2.651837407
6202,sub-48,vision,1,9,9,1,0.5,0.7,0.05,0,62.66666667,1.717928718
6203,sub-48,vision,1,10,10,1,0.5,0.3,0.05,0,24.0,2.001523605
6204,sub-48,vision,1,11,11,1,0.5,0.3,0.05,-1,76.66666667,0.850620141
6205,sub-48,vision,1,12,12,2,0.6,0.3,0.05,-1,27.66666667,2.301709896
6206,sub-48,pain,1,13,1,1,47.0,0.7,0.125,-1,64.66666667,1.851323008
6207,sub-48,pain,1,14,2,1,47.0,0.3,0.125,-1,29.0,1.951616284
6208,sub-48,pain,1,15,3,2,48.0,0.3,0.05,0,24.33333333,2.351698078
6209,sub-48,pain,1,16,4,1,47.0,0.7,0.05,-1,46.66666667,1.851389563
6210,sub-48,pain,1,17,5,2,48.0,0.7,0.05,0,69.33333333,2.018063693
6211,sub-48,pain,1,18,6,2,48.0,0.3,0.125,-1,27.66666667,1.717950177
6212,sub-48,pain,1,19,7,1,47.0,0.3,0.05,-1,27.0,1.234063569
6213,sub-48,pain,1,20,8,1,47.0,0.3,0.05,0,25.33333333,1.334207253
6214,sub-48,pain,1,21,9,2,48.0,0.3,0.05,-1,37.66666667,2.251735709
6215,sub-48,pain,1,22,10,1,47.0,0.7,0.05,0,67.0,2.968997947
6216,sub-48,pain,1,23,11,2,48.0,0.7,0.05,-1,55.66666667,1.651100019
6217,sub-48,pain,1,24,12,2,48.0,0.7,0.125,-1,56.33333333,1.951483797
6218,sub-48,vision,2,1,1,1,0.5,0.7,0.05,1,55.33333333,2.168117186
6219,sub-48,vision,2,2,2,2,0.6,0.7,0.125,0,73.33333333,2.568395534
6220,sub-48,vision,2,3,3,1,0.5,0.3,0.125,0,52.66666667,1.601089445
6221,sub-48,vision,2,4,4,2,0.6,0.3,0.125,1,33.33333333,1.83463426
6222,sub-48,vision,2,5,5,2,0.6,0.7,0.05,1,65.33333333,1.751279779
6223,sub-48,vision,2,6,6,1,0.5,0.3,0.05,1,42.66666667,1.851345089
6224,sub-48,vision,2,7,7,2,0.6,0.3,0.125,0,38.66666667,2.068225104
6225,sub-48,vision,2,8,8,1,0.5,0.3,0.125,1,31.66666667,1.867997139
6226,sub-48,vision,2,9,9,1,0.5,0.7,0.125,1,67.66666667,1.684409094
6227,sub-48,vision,2,10,10,2,0.6,0.3,0.05,1,46.33333333,1.684595696
6228,sub-48,vision,2,11,11,1,0.5,0.7,0.125,0,54.33333333,1.617880513
6229,sub-48,vision,2,12,12,2,0.6,0.7,0.125,1,56.66666667,1.551128631
6230,sub-48,pain,2,13,1,1,47.0,0.7,0.125,0,63.66666667,1.884839522
6231,sub-48,pain,2,14,2,2,48.0,0.3,0.05,1,40.0,2.034836101
6232,sub-48,pain,2,15,3,2,48.0,0.7,0.05,1,53.66666667,2.501796355
6233,sub-48,pain,2,16,4,2,48.0,0.7,0.125,1,84.33333333,0.533718666
6234,sub-48,pain,2,17,5,2,48.0,0.3,0.125,0,40.33333333,1.868098526
6235,sub-48,pain,2,18,6,2,48.0,0.7,0.125,0,63.33333333,2.902050134
6236,sub-48,pain,2,19,7,1,47.0,0.7,0.125,1,52.33333333,2.451695279
6237,sub-48,pain,2,20,8,1,47.0,0.3,0.125,0,28.66666667,2.30165205
6238,sub-48,pain,2,21,9,1,47.0,0.3,0.125,1,43.33333333,2.902162717
6239,sub-48,pain,2,22,10,1,47.0,0.3,0.05,1,44.0,1.918113143
6240,sub-48,pain,2,23,11,2,48.0,0.3,0.125,1,42.66666667,2.134787585
6241,sub-48,pain,2,24,12,1,47.0,0.7,0.05,1,53.0,2.351669777
6242,sub-48,pain,3,1,1,1,47.0,0.3,0.05,0,54.33333333,2.301836163
6243,sub-48,pain,3,2,2,1,47.0,0.3,0.05,-1,22.66666667,1.517784413
6244,sub-48,pain,3,3,3,1,47.0,0.7,0.125,-1,45.66666667,1.767804317
6245,sub-48,pain,3,4,4,1,47.0,0.7,0.05,-1,28.66666667,2.118241898
6246,sub-48,pain,3,5,5,2,48.0,0.3,0.05,-1,46.66666667,1.801275736
6247,sub-48,pain,3,6,6,1,47.0,0.7,0.05,0,33.66666667,2.768732662
6248,sub-48,pain,3,7,7,2,48.0,0.7,0.05,0,69.66666667,2.084856316
6249,sub-48,pain,3,8,8,2,48.0,0.7,0.125,-1,72.33333333,2.418398022
6250,sub-48,pain,3,9,9,2,48.0,0.3,0.05,0,55.33333333,3.369155004
6251,sub-48,pain,3,10,10,2,48.0,0.7,0.05,-1,70.33333333,2.785228276
6252,sub-48,pain,3,11,11,2,48.0,0.3,0.125,-1,64.0,2.818582447
6253,sub-48,pain,3,12,12,1,47.0,0.3,0.125,-1,42.33333333,1.767916589
6254,sub-48,vision,3,13,1,2,0.6,0.3,0.05,-1,40.33333333,3.052302668
6255,sub-48,vision,3,14,2,2,0.6,0.7,0.125,-1,63.33333333,2.251576165
6256,sub-48,vision,3,15,3,1,0.5,0.3,0.05,0,35.0,1.651258941
6257,sub-48,vision,3,16,4,2,0.6,0.3,0.125,-1,32.0,1.851496859
6258,sub-48,vision,3,17,5,2,0.6,0.7,0.05,-1,73.33333333,1.451044971
6259,sub-48,vision,3,18,6,1,0.5,0.3,0.05,-1,50.33333333,1.884712633
6260,sub-48,vision,3,19,7,1,0.5,0.7,0.05,-1,55.66666667,2.118160727
6261,sub-48,vision,3,20,8,1,0.5,0.3,0.125,-1,52.0,2.618557567
6262,sub-48,vision,3,21,9,2,0.6,0.7,0.05,0,57.0,2.118241898
6263,sub-48,vision,3,22,10,2,0.6,0.3,0.05,0,58.66666667,1.801476955
6264,sub-48,vision,3,23,11,1,0.5,0.7,0.125,-1,44.66666667,1.801324252
6265,sub-48,vision,3,24,12,1,0.5,0.7,0.05,0,62.66666667,2.268438763
6266,sub-48,pain,4,1,1,2,48.0,0.7,0.125,0,65.33333333,2.752184487
6267,sub-48,pain,4,2,2,2,48.0,0.3,0.125,1,52.33333333,1.751303726
6268,sub-48,pain,4,3,3,1,47.0,0.7,0.125,0,47.0,1.767950177
6269,sub-48,pain,4,4,4,1,47.0,0.7,0.125,1,50.66666667,2.351754059
6270,sub-48,pain,4,5,5,1,47.0,0.7,0.05,1,66.66666667,2.418452448
6271,sub-48,pain,4,6,6,1,47.0,0.3,0.125,1,54.66666667,1.784554643
6272,sub-48,pain,4,7,7,2,48.0,0.3,0.125,0,63.33333333,2.201515519
6273,sub-48,pain,4,8,8,1,47.0,0.3,0.125,0,33.33333333,1.817995584
6274,sub-48,pain,4,9,9,2,48.0,0.7,0.125,1,69.66666667,2.585224544
6275,sub-48,pain,4,10,10,2,48.0,0.7,0.05,1,70.0,2.985545811
6276,sub-48,pain,4,11,11,1,47.0,0.3,0.05,1,34.0,1.817915345
6277,sub-48,pain,4,12,12,2,48.0,0.3,0.05,1,70.66666667,2.535069043
6278,sub-48,vision,4,13,1,2,0.6,0.7,0.125,1,51.66666667,2.451823412
6279,sub-48,vision,4,14,2,2,0.6,0.3,0.05,1,40.66666667,2.034818374
6280,sub-48,vision,4,15,3,2,0.6,0.7,0.05,1,51.66666667,3.202329415
6281,sub-48,vision,4,16,4,1,0.5,0.7,0.125,1,59.0,1.751304659
6282,sub-48,vision,4,17,5,2,0.6,0.7,0.125,0,63.33333333,1.701197985
6283,sub-48,vision,4,18,6,2,0.6,0.3,0.125,1,40.66666667,2.101582385
6284,sub-48,vision,4,19,7,1,0.5,0.3,0.125,1,35.0,1.934769236
6285,sub-48,vision,4,20,8,1,0.5,0.7,0.05,1,48.33333333,2.351764322
6287,sub-48,vision,4,22,10,2,0.6,0.3,0.125,0,31.33333333,3.402474653
6288,sub-48,vision,4,23,11,1,0.5,0.3,0.125,0,42.0,2.301664179
6289,sub-48,vision,4,24,12,1,0.5,0.7,0.125,0,72.66666667,1.701296262
6290,sub-48,pain,5,1,1,1,47.0,0.3,0.05,-1,40.0,1.718138334
6291,sub-48,pain,5,2,2,2,48.0,0.7,0.125,-1,70.33333333,2.752026186
6292,sub-48,pain,5,3,3,2,48.0,0.7,0.05,0,58.33333333,1.617701997
6293,sub-48,pain,5,4,4,2,48.0,0.3,0.05,-1,40.0,1.717946756
6294,sub-48,pain,5,5,5,2,48.0,0.3,0.125,-1,30.66666667,2.135094545
6295,sub-48,pain,5,6,6,1,47.0,0.3,0.125,-1,56.0,1.150677676
6296,sub-48,pain,5,7,7,1,47.0,0.7,0.05,-1,58.0,1.034043043
6297,sub-48,pain,5,8,8,2,48.0,0.7,0.05,-1,42.66666667,1.50107265
6298,sub-48,pain,5,9,9,1,47.0,0.7,0.125,-1,50.33333333,1.701242458
6299,sub-48,pain,5,10,10,1,47.0,0.3,0.05,0,24.33333333,1.501083535
6300,sub-48,pain,5,11,11,2,48.0,0.3,0.05,0,39.0,1.350992723
6301,sub-48,pain,5,12,12,1,47.0,0.7,0.05,0,66.33333333,1.78466536
6302,sub-48,vision,5,13,1,1,0.5,0.3,0.05,0,23.33333333,2.501675064
6303,sub-48,vision,5,14,2,2,0.6,0.7,0.05,0,70.33333333,2.535215214
6304,sub-48,vision,5,15,3,2,0.6,0.7,0.125,-1,57.0,1.95143217
6305,sub-48,vision,5,16,4,1,0.5,0.7,0.05,-1,60.66666667,1.801346333
6306,sub-48,vision,5,17,5,1,0.5,0.3,0.125,-1,33.0,1.717820489
6307,sub-48,vision,5,18,6,1,0.5,0.7,0.125,-1,63.0,1.784558997
6308,sub-48,vision,5,19,7,1,0.5,0.3,0.05,-1,33.0,2.168249673
6309,sub-48,vision,5,20,8,2,0.6,0.7,0.05,-1,70.33333333,1.517575107
6310,sub-48,vision,5,21,9,2,0.6,0.3,0.125,-1,34.33333333,1.667843503
6311,sub-48,vision,5,22,10,2,0.6,0.3,0.05,0,51.66666667,1.951443988
6312,sub-48,vision,5,23,11,2,0.6,0.3,0.05,-1,83.0,0.55024787
6313,sub-48,vision,5,24,12,1,0.5,0.7,0.05,0,54.0,1.968008646
6314,sub-48,pain,6,1,1,2,48.0,0.7,0.125,0,68.0,1.718121229
6315,sub-48,pain,6,2,2,2,48.0,0.7,0.125,1,72.0,1.484377682
6316,sub-48,pain,6,3,3,1,47.0,0.3,0.05,1,55.66666667,1.734618088
6317,sub-48,pain,6,4,4,2,48.0,0.3,0.125,0,61.0,1.500965354
6318,sub-48,pain,6,5,5,1,47.0,0.7,0.05,1,66.33333333,2.451722025
6319,sub-48,pain,6,6,6,1,47.0,0.7,0.125,0,48.0,1.901427505
6320,sub-48,pain,6,7,7,2,48.0,0.3,0.05,1,65.66666667,1.834630217
6321,sub-48,pain,6,8,8,1,47.0,0.3,0.125,0,31.66666667,2.735176961
6322,sub-48,pain,6,9,9,2,48.0,0.3,0.125,1,68.0,2.001426261
6323,sub-48,pain,6,10,10,2,48.0,0.7,0.05,1,60.33333333,2.168263358
6324,sub-48,pain,6,11,11,1,47.0,0.7,0.125,1,63.33333333,1.30086801
6325,sub-48,pain,6,12,12,1,47.0,0.3,0.125,1,36.0,1.634508926
6326,sub-48,vision,6,13,1,2,0.6,0.3,0.05,1,51.0,1.634748087
6327,sub-48,vision,6,14,2,2,0.6,0.3,0.125,0,48.0,1.951286621
6328,sub-48,vision,6,15,3,2,0.6,0.7,0.05,1,75.0,1.584509237
6329,sub-48,vision,6,16,4,1,0.5,0.3,0.05,1,34.0,1.918078622
6330,sub-48,vision,6,17,5,1,0.5,0.3,0.125,1,41.0,1.934758039
6331,sub-48,vision,6,18,6,2,0.6,0.7,0.125,1,69.0,1.317635753
6332,sub-48,vision,6,19,7,1,0.5,0.7,0.05,1,38.0,2.285116004
6333,sub-48,vision,6,20,8,1,0.5,0.7,0.125,1,53.33333333,1.51776824
6334,sub-48,vision,6,21,9,1,0.5,0.7,0.125,0,78.66666667,2.051468558
6335,sub-48,vision,6,22,10,2,0.6,0.3,0.125,1,42.0,1.534434596
6336,sub-48,vision,6,23,11,1,0.5,0.3,0.125,0,49.66666667,1.801467625
6337,sub-48,vision,6,24,12,2,0.6,0.7,0.125,0,71.33333333,1.434216583
6338,sub-50,vision,1,1,1,1,0.5,0.3,0.125,-1,19.33333333,2.368274031
6339,sub-50,vision,1,2,2,1,0.5,0.7,0.05,0,26.33333333,2.06814083
6341,sub-50,vision,1,4,4,2,0.6,0.7,0.05,-1,36.66666667,2.001449262
6342,sub-50,vision,1,5,5,1,0.5,0.7,0.125,-1,30.33333333,2.018135994
6343,sub-50,vision,1,6,6,1,0.5,0.3,0.05,-1,24.33333333,2.651923585
6344,sub-50,vision,1,7,7,2,0.6,0.7,0.125,-1,32.33333333,2.0681315
6346,sub-50,vision,1,9,9,2,0.6,0.3,0.05,-1,35.66666667,1.884787069
6347,sub-50,vision,1,10,10,2,0.6,0.3,0.05,0,30.0,2.785411216
6348,sub-50,vision,1,11,11,1,0.5,0.7,0.05,-1,36.33333333,2.318251468
6349,sub-50,vision,1,12,12,1,0.5,0.3,0.05,0,23.66666667,2.017985469
6350,sub-50,pain,1,13,1,1,47.0,0.3,0.05,0,51.66666667,2.935431322
6351,sub-50,pain,1,14,2,2,48.0,0.7,0.05,0,47.66666667,2.768706757
6352,sub-50,pain,1,15,3,1,47.0,0.3,0.125,-1,22.33333333,1.734589381
6353,sub-50,pain,1,16,4,1,47.0,0.7,0.125,-1,17.33333333,2.418429392
6354,sub-50,pain,1,17,5,2,48.0,0.3,0.05,0,32.0,2.051575389
6355,sub-50,pain,1,18,6,1,47.0,0.7,0.05,0,22.0,3.602704647
6356,sub-50,pain,1,19,7,2,48.0,0.7,0.05,-1,30.33333333,2.118125451
6357,sub-50,pain,1,20,8,1,47.0,0.7,0.05,-1,16.0,2.334931669
6358,sub-50,pain,1,21,9,1,47.0,0.3,0.05,-1,9.0,1.100693562
6359,sub-50,pain,1,22,10,2,48.0,0.3,0.125,-1,26.66666667,2.451801921
6360,sub-50,pain,1,23,11,2,48.0,0.7,0.125,-1,16.0,2.385245017
6361,sub-50,pain,1,24,12,2,48.0,0.3,0.05,-1,16.33333333,2.134878425
6362,sub-50,vision,2,1,1,1,0.5,0.7,0.05,1,24.66666667,1.818249758
6363,sub-50,vision,2,2,2,2,0.6,0.7,0.125,1,20.66666667,2.218267298
6364,sub-50,vision,2,3,3,1,0.5,0.3,0.125,1,17.0,2.234948742
6365,sub-50,vision,2,4,4,2,0.6,0.3,0.125,1,74.33333333,0.583534266
6366,sub-50,vision,2,5,5,1,0.5,0.7,0.125,1,18.33333333,3.185913606
6367,sub-50,vision,2,6,6,1,0.5,0.7,0.125,0,19.0,2.051378214
6368,sub-50,vision,2,7,7,1,0.5,0.3,0.125,0,26.66666667,2.251644182
6369,sub-50,vision,2,8,8,2,0.6,0.7,0.125,0,28.0,1.501123178
6370,sub-50,vision,2,9,9,2,0.6,0.3,0.125,0,25.0,2.45179539
6371,sub-50,vision,2,10,10,2,0.6,0.3,0.05,1,34.0,2.401741727
6372,sub-50,vision,2,11,11,2,0.6,0.7,0.05,1,30.0,2.701889235
6373,sub-50,vision,2,12,12,1,0.5,0.3,0.05,1,16.0,3.152333328
6374,sub-50,pain,2,13,1,1,47.0,0.3,0.05,1,73.66666667,1.801475635
6380,sub-50,pain,2,19,7,2,48.0,0.7,0.05,1,68.33333333,2.418294728
6381,sub-50,pain,2,20,8,2,48.0,0.3,0.05,1,32.66666667,1.417734305
6382,sub-50,pain,2,21,9,1,47.0,0.3,0.125,0,22.0,1.400979465
6383,sub-50,pain,2,22,10,1,47.0,0.7,0.125,0,11.66666667,1.100733992
6384,sub-50,pain,2,23,11,1,47.0,0.7,0.05,1,31.66666667,2.468465017
6385,sub-50,pain,2,24,12,2,48.0,0.3,0.125,0,61.33333333,1.317622625
6386,sub-50,pain,3,1,1,1,47.0,0.7,0.05,-1,76.0,1.868272943
6387,sub-50,pain,3,2,2,2,48.0,0.7,0.125,-1,64.66666667,2.034798778
6388,sub-50,pain,3,3,3,2,48.0,0.3,0.05,0,20.66666667,1.567641518
6389,sub-50,pain,3,4,4,1,47.0,0.3,0.05,0,9.0,1.450972172
6390,sub-50,pain,3,5,5,2,48.0,0.3,0.05,-1,14.66666667,1.234406358
6391,sub-50,pain,3,6,6,1,47.0,0.3,0.125,-1,2.666666667,2.318405102
6392,sub-50,pain,3,7,7,2,48.0,0.3,0.125,-1,32.0,2.88531888
6393,sub-50,pain,3,8,8,1,47.0,0.3,0.05,-1,9.333333333,2.801907304
6394,sub-50,pain,3,9,9,1,47.0,0.7,0.05,0,24.33333333,1.751308457
6395,sub-50,pain,3,10,10,1,47.0,0.7,0.125,-1,23.33333333,1.784612255
6396,sub-50,pain,3,11,11,2,48.0,0.7,0.05,0,70.33333333,1.317604276
6397,sub-50,pain,3,12,12,2,48.0,0.7,0.05,-1,44.66666667,2.285066161
6398,sub-50,vision,3,13,1,2,0.6,0.3,0.05,0,37.33333333,1.934737169
6399,sub-50,vision,3,14,2,1,0.5,0.7,0.125,-1,27.0,1.467740074
6400,sub-50,vision,3,15,3,2,0.6,0.7,0.125,-1,33.33333333,2.7353193
6401,sub-50,vision,3,16,4,2,0.6,0.7,0.05,0,30.33333333,1.90138983
6402,sub-50,vision,3,17,5,1,0.5,0.3,0.05,-1,24.0,1.501024591
6403,sub-50,vision,3,18,6,1,0.5,0.7,0.05,0,23.0,1.467719548
6404,sub-50,vision,3,19,7,1,0.5,0.3,0.05,0,26.0,1.267593531
6405,sub-50,vision,3,20,8,2,0.6,0.3,0.125,-1,25.0,2.451644555
6406,sub-50,vision,3,21,9,1,0.5,0.7,0.05,-1,26.66666667,1.617693316
6407,sub-50,vision,3,22,10,1,0.5,0.3,0.125,-1,37.33333333,1.667888484
6408,sub-50,vision,3,23,11,2,0.6,0.3,0.05,-1,46.0,2.335120757
6409,sub-50,vision,3,24,12,2,0.6,0.7,0.05,-1,51.66666667,2.368486134
6411,sub-50,vision,4,2,2,1,0.5,0.7,0.125,0,45.0,1.918061322
6413,sub-50,vision,4,4,4,2,0.6,0.3,0.125,0,49.66666667,2.518491001
6414,sub-50,vision,4,5,5,1,0.5,0.7,0.125,1,24.0,1.284571048
6415,sub-50,vision,4,6,6,1,0.5,0.3,0.125,1,26.0,1.317561047
6416,sub-50,vision,4,7,7,1,0.5,0.3,0.05,1,22.0,1.768019757
6417,sub-50,vision,4,8,8,2,0.6,0.7,0.05,1,49.0,1.76792739
6418,sub-50,vision,4,9,9,2,0.6,0.3,0.125,1,25.66666667,3.719266387
6419,sub-50,vision,4,10,10,1,0.5,0.3,0.125,0,24.0,1.117473594
6420,sub-50,vision,4,11,11,2,0.6,0.3,0.05,1,23.0,1.334336725
6421,sub-50,vision,4,12,12,1,0.5,0.7,0.05,1,29.0,2.234948431
6422,sub-50,pain,4,13,1,1,47.0,0.3,0.05,1,75.0,2.235177639
6423,sub-50,pain,4,14,2,1,47.0,0.7,0.125,1,29.0,1.317533679
6424,sub-50,pain,4,15,3,2,48.0,0.3,0.05,1,57.33333333,1.717800331
6425,sub-50,pain,4,16,4,1,47.0,0.7,0.05,1,18.66666667,1.000761018
6426,sub-50,pain,4,17,5,1,47.0,0.3,0.125,1,23.66666667,2.952078867
6427,sub-50,pain,4,18,6,1,47.0,0.7,0.125,0,20.0,1.451038415
6428,sub-50,pain,4,19,7,1,47.0,0.3,0.125,0,4.333333333,3.002231118
6429,sub-50,pain,4,20,8,2,48.0,0.7,0.05,1,28.0,1.601153687
6430,sub-50,pain,4,21,9,2,48.0,0.3,0.125,1,25.0,1.367588897
6431,sub-50,pain,4,22,10,2,48.0,0.7,0.125,0,50.33333333,1.967928385
6432,sub-50,pain,4,23,11,2,48.0,0.3,0.125,0,39.33333333,1.684596052
6433,sub-50,pain,4,24,12,2,48.0,0.7,0.125,1,24.0,1.367778296
6434,sub-50,vision,5,1,1,1,0.5,0.3,0.125,-1,27.66666667,1.317840948
6435,sub-50,vision,5,2,2,1,0.5,0.7,0.05,-1,24.33333333,1.951410527
6436,sub-50,vision,5,3,3,2,0.6,0.7,0.05,0,34.33333333,1.667904967
6437,sub-50,vision,5,4,4,1,0.5,0.7,0.125,-1,28.66666667,1.701298645
6438,sub-50,vision,5,5,5,1,0.5,0.7,0.05,0,23.66666667,2.485095768
6439,sub-50,vision,5,6,6,2,0.6,0.7,0.125,-1,39.66666667,1.867969095
6440,sub-50,vision,5,7,7,2,0.6,0.3,0.05,0,27.33333333,1.501119757
6441,sub-50,vision,5,8,8,2,0.6,0.3,0.05,-1,33.0,1.868066127
6442,sub-50,vision,5,9,9,2,0.6,0.3,0.125,-1,29.0,1.917856995
6443,sub-50,vision,5,10,10,1,0.5,0.3,0.05,-1,21.33333333,1.951458732
6444,sub-50,vision,5,11,11,2,0.6,0.7,0.05,-1,42.0,2.134921654
6445,sub-50,vision,5,12,12,1,0.5,0.3,0.05,0,25.66666667,1.434250609
6446,sub-50,pain,5,13,1,2,48.0,0.7,0.05,-1,65.33333333,2.668699884
6447,sub-50,pain,5,14,2,2,48.0,0.3,0.05,0,39.0,2.268288928
6448,sub-50,pain,5,15,3,2,48.0,0.3,0.125,-1,26.33333333,2.001478185
6449,sub-50,pain,5,16,4,1,47.0,0.7,0.05,-1,16.33333333,1.150813468
6450,sub-50,pain,5,17,5,1,47.0,0.7,0.125,-1,16.33333333,1.150736029
6451,sub-50,pain,5,18,6,1,47.0,0.3,0.05,0,23.0,2.134896152
6452,sub-50,pain,5,19,7,1,47.0,0.7,0.05,0,25.66666667,1.784586442
6453,sub-50,pain,5,20,8,2,48.0,0.3,0.05,-1,40.66666667,1.934731882
6454,sub-50,pain,5,21,9,1,47.0,0.3,0.05,-1,23.33333333,1.867865221
6455,sub-50,pain,5,22,10,2,48.0,0.7,0.125,-1,60.66666667,1.467777395
6456,sub-50,pain,5,23,11,1,47.0,0.3,0.125,-1,22.0,2.184891969
6457,sub-50,pain,5,24,12,2,48.0,0.7,0.05,0,35.66666667,1.901419686
6458,sub-50,vision,6,1,1,1,0.5,0.3,0.125,0,25.33333333,2.685437309
6459,sub-50,vision,6,2,2,2,0.6,0.3,0.05,1,53.0,1.63452093
6460,sub-50,vision,6,3,3,2,0.6,0.7,0.05,1,42.0,2.201648676
6461,sub-50,vision,6,4,4,1,0.5,0.7,0.125,0,32.0,1.417543973
6462,sub-50,vision,6,5,5,2,0.6,0.3,0.125,1,25.66666667,2.151573243
6463,sub-50,vision,6,6,6,2,0.6,0.3,0.125,0,26.33333333,1.284122585
6464,sub-50,vision,6,7,7,1,0.5,0.7,0.05,1,26.33333333,1.751264295
6465,sub-50,vision,6,8,8,2,0.6,0.7,0.125,0,28.66666667,2.001442731
6466,sub-50,vision,6,9,9,2,0.6,0.7,0.125,1,25.66666667,2.701789715
6467,sub-50,vision,6,10,10,1,0.5,0.3,0.125,1,25.33333333,1.601223663
6468,sub-50,vision,6,11,11,1,0.5,0.3,0.05,1,24.33333333,1.117458977
6469,sub-50,vision,6,12,12,1,0.5,0.7,0.125,1,22.33333333,2.234966469
6470,sub-50,pain,6,13,1,2,48.0,0.7,0.125,0,68.33333333,2.435015981
6471,sub-50,pain,6,14,2,1,47.0,0.7,0.05,1,26.33333333,1.484399749
6472,sub-50,pain,6,15,3,1,47.0,0.7,0.125,1,27.66666667,1.167454172
6473,sub-50,pain,6,16,4,1,47.0,0.7,0.125,0,22.33333333,2.268210245
6474,sub-50,pain,6,17,5,2,48.0,0.7,0.05,1,23.66666667,2.284984679
6475,sub-50,pain,6,18,6,2,48.0,0.7,0.125,1,25.0,1.534401164
6476,sub-50,pain,6,19,7,1,47.0,0.3,0.05,1,9.333333333,1.050748127
6477,sub-50,pain,6,20,8,1,47.0,0.3,0.125,1,0.0,0.817275082
6478,sub-50,pain,6,21,9,1,47.0,0.3,0.125,0,15.66666667,1.300848503
6479,sub-50,pain,6,22,10,2,48.0,0.3,0.05,1,26.33333333,2.268316918
6480,sub-50,pain,6,23,11,2,48.0,0.3,0.125,1,38.33333333,1.751412953
